id;user_id;session_id;ip_hash;consent_preferences;consent_timestamp;created_at
f2840de6-eb89-433e-ae0d-e2d529a4c67e;;01998a97-ad6b-4c35-b5b7-16a281453609;;"{""analytics"":true,""marketing"":true,""necessary"":true,""preferences"":true}";2025-10-25 06:31:05.383046+00;2025-10-25 06:31:05.383046+00
c126ecd6-abdd-460a-b39b-55c0f41e1f7b;03765a40-f338-4035-a2ba-8928fff30834;e9cc1fa1-aacf-49ef-ba01-976b3d7dc2b9;;"{""analytics"":true,""marketing"":true,""necessary"":true,""preferences"":true}";2025-10-25 06:32:08.300727+00;2025-10-25 06:32:08.300727+00
b0661c73-8a66-4d08-9314-970c9a7cb463;03765a40-f338-4035-a2ba-8928fff30834;e9cc1fa1-aacf-49ef-ba01-976b3d7dc2b9;;"{""analytics"":true,""marketing"":true,""necessary"":true,""preferences"":true}";2025-10-25 06:43:11.469372+00;2025-10-25 06:43:11.469372+00
6036b499-0050-4624-8005-29d44b03fafe;03765a40-f338-4035-a2ba-8928fff30834;e9cc1fa1-aacf-49ef-ba01-976b3d7dc2b9;;"{""analytics"":true,""marketing"":true,""necessary"":true,""preferences"":true}";2025-10-25 06:43:11.983219+00;2025-10-25 06:43:11.983219+00
7ab45124-d67b-4be7-b631-93f1250a2d0c;;55151976-85c4-4447-be4d-46938f8d0436;;"{""analytics"":true,""marketing"":true,""necessary"":true,""preferences"":true}";2025-10-25 18:55:18.898687+00;2025-10-25 18:55:18.898687+00
5a66c7b4-c9f8-48e5-9297-26b00b5c127b;;8f85b374-8ee8-4c51-bd15-7e1dcda85a4d;;"{""analytics"":true,""marketing"":true,""necessary"":true,""preferences"":true}";2025-10-25 20:11:42.123933+00;2025-10-25 20:11:42.123933+00
10ff8f4b-44b9-48ee-9cf0-32451def1bca;;b0534ece-9419-4e58-96db-3ed3d7935a11;;"{""analytics"":false,""marketing"":false,""necessary"":true,""preferences"":false}";2025-10-26 03:03:50.849514+00;2025-10-26 03:03:50.849514+00
b2651b07-9bfa-443d-8622-bbb8c946dc01;03765a40-f338-4035-a2ba-8928fff30834;6b1f105f-4a5a-4c96-80c1-063d62011981;;"{""analytics"":true,""marketing"":true,""necessary"":true,""preferences"":true}";2025-10-26 07:27:23.219564+00;2025-10-26 07:27:23.219564+00
5c066896-79e9-4eef-866e-914c7853324c;;9c80c5b3-b7b4-45dd-a8e0-01a8a82cdaf4;;"{""analytics"":true,""marketing"":true,""necessary"":true,""preferences"":true}";2025-10-26 09:52:02.304211+00;2025-10-26 09:52:02.304211+00
bab48ca9-f8e2-4e70-8686-809f0f067dd2;;610e7d42-1908-420a-b6ab-131261572313;;"{""analytics"":true,""marketing"":true,""necessary"":true,""preferences"":true}";2025-10-26 18:01:25.053846+00;2025-10-26 18:01:25.053846+00
5dcc63ec-123e-497f-a177-473e27911044;03765a40-f338-4035-a2ba-8928fff30834;96a85653-bfe7-4a3e-911a-e9760934d979;;"{""analytics"":true,""marketing"":true,""necessary"":true,""preferences"":true}";2025-10-26 22:37:34.448911+00;2025-10-26 22:37:34.448911+00
a6bf5508-5b11-4640-8c2e-afb6fd151c14;;f0becf73-ec24-47cc-8907-5e027f70bd17;;"{""analytics"":true,""marketing"":true,""necessary"":true,""preferences"":true}";2025-10-27 08:08:56.969696+00;2025-10-27 08:08:56.969696+00
55faf7a4-3e9e-4282-ae42-ca5d9f015035;;8382d24b-a53b-40ab-9757-f7928341c2d1;;"{""analytics"":true,""marketing"":true,""necessary"":true,""preferences"":true}";2025-10-27 08:09:01.608201+00;2025-10-27 08:09:01.608201+00
1686b7bf-e6c6-43f2-89f0-086c986643b0;;0239b531-ad93-4f3e-9467-ed05df1d0213;;"{""analytics"":true,""marketing"":true,""necessary"":true,""preferences"":true}";2025-10-27 08:09:09.028606+00;2025-10-27 08:09:09.028606+00
76856ded-74e5-4c7a-9de3-299b3cef84ca;;30cd1143-303a-4a73-afcd-dd4903be6db1;;"{""analytics"":true,""marketing"":true,""necessary"":true,""preferences"":true}";2025-10-27 09:22:01.988502+00;2025-10-27 09:22:01.988502+00
debf0dcc-ecd9-4565-ae14-9a370335d903;;44c1784c-48dd-494e-b6be-3a5de000f0de;;"{""analytics"":true,""marketing"":true,""necessary"":true,""preferences"":true}";2025-10-27 09:22:17.738117+00;2025-10-27 09:22:17.738117+00
8052a674-b2d5-409b-8ed5-b11c0bdf761d;;14a16157-1d20-4cb2-a061-c51a08ba1d18;;"{""analytics"":true,""marketing"":true,""necessary"":true,""preferences"":true}";2025-10-27 09:22:26.237002+00;2025-10-27 09:22:26.237002+00
b892be94-3c89-4b79-923e-4a556024ad22;;23f2e27e-fb61-4f14-8566-e3f965365cb1;;"{""analytics"":true,""marketing"":true,""necessary"":true,""preferences"":true}";2025-10-27 10:08:10.343355+00;2025-10-27 10:08:10.343355+00
d9a0b848-6ab2-439a-afaa-7247a0aec570;;07c1355a-df8b-4743-a2ae-8482ac07b412;;"{""analytics"":true,""marketing"":true,""necessary"":true,""preferences"":true}";2025-10-27 14:05:11.911615+00;2025-10-27 14:05:11.911615+00
b5ae1f81-cd2a-412a-9227-a466df087949;;6d1bfc4c-41f3-4b7c-ade1-ffbf0d01e94c;;"{""analytics"":true,""marketing"":true,""necessary"":true,""preferences"":true}";2025-10-27 14:11:30.340097+00;2025-10-27 14:11:30.340097+00
9461d512-9668-4581-996a-80cd428baa24;;cd362339-dde9-4ffa-9907-9e6fe9aae672;;"{""analytics"":true,""marketing"":true,""necessary"":true,""preferences"":true}";2025-10-27 14:30:08.301047+00;2025-10-27 14:30:08.301047+00
6f833be4-8b7c-44f2-8130-5665c1d4154b;03765a40-f338-4035-a2ba-8928fff30834;8058d345-0dac-49b0-bb21-fb2be0302d5e;;"{""analytics"":true,""marketing"":true,""necessary"":true,""preferences"":true}";2025-10-27 14:39:52.747037+00;2025-10-27 14:39:52.747037+00
df4fdf34-e220-4979-9278-08a566ca45f9;;0db933e1-1301-453c-a212-6c83bc7c0197;;"{""analytics"":true,""marketing"":true,""necessary"":true,""preferences"":true}";2025-10-28 19:25:38.135326+00;2025-10-28 19:25:38.135326+00
91bcddb1-b651-4ac7-abab-de4df60f309f;;1b408981-81e8-4357-9d0d-ae2e24d5a09e;;"{""analytics"":true,""marketing"":true,""necessary"":true,""preferences"":true}";2025-10-28 19:25:44.689584+00;2025-10-28 19:25:44.689584+00
32976285-2f37-430c-8516-50c0f5fb550a;;18316273-e7a9-453c-946c-30351dfdd082;;"{""analytics"":true,""marketing"":true,""necessary"":true,""preferences"":true}";2025-10-28 19:27:13.71792+00;2025-10-28 19:27:13.71792+00
d475fd2a-5aba-427f-9587-9fa92e1423dd;;18316273-e7a9-453c-946c-30351dfdd082;;"{""analytics"":true,""marketing"":true,""necessary"":true,""preferences"":true}";2025-10-28 19:27:14.250759+00;2025-10-28 19:27:14.250759+00
63130045-23a5-46cb-88af-fbece29911a8;;8190de21-09a2-4803-af64-c9a920d75623;;"{""analytics"":true,""marketing"":true,""necessary"":true,""preferences"":true}";2025-10-28 20:18:04.147805+00;2025-10-28 20:18:04.147805+00
fcc2e4e1-89dc-4531-b1ae-ab54608aa786;;4f639399-277d-424b-8fd5-55d148af9a70;;"{""analytics"":true,""marketing"":true,""necessary"":true,""preferences"":true}";2025-10-28 20:18:15.763005+00;2025-10-28 20:18:15.763005+00
77f227bf-ae13-497d-b094-63285018cca0;;3f20ce91-d16c-44ee-a19e-7b3c62a0b01d;;"{""analytics"":true,""marketing"":true,""necessary"":true,""preferences"":true}";2025-10-28 20:19:27.191874+00;2025-10-28 20:19:27.191874+00
ed0d7e5c-a1f7-4d83-93cc-31bc4eb2e7e6;;3f20ce91-d16c-44ee-a19e-7b3c62a0b01d;;"{""analytics"":true,""marketing"":true,""necessary"":true,""preferences"":true}";2025-10-28 20:19:27.859036+00;2025-10-28 20:19:27.859036+00
043aa0ae-721a-4f5e-bf17-19764ee908d1;;cd6c46de-d630-4868-92dc-3b041d27c5c9;;"{""analytics"":true,""marketing"":true,""necessary"":true,""preferences"":true}";2025-10-28 20:27:58.522175+00;2025-10-28 20:27:58.522175+00
0928c417-4a19-4dd6-9619-ec03ad3845ea;;1259b8fb-3792-4c69-8c9a-770297621ecd;;"{""analytics"":true,""marketing"":true,""necessary"":true,""preferences"":true}";2025-10-28 20:28:06.252049+00;2025-10-28 20:28:06.252049+00
1ad49983-ed5c-4eb5-b173-e6e38924b7ea;;2fe4ea6e-0490-4b2e-bd78-a0840f266ff9;;"{""analytics"":true,""marketing"":true,""necessary"":true,""preferences"":true}";2025-10-28 20:28:09.254342+00;2025-10-28 20:28:09.254342+00
a2b9001e-30df-4d41-b461-d04437eaaef0;;9bedf48d-6910-4158-a9ff-411b77884bf2;;"{""analytics"":true,""marketing"":true,""necessary"":true,""preferences"":true}";2025-10-28 22:22:46.521541+00;2025-10-28 22:22:46.521541+00
5fdb9217-0b79-4760-9841-68f57b07c7fc;;638a1dc7-d25d-4938-8217-dcabe829210e;;"{""analytics"":true,""marketing"":true,""necessary"":true,""preferences"":true}";2025-10-29 06:12:28.133709+00;2025-10-29 06:12:28.133709+00
6781d3c4-64a6-4df1-8a26-f8f2f9e68b98;;3956a63d-7b16-4a64-8f28-ef2ceb939cd3;;"{""analytics"":true,""marketing"":true,""necessary"":true,""preferences"":true}";2025-10-29 14:04:30.869046+00;2025-10-29 14:04:30.869046+00
787d3e31-a3c3-44c5-b7f9-9bec02ac2f22;;a115e477-3190-49ed-bf9d-ff2ffc01d87d;;"{""analytics"":true,""marketing"":true,""necessary"":true,""preferences"":true}";2025-10-31 14:58:53.553961+00;2025-10-31 14:58:53.553961+00
8cf00d33-b937-4f5d-b1ff-948ecbffe2c5;;e3995af7-df6a-480e-b200-f42535b144c3;;"{""analytics"":true,""marketing"":true,""necessary"":true,""preferences"":true}";2025-11-01 14:16:19.433227+00;2025-11-01 14:16:19.433227+00
a16b438a-00a7-48b8-8c1a-a2ef0957cf8a;;100384db-cfbc-4253-aa1b-875cd2ce1cd9;;"{""analytics"":true,""marketing"":true,""necessary"":true,""preferences"":true}";2025-11-01 14:41:55.411399+00;2025-11-01 14:41:55.411399+00
a571cbb6-1e1a-41ba-953d-828bae264d3a;;d4af6d38-3b0f-4b92-a55c-e70cf378d808;;"{""analytics"":true,""marketing"":true,""necessary"":true,""preferences"":true}";2025-11-02 00:21:36.510022+00;2025-11-02 00:21:36.510022+00
9b4ae0b3-7c0f-4cad-8331-9226aeee01d5;;f597c16b-d355-4e06-8f9d-811979b43706;;"{""analytics"":true,""marketing"":true,""necessary"":true,""preferences"":true}";2025-11-02 00:21:41.728848+00;2025-11-02 00:21:41.728848+00
a7d3f164-a678-4326-9470-a774173373eb;;5130d8ab-d53d-4f49-ab1f-bb985fa360fb;;"{""analytics"":true,""marketing"":true,""necessary"":true,""preferences"":true}";2025-11-02 00:21:47.646459+00;2025-11-02 00:21:47.646459+00
dc1b43b3-0de6-48d7-9f93-2f30da2ca642;;cac6fdcc-f65e-4a54-b9cf-6d39a7b9f3a5;;"{""analytics"":true,""marketing"":true,""necessary"":true,""preferences"":true}";2025-11-02 00:31:37.651815+00;2025-11-02 00:31:37.651815+00
78e75743-fd6a-4124-9d37-c53e1c393ca7;;cadbc9a5-c6ee-4ccc-b82d-6becb3cf655c;;"{""analytics"":true,""marketing"":true,""necessary"":true,""preferences"":true}";2025-11-02 00:31:39.153961+00;2025-11-02 00:31:39.153961+00
6bb3d4b4-d8c7-4533-8574-342b3cc566c0;;d4d03047-e83c-486e-9757-08b95dc1108a;;"{""analytics"":true,""marketing"":true,""necessary"":true,""preferences"":true}";2025-11-02 00:32:01.772924+00;2025-11-02 00:32:01.772924+00
d984547d-7128-4324-9c55-6694280756d8;;37603493-02e5-4c5a-bf6e-5fcc0086c917;;"{""analytics"":true,""marketing"":true,""necessary"":true,""preferences"":true}";2025-11-02 01:16:46.982032+00;2025-11-02 01:16:46.982032+00
d5075318-6975-4ee6-a4e3-c658bd4c8933;;58419832-51b0-4d31-931e-80fd0b65d114;;"{""analytics"":true,""marketing"":true,""necessary"":true,""preferences"":true}";2025-11-02 01:17:15.960489+00;2025-11-02 01:17:15.960489+00
8ee18d10-4e1b-4bcf-9a83-1af52bf4c8ca;;42f3c380-36ad-416a-a0f9-ad0c3b44200e;;"{""analytics"":true,""marketing"":true,""necessary"":true,""preferences"":true}";2025-11-02 01:17:16.621784+00;2025-11-02 01:17:16.621784+00
08432852-e901-4dea-8917-f0adeaa6d5f9;;a27d89c9-75c5-4042-9e49-9f67d75d7c7d;;"{""analytics"":true,""marketing"":true,""necessary"":true,""preferences"":true}";2025-11-02 02:17:37.644548+00;2025-11-02 02:17:37.644548+00
0d0c7e7f-7684-42e4-a50e-0202b13cfd8b;;1ebbf6ce-1394-4f25-8fae-cc959e550d83;;"{""analytics"":true,""marketing"":true,""necessary"":true,""preferences"":true}";2025-11-02 02:17:40.090479+00;2025-11-02 02:17:40.090479+00
55a8598d-e899-41f7-a8bd-f4bd51c5d98e;;5ff333d1-2bfe-446f-b9d7-ecce2236d72a;;"{""analytics"":true,""marketing"":true,""necessary"":true,""preferences"":true}";2025-11-02 02:43:51.259083+00;2025-11-02 02:43:51.259083+00
97426b74-fb49-4f07-9078-341371d5d36f;;17be4b3b-e78b-47af-861d-d414d96b9b41;;"{""analytics"":true,""marketing"":true,""necessary"":true,""preferences"":true}";2025-11-02 02:43:52.803471+00;2025-11-02 02:43:52.803471+00
8a6db1ac-e557-4a88-9107-76f097fa3381;;c24d707e-aca4-45d2-b9f5-1c50bb255c78;;"{""analytics"":true,""marketing"":true,""necessary"":true,""preferences"":true}";2025-11-02 02:44:12.745087+00;2025-11-02 02:44:12.745087+00
6232a86d-0029-4cc2-b019-22dfb4f335fb;;dde2bce9-5e92-419c-b256-b170b8918fa7;;"{""analytics"":true,""marketing"":true,""necessary"":true,""preferences"":true}";2025-11-03 17:53:54.828959+00;2025-11-03 17:53:54.828959+00
fdb280a9-db90-4c27-849b-0ded2c9eeed2;;db5306fd-a08e-4e08-83af-cfdfa7b84705;;"{""analytics"":true,""marketing"":true,""necessary"":true,""preferences"":true}";2025-11-03 19:17:25.589396+00;2025-11-03 19:17:25.589396+00
813e71e4-99a9-412a-9fc7-c8876c6b1bbb;;f54b9a92-82f9-4643-a269-a2f1da6dffd1;;"{""analytics"":false,""marketing"":false,""necessary"":true,""preferences"":false}";2025-11-03 21:02:10.026213+00;2025-11-03 21:02:10.026213+00
4b1c46c8-5648-44bc-84e0-bfbc6446dc57;;4e599209-edd4-4e77-9e51-109283b29a23;;"{""analytics"":true,""marketing"":true,""necessary"":true,""preferences"":true}";2025-11-04 09:00:23.778317+00;2025-11-04 09:00:23.778317+00
336f99f1-9da6-4849-a0ec-9331c5c4e6d2;;d54d8890-e7ba-4f86-902d-8b4594327c88;;"{""analytics"":true,""marketing"":true,""necessary"":true,""preferences"":true}";2025-11-04 09:01:06.935861+00;2025-11-04 09:01:06.935861+00
cd7654e0-c849-4e34-9986-b90bc2981895;;20f6bd6d-fbed-47d4-89b0-ac825c6a3041;;"{""analytics"":true,""marketing"":true,""necessary"":true,""preferences"":true}";2025-11-04 09:01:08.986863+00;2025-11-04 09:01:08.986863+00
f6706283-47b0-4a4f-84ee-5ddaedf884e0;;c86b5cb2-e70d-41f4-906d-fda0e3e5e92c;;"{""analytics"":true,""marketing"":true,""necessary"":true,""preferences"":true}";2025-11-05 07:56:30.328588+00;2025-11-05 07:56:30.328588+00
02314c7d-50d3-41c4-969f-bb76b28ff144;;2a12d94d-ecce-4b44-89a3-8475d079b88b;;"{""analytics"":true,""marketing"":true,""necessary"":true,""preferences"":true}";2025-11-05 09:53:33.635634+00;2025-11-05 09:53:33.635634+00
541f0c48-f7f2-45b4-934e-1fc014176789;;ece47e3f-707c-4a79-9931-8a7a3d1cc0f1;;"{""analytics"":true,""marketing"":true,""necessary"":true,""preferences"":true}";2025-11-09 09:18:54.470097+00;2025-11-09 09:18:54.470097+00
ba4678bf-049b-4566-9fa7-e245ceff7217;;e946b632-81a8-4ec2-bcef-72498150122b;;"{""analytics"":true,""marketing"":true,""necessary"":true,""preferences"":true}";2025-11-09 09:35:44.585207+00;2025-11-09 09:35:44.585207+00
9db285e7-7f9e-4bcc-9b8d-1eac07e63f36;;a52091b8-dbda-4a70-bbd7-2d9448cc5f44;;"{""analytics"":true,""marketing"":true,""necessary"":true,""preferences"":true}";2025-11-09 09:36:47.723057+00;2025-11-09 09:36:47.723057+00
f33131e2-75e0-485f-a25a-b33bec938727;;7fc6d7ff-c6ab-4478-b46c-5110e915f793;;"{""analytics"":true,""marketing"":true,""necessary"":true,""preferences"":true}";2025-11-09 15:14:38.180325+00;2025-11-09 15:14:38.180325+00
f40e2ff9-1566-4608-aa5a-4e313cccf7e8;;1d2770ec-3b8a-481b-914e-0bfa1ea21bd5;;"{""analytics"":true,""marketing"":true,""necessary"":true,""preferences"":true}";2025-11-09 16:53:28.713638+00;2025-11-09 16:53:28.713638+00
bb3240e4-9b16-4c0d-afaa-2e20e07fd3d1;;df999627-1dbd-4e50-9c8e-43dfa5e01639;;"{""analytics"":true,""marketing"":true,""necessary"":true,""preferences"":true}";2025-11-11 07:17:38.124071+00;2025-11-11 07:17:38.124071+00
93e979d1-02d0-4e3a-90e2-c29ade0f86b5;;2ab39aec-850a-4663-b913-0cb2d3999574;;"{""analytics"":false,""marketing"":false,""necessary"":true,""preferences"":false}";2025-11-11 16:52:23.988816+00;2025-11-11 16:52:23.988816+00
52a5bffb-193f-437d-8547-50ac75e5f38a;;e01164c1-d105-4c01-b0cf-8a7d4d626721;;"{""analytics"":true,""marketing"":true,""necessary"":true,""preferences"":true}";2025-11-14 12:06:36.624667+00;2025-11-14 12:06:36.624667+00
2275830d-7a2e-4060-babc-7698c7d27acc;;3ffcc6b9-c172-4272-a505-ce95f51f7fa6;;"{""analytics"":true,""marketing"":true,""necessary"":true,""preferences"":true}";2025-11-14 12:18:56.382964+00;2025-11-14 12:18:56.382964+00
5b3e100f-4cf5-4a7c-9ed1-1e0f075dbaf2;;81076bdb-0335-476c-8cce-f0f1c44f114d;;"{""analytics"":true,""marketing"":true,""necessary"":true,""preferences"":true}";2025-11-14 12:19:16.304865+00;2025-11-14 12:19:16.304865+00
9815938b-2884-4917-bdc4-10f32a75b415;;5756426b-59e4-4a9a-b4ea-e41ad4a1c19b;;"{""analytics"":true,""marketing"":true,""necessary"":true,""preferences"":true}";2025-11-15 15:54:10.644255+00;2025-11-15 15:54:10.644255+00
5f664f01-861c-4e63-811e-c0595b007eb0;;0327cca5-70be-4400-b5b9-5055af0d9158;;"{""analytics"":true,""marketing"":true,""necessary"":true,""preferences"":true}";2025-11-15 23:04:14.885886+00;2025-11-15 23:04:14.885886+00
1987e6a9-e53e-4765-9faa-0013a5be6734;;d185c13f-e097-4fcb-9b41-ef6dc42b9215;;"{""analytics"":false,""marketing"":false,""necessary"":true,""preferences"":false}";2025-11-15 23:09:33.944134+00;2025-11-15 23:09:33.944134+00
33bef5c6-8bd1-4952-9160-6e3386f17b94;;12073d2f-253f-4893-9509-d95796a3118f;;"{""analytics"":true,""marketing"":true,""necessary"":true,""preferences"":true}";2025-11-16 13:17:07.372244+00;2025-11-16 13:17:07.372244+00
9687cf3a-d471-4ef1-ad9e-3193f388f7e9;;f25ec42a-7860-4b1d-9d01-95423d16de2d;;"{""analytics"":true,""marketing"":true,""necessary"":true,""preferences"":true}";2025-11-16 18:43:00.972092+00;2025-11-16 18:43:00.972092+00
50cb75a4-6ef7-4715-89ca-0c9f3f97e7c8;;72b9c095-124b-4328-979f-25efc281b26c;;"{""analytics"":true,""marketing"":true,""necessary"":true,""preferences"":true}";2025-11-16 23:18:31.52188+00;2025-11-16 23:18:31.52188+00
af26c6b5-1926-45c3-a142-4ee950a30155;;690886e2-a540-4e0a-82ad-71d8f3cd85eb;;"{""analytics"":false,""marketing"":false,""necessary"":true,""preferences"":false}";2025-11-18 07:13:47.712147+00;2025-11-18 07:13:47.712147+00
fcf7371f-7bab-406d-831f-2e499d62cc79;;cd2552d7-becd-448f-9883-309c866a53af;;"{""analytics"":true,""marketing"":true,""necessary"":true,""preferences"":true}";2025-11-18 09:13:32.023368+00;2025-11-18 09:13:32.023368+00
e3b372ec-51f8-4d2d-8315-99442ed9b18f;;5b0aa0cd-c203-412e-9b99-abb9733d54ad;;"{""analytics"":true,""marketing"":true,""necessary"":true,""preferences"":true}";2025-11-18 09:13:42.000348+00;2025-11-18 09:13:42.000348+00
9fb442ac-6f80-4a36-bca3-7a88488fdb99;;a08be69d-9e0b-4aee-8d8f-6e2db4dc25a4;;"{""analytics"":true,""marketing"":true,""necessary"":true,""preferences"":true}";2025-11-18 09:23:45.359525+00;2025-11-18 09:23:45.359525+00
8fac6d8d-ca7b-4126-b8e8-a3cb6e2868dd;;7ae29ae9-3583-48c0-be5f-c2934ee4388d;;"{""analytics"":true,""marketing"":true,""necessary"":true,""preferences"":true}";2025-11-18 17:04:13.734382+00;2025-11-18 17:04:13.734382+00
09548520-e31a-476a-861b-5eb8d94ed75f;;54e3fb31-ea4c-4a26-958d-12f175a6c455;;"{""analytics"":true,""marketing"":true,""necessary"":true,""preferences"":true}";2025-11-19 05:25:58.570282+00;2025-11-19 05:25:58.570282+00
d9f428b4-f440-463c-a0e2-ae12d8780511;;5ba40f83-19bf-4b0d-a4f1-e2adee7ae602;;"{""analytics"":true,""marketing"":true,""necessary"":true,""preferences"":true}";2025-11-19 08:37:44.446081+00;2025-11-19 08:37:44.446081+00
005b6460-5742-47d6-a4fc-d6746489c1f6;;01746463-8777-4308-82ee-4e0c8609d16a;;"{""analytics"":true,""marketing"":true,""necessary"":true,""preferences"":true}";2025-11-19 12:21:06.149694+00;2025-11-19 12:21:06.149694+00
5a0128b8-dcd7-4a87-966e-e01a0beb9798;;b96291ed-38d6-4670-b105-009169d0c093;;"{""analytics"":true,""marketing"":true,""necessary"":true,""preferences"":true}";2025-11-19 19:28:13.473128+00;2025-11-19 19:28:13.473128+00
b3707301-3e56-4978-9d5f-7716c018e087;;1905ff70-91c5-4ab8-b976-6dea2e792c52;;"{""analytics"":true,""marketing"":true,""necessary"":true,""preferences"":true}";2025-11-19 20:06:21.674192+00;2025-11-19 20:06:21.674192+00
28bd58e1-d8b4-4764-8038-10a78215e083;;9d60cae9-0672-4ace-9b1e-b6c11c1f3a49;;"{""analytics"":true,""marketing"":true,""necessary"":true,""preferences"":true}";2025-11-19 20:08:29.002692+00;2025-11-19 20:08:29.002692+00
804e11ba-1713-4137-a187-5356bcd52f9b;;755a991b-83e5-4b95-a0d1-9dcadca9f5a6;;"{""analytics"":true,""marketing"":true,""necessary"":true,""preferences"":true}";2025-11-20 06:51:55.092007+00;2025-11-20 06:51:55.092007+00
57125216-fff4-4891-bac2-9689102597b1;;5d87b0d6-d864-462e-be04-51dac7aa9cae;;"{""analytics"":true,""marketing"":true,""necessary"":true,""preferences"":true}";2025-11-20 07:14:11.738002+00;2025-11-20 07:14:11.738002+00
363687d6-239e-4321-b578-9048d5b32ce8;;1437176b-9a4c-464e-8e17-c00507b7e1d9;;"{""analytics"":true,""marketing"":true,""necessary"":true,""preferences"":true}";2025-11-20 12:55:51.409945+00;2025-11-20 12:55:51.409945+00
dbc91e29-42f3-438a-a12c-4f4a81b1aea2;;aad5683d-f163-4c60-be3f-02cae6d5c5f4;;"{""analytics"":true,""marketing"":true,""necessary"":true,""preferences"":true}";2025-11-21 17:02:40.594804+00;2025-11-21 17:02:40.594804+00
5eae3e8c-0e12-49af-b7fa-362ca1e2fe63;;9900a449-a463-4725-8b7e-6c0c3fa529dd;;"{""analytics"":false,""marketing"":false,""necessary"":true,""preferences"":false}";2025-11-21 17:14:08.602564+00;2025-11-21 17:14:08.602564+00
84cb3ef0-b02e-4a5c-9f4e-263755bf5f7d;;de8bfea9-5052-4e50-bc22-0679e520ce52;;"{""analytics"":true,""marketing"":true,""necessary"":true,""preferences"":true}";2025-11-21 17:45:16.298878+00;2025-11-21 17:45:16.298878+00
8034ef69-9a34-4617-80c2-f27cfcf406c3;;2b223260-5d30-4782-bff3-3b8eeb23ee16;;"{""analytics"":true,""marketing"":true,""necessary"":true,""preferences"":true}";2025-11-21 21:21:01.475115+00;2025-11-21 21:21:01.475115+00
3414dc5e-6705-4cc9-99d8-a204cea746c9;;2f2cd6c2-b4d4-4078-a160-9967f9cf0ccc;;"{""analytics"":true,""marketing"":true,""necessary"":true,""preferences"":true}";2025-11-21 22:44:46.015378+00;2025-11-21 22:44:46.015378+00
5e124e55-cc24-4eac-bfa1-75f7481b459a;;c9ce9141-6173-44cc-bb4c-7cac3cfeeec6;;"{""analytics"":true,""marketing"":true,""necessary"":true,""preferences"":true}";2025-11-22 00:19:21.490516+00;2025-11-22 00:19:21.490516+00
0bad4973-f2e8-453e-a35c-ec6ada847a98;;8c7154c8-958c-425f-a2f0-a57d09c85060;;"{""analytics"":false,""marketing"":false,""necessary"":true,""preferences"":false}";2025-11-22 09:13:51.317522+00;2025-11-22 09:13:51.317522+00
52dc9886-fe5d-430e-91dc-d548d0490c2b;;9a130d5f-49b6-4a8c-8883-da69219132d1;;"{""analytics"":false,""marketing"":false,""necessary"":true,""preferences"":false}";2025-11-22 09:13:57.991931+00;2025-11-22 09:13:57.991931+00
a343a2a8-e147-41fb-b1b1-29ed15b3aa6f;03765a40-f338-4035-a2ba-8928fff30834;564225d3-be8c-4f74-b9e5-76de18f44db6;;"{""analytics"":true,""marketing"":true,""necessary"":true,""preferences"":true}";2025-11-22 18:53:32.689735+00;2025-11-22 18:53:32.689735+00
ad4be020-9945-40dd-ae37-23130fdfc21c;;239097a9-8c4b-4d3c-9244-723beb4569c9;;"{""analytics"":true,""marketing"":true,""necessary"":true,""preferences"":true}";2025-11-22 20:55:55.782398+00;2025-11-22 20:55:55.782398+00
04090720-71db-4376-86c9-b93abecf845f;;8fdbced7-c1a3-45a5-b7f0-3e71febafc60;;"{""analytics"":true,""marketing"":true,""necessary"":true,""preferences"":true}";2025-11-23 07:15:24.611552+00;2025-11-23 07:15:24.611552+00
81668749-a420-463e-aaaf-7d9d489e7735;;3de656d7-6851-4826-8b54-777fe1eec369;;"{""analytics"":true,""marketing"":true,""necessary"":true,""preferences"":true}";2025-11-23 07:15:33.933115+00;2025-11-23 07:15:33.933115+00
1cfacf3c-9dff-4d9d-b552-33600385a034;;fa966ada-776f-4db4-938a-76d79545bb9f;;"{""analytics"":true,""marketing"":true,""necessary"":true,""preferences"":true}";2025-11-23 07:15:45.654558+00;2025-11-23 07:15:45.654558+00
0b3a7e03-423a-4eed-8cf1-8266f7490ab4;;57c9efe0-e028-4d6a-bb96-c0a233064608;;"{""analytics"":true,""marketing"":true,""necessary"":true,""preferences"":true}";2025-11-23 11:05:36.747137+00;2025-11-23 11:05:36.747137+00
b1fb0788-662b-4792-a776-6b8f1362dc17;;7436c630-0381-433a-8b60-8e0f8c046650;;"{""analytics"":true,""marketing"":true,""necessary"":true,""preferences"":true}";2025-11-23 16:12:58.80941+00;2025-11-23 16:12:58.80941+00
e5cd9f39-0b6d-4e6e-ab71-ae353884b97a;;33503212-34d3-4e44-a3bf-cf63cb5d59b5;;"{""analytics"":true,""marketing"":true,""necessary"":true,""preferences"":true}";2025-11-23 16:38:00.240597+00;2025-11-23 16:38:00.240597+00
8044d63f-37e3-4422-bfe2-350570c0e1ab;;f7499a10-96be-449a-8503-9e9b7f7df66c;;"{""analytics"":true,""marketing"":true,""necessary"":true,""preferences"":true}";2025-11-23 17:49:07.63403+00;2025-11-23 17:49:07.63403+00
8cffe55a-6b96-48e3-b134-365f18da81e6;;acf282c2-bfc4-4055-8eb7-c8c53c06b9fb;;"{""analytics"":true,""marketing"":true,""necessary"":true,""preferences"":true}";2025-11-23 18:01:53.200815+00;2025-11-23 18:01:53.200815+00
ee72cc02-0f77-410d-8e82-df3c4295c01f;;0bdbd1fa-52e5-4a4e-afc8-4242fda4bfd3;;"{""analytics"":true,""marketing"":true,""necessary"":true,""preferences"":true}";2025-11-23 21:07:53.252993+00;2025-11-23 21:07:53.252993+00
e7723f94-8963-4f31-b99d-d4be0d242b14;;0e74c886-2d41-41f7-860e-cb8f585e58ae;;"{""analytics"":true,""marketing"":true,""necessary"":true,""preferences"":true}";2025-11-23 22:18:00.821051+00;2025-11-23 22:18:00.821051+00
68718b8f-4560-4008-a7d0-7db896133593;;b12405a6-fae6-42e1-a9d8-e66780b06db9;;"{""analytics"":true,""marketing"":true,""necessary"":true,""preferences"":true}";2025-11-24 07:45:43.266477+00;2025-11-24 07:45:43.266477+00
839eaf83-a6a1-4f83-b259-9bfe319822f6;;c68ca8b5-5e28-4059-9b79-c55b6a4e1b57;;"{""analytics"":true,""marketing"":true,""necessary"":true,""preferences"":true}";2025-11-24 21:40:19.642037+00;2025-11-24 21:40:19.642037+00
11785a8e-14bb-4390-8c42-207a132288ef;;ab36d9a5-09b3-47a2-894a-f911df3d4267;;"{""analytics"":true,""marketing"":true,""necessary"":true,""preferences"":true}";2025-11-25 22:08:16.155674+00;2025-11-25 22:08:16.155674+00
e762863c-ac52-4f53-bac1-f3f3553dc6f4;;7dacd58f-75af-49eb-b3dd-e60c5d545023;;"{""analytics"":true,""marketing"":true,""necessary"":true,""preferences"":true}";2025-11-25 22:08:43.023804+00;2025-11-25 22:08:43.023804+00
5b9b68a2-4656-4d7d-8692-729763d709f3;;8ca50909-28ba-4957-b51d-f283b9e4ed68;;"{""analytics"":true,""marketing"":true,""necessary"":true,""preferences"":true}";2025-11-25 22:08:49.381976+00;2025-11-25 22:08:49.381976+00
1612f52a-6a2c-4df5-9ee0-e3322702f190;;7699f90c-0685-42f5-8c82-b154aae04a64;;"{""analytics"":false,""marketing"":false,""necessary"":true,""preferences"":false}";2025-11-25 22:29:31.416218+00;2025-11-25 22:29:31.416218+00
6957f345-3362-4c2e-b603-bb2ed7cc5e30;;4d640959-253d-458c-ae98-e21375e3bbdf;;"{""analytics"":true,""marketing"":true,""necessary"":true,""preferences"":true}";2025-11-26 02:03:21.035969+00;2025-11-26 02:03:21.035969+00
9a6aba6f-3b79-48b7-80d1-fe0c6a71c1a7;;ddb79308-8443-4044-af31-0ce919534f6f;;"{""analytics"":true,""marketing"":true,""necessary"":true,""preferences"":true}";2025-11-26 11:59:43.033065+00;2025-11-26 11:59:43.033065+00
4b051dc2-d7ce-48b7-9bc1-d92a03b39ed8;;f11bde6d-c598-4fad-979f-2ac6ab041ecc;;"{""analytics"":true,""marketing"":true,""necessary"":true,""preferences"":true}";2025-11-26 18:38:29.204427+00;2025-11-26 18:38:29.204427+00
f40bcc9b-0f83-406c-a63a-1c05776a8cb2;;e832e47b-4a00-4f15-b828-1cd5dc5bbdfe;;"{""analytics"":true,""marketing"":true,""necessary"":true,""preferences"":true}";2025-11-27 04:06:35.828697+00;2025-11-27 04:06:35.828697+00
68178070-fd35-4309-8f88-52605e85fbe7;;e219f321-4a5f-47a0-a8e6-2710bf211b38;;"{""analytics"":true,""marketing"":true,""necessary"":true,""preferences"":true}";2025-11-27 08:09:17.089719+00;2025-11-27 08:09:17.089719+00
d2f2bb72-2400-4795-a8f3-9d7e6c55dd39;;3512ea50-957f-45c8-ba2e-7dca87bb73c5;;"{""analytics"":true,""marketing"":true,""necessary"":true,""preferences"":true}";2025-11-27 09:59:27.894234+00;2025-11-27 09:59:27.894234+00
cdc4205c-287d-468b-8d50-785f0137eac9;;fa1a3992-f158-4e6f-bd78-c269618dda29;;"{""analytics"":true,""marketing"":true,""necessary"":true,""preferences"":true}";2025-11-29 07:01:58.965008+00;2025-11-29 07:01:58.965008+00
8028e7c0-2b19-4ba2-8d52-34e5cc5bae42;;4bb4f451-5ebf-47e1-af6e-0cb843072882;;"{""analytics"":true,""marketing"":true,""necessary"":true,""preferences"":true}";2025-11-29 13:07:36.441825+00;2025-11-29 13:07:36.441825+00
816adeb4-35ec-4e96-ad12-aca2b556d49e;;9b9f4acb-fff9-4993-918c-916479db107e;;"{""analytics"":true,""marketing"":true,""necessary"":true,""preferences"":true}";2025-11-29 23:15:54.519786+00;2025-11-29 23:15:54.519786+00
ec8cc3a2-853b-4d6c-a8f9-060531eafbe9;;5ff6f932-5114-4000-95ab-a77dbc3ffac1;;"{""analytics"":true,""marketing"":true,""necessary"":true,""preferences"":true}";2025-11-30 00:45:00.521843+00;2025-11-30 00:45:00.521843+00
d69d06b4-e7ea-4f15-8cee-35d1ee6e6981;;a5508ba2-3e3e-4918-9910-18c68b22e0d4;;"{""analytics"":true,""marketing"":true,""necessary"":true,""preferences"":true}";2025-11-30 16:44:04.759135+00;2025-11-30 16:44:04.759135+00
06a35510-02bf-4227-bab4-9ed9ec794682;;277c8207-06cb-438f-8af4-05fa5ed72de7;;"{""analytics"":true,""marketing"":true,""necessary"":true,""preferences"":true}";2025-12-01 11:05:44.178969+00;2025-12-01 11:05:44.178969+00
b0df47d7-29ca-44ea-893d-c873939c9690;;91285ea3-acef-4942-ad10-e44573eca7bf;;"{""analytics"":true,""marketing"":true,""necessary"":true,""preferences"":true}";2025-12-02 11:19:29.041774+00;2025-12-02 11:19:29.041774+00
021b8b68-ef4b-46d1-aa2a-d19589ec7764;;8b5ff62a-12db-465f-93a9-dead38592fc9;;"{""analytics"":true,""marketing"":true,""necessary"":true,""preferences"":true}";2025-12-02 11:58:13.038015+00;2025-12-02 11:58:13.038015+00
25cf272d-0786-4f6f-b256-914d81a5d5bd;;ec7df341-01c5-4c44-9201-3313891164db;;"{""analytics"":true,""marketing"":true,""necessary"":true,""preferences"":true}";2025-12-02 15:18:19.561965+00;2025-12-02 15:18:19.561965+00
1e45a9db-dc3c-406b-b3ae-fa1a6705dd4a;;afa1e856-9ddc-49f2-b2c6-f767c0980124;;"{""analytics"":true,""marketing"":true,""necessary"":true,""preferences"":true}";2025-12-02 18:41:55.633365+00;2025-12-02 18:41:55.633365+00
709af54a-30e6-4afe-b961-31454035e94b;;30c3171f-37d9-48e4-8f90-a286e9c47213;;"{""analytics"":true,""marketing"":true,""necessary"":true,""preferences"":true}";2025-12-02 21:52:08.006819+00;2025-12-02 21:52:08.006819+00
1217394a-5a01-4a76-9a68-bf1b4b9d5635;;608bd3d4-eabd-4837-b5dc-925564a620ad;;"{""analytics"":true,""marketing"":true,""necessary"":true,""preferences"":true}";2025-12-02 22:04:22.626722+00;2025-12-02 22:04:22.626722+00
57de396d-4bfa-45eb-883e-6cbf6d0a56eb;;f717d569-8d89-4ed3-8df4-27e86e559666;;"{""analytics"":true,""marketing"":true,""necessary"":true,""preferences"":true}";2025-12-02 22:25:00.459878+00;2025-12-02 22:25:00.459878+00
5a33477a-5a1d-4c7b-a5f4-9921d84a2dc6;;5510aef6-fa71-4123-a9e2-40300faf74f2;;"{""analytics"":true,""marketing"":true,""necessary"":true,""preferences"":true}";2025-12-03 01:43:57.572167+00;2025-12-03 01:43:57.572167+00
c26c30c3-0505-4364-aa43-5cfab7dc14d8;;8e6762ff-e8ec-4af4-a1d6-fa97db4963dd;;"{""analytics"":true,""marketing"":true,""necessary"":true,""preferences"":true}";2025-12-03 07:58:57.632496+00;2025-12-03 07:58:57.632496+00
0f609edd-429e-41d6-9e11-fb72269d00cb;;e60a51e6-30ae-4e65-9798-0ba6a29cfcfb;;"{""analytics"":true,""marketing"":true,""necessary"":true,""preferences"":true}";2025-12-03 18:24:14.070818+00;2025-12-03 18:24:14.070818+00
996126a1-f9e1-41fe-a64c-971a3c0d2f65;;c65846c5-c6ab-47b1-a770-ee1fdfc9d514;;"{""analytics"":false,""marketing"":false,""necessary"":true,""preferences"":false}";2025-12-03 19:10:24.360938+00;2025-12-03 19:10:24.360938+00
0b5ab8ab-666c-4ebd-997b-1217f7f7b3b9;;77cf594f-e689-4ddc-b969-ea01c53a9f2d;;"{""analytics"":true,""marketing"":true,""necessary"":true,""preferences"":true}";2025-12-03 19:25:46.859973+00;2025-12-03 19:25:46.859973+00
ca41921c-072f-4057-8a12-0a4cfa6cd189;;cd9c5ce3-3eeb-423c-b762-6aa77ece4a8f;;"{""analytics"":false,""marketing"":false,""necessary"":true,""preferences"":false}";2025-12-03 19:29:31.856601+00;2025-12-03 19:29:31.856601+00
dea32e77-ed60-4938-9561-048b0166a9fc;;1a969659-f5a3-4ecd-b824-16bb42faeae9;;"{""analytics"":true,""marketing"":true,""necessary"":true,""preferences"":true}";2025-12-03 19:36:19.64725+00;2025-12-03 19:36:19.64725+00
d3ce555c-5a1f-47a4-ba22-bc936dbe6e0b;;7cfa122a-1116-47a8-900e-fbc5b81538e1;;"{""analytics"":true,""marketing"":true,""necessary"":true,""preferences"":true}";2025-12-03 22:00:34.91071+00;2025-12-03 22:00:34.91071+00
9baf3e8e-e294-49d2-9f64-fe5899ee2b2c;;afad8e36-4172-4ba8-a10d-9cf2e5d5f96c;;"{""analytics"":true,""marketing"":true,""necessary"":true,""preferences"":true}";2025-12-03 23:15:30.493452+00;2025-12-03 23:15:30.493452+00
14e02beb-c984-4841-9586-8d53ae3a5216;;c9978cf7-4222-4153-b7ef-73994b27506b;;"{""analytics"":false,""marketing"":false,""necessary"":true,""preferences"":false}";2025-12-03 23:17:24.665124+00;2025-12-03 23:17:24.665124+00
4344705c-65b1-4b2b-96ec-b00b7a0220ed;;f9a21f14-0e6e-4865-acc1-0822311a6521;;"{""analytics"":false,""marketing"":false,""necessary"":true,""preferences"":false}";2025-12-03 23:38:58.966611+00;2025-12-03 23:38:58.966611+00
106447ba-6533-4730-87b4-27a38cfb1ba1;;ce74f7c6-16ab-45ce-883a-88d5c798a8c8;;"{""analytics"":true,""marketing"":true,""necessary"":true,""preferences"":true}";2025-12-04 03:44:08.562022+00;2025-12-04 03:44:08.562022+00
9895e5fe-2ad8-4888-8075-a2ef2b90a0b7;;3acc0e7f-2f21-4e1a-a9f4-2c1f999dcfb7;;"{""analytics"":true,""marketing"":true,""necessary"":true,""preferences"":true}";2025-12-04 05:58:19.759489+00;2025-12-04 05:58:19.759489+00
44f1ef72-8ab1-4dcd-ba9a-539fde441190;;98aa5239-cb9a-47f6-aa20-e8524c00798e;;"{""analytics"":false,""marketing"":false,""necessary"":true,""preferences"":false}";2025-12-04 11:27:05.656395+00;2025-12-04 11:27:05.656395+00
eaa0947f-c49b-4d1b-9257-52c104980114;;1938dc38-e27b-45c1-907d-a96e22ac16e1;;"{""analytics"":false,""marketing"":false,""necessary"":true,""preferences"":false}";2025-12-04 17:37:37.892329+00;2025-12-04 17:37:37.892329+00
56043fa5-f6f9-455a-92e7-9b324241db57;;791bd510-063f-475f-8ae3-94d831f9a168;;"{""analytics"":true,""marketing"":true,""necessary"":true,""preferences"":true}";2025-12-04 19:19:36.498315+00;2025-12-04 19:19:36.498315+00
613cf74e-26cf-46e3-9b38-88ffab1eacb5;;36405164-8ccb-492a-89e8-5520c0def0e1;;"{""analytics"":false,""marketing"":false,""necessary"":true,""preferences"":false}";2025-12-04 19:31:17.713405+00;2025-12-04 19:31:17.713405+00
3fcbd585-c8de-404f-a1d0-9320fb11910a;;eda0183c-235a-4034-a72f-e8072541ac35;;"{""analytics"":true,""marketing"":true,""necessary"":true,""preferences"":true}";2025-12-04 20:28:12.51627+00;2025-12-04 20:28:12.51627+00
d42f84eb-5d88-497d-b97c-0968d98c4d11;;6e0b2f4b-d306-45bd-8254-3dc379c44667;;"{""analytics"":true,""marketing"":true,""necessary"":true,""preferences"":true}";2025-12-04 20:44:49.759602+00;2025-12-04 20:44:49.759602+00
5916f70b-4c15-4d1c-896c-3907c8457083;;402944f6-813b-4528-8637-566f9208ae87;;"{""analytics"":true,""marketing"":true,""necessary"":true,""preferences"":true}";2025-12-04 20:45:58.275019+00;2025-12-04 20:45:58.275019+00
3d7dfd03-82c0-4dc7-81b8-b50bb1667c8c;;d3b07c03-5e2c-44c3-86e3-4647ac3f9849;;"{""analytics"":true,""marketing"":true,""necessary"":true,""preferences"":true}";2025-12-04 20:47:38.855804+00;2025-12-04 20:47:38.855804+00
dcfe87ef-1276-475b-b38e-1c84f4faf61f;;726613e0-80f0-47c9-9ada-c69f586feb32;;"{""analytics"":true,""marketing"":true,""necessary"":true,""preferences"":true}";2025-12-05 00:10:10.709122+00;2025-12-05 00:10:10.709122+00
f9832635-d913-42bb-b7c2-b63ccdbaa266;;095ff0c6-fe46-4907-9688-70e022b7ce99;;"{""analytics"":true,""marketing"":true,""necessary"":true,""preferences"":true}";2025-12-05 00:14:36.85943+00;2025-12-05 00:14:36.85943+00
5aebadac-ae63-44ac-a6dc-f5b984173f0b;;a4938e1a-dac8-4cd8-9a1b-4dafe503f839;;"{""analytics"":true,""marketing"":true,""necessary"":true,""preferences"":true}";2025-12-05 18:57:32.433267+00;2025-12-05 18:57:32.433267+00
f7f1f8b6-09b6-42fa-b040-92344340074f;5dfdd097-21e3-4b86-a75e-de6de3f0d590;49a261b6-a296-42ff-b9f4-7361a4f81277;;"{""analytics"":true,""marketing"":true,""necessary"":true,""preferences"":true}";2025-12-05 20:18:57.934476+00;2025-12-05 20:18:57.934476+00
47929665-7f75-4229-8972-4bf5ca579072;;ed66b463-c3c4-46b3-9dc2-a25fe738668d;;"{""analytics"":false,""marketing"":false,""necessary"":true,""preferences"":false}";2025-12-06 01:27:51.267652+00;2025-12-06 01:27:51.267652+00
99ffcd1b-9dfb-4207-8dc4-85442ba2919a;;d29baf05-78a2-474d-a577-aae772644e4e;;"{""analytics"":false,""marketing"":false,""necessary"":true,""preferences"":false}";2025-12-06 02:58:50.766919+00;2025-12-06 02:58:50.766919+00
165b6541-ef68-49c7-a84c-b3a712e65da5;;63b6df04-3b35-459e-b8d1-b357351194bf;;"{""analytics"":true,""marketing"":true,""necessary"":true,""preferences"":true}";2025-12-06 10:04:14.030229+00;2025-12-06 10:04:14.030229+00
4b0d61c0-cb85-428e-8b40-86303ea275cc;;9ebcc74a-5907-4053-ac66-b8ce44cb1e84;;"{""analytics"":true,""marketing"":true,""necessary"":true,""preferences"":true}";2025-12-06 11:47:19.616803+00;2025-12-06 11:47:19.616803+00
6bdd1843-13c9-42c1-b50b-56404abf2bb3;;1029b114-e4c7-4ed2-8984-8b4b9b8dc97f;;"{""analytics"":true,""marketing"":true,""necessary"":true,""preferences"":true}";2025-12-06 22:40:37.419985+00;2025-12-06 22:40:37.419985+00
f1424fc7-d37a-4b2f-9cd9-2b1965215f5d;;c0164395-d0ee-4f6a-a5df-4ab2b4ea0c0a;;"{""analytics"":true,""marketing"":true,""necessary"":true,""preferences"":true}";2025-12-06 22:44:50.590838+00;2025-12-06 22:44:50.590838+00
4d22b0bb-9e9a-483e-9095-a88ad490d3b0;;fac70821-c908-4403-9897-23c6345fa97b;;"{""analytics"":true,""marketing"":true,""necessary"":true,""preferences"":true}";2025-12-06 23:27:31.738573+00;2025-12-06 23:27:31.738573+00
e29dca01-bc83-44a2-9678-474deac4bb52;;1baba3b3-f9ac-42e5-9458-4f97dc1507e1;;"{""analytics"":false,""marketing"":false,""necessary"":true,""preferences"":false}";2025-12-07 07:04:41.141545+00;2025-12-07 07:04:41.141545+00
dae5b315-8fc6-42b5-9950-345befa4cac5;;1b89b442-786c-4843-859c-4017c420515c;;"{""analytics"":false,""marketing"":false,""necessary"":true,""preferences"":false}";2025-12-07 21:07:27.65193+00;2025-12-07 21:07:27.65193+00
f9d16385-c68f-49d8-9741-3927e50cb3c3;;d05f7276-1214-426c-b6f0-d8c3bd4a5f8b;;"{""analytics"":false,""marketing"":false,""necessary"":true,""preferences"":false}";2025-12-07 21:10:11.900566+00;2025-12-07 21:10:11.900566+00
b0174843-9de1-4537-b04f-64ffb4456671;;ba0369ac-5edb-45ac-a2a5-f2908a021e7c;;"{""analytics"":true,""marketing"":true,""necessary"":true,""preferences"":true}";2025-12-07 21:12:19.768594+00;2025-12-07 21:12:19.768594+00
72069d3d-ca42-4c4a-907e-99e3bdfd8029;;4f2ffe85-0feb-4883-90d9-c32702168606;;"{""analytics"":true,""marketing"":true,""necessary"":true,""preferences"":true}";2025-12-07 21:15:58.943966+00;2025-12-07 21:15:58.943966+00
d7336a3b-e38a-49b4-b24a-08432294970d;;a1060232-547c-4efa-b71b-5b19ba8cc30f;;"{""analytics"":true,""marketing"":true,""necessary"":true,""preferences"":true}";2025-12-07 21:20:13.073997+00;2025-12-07 21:20:13.073997+00
2b563e37-d517-481d-aa1c-fa1380441545;;a8fe50cc-fed5-4dca-8abe-7997ba474add;;"{""analytics"":true,""marketing"":true,""necessary"":true,""preferences"":true}";2025-12-07 21:26:10.984136+00;2025-12-07 21:26:10.984136+00
6adaff88-5595-42ab-85b6-6bc4f1be9159;;9b2516e3-2828-452b-9ac4-b54ee18eff20;;"{""analytics"":false,""marketing"":false,""necessary"":true,""preferences"":false}";2025-12-07 21:27:43.641274+00;2025-12-07 21:27:43.641274+00
8f410048-e616-41e8-9a31-e00770d2294e;;225074cd-0353-4af4-82d2-55a4d56b6830;;"{""analytics"":true,""marketing"":true,""necessary"":true,""preferences"":true}";2025-12-07 22:01:16.13838+00;2025-12-07 22:01:16.13838+00
5b3edb92-4901-4bd4-a5ca-dedd809bddcc;;92560fa1-64b0-4395-9945-81520539eb3d;;"{""analytics"":true,""marketing"":true,""necessary"":true,""preferences"":true}";2025-12-07 22:20:51.6063+00;2025-12-07 22:20:51.6063+00
8606abbd-1240-4078-ae3f-a91c6a99dd9b;;8c6ec7b9-dd83-49c6-bb91-388602a4e089;;"{""analytics"":false,""marketing"":false,""necessary"":true,""preferences"":false}";2025-12-07 22:24:31.66787+00;2025-12-07 22:24:31.66787+00
87ac3c48-47c5-4b55-a857-cb7e0d4f4a59;;c02e99dd-ea2a-485b-a303-53cf6c4ed32e;;"{""analytics"":true,""marketing"":true,""necessary"":true,""preferences"":true}";2025-12-07 22:35:22.591864+00;2025-12-07 22:35:22.591864+00
148085c7-ae47-474f-acc8-ca8e4f64edf7;;8518b704-c3bc-458d-9ff3-66de91255beb;;"{""analytics"":true,""marketing"":true,""necessary"":true,""preferences"":true}";2025-12-07 22:57:44.039838+00;2025-12-07 22:57:44.039838+00
c3c63d25-3665-4333-a512-9cf4a1307e90;;acd2f5c9-9353-4c84-8f22-852a7a272cb2;;"{""analytics"":false,""marketing"":false,""necessary"":true,""preferences"":false}";2025-12-07 23:52:06.373692+00;2025-12-07 23:52:06.373692+00
88d04dab-7d0c-4869-9eae-10156636b4b5;;07d869c9-62f1-43a3-b198-8f93ac861524;;"{""analytics"":false,""marketing"":false,""necessary"":true,""preferences"":false}";2025-12-08 00:10:12.033436+00;2025-12-08 00:10:12.033436+00
57e3dc38-dd29-4836-a4b8-68fab5140216;;b4d3496e-2c46-4791-99d7-c444766adb4d;;"{""analytics"":false,""marketing"":false,""necessary"":true,""preferences"":false}";2025-12-08 00:29:38.597611+00;2025-12-08 00:29:38.597611+00
55b20cfa-c16d-464f-be21-bf53c5c10258;;0b734793-662e-4ca9-ac3d-67628ffb649f;;"{""analytics"":false,""marketing"":false,""necessary"":true,""preferences"":false}";2025-12-08 00:38:54.121793+00;2025-12-08 00:38:54.121793+00
3af90435-0aa1-4481-b172-b2e016897700;;34afec0c-25a5-4c63-b431-1ed686a802e1;;"{""analytics"":false,""marketing"":false,""necessary"":true,""preferences"":false}";2025-12-08 03:09:27.615837+00;2025-12-08 03:09:27.615837+00
5355772b-5265-495f-81d1-4ef5110b7d23;;d24c82e9-efe4-4d52-956a-c4e9fa4e18d0;;"{""analytics"":true,""marketing"":true,""necessary"":true,""preferences"":true}";2025-12-08 03:17:56.559199+00;2025-12-08 03:17:56.559199+00
c8c2311f-ee24-4dfe-a23d-863cb8582d9c;;4addb1e8-555c-4d1c-8782-44cf555b2114;;"{""analytics"":false,""marketing"":false,""necessary"":true,""preferences"":false}";2025-12-08 04:39:44.174714+00;2025-12-08 04:39:44.174714+00
8c1e5276-ba76-4d72-93b5-2d9da2ec0c70;;41bb24f1-b356-492d-b5ca-486fb059f6e3;;"{""analytics"":true,""marketing"":true,""necessary"":true,""preferences"":true}";2025-12-08 05:39:31.795619+00;2025-12-08 05:39:31.795619+00
6b5b32f7-180e-4487-b202-464b615f0750;;a9e62ccf-4dc7-4aaf-af61-1bb70e6e45c3;;"{""analytics"":true,""marketing"":true,""necessary"":true,""preferences"":true}";2025-12-08 08:06:53.807006+00;2025-12-08 08:06:53.807006+00
b5f6a0ea-f913-4500-a3be-e767c36b9394;;82c08e0a-8734-48a9-9c37-ed3d5edb4570;;"{""analytics"":true,""marketing"":true,""necessary"":true,""preferences"":true}";2025-12-08 10:32:29.807075+00;2025-12-08 10:32:29.807075+00
d292679f-81fd-4b99-b804-dcb379acc134;2014c309-8ddc-4555-b7e1-8a7472a9a7aa;9288672f-529f-4332-811a-083c574cc407;;"{""analytics"":true,""marketing"":true,""necessary"":true,""preferences"":true}";2025-12-08 15:11:08.086729+00;2025-12-08 15:11:08.086729+00
e595c97b-f000-4163-93bf-6e4284a9f42c;;7a3e0122-5b9b-47e6-851a-58228997114e;;"{""analytics"":true,""marketing"":true,""necessary"":true,""preferences"":true}";2025-12-08 15:16:36.487539+00;2025-12-08 15:16:36.487539+00
6838ceea-7b75-4abb-adb0-bc4d067e030e;;1a096051-3c4e-4d4a-b675-e9451f4306de;;"{""analytics"":true,""marketing"":true,""necessary"":true,""preferences"":true}";2025-12-08 15:22:02.179787+00;2025-12-08 15:22:02.179787+00
e1acc14a-4079-4a8b-8b0e-2b6ab0f28568;;8b172c42-2fca-483b-879f-ccec9e7c73bc;;"{""analytics"":false,""marketing"":false,""necessary"":true,""preferences"":false}";2025-12-08 17:41:11.392427+00;2025-12-08 17:41:11.392427+00
53ad5167-f007-47bc-8c8c-d6a661976824;;01603bb1-eccd-40e5-94c3-9343586aae29;;"{""analytics"":true,""marketing"":true,""necessary"":true,""preferences"":true}";2025-12-08 20:59:19.914288+00;2025-12-08 20:59:19.914288+00
299a38eb-6e1b-429b-bcff-2b9b2683d4ad;;a79f1c2b-ed07-488a-ba20-45f3bca7a42f;;"{""analytics"":true,""marketing"":true,""necessary"":true,""preferences"":true}";2025-12-08 21:04:40.020926+00;2025-12-08 21:04:40.020926+00
e7686c9b-421c-4bf1-b080-fc1b4711c970;;f3b8e2f8-1b11-4e9d-a3a7-1d16039d074f;;"{""analytics"":true,""marketing"":true,""necessary"":true,""preferences"":true}";2025-12-08 22:53:33.522459+00;2025-12-08 22:53:33.522459+00
f0555170-71a1-4a71-b977-61d4d69b6ddb;;2a7efda4-0cb5-43f6-8db8-ce6378299641;;"{""analytics"":true,""marketing"":true,""necessary"":true,""preferences"":true}";2025-12-08 23:02:52.57185+00;2025-12-08 23:02:52.57185+00
b44bc01b-a2b8-4972-810c-e27ea311edaf;;ed1e7c4e-3709-455c-a3b2-2546a19145d9;;"{""analytics"":true,""marketing"":true,""necessary"":true,""preferences"":true}";2025-12-08 23:11:46.420277+00;2025-12-08 23:11:46.420277+00
42697840-06e0-4e12-8789-978b87da4e50;;ddbc8100-dca5-4918-9f60-05ef7302eddf;;"{""analytics"":true,""marketing"":true,""necessary"":true,""preferences"":true}";2025-12-08 23:48:45.883122+00;2025-12-08 23:48:45.883122+00
16458547-f0a7-4454-8b48-979af98e4d7e;;8e31f1ee-5d1a-4144-b648-60acdc5eb84f;;"{""analytics"":true,""marketing"":true,""necessary"":true,""preferences"":true}";2025-12-08 23:49:11.365069+00;2025-12-08 23:49:11.365069+00
3df30db7-ac09-4da9-9253-8838e57a9e2b;;0f04e866-d479-41e7-a0bc-38d35c2a61e1;;"{""analytics"":true,""marketing"":true,""necessary"":true,""preferences"":true}";2025-12-08 23:49:12.388879+00;2025-12-08 23:49:12.388879+00
ffdd3b91-0fdb-4b45-992a-7348467eb976;;67f288ed-d177-4744-915a-6f1f7c89d594;;"{""analytics"":false,""marketing"":false,""necessary"":true,""preferences"":false}";2025-12-09 04:34:35.001711+00;2025-12-09 04:34:35.001711+00
54e5f37c-a7e5-4c5a-9db1-33a51c00217b;;43cb8ecd-2f85-48da-a928-4f345432ce80;;"{""analytics"":true,""marketing"":true,""necessary"":true,""preferences"":true}";2025-12-09 14:18:47.275603+00;2025-12-09 14:18:47.275603+00
cdc5e5d5-c6d8-4756-bb33-57885b68b882;8e8a8671-75ec-42b2-abe3-5875e5822a11;fb38f3ee-cf20-4cab-a993-63bcbbdcd17a;;"{""analytics"":false,""marketing"":false,""necessary"":true,""preferences"":false}";2025-12-09 15:12:02.647078+00;2025-12-09 15:12:02.647078+00
bb5fdb21-9454-43ef-94be-a575b7a04f8c;;aa9df09e-eae9-40bd-8265-5e1f1a298e3c;;"{""analytics"":true,""marketing"":true,""necessary"":true,""preferences"":true}";2025-12-09 16:56:36.788557+00;2025-12-09 16:56:36.788557+00
4db76a55-92c6-480f-ba92-165288d95d44;;92537eb4-6c78-4144-8edf-5be85451d5f7;;"{""analytics"":false,""marketing"":false,""necessary"":true,""preferences"":false}";2025-12-09 16:58:59.626582+00;2025-12-09 16:58:59.626582+00
f40a013b-1d1b-4d48-be15-97722571e85d;;ffd8c56a-0906-4966-89da-de7e62eba143;;"{""analytics"":true,""marketing"":true,""necessary"":true,""preferences"":true}";2025-12-09 22:01:18.452276+00;2025-12-09 22:01:18.452276+00
85e26f31-8ec1-44cd-82e0-646a7cc90879;;412c237f-23cd-4cab-a192-005722e4c408;;"{""analytics"":true,""marketing"":true,""necessary"":true,""preferences"":true}";2025-12-10 08:29:13.776599+00;2025-12-10 08:29:13.776599+00
d7751cc0-ecad-49fa-97be-7fa548f7d7b4;;025c61db-f470-420c-ae47-d4d02d24d9c7;;"{""analytics"":true,""marketing"":true,""necessary"":true,""preferences"":true}";2025-12-10 13:28:03.154984+00;2025-12-10 13:28:03.154984+00
18aed04b-944a-49ea-a076-41901b8a0963;;ae152425-da97-40de-8f3a-f26fe2d23249;;"{""analytics"":false,""marketing"":false,""necessary"":true,""preferences"":false}";2025-12-10 14:10:22.022133+00;2025-12-10 14:10:22.022133+00
14c1f65b-a30a-43f8-836c-f38593ed7ab4;d04044c4-bfad-4c60-a361-cc30266fe311;11d62738-e6a9-4969-89d4-975bf2b2031b;;"{""analytics"":true,""marketing"":true,""necessary"":true,""preferences"":true}";2025-12-10 18:47:59.249553+00;2025-12-10 18:47:59.249553+00
e92faadb-daba-489c-9ded-22f7a19b1c8d;;b673b84e-4e28-4d34-a171-571c290a7fba;;"{""analytics"":true,""marketing"":true,""necessary"":true,""preferences"":true}";2025-12-10 20:32:44.346743+00;2025-12-10 20:32:44.346743+00
fedba92e-50f4-4c62-8a70-4cfd794e9d3a;;e60d3eda-de5f-47fe-a8de-ec07c92f4196;;"{""analytics"":true,""marketing"":true,""necessary"":true,""preferences"":true}";2025-12-10 23:23:44.378219+00;2025-12-10 23:23:44.378219+00
6a5c36db-f01f-4ccb-ba41-d2010a8cc1a0;;bf38b00a-641c-4655-88ce-2359fb9078a9;;"{""analytics"":true,""marketing"":true,""necessary"":true,""preferences"":true}";2025-12-10 23:46:26.235448+00;2025-12-10 23:46:26.235448+00
94b24a4f-5eb7-43cd-80a6-6f6c23d2c9ee;;1f8c0350-1341-4711-a53b-d1eca48bc66b;;"{""analytics"":false,""marketing"":false,""necessary"":true,""preferences"":false}";2025-12-11 10:09:59.64117+00;2025-12-11 10:09:59.64117+00
5a82a2d0-553c-4602-9aac-2f6c31be0a82;;68fac755-8986-4ee5-88e5-573b1d224d43;;"{""analytics"":false,""marketing"":false,""necessary"":true,""preferences"":false}";2025-12-11 18:40:25.684427+00;2025-12-11 18:40:25.684427+00
fe505e4d-2da2-4598-98bb-8b59f2fc767d;;7f78bb8b-b973-41ed-a130-c94fc9d038f8;;"{""analytics"":false,""marketing"":false,""necessary"":true,""preferences"":false}";2025-12-11 20:49:54.394917+00;2025-12-11 20:49:54.394917+00
47672f95-bddf-490e-95eb-a348d1f09bb5;;5223dad9-93c6-483c-95bc-db1094121ef9;;"{""analytics"":true,""marketing"":true,""necessary"":true,""preferences"":true}";2025-12-12 02:07:13.549088+00;2025-12-12 02:07:13.549088+00
8d6c1e81-16eb-4bf2-854a-24fb84125e81;;71a21125-7150-4d8c-8f75-a558f7c4bdff;;"{""analytics"":true,""marketing"":true,""necessary"":true,""preferences"":true}";2025-12-12 10:09:26.870725+00;2025-12-12 10:09:26.870725+00
05368411-4775-4a21-8415-f827355eb74b;;5d162018-0c33-4e08-8ce5-358131d6eaa2;;"{""analytics"":true,""marketing"":true,""necessary"":true,""preferences"":true}";2025-12-12 18:27:25.102999+00;2025-12-12 18:27:25.102999+00
73a0bffe-1230-4901-bab3-3a2429179782;;c6267331-5c07-436d-b234-057c61186f7f;;"{""analytics"":true,""marketing"":true,""necessary"":true,""preferences"":true}";2025-12-13 03:22:17.177939+00;2025-12-13 03:22:17.177939+00
025a1cf5-d9d5-45e2-88e2-1af7427be24d;;b435f90a-7208-4f72-80ac-8769a3e887de;;"{""analytics"":false,""marketing"":false,""necessary"":true,""preferences"":false}";2025-12-13 07:24:45.791211+00;2025-12-13 07:24:45.791211+00
50285855-6481-48af-bffd-d4f4849b440b;3ce46b3a-17cc-4ea4-9a40-28c8877602d9;9ded60a2-4096-45d6-88c4-977c2b30103b;;"{""analytics"":true,""marketing"":true,""necessary"":true,""preferences"":true}";2025-12-13 11:45:28.688675+00;2025-12-13 11:45:28.688675+00
e571b915-fe1b-481b-a863-0bfe6e9f37ac;;1177aef6-8fca-4b51-96c7-ad88fc47c8a7;;"{""analytics"":false,""marketing"":false,""necessary"":true,""preferences"":false}";2025-12-13 14:01:03.415822+00;2025-12-13 14:01:03.415822+00
f144a944-37f3-423a-92fe-a151936a1211;;bb782c75-e53a-4273-843e-f9d9353de851;;"{""analytics"":true,""marketing"":true,""necessary"":true,""preferences"":true}";2025-12-13 22:06:07.400338+00;2025-12-13 22:06:07.400338+00
086eaa4f-771a-44c0-8dae-fd1c1c3914dc;;774d4f62-76fe-496c-b404-0f65230d6ecf;;"{""analytics"":true,""marketing"":true,""necessary"":true,""preferences"":true}";2025-12-13 22:52:29.382113+00;2025-12-13 22:52:29.382113+00
12d175b2-6952-49c6-98af-57d4916034aa;;728858ab-0252-4c72-bce8-387cef9db74c;;"{""analytics"":true,""marketing"":true,""necessary"":true,""preferences"":true}";2025-12-14 16:43:49.695385+00;2025-12-14 16:43:49.695385+00
04b606dd-67d5-4dcf-8456-09059b57c0f0;;1ec6a9d9-c805-43ec-b36d-a8927517e307;;"{""analytics"":true,""marketing"":true,""necessary"":true,""preferences"":true}";2025-12-14 21:46:42.000295+00;2025-12-14 21:46:42.000295+00
121ab125-8a1e-41b2-8a9b-7a8d60ad155c;;8eccc405-8a2e-4480-bbc9-0be29d2f3167;;"{""analytics"":true,""marketing"":true,""necessary"":true,""preferences"":true}";2025-12-15 19:58:46.737796+00;2025-12-15 19:58:46.737796+00
0b96ed63-4fa8-4fee-a5d9-3d7532ece517;;a9152d49-d128-4151-a4cb-f75d80abea12;;"{""analytics"":true,""marketing"":true,""necessary"":true,""preferences"":true}";2025-12-15 22:41:15.28663+00;2025-12-15 22:41:15.28663+00
fccfba9a-a886-46b5-b2c6-bb2784489caa;eefa38d8-1c59-4129-8d9f-5928cab81e14;2f7b1c7a-1107-46cf-9523-86a92395325e;;"{""analytics"":true,""marketing"":true,""necessary"":true,""preferences"":true}";2025-12-15 22:43:06.818906+00;2025-12-15 22:43:06.818906+00
a5aa905b-efc0-4c5b-8037-8330f1a4eccc;;36ee4a95-30d4-4733-92ca-b5308301892b;;"{""analytics"":true,""marketing"":true,""necessary"":true,""preferences"":true}";2025-12-15 22:45:58.512345+00;2025-12-15 22:45:58.512345+00
6b73bc6f-a4a5-4b0f-8ea8-14bd887a5eb5;;b0fbd751-313f-4583-a766-bb6cb596e84b;;"{""analytics"":true,""marketing"":true,""necessary"":true,""preferences"":true}";2025-12-16 04:57:47.705919+00;2025-12-16 04:57:47.705919+00
26fa81ed-155f-49bc-9154-0d97eb8cef46;;5c68ae76-cd05-4ce7-85e5-1d441dcbfb73;;"{""analytics"":true,""marketing"":true,""necessary"":true,""preferences"":true}";2025-12-16 14:12:08.621294+00;2025-12-16 14:12:08.621294+00
ab8df167-e9be-492d-9447-36a456a27844;;af2b166a-aad9-48df-bb96-ede9485b943b;;"{""analytics"":true,""marketing"":true,""necessary"":true,""preferences"":true}";2025-12-16 20:07:34.090837+00;2025-12-16 20:07:34.090837+00
232045a7-79e6-49d9-b1e0-5ac18858def3;;5e154e06-6809-476f-824c-299ec6d8949f;;"{""analytics"":true,""marketing"":true,""necessary"":true,""preferences"":true}";2025-12-17 05:46:29.443003+00;2025-12-17 05:46:29.443003+00
6893bb9c-340d-4a67-b5d0-b1b59c7c4843;;b5e7e8a5-f15a-46dc-b8fa-67b745bc27f3;;"{""analytics"":true,""marketing"":true,""necessary"":true,""preferences"":true}";2025-12-17 07:34:37.725608+00;2025-12-17 07:34:37.725608+00
4b3354d9-127a-4607-8b95-5cf8179ef9c5;;7d87df04-9e79-4398-9076-91591c39efbf;;"{""analytics"":false,""marketing"":false,""necessary"":true,""preferences"":false}";2025-12-17 09:51:54.295337+00;2025-12-17 09:51:54.295337+00
87cbd3f9-2d22-421d-8a88-669fc0f4930a;;6810f05b-2348-487d-9a45-16aecd184330;;"{""analytics"":true,""marketing"":true,""necessary"":true,""preferences"":true}";2025-12-18 03:59:42.855654+00;2025-12-18 03:59:42.855654+00
c1bc5203-3452-40d7-b358-60ade795451c;;6a6ace85-3378-4481-abf1-415eefcde734;;"{""analytics"":true,""marketing"":true,""necessary"":true,""preferences"":true}";2025-12-18 09:55:37.185061+00;2025-12-18 09:55:37.185061+00
3da61cb9-0193-4c83-a1c3-a915a5016cd2;;0adca6ce-dbbe-44a2-9a63-2185145c2b36;;"{""analytics"":false,""marketing"":false,""necessary"":true,""preferences"":false}";2025-12-18 13:53:59.431243+00;2025-12-18 13:53:59.431243+00
d99691fa-3eda-4827-bb70-863b98ba3a02;;17f43763-334f-459e-af3e-a5c8646bf8ee;;"{""analytics"":true,""marketing"":true,""necessary"":true,""preferences"":true}";2025-12-18 14:34:53.581089+00;2025-12-18 14:34:53.581089+00
563ca052-e74d-4ebf-a7d0-0631bb9239a1;;90145038-563b-43c5-8a8b-a28ecfcf00ca;;"{""analytics"":true,""marketing"":true,""necessary"":true,""preferences"":true}";2025-12-18 18:25:01.614727+00;2025-12-18 18:25:01.614727+00
3fd09717-7f4c-4447-8b2a-c6fd0e88fe26;;2aa748ee-c058-4b1c-8d7e-7e5275abc8b1;;"{""analytics"":false,""marketing"":false,""necessary"":true,""preferences"":false}";2025-12-18 21:48:07.653265+00;2025-12-18 21:48:07.653265+00
b81bb6ef-6e13-4e4c-8435-fba6603355bb;;bca66591-94a1-4af1-af0d-954e73f63539;;"{""analytics"":true,""marketing"":true,""necessary"":true,""preferences"":true}";2025-12-18 23:03:59.365148+00;2025-12-18 23:03:59.365148+00
e68c096d-58b3-44a0-ad81-26f33cd0422f;;858fe057-4566-4862-bf6d-dc91025c8467;;"{""analytics"":true,""marketing"":true,""necessary"":true,""preferences"":true}";2025-12-19 17:48:34.857879+00;2025-12-19 17:48:34.857879+00
5d8f8116-5f2b-4265-88d9-7fbb0e69a50c;;043838e6-a93d-405e-956e-cdf0a044fcd6;;"{""analytics"":true,""marketing"":true,""necessary"":true,""preferences"":true}";2025-12-19 17:49:45.854076+00;2025-12-19 17:49:45.854076+00
975b767e-0748-438f-a0d5-2bd2915c9c5e;;cac3f306-dc45-4a34-a016-0f8354a224ce;;"{""analytics"":true,""marketing"":true,""necessary"":true,""preferences"":true}";2025-12-19 20:37:34.979017+00;2025-12-19 20:37:34.979017+00
0f0a3bbd-044a-4e5c-be4c-1ff1218d0045;;f5d00b41-2fd2-4207-92a4-a49170a3128e;;"{""analytics"":true,""marketing"":true,""necessary"":true,""preferences"":true}";2025-12-20 07:50:53.521131+00;2025-12-20 07:50:53.521131+00
a0056137-904d-4928-ae7b-a5624510b9a0;;575367c1-2007-4720-bc52-2a9e3b170a34;;"{""analytics"":true,""marketing"":true,""necessary"":true,""preferences"":true}";2025-12-20 09:45:08.012689+00;2025-12-20 09:45:08.012689+00
46301b36-7923-49cd-9982-eb9d3bbb0553;;b1efc4f3-b5d9-46f7-869c-a4c09c914021;;"{""analytics"":false,""marketing"":false,""necessary"":true,""preferences"":false}";2025-12-20 12:28:09.152925+00;2025-12-20 12:28:09.152925+00
9d10ca08-be68-442b-a14b-c68467cb9cfb;;ea16988e-4304-41cd-b169-ea3812c2b3a7;;"{""analytics"":true,""marketing"":true,""necessary"":true,""preferences"":true}";2025-12-20 22:27:00.635547+00;2025-12-20 22:27:00.635547+00
52e03f31-93af-4bb1-8b19-5e145762ac4d;;220419e3-aa53-41d4-827f-096fe90c1469;;"{""analytics"":true,""marketing"":true,""necessary"":true,""preferences"":true}";2025-12-21 07:57:28.869213+00;2025-12-21 07:57:28.869213+00
bb25f41e-647b-4700-8f13-3b4e2e1811cd;;fa4791b7-c821-44bb-8c48-611117305a42;;"{""analytics"":true,""marketing"":true,""necessary"":true,""preferences"":true}";2025-12-21 11:06:17.421562+00;2025-12-21 11:06:17.421562+00
d8accacc-03ff-4c0b-bfa7-40c0c661ade7;;15765395-26ee-4f0e-891d-c0920f3c38cc;;"{""analytics"":true,""marketing"":true,""necessary"":true,""preferences"":true}";2025-12-21 20:56:26.148195+00;2025-12-21 20:56:26.148195+00
bd7f019f-ddd3-4228-8bde-19d66e756ac5;;97b796ee-22e5-4fcb-922d-080c50558184;;"{""analytics"":true,""marketing"":true,""necessary"":true,""preferences"":true}";2025-12-22 08:55:16.975856+00;2025-12-22 08:55:16.975856+00
c272830f-eb90-41fd-ba1e-2940d614d0b2;;d3b3959d-c038-44e1-b746-839a73963fab;;"{""analytics"":true,""marketing"":true,""necessary"":true,""preferences"":true}";2025-12-22 12:23:22.774547+00;2025-12-22 12:23:22.774547+00
e6f392b5-0ba2-4de5-91c8-5ab76733ca8f;;75ef96c4-0f4d-4ae0-bac3-fbf6d026da2d;;"{""analytics"":true,""marketing"":true,""necessary"":true,""preferences"":true}";2025-12-22 16:22:13.14039+00;2025-12-22 16:22:13.14039+00
7daa87c5-ac8c-4748-ab91-553a0b0c1d05;;6216f221-9343-451a-897f-eceb2ab5106f;;"{""analytics"":true,""marketing"":true,""necessary"":true,""preferences"":true}";2025-12-22 16:50:02.991006+00;2025-12-22 16:50:02.991006+00
0687cc4a-dbad-4b05-abf1-29b40d595ef7;;c42b1f38-5626-4a4c-9f9f-7ca5447008ec;;"{""analytics"":true,""marketing"":true,""necessary"":true,""preferences"":true}";2025-12-23 06:59:00.16574+00;2025-12-23 06:59:00.16574+00
e83ae8a7-fe02-49ac-aee3-48706bf18aae;;d86ba21b-644d-466b-bcac-23f1324be820;;"{""analytics"":true,""marketing"":true,""necessary"":true,""preferences"":true}";2025-12-23 20:07:23.566264+00;2025-12-23 20:07:23.566264+00
305d9682-9dc2-4271-b4a7-a9301e982b5c;;22952489-87fb-4932-89d5-96d70d002457;;"{""analytics"":true,""marketing"":true,""necessary"":true,""preferences"":true}";2025-12-23 22:27:35.675787+00;2025-12-23 22:27:35.675787+00
e2be7a8c-8cb8-4ccd-9a79-bf730cd71a01;;e2dfc968-a9a2-4a9f-b4d7-0cef7148b793;;"{""analytics"":true,""marketing"":true,""necessary"":true,""preferences"":true}";2025-12-24 01:20:12.850028+00;2025-12-24 01:20:12.850028+00
cc5c199b-1262-46b2-9a1f-c136f5422d32;;b35d0654-6b19-4dc6-bd6c-514cf5cc479e;;"{""analytics"":true,""marketing"":true,""necessary"":true,""preferences"":true}";2025-12-24 03:18:19.521016+00;2025-12-24 03:18:19.521016+00
a996a773-c8ec-4071-83c8-bf396e9fd9e8;;205741c0-52b3-4d83-80f0-8a74d9c4135b;;"{""analytics"":true,""marketing"":true,""necessary"":true,""preferences"":true}";2025-12-24 22:31:42.296676+00;2025-12-24 22:31:42.296676+00
55c32982-e56c-4806-afc7-c0a65682d575;;ce86ff06-3417-40e0-9859-aad23cf14083;;"{""analytics"":true,""marketing"":true,""necessary"":true,""preferences"":true}";2025-12-24 22:31:42.75682+00;2025-12-24 22:31:42.75682+00
af7d4ac8-bfd8-4c7a-a64e-52bb6aa2c19f;;d24a2914-0fe8-4a76-b60a-8018eec0ff30;;"{""analytics"":true,""marketing"":true,""necessary"":true,""preferences"":true}";2025-12-24 22:48:23.909712+00;2025-12-24 22:48:23.909712+00
7887d5ad-fb69-4cbe-8cfa-f7ff579bfe9e;;9f3ad469-f01b-4966-81f8-4df37f262d50;;"{""analytics"":true,""marketing"":true,""necessary"":true,""preferences"":true}";2025-12-24 22:48:25.245447+00;2025-12-24 22:48:25.245447+00
c653e9cc-b991-40fe-b7e5-906508c11218;;55bf1aa6-5df9-4e6f-9e9c-b0bf04d05c1c;;"{""analytics"":true,""marketing"":true,""necessary"":true,""preferences"":true}";2025-12-24 22:48:33.128585+00;2025-12-24 22:48:33.128585+00
b943aaa1-7a6c-4815-8927-35ffb0228ef3;;8005924f-05ba-4e59-ad94-e5676bfeefc0;;"{""analytics"":true,""marketing"":true,""necessary"":true,""preferences"":true}";2025-12-25 20:45:35.913826+00;2025-12-25 20:45:35.913826+00
da7c3181-b7b7-42b1-a4ba-d3f6f90c09a8;;84b5fad2-b9c2-470b-8cb6-349da6368264;;"{""analytics"":false,""marketing"":false,""necessary"":true,""preferences"":false}";2025-12-27 19:40:09.990165+00;2025-12-27 19:40:09.990165+00
ebd2934b-ecfc-4885-af74-88a8d5a34557;;48ae1dd4-ba37-40b8-86ca-10f029c5adfd;;"{""analytics"":false,""marketing"":false,""necessary"":true,""preferences"":false}";2025-12-27 20:35:30.283509+00;2025-12-27 20:35:30.283509+00
01dd8d49-81a2-4cd1-b9fe-cb76da24cea8;;d3bdc412-e0ed-4101-8c98-27050e1e433d;;"{""analytics"":true,""marketing"":true,""necessary"":true,""preferences"":true}";2025-12-28 07:32:24.970569+00;2025-12-28 07:32:24.970569+00
a3305246-b302-4208-8788-df1add50a323;;5f2d76d4-363f-4f30-b124-ea0245b249b6;;"{""analytics"":false,""marketing"":false,""necessary"":true,""preferences"":false}";2025-12-28 13:42:01.444691+00;2025-12-28 13:42:01.444691+00
24ea318f-fa72-4c4b-8589-9a15b483c034;;e0bea1f7-581e-4858-b1d7-187c7c26427b;;"{""analytics"":true,""marketing"":true,""necessary"":true,""preferences"":true}";2025-12-29 10:50:14.030586+00;2025-12-29 10:50:14.030586+00
83a58eda-8514-4fbe-92b0-6bd95d2c6d0a;;606fbfbf-0d3d-4a5d-91e9-2305f47deef8;;"{""analytics"":true,""marketing"":true,""necessary"":true,""preferences"":true}";2026-01-01 17:00:18.517005+00;2026-01-01 17:00:18.517005+00
527e58e1-abd0-47a7-9363-c7922b103a73;;676a5edd-05a2-4b63-be20-4ffe1e063a72;;"{""analytics"":false,""marketing"":false,""necessary"":true,""preferences"":false}";2026-01-01 18:33:23.691392+00;2026-01-01 18:33:23.691392+00
82cc81ca-b6cf-492a-bd04-26c2d2f47b6a;;676a5edd-05a2-4b63-be20-4ffe1e063a72;;"{""analytics"":false,""marketing"":false,""necessary"":true,""preferences"":false}";2026-01-01 18:33:30.000931+00;2026-01-01 18:33:30.000931+00
4d7cac3f-f8b7-49f2-b578-c3675545d8e3;;676a5edd-05a2-4b63-be20-4ffe1e063a72;;"{""analytics"":false,""marketing"":false,""necessary"":true,""preferences"":false}";2026-01-01 18:33:30.322522+00;2026-01-01 18:33:30.322522+00
12747b9d-e3ac-42ad-9e7f-5d5e79dc565e;;676a5edd-05a2-4b63-be20-4ffe1e063a72;;"{""analytics"":false,""marketing"":false,""necessary"":true,""preferences"":false}";2026-01-01 18:33:31.063026+00;2026-01-01 18:33:31.063026+00
887d393d-0719-4897-b660-5af594a3b013;;676a5edd-05a2-4b63-be20-4ffe1e063a72;;"{""analytics"":false,""marketing"":false,""necessary"":true,""preferences"":false}";2026-01-01 18:33:32.490805+00;2026-01-01 18:33:32.490805+00
c8a37f20-dc5b-4d74-8056-c428cc97a25a;;07a756dd-d92e-4dad-86ff-a8d1492463d6;;"{""analytics"":true,""marketing"":true,""necessary"":true,""preferences"":true}";2026-01-02 11:49:47.560721+00;2026-01-02 11:49:47.560721+00
0c0e7465-d16d-4a1f-b2fd-678b3ab894e4;;dfc7b735-7922-4afe-94d3-b46015a1ef5c;;"{""analytics"":true,""marketing"":true,""necessary"":true,""preferences"":true}";2026-01-03 01:44:30.090865+00;2026-01-03 01:44:30.090865+00
d423974a-3a48-4b6b-ac66-f27efd592358;;c18cd3da-87de-4391-89db-fcc86c794cd6;;"{""analytics"":true,""marketing"":true,""necessary"":true,""preferences"":true}";2026-01-03 06:29:31.960931+00;2026-01-03 06:29:31.960931+00
62bc85e8-185a-4ca8-9f72-ea43545c478c;;5cb2c846-b4c4-4f02-8f27-27d3124df499;;"{""analytics"":true,""marketing"":true,""necessary"":true,""preferences"":true}";2026-01-04 11:48:22.542523+00;2026-01-04 11:48:22.542523+00
44732895-d506-4699-bff1-558da24dbf59;;3b9ce0b9-73df-4cc0-867e-b6d2fa57703c;;"{""analytics"":true,""marketing"":true,""necessary"":true,""preferences"":true}";2026-01-04 15:51:27.457925+00;2026-01-04 15:51:27.457925+00
0c60b308-553f-45f2-9478-8240e446fec7;;896ab37a-c3ff-40c7-a417-c2718feabe9c;;"{""analytics"":true,""marketing"":true,""necessary"":true,""preferences"":true}";2026-01-06 09:50:08.77548+00;2026-01-06 09:50:08.77548+00
5f97f3a2-accc-42c1-9a29-276726f078de;;946238c5-7361-4423-98b2-95f099b892d5;;"{""analytics"":true,""marketing"":true,""necessary"":true,""preferences"":true}";2026-01-06 19:06:01.996889+00;2026-01-06 19:06:01.996889+00
f2dc9ae1-4438-4ea2-a02f-bb391e53f5d9;;f99e0f4c-b837-4eb3-9e6c-19859d873042;;"{""analytics"":true,""marketing"":true,""necessary"":true,""preferences"":true}";2026-01-06 19:07:37.945765+00;2026-01-06 19:07:37.945765+00
232f3cae-d033-4a42-aab0-9ce191b38b4f;;3d649ca6-cb9e-4bfb-a87a-5b1498c9724c;;"{""analytics"":true,""marketing"":true,""necessary"":true,""preferences"":true}";2026-01-06 19:08:42.994953+00;2026-01-06 19:08:42.994953+00
d6d3491d-8cc0-4868-b87b-0daebbca1006;;6aa48e19-bcf4-4019-8243-122b40b42c40;;"{""analytics"":false,""marketing"":false,""necessary"":true,""preferences"":false}";2026-01-07 19:41:00.647701+00;2026-01-07 19:41:00.647701+00
cf2b8c84-d1cd-48e2-9828-c29d2e60be4b;;fbc67999-6347-496b-ad47-01a59ebdacd7;;"{""analytics"":false,""marketing"":false,""necessary"":true,""preferences"":false}";2026-01-07 20:05:45.514625+00;2026-01-07 20:05:45.514625+00
efcaed7c-edea-4da2-baec-1434d129aaf2;;126951d7-ea98-499a-b1c5-d8b889e7ae66;;"{""analytics"":true,""marketing"":true,""necessary"":true,""preferences"":true}";2026-01-07 22:07:06.272024+00;2026-01-07 22:07:06.272024+00
89b3d542-0ef7-4ebd-bc56-7dc0c1e2f1b6;;1aac0f17-6734-41e5-9036-a8e27491ddc8;;"{""analytics"":true,""marketing"":true,""necessary"":true,""preferences"":true}";2026-01-08 01:23:00.526734+00;2026-01-08 01:23:00.526734+00
0ebe20c0-e66e-4d85-a07a-3b134a940564;;a04ade02-ed78-4f2f-a94c-f28dcc7a40a2;;"{""analytics"":true,""marketing"":true,""necessary"":true,""preferences"":true}";2026-01-08 13:01:44.122985+00;2026-01-08 13:01:44.122985+00
e67d567f-c147-422f-80ef-2339a606a656;;6f2598bf-2a71-4615-8434-a3d72126a8c9;;"{""analytics"":true,""marketing"":true,""necessary"":true,""preferences"":true}";2026-01-08 19:28:49.636312+00;2026-01-08 19:28:49.636312+00
8edc1482-85a0-4ada-82cb-a375dfe5db84;;436a8c34-a5d3-4d5a-a44d-d0640b4ab504;;"{""analytics"":true,""marketing"":true,""necessary"":true,""preferences"":true}";2026-01-08 19:28:49.938416+00;2026-01-08 19:28:49.938416+00
eed443a1-1512-4f26-89a2-869ea6d0b167;;47eaa7c6-b119-48f0-9a5a-8ae5b08ce4ab;;"{""analytics"":true,""marketing"":true,""necessary"":true,""preferences"":true}";2026-01-08 19:36:46.33171+00;2026-01-08 19:36:46.33171+00
4596c52d-8eee-4f29-8701-6758a102e9eb;;bbf16bfc-2e0c-435d-a484-9308c0f598ea;;"{""analytics"":true,""marketing"":true,""necessary"":true,""preferences"":true}";2026-01-08 19:38:36.285603+00;2026-01-08 19:38:36.285603+00
353b8054-fb2f-407f-9c92-03ba9c0234cd;;e0a5a4e1-1eac-44a7-ab4a-616d4a5ec30f;;"{""analytics"":true,""marketing"":true,""necessary"":true,""preferences"":true}";2026-01-08 19:38:45.594448+00;2026-01-08 19:38:45.594448+00
a1b0536b-5a51-4b83-aef0-5239152f351d;;6795da5b-38bd-457e-aac8-c7a4a3d7deb3;;"{""analytics"":true,""marketing"":true,""necessary"":true,""preferences"":true}";2026-01-09 08:58:09.321849+00;2026-01-09 08:58:09.321849+00
f7b57658-2823-4cae-bf39-fd657cbc28a9;;a01444e6-001c-4087-9905-bf72bbb5af8b;;"{""analytics"":true,""marketing"":true,""necessary"":true,""preferences"":true}";2026-01-09 12:39:14.831564+00;2026-01-09 12:39:14.831564+00
d6ac271d-77c2-48b8-b6a7-5156bf8a2dff;;77a38f9e-4203-450f-9629-19f94e3960f5;;"{""analytics"":true,""marketing"":true,""necessary"":true,""preferences"":true}";2026-01-09 23:30:26.529198+00;2026-01-09 23:30:26.529198+00
c5c3e373-4193-4b1c-b6c9-dad5160f279b;;9e665fa6-a195-4f29-b34f-f38c395a5ba6;;"{""analytics"":true,""marketing"":true,""necessary"":true,""preferences"":true}";2026-01-10 09:40:43.371786+00;2026-01-10 09:40:43.371786+00
f6fbcac9-921f-416a-a2f8-503e65c7dba9;;8c19be55-bd3e-4df3-9d39-5db300ee5321;;"{""analytics"":true,""marketing"":true,""necessary"":true,""preferences"":true}";2026-01-10 16:11:31.363505+00;2026-01-10 16:11:31.363505+00
9a2afea3-1a3d-4c0b-a8f5-47aeca7a71f2;;9bdf0e46-f53a-4abd-9e17-968be128ff75;;"{""analytics"":true,""marketing"":true,""necessary"":true,""preferences"":true}";2026-01-10 16:42:17.172932+00;2026-01-10 16:42:17.172932+00
725752cf-a381-4342-ac11-763707e8db91;;834ed399-a812-49b5-b64b-6d54df45ab3f;;"{""analytics"":false,""marketing"":false,""necessary"":true,""preferences"":false}";2026-01-10 18:01:43.200069+00;2026-01-10 18:01:43.200069+00
7b969cfb-79a8-4b77-9d90-620cda11e6d9;;7fbde171-1bca-4dcb-bad3-00283c378937;;"{""analytics"":true,""marketing"":true,""necessary"":true,""preferences"":true}";2026-01-10 19:40:22.239821+00;2026-01-10 19:40:22.239821+00
995f0ef4-2e0f-4ff5-83d8-85dfff80720d;;3ab168c1-a072-4990-8e51-8a77f790048e;;"{""analytics"":true,""marketing"":true,""necessary"":true,""preferences"":true}";2026-01-10 22:07:29.030595+00;2026-01-10 22:07:29.030595+00
ecd28d48-4480-4f26-8e47-d0ad7d051d5b;;8660f839-8b06-4be4-9cdb-483c5caee787;;"{""analytics"":true,""marketing"":true,""necessary"":true,""preferences"":true}";2026-01-10 23:20:18.479683+00;2026-01-10 23:20:18.479683+00
c4af790d-530b-480a-9e47-69df5ab3e227;;497f5fd8-e0db-4f8e-b0c1-0e7b15cd0315;;"{""analytics"":true,""marketing"":true,""necessary"":true,""preferences"":true}";2026-01-11 03:50:52.99947+00;2026-01-11 03:50:52.99947+00
cbfcb44d-5703-45e8-bf22-de45638c7b29;;8cd04dd6-66aa-495f-8ee3-1d95b40ab359;;"{""analytics"":true,""marketing"":true,""necessary"":true,""preferences"":true}";2026-01-11 07:29:37.50553+00;2026-01-11 07:29:37.50553+00
b60413dc-5e58-486e-863d-cc63adac092d;;2513c90b-c8f4-4d02-8cba-ec9a6614ebd8;;"{""analytics"":false,""marketing"":false,""necessary"":true,""preferences"":false}";2026-01-11 19:32:02.061623+00;2026-01-11 19:32:02.061623+00
fd359719-48c1-42e3-858a-fa22461541bc;;972635f6-f4f4-412e-ab5d-7427a977e5ed;;"{""analytics"":true,""marketing"":true,""necessary"":true,""preferences"":true}";2026-01-12 03:03:50.602464+00;2026-01-12 03:03:50.602464+00
3ddabd71-204a-4644-a934-f6b7cb5ded9d;;92a5b34f-a3da-4ff4-81c3-7a5267d833ac;;"{""analytics"":false,""marketing"":false,""necessary"":true,""preferences"":false}";2026-01-12 08:29:34.655475+00;2026-01-12 08:29:34.655475+00
fbafc140-9473-4b9c-b9ee-4a25af34a0e8;;a61477df-3d75-445e-9394-5a8e3a5e1f4b;;"{""analytics"":false,""marketing"":false,""necessary"":true,""preferences"":false}";2026-01-12 10:49:22.452139+00;2026-01-12 10:49:22.452139+00
766d2c2d-d75a-4dec-af53-39a4a3c84cfd;;f8f4b697-3af4-4383-91bd-32dcc8096615;;"{""analytics"":true,""marketing"":true,""necessary"":true,""preferences"":true}";2026-01-12 21:43:22.926861+00;2026-01-12 21:43:22.926861+00
3e499bc8-9914-492f-b84a-86c9327de721;;950a76b6-5e7e-4fad-ab47-c5d540f13829;;"{""analytics"":true,""marketing"":true,""necessary"":true,""preferences"":true}";2026-01-12 23:22:01.951195+00;2026-01-12 23:22:01.951195+00
98f77f40-b427-457f-9362-f61219297d2b;;a832fc1a-cf3c-4a2f-815c-075e8ab993be;;"{""analytics"":true,""marketing"":true,""necessary"":true,""preferences"":true}";2026-01-12 23:22:08.846694+00;2026-01-12 23:22:08.846694+00
cf3d0e0d-ee37-4fc9-a2b1-8f334aaf1418;;ed48a63b-c8ab-48c4-a06f-9745cf4cbf2c;;"{""analytics"":true,""marketing"":true,""necessary"":true,""preferences"":true}";2026-01-12 23:22:10.581103+00;2026-01-12 23:22:10.581103+00
8a7c593e-7183-45d0-80f4-b51a500fe86f;;30c556c6-b027-4a57-b6ad-ba80d69e48c1;;"{""analytics"":false,""marketing"":false,""necessary"":true,""preferences"":false}";2026-01-13 05:29:41.746981+00;2026-01-13 05:29:41.746981+00
e3adfccf-6c29-4474-88d9-015082b187eb;;9dbfe245-61ad-42b1-8b89-54dc7ba93097;;"{""analytics"":true,""marketing"":true,""necessary"":true,""preferences"":true}";2026-01-13 08:46:49.530688+00;2026-01-13 08:46:49.530688+00
1b20a422-cbbb-4510-aeda-f5a7095ab68d;;3b177235-44e1-4a70-81ea-e934399894b7;;"{""analytics"":true,""marketing"":true,""necessary"":true,""preferences"":true}";2026-01-13 10:02:03.197075+00;2026-01-13 10:02:03.197075+00
34874c3c-b37e-4b34-8bf5-b181d86d359b;;c769a6d8-c01d-4afe-a8b1-8f8bb9f3cfd7;;"{""analytics"":true,""marketing"":true,""necessary"":true,""preferences"":true}";2026-01-13 11:13:19.641744+00;2026-01-13 11:13:19.641744+00
bcb05911-b8b5-4efe-b61b-16e7f6a07af6;;8b76006f-cb4f-4610-9a94-91e6c8933a73;;"{""analytics"":true,""marketing"":true,""necessary"":true,""preferences"":true}";2026-01-13 11:17:12.396855+00;2026-01-13 11:17:12.396855+00
1d5a2ed3-4b3f-4648-959c-d4ff90d5989e;;c016d46b-a02a-40bd-a999-9ad1134d85b8;;"{""analytics"":true,""marketing"":true,""necessary"":true,""preferences"":true}";2026-01-13 11:27:43.915875+00;2026-01-13 11:27:43.915875+00
8e84e11e-7780-4c13-90cb-f2ab28520b7a;;3ecf8a8f-31cf-4a0f-a742-e7767f1d0218;;"{""analytics"":true,""marketing"":true,""necessary"":true,""preferences"":true}";2026-01-13 11:29:04.09591+00;2026-01-13 11:29:04.09591+00
486f6737-b592-4146-93f1-5ffee56e4cad;;78b40225-11c9-44b5-905c-c11eefdf81d3;;"{""analytics"":true,""marketing"":true,""necessary"":true,""preferences"":true}";2026-01-13 12:17:52.829198+00;2026-01-13 12:17:52.829198+00
7b229f18-0c70-4019-9d32-49bb073d61c1;;b6776ac8-df87-487a-8b2b-eabf1f75fa7f;;"{""analytics"":true,""marketing"":true,""necessary"":true,""preferences"":true}";2026-01-13 12:55:02.018703+00;2026-01-13 12:55:02.018703+00
24b9942a-c8ce-438f-87e2-19f027d90e12;;b27947a9-59ec-46a4-bb38-915262eb3342;;"{""analytics"":true,""marketing"":true,""necessary"":true,""preferences"":true}";2026-01-13 13:41:14.289674+00;2026-01-13 13:41:14.289674+00
78d03ef0-75d6-4469-99a1-89f18c3d8fe1;;469dc31a-f1db-4986-88b3-750b00a903b8;;"{""analytics"":true,""marketing"":true,""necessary"":true,""preferences"":true}";2026-01-13 19:37:16.038077+00;2026-01-13 19:37:16.038077+00
e893a640-0ed3-4204-a6a3-61142a73a78b;;e518faeb-6199-4251-ac4e-080c3d0f16c8;;"{""analytics"":false,""marketing"":false,""necessary"":true,""preferences"":false}";2026-01-13 21:20:07.414163+00;2026-01-13 21:20:07.414163+00
56a5eed7-e33d-4f4d-906c-3a460d700016;;7849aa57-292e-442d-9582-61d9ea1b9814;;"{""analytics"":true,""marketing"":true,""necessary"":true,""preferences"":true}";2026-01-13 23:50:38.70072+00;2026-01-13 23:50:38.70072+00
2fcd74f8-46a6-412c-9ae9-785ebb35d43e;;9982de40-9627-463e-8ac0-f23fb26156ab;;"{""analytics"":true,""marketing"":true,""necessary"":true,""preferences"":true}";2026-01-14 13:04:59.566337+00;2026-01-14 13:04:59.566337+00
6abd9182-5a38-4148-81ef-a606b2856688;;bfe47fef-b005-4d77-a32f-30d769ea7454;;"{""analytics"":true,""marketing"":true,""necessary"":true,""preferences"":true}";2026-01-14 14:33:45.370428+00;2026-01-14 14:33:45.370428+00
a9f1b26f-4c99-478b-bb04-080253fbed2c;;9665baf1-5cf8-4135-a18f-2e33f59d7d75;;"{""analytics"":false,""marketing"":false,""necessary"":true,""preferences"":false}";2026-01-14 15:24:49.787059+00;2026-01-14 15:24:49.787059+00
76744e0b-da2f-40af-856c-91c82d5d5f30;;edc3cc27-8dbb-4e5f-99f3-3206f751173f;;"{""analytics"":true,""marketing"":true,""necessary"":true,""preferences"":true}";2026-01-14 16:45:43.783478+00;2026-01-14 16:45:43.783478+00
521af491-d95e-4039-a21e-9cfc1e71bfda;;9c729105-b2ef-4f6e-b3bd-7c11b7fed5c3;;"{""analytics"":true,""marketing"":true,""necessary"":true,""preferences"":true}";2026-01-14 17:22:43.090808+00;2026-01-14 17:22:43.090808+00
d7166f7d-d9d5-4b97-8db7-df6a800e6e8e;;869e2351-69f4-43a1-8a86-4c0b088ba474;;"{""analytics"":true,""marketing"":true,""necessary"":true,""preferences"":true}";2026-01-14 20:16:29.485191+00;2026-01-14 20:16:29.485191+00
8288f1ca-fa44-4ea0-9175-2d44f8e6e7b9;;e5464ca9-ed8e-4332-ab9a-3e139448f70c;;"{""analytics"":false,""marketing"":false,""necessary"":true,""preferences"":false}";2026-01-14 21:51:13.703657+00;2026-01-14 21:51:13.703657+00
7bbcd971-d4a0-4633-a38a-3e9708126577;;4ecf4767-56ad-4c57-b99f-e17c06a4009a;;"{""analytics"":true,""marketing"":true,""necessary"":true,""preferences"":true}";2026-01-14 22:56:57.620069+00;2026-01-14 22:56:57.620069+00
2c591284-5fe1-4cd1-a4fd-9ef0afa4b354;;4eaec385-0667-4818-bf25-c4b30196975a;;"{""analytics"":false,""marketing"":false,""necessary"":true,""preferences"":false}";2026-01-15 01:11:33.238986+00;2026-01-15 01:11:33.238986+00
85134696-4cd4-4d1a-a275-16312fee693f;;d0ded7c1-d852-4890-898b-2e80478ecb9e;;"{""analytics"":true,""marketing"":true,""necessary"":true,""preferences"":true}";2026-01-15 02:22:06.097342+00;2026-01-15 02:22:06.097342+00
7419de1f-4135-4cd3-8d11-8092096b6971;;84099648-865e-4538-abab-759c2c1bb832;;"{""analytics"":false,""marketing"":false,""necessary"":true,""preferences"":false}";2026-01-15 04:03:40.322401+00;2026-01-15 04:03:40.322401+00
a6618ee2-2f99-4010-b83d-04c46ff43c10;;0757067d-a5d3-43bc-866f-07fd9285bd26;;"{""analytics"":true,""marketing"":true,""necessary"":true,""preferences"":true}";2026-01-15 09:26:33.771165+00;2026-01-15 09:26:33.771165+00
7d54acdf-cfcc-4d8c-ba74-4367b1c5cce1;;5f92edc7-5ecf-4966-ab96-ae01eaacb2dd;;"{""analytics"":true,""marketing"":true,""necessary"":true,""preferences"":true}";2026-01-15 11:35:26.81139+00;2026-01-15 11:35:26.81139+00
5593eb86-e1cf-433d-8a09-1fa1780b2973;;65f7fbee-aa8c-4844-9fdd-da4c29aed52e;;"{""analytics"":true,""marketing"":true,""necessary"":true,""preferences"":true}";2026-01-15 11:45:44.543412+00;2026-01-15 11:45:44.543412+00
bfed79f6-eee9-4984-bfb3-43f0a0811a80;;5c3134cf-c678-4985-bdea-135b312278e1;;"{""analytics"":true,""marketing"":true,""necessary"":true,""preferences"":true}";2026-01-15 11:45:49.063816+00;2026-01-15 11:45:49.063816+00
b521db5d-feb8-4a4f-9f29-e10b7f026779;;c8740a08-aea2-448a-8a4d-9722e995d618;;"{""analytics"":true,""marketing"":true,""necessary"":true,""preferences"":true}";2026-01-15 11:45:49.740254+00;2026-01-15 11:45:49.740254+00
930196e0-a8d2-4a22-afe8-87ffd91dfa30;;8ade6130-b976-4317-9237-89252f9ffd5f;;"{""analytics"":true,""marketing"":true,""necessary"":true,""preferences"":true}";2026-01-15 11:58:36.496417+00;2026-01-15 11:58:36.496417+00
a33a1e5a-6fab-4169-8fd8-744e31882795;;9bdbf178-3982-470a-9c33-573d6a21c37a;;"{""analytics"":true,""marketing"":true,""necessary"":true,""preferences"":true}";2026-01-15 11:58:38.411248+00;2026-01-15 11:58:38.411248+00
6510ec90-2936-49c7-9515-c4b06c4b676d;;edd6a3e5-78d0-4513-b62c-819b6aa59eae;;"{""analytics"":true,""marketing"":true,""necessary"":true,""preferences"":true}";2026-01-15 11:58:41.612847+00;2026-01-15 11:58:41.612847+00
129dfa4b-9bd5-40ef-b695-830042d36dfe;;f7f84a9a-e987-48f7-bd42-342723454c5a;;"{""analytics"":true,""marketing"":true,""necessary"":true,""preferences"":true}";2026-01-15 12:45:38.516307+00;2026-01-15 12:45:38.516307+00
db675d2c-2525-422c-b8e8-5999bbc88781;;0c2e0354-7344-446b-b5b8-6e4efc8f24fc;;"{""analytics"":true,""marketing"":true,""necessary"":true,""preferences"":true}";2026-01-15 12:45:43.174362+00;2026-01-15 12:45:43.174362+00
8c6e887b-9732-4026-a59d-0d775c375556;;42ea0b6b-d3a1-4b35-b125-08ebf457e234;;"{""analytics"":true,""marketing"":true,""necessary"":true,""preferences"":true}";2026-01-15 12:45:46.94116+00;2026-01-15 12:45:46.94116+00
522919ec-bb19-461f-823c-f72b7c6b3d3f;;9d24c796-7ea2-4d7a-a1c0-22a674fdf8ab;;"{""analytics"":true,""marketing"":true,""necessary"":true,""preferences"":true}";2026-01-15 12:58:10.010963+00;2026-01-15 12:58:10.010963+00
0862e133-819e-46d0-b25d-28aed6faf8be;;2177b483-2ddf-4f4b-a62d-716702bd58af;;"{""analytics"":true,""marketing"":true,""necessary"":true,""preferences"":true}";2026-01-15 12:59:17.780542+00;2026-01-15 12:59:17.780542+00
3a45e3da-70fa-4e1b-b013-1d1a51ecb24f;;479c3e1c-d842-48bf-8a75-7481877a0a98;;"{""analytics"":true,""marketing"":true,""necessary"":true,""preferences"":true}";2026-01-15 13:31:46.250149+00;2026-01-15 13:31:46.250149+00
011b366e-ec15-4a17-a93a-b0787eac036e;;336efcce-622c-4be0-ad58-66b074758b38;;"{""analytics"":true,""marketing"":true,""necessary"":true,""preferences"":true}";2026-01-15 15:07:05.496095+00;2026-01-15 15:07:05.496095+00
74595ec3-4966-4de4-a07b-57d71e675edd;;1d9ad886-7024-494f-b7f7-ebf103aacf9c;;"{""analytics"":true,""marketing"":true,""necessary"":true,""preferences"":true}";2026-01-15 15:07:06.03153+00;2026-01-15 15:07:06.03153+00
37c84e71-ef69-4ac8-a54d-bbae9fafeed0;;f102a834-c8a9-4d86-bdca-2d32e5953b84;;"{""analytics"":true,""marketing"":true,""necessary"":true,""preferences"":true}";2026-01-15 15:08:34.415173+00;2026-01-15 15:08:34.415173+00
11894cd8-8ed3-469e-aec3-c6d2957f0301;;badbfcc4-75ac-457b-a60d-97dcab9935cb;;"{""analytics"":true,""marketing"":true,""necessary"":true,""preferences"":true}";2026-01-15 15:17:06.182704+00;2026-01-15 15:17:06.182704+00
87e089b2-7921-4c2d-8dd9-302f3a232400;;e1957ea0-b66c-4fd0-8116-370bcc7e2a28;;"{""analytics"":true,""marketing"":true,""necessary"":true,""preferences"":true}";2026-01-15 15:17:13.674806+00;2026-01-15 15:17:13.674806+00
18cfa371-c231-4ee9-9a2e-5f36cc9c00ab;;e1c17f3f-586d-42b1-98d7-76764d701aa8;;"{""analytics"":true,""marketing"":true,""necessary"":true,""preferences"":true}";2026-01-15 15:18:11.25674+00;2026-01-15 15:18:11.25674+00
5f292448-af7a-491a-8976-749734662862;;e1c17f3f-586d-42b1-98d7-76764d701aa8;;"{""analytics"":true,""marketing"":true,""necessary"":true,""preferences"":true}";2026-01-15 15:18:11.285424+00;2026-01-15 15:18:11.285424+00
023e1f0d-d53d-44f5-a815-eaa315d26ea1;;e1c17f3f-586d-42b1-98d7-76764d701aa8;;"{""analytics"":true,""marketing"":true,""necessary"":true,""preferences"":true}";2026-01-15 15:18:15.387288+00;2026-01-15 15:18:15.387288+00
de967861-2ec3-44c8-aa06-3a2a5e3e1288;;dd9775a7-72d2-4414-94f8-eea9baa32f7b;;"{""analytics"":true,""marketing"":true,""necessary"":true,""preferences"":true}";2026-01-15 19:09:06.046299+00;2026-01-15 19:09:06.046299+00
bd1657c7-9c3c-49ff-9342-297cd075bdef;;65fd926a-bbfc-4be3-9341-35efdbf213bd;;"{""analytics"":true,""marketing"":true,""necessary"":true,""preferences"":true}";2026-01-15 19:09:43.551411+00;2026-01-15 19:09:43.551411+00
8a28dfa6-c5d2-4f57-9e39-03d6c30d9a84;;711e5a10-0e27-43af-b2bd-6e2df76b4ffa;;"{""analytics"":true,""marketing"":true,""necessary"":true,""preferences"":true}";2026-01-15 19:09:44.246873+00;2026-01-15 19:09:44.246873+00
9ecb5ef6-c510-4337-b443-261633eaa57e;;810d0183-c854-4256-b640-14a8745f9bf8;;"{""analytics"":true,""marketing"":true,""necessary"":true,""preferences"":true}";2026-01-15 22:00:28.666163+00;2026-01-15 22:00:28.666163+00
01119713-2f46-4393-88f3-4582b3a85f81;;903cd6a0-b712-41f0-9d42-4ac643027516;;"{""analytics"":true,""marketing"":true,""necessary"":true,""preferences"":true}";2026-01-15 22:18:00.033888+00;2026-01-15 22:18:00.033888+00
763a6729-0199-4be1-a3a7-7da3d134907f;;f338ed2b-8afb-4d34-af04-120615cc636b;;"{""analytics"":false,""marketing"":false,""necessary"":true,""preferences"":false}";2026-01-16 18:49:08.66519+00;2026-01-16 18:49:08.66519+00
d05891c8-286e-4002-a98f-5b3bed821485;;5a9a0eed-a325-4771-94e3-2bdec715c75d;;"{""analytics"":true,""marketing"":true,""necessary"":true,""preferences"":true}";2026-01-16 19:31:00.486589+00;2026-01-16 19:31:00.486589+00
5235d828-1aee-43b7-a1f9-ab9bca74444d;fe4febaa-2969-4aae-92a4-1bf3c890d75d;24cbcd20-93c1-443c-8fa3-886ea53f2f58;;"{""analytics"":true,""marketing"":true,""necessary"":true,""preferences"":true}";2026-01-16 19:39:11.218287+00;2026-01-16 19:39:11.218287+00
33c6b536-ce5c-45b7-a3bb-b240a7b9cc85;620f66b2-5fcb-463a-95d9-32fd4f99d682;4055d58d-2253-4f87-8125-56cf08624ea9;;"{""analytics"":true,""marketing"":true,""necessary"":true,""preferences"":true}";2026-01-16 23:37:08.233669+00;2026-01-16 23:37:08.233669+00
ab3eda66-5467-4a15-a46d-c7314b31fb7d;;69d6cbb2-167b-416a-8729-f94d7590cc86;;"{""analytics"":true,""marketing"":true,""necessary"":true,""preferences"":true}";2026-01-17 00:07:55.448971+00;2026-01-17 00:07:55.448971+00
1ea52c80-c203-42c0-82ee-48fb9e22415a;;1ea546d8-a2c9-4045-9de0-b544dab42b9c;;"{""analytics"":true,""marketing"":true,""necessary"":true,""preferences"":true}";2026-01-17 00:29:58.705426+00;2026-01-17 00:29:58.705426+00
d8d3e6e1-52d4-4413-9c13-dae986660c63;;21b3e50c-2690-4909-9dc0-301652b131c7;;"{""analytics"":false,""marketing"":false,""necessary"":true,""preferences"":false}";2026-01-17 02:02:13.428774+00;2026-01-17 02:02:13.428774+00
30ad24ac-f461-4318-be2f-0b1e0d93990d;;6233ffdc-8bfc-4bf8-9a4e-4466573d8ac8;;"{""analytics"":true,""marketing"":true,""necessary"":true,""preferences"":true}";2026-01-17 05:36:23.975929+00;2026-01-17 05:36:23.975929+00
c7b9e917-6a15-4dff-acd2-cb509772afbc;;0cbe2928-18b2-4b6c-aaa0-5ad12266faa7;;"{""analytics"":true,""marketing"":true,""necessary"":true,""preferences"":true}";2026-01-17 08:52:38.581283+00;2026-01-17 08:52:38.581283+00
d5e8aba2-99d9-4b8b-a305-3fa45d730a85;;e61dd641-4f6f-486f-99df-eda6d1abe23f;;"{""analytics"":false,""marketing"":false,""necessary"":true,""preferences"":false}";2026-01-17 10:09:44.7013+00;2026-01-17 10:09:44.7013+00
4d7f683b-a13e-4728-8a2b-14b843956154;;95f424a9-12e4-4bca-945f-45b9c34ad45e;;"{""analytics"":true,""marketing"":true,""necessary"":true,""preferences"":true}";2026-01-17 10:53:39.827605+00;2026-01-17 10:53:39.827605+00
1f63742b-6cdd-44b0-8fef-fcecb0b63699;;eea51f7f-c28a-4506-849a-40818f92dbab;;"{""analytics"":true,""marketing"":true,""necessary"":true,""preferences"":true}";2026-01-17 17:07:43.30629+00;2026-01-17 17:07:43.30629+00
21991f68-3bf9-443a-b7a3-45822cbaeeac;;0f214491-1702-436d-bd45-d752d213ef98;;"{""analytics"":true,""marketing"":true,""necessary"":true,""preferences"":true}";2026-01-17 17:35:11.047676+00;2026-01-17 17:35:11.047676+00
5dea62b7-0b04-4bd5-b4bc-3a571487d215;;ff737cd7-6614-4314-87cc-ffd77ea53a9f;;"{""analytics"":false,""marketing"":false,""necessary"":true,""preferences"":false}";2026-01-17 19:06:14.634089+00;2026-01-17 19:06:14.634089+00
eff65767-6b49-48d7-aa12-26e5d06f1572;;e064eeaf-b7b9-4a5c-8500-e6cae0dbe0e6;;"{""analytics"":true,""marketing"":true,""necessary"":true,""preferences"":true}";2026-01-17 19:24:22.216133+00;2026-01-17 19:24:22.216133+00
4e9aabfa-bb11-4f9c-938e-cf3c3f0bc249;;c959006d-4e7d-4158-83f2-88249ec20929;;"{""analytics"":true,""marketing"":true,""necessary"":true,""preferences"":true}";2026-01-17 19:55:37.263025+00;2026-01-17 19:55:37.263025+00
f78cdbf6-8bdf-4783-85e7-e03d2c7518c3;;64098dea-4e1f-4325-b724-e7e19c60982d;;"{""analytics"":true,""marketing"":true,""necessary"":true,""preferences"":true}";2026-01-17 21:00:48.591566+00;2026-01-17 21:00:48.591566+00
5453f2e9-98a3-4559-b10c-8fb61ac01b14;;5bd580f9-b402-4885-ada5-c7f6eb08273f;;"{""analytics"":false,""marketing"":false,""necessary"":true,""preferences"":false}";2026-01-18 09:06:47.41956+00;2026-01-18 09:06:47.41956+00
e13cb4a8-ba97-453d-a153-7898269831de;;3786a4fd-e8a7-4613-8662-4d70b64f7959;;"{""analytics"":true,""marketing"":true,""necessary"":true,""preferences"":true}";2026-01-18 09:56:27.966202+00;2026-01-18 09:56:27.966202+00
0381a9a0-7166-4e03-809d-d4212e230a24;;e6f7704f-1ad2-432e-94d3-4c32e4f11b08;;"{""analytics"":true,""marketing"":true,""necessary"":true,""preferences"":true}";2026-01-18 11:00:17.261817+00;2026-01-18 11:00:17.261817+00
73568a22-f003-4094-81f6-811f5c51d69b;;4dcc1ecd-e71a-4c26-a104-6c9ed822bd04;;"{""analytics"":true,""marketing"":true,""necessary"":true,""preferences"":true}";2026-01-18 14:58:30.021426+00;2026-01-18 14:58:30.021426+00
26ec175d-f6e9-4f00-9b81-e27ca2f97dd6;;068121f9-fa91-4e63-84c0-eec60867cf0f;;"{""analytics"":true,""marketing"":true,""necessary"":true,""preferences"":true}";2026-01-18 16:16:02.381275+00;2026-01-18 16:16:02.381275+00
d2321f0a-30a3-4171-b9f0-df2030af8903;;2cac4cd4-2589-490f-8d74-b8c9a4eee310;;"{""analytics"":true,""marketing"":true,""necessary"":true,""preferences"":true}";2026-01-18 20:38:20.96869+00;2026-01-18 20:38:20.96869+00
3bbc0ce4-b09c-4f92-b768-949d61dbc040;;ad7c894c-08ab-49df-bfd7-f493696901ca;;"{""analytics"":true,""marketing"":true,""necessary"":true,""preferences"":true}";2026-01-18 20:54:58.890201+00;2026-01-18 20:54:58.890201+00
39eb0235-4400-4429-be16-602060cc4c7e;;05086fe9-145f-42be-839d-2279d6d9d0a2;;"{""analytics"":false,""marketing"":false,""necessary"":true,""preferences"":false}";2026-01-18 21:11:40.86022+00;2026-01-18 21:11:40.86022+00
ed45bd82-22de-40ca-870e-74d9a701d1a3;;6713305f-263b-40c1-ac4d-0d2ddbefe9c0;;"{""analytics"":true,""marketing"":true,""necessary"":true,""preferences"":true}";2026-01-19 00:55:28.923593+00;2026-01-19 00:55:28.923593+00
266792b0-3fe0-4d5e-b286-2bc4833e5a30;;37d9c2f3-3e1c-402d-b56f-186119262f12;;"{""analytics"":true,""marketing"":true,""necessary"":true,""preferences"":true}";2026-01-19 05:24:46.077636+00;2026-01-19 05:24:46.077636+00
afad771d-428a-466b-8288-f18a71aee934;;45de8b4d-02fa-40b2-aef6-c7f2cefc536a;;"{""analytics"":true,""marketing"":true,""necessary"":true,""preferences"":true}";2026-01-19 08:54:03.282983+00;2026-01-19 08:54:03.282983+00
3e21fcef-0f83-4df5-ad53-ef628f6fbe4f;;a708b20c-ff7c-4334-8f46-f37e787c74f3;;"{""analytics"":true,""marketing"":true,""necessary"":true,""preferences"":true}";2026-01-19 12:48:29.2087+00;2026-01-19 12:48:29.2087+00
94172a61-ac9e-4b3e-9101-65f1bd389ae1;d6e87390-44c6-4747-a0df-ab20c7d0ec06;0ff9a028-0de8-43a5-b078-8380816da1c0;;"{""analytics"":true,""marketing"":true,""necessary"":true,""preferences"":true}";2026-01-19 15:43:48.864521+00;2026-01-19 15:43:48.864521+00
bdd125be-f454-48d7-a1b1-4cfb78de36a2;;3b620f7a-20d7-40f0-a384-55c7ec9611be;;"{""analytics"":false,""marketing"":false,""necessary"":true,""preferences"":false}";2026-01-19 15:44:30.773615+00;2026-01-19 15:44:30.773615+00
3ceee704-0733-434c-92f1-fa11bba51166;;598d2787-eb36-4290-a728-9f5f99aa0520;;"{""analytics"":true,""marketing"":true,""necessary"":true,""preferences"":true}";2026-01-19 16:23:18.964414+00;2026-01-19 16:23:18.964414+00
6ddef795-606b-4ad6-bf54-a602da7ab5fe;;943f1497-0f2f-40dd-9d95-87a07bb966ed;;"{""analytics"":true,""marketing"":true,""necessary"":true,""preferences"":true}";2026-01-19 17:36:32.783701+00;2026-01-19 17:36:32.783701+00
38c6ada8-4cc0-4cec-aef7-50b31d43acd9;;f70257f1-8e74-4dff-8b30-4bdad9cd29fa;;"{""analytics"":true,""marketing"":true,""necessary"":true,""preferences"":true}";2026-01-19 21:13:35.323883+00;2026-01-19 21:13:35.323883+00
d1dca641-645c-4256-8e08-991ce3f7d560;;2e15f065-3a4d-49f0-b493-98da8b33b334;;"{""analytics"":true,""marketing"":true,""necessary"":true,""preferences"":true}";2026-01-19 22:27:04.278244+00;2026-01-19 22:27:04.278244+00
dec6e63c-6ef4-4acb-9097-78df9ad0ffb1;;6102a096-7227-4722-b10d-13942145837f;;"{""analytics"":true,""marketing"":true,""necessary"":true,""preferences"":true}";2026-01-19 23:41:32.926142+00;2026-01-19 23:41:32.926142+00
9b641bec-8240-4678-9461-97afe8bf8661;;a98e5c7d-2ebe-4b74-a976-9667f18cfefe;;"{""analytics"":true,""marketing"":true,""necessary"":true,""preferences"":true}";2026-01-20 11:37:35.579957+00;2026-01-20 11:37:35.579957+00
92747934-20b1-4754-bc77-06abca5d0af6;;a98e5c7d-2ebe-4b74-a976-9667f18cfefe;;"{""analytics"":true,""marketing"":true,""necessary"":true,""preferences"":true}";2026-01-20 11:41:32.276296+00;2026-01-20 11:41:32.276296+00
78c0e6f4-6a42-43c3-a43b-f4df0427935e;;ff84eae5-3e22-46f7-b07a-09b00b8a6392;;"{""analytics"":true,""marketing"":true,""necessary"":true,""preferences"":true}";2026-01-20 13:41:03.421085+00;2026-01-20 13:41:03.421085+00
c867a537-0796-47b8-a403-bf0c305cd29d;;84b715bd-03cd-4748-a091-5464082a5ef0;;"{""analytics"":true,""marketing"":true,""necessary"":true,""preferences"":true}";2026-01-20 15:32:54.116474+00;2026-01-20 15:32:54.116474+00
0d1af861-815b-4047-a12f-58a36e43ec1b;;c4471018-09ee-4300-859d-45a271b0c6b7;;"{""analytics"":true,""marketing"":true,""necessary"":true,""preferences"":true}";2026-01-20 20:26:17.053788+00;2026-01-20 20:26:17.053788+00
638e5561-a863-46e4-8ad9-42146e1122e9;;921c7827-af3b-4769-98a2-53197c4fa880;;"{""analytics"":true,""marketing"":true,""necessary"":true,""preferences"":true}";2026-01-20 20:50:09.107552+00;2026-01-20 20:50:09.107552+00
af0600c5-3c4c-4e3c-80e7-2af1041a8083;;7ff12bba-213a-46d5-a279-c2055a1a906e;;"{""analytics"":true,""marketing"":true,""necessary"":true,""preferences"":true}";2026-01-21 00:01:54.564736+00;2026-01-21 00:01:54.564736+00
737965d2-bfe7-43ef-82a7-c6c838aa09c2;;fd51981a-d49a-41b5-a31e-109990abd4e5;;"{""analytics"":true,""marketing"":true,""necessary"":true,""preferences"":true}";2026-01-21 00:21:38.212349+00;2026-01-21 00:21:38.212349+00
e7c18fda-7c23-47ef-9ee9-4933078d1cd9;;7996928f-4881-4ef4-901b-7b8a246dd0d3;;"{""analytics"":true,""marketing"":true,""necessary"":true,""preferences"":true}";2026-01-21 15:34:49.990732+00;2026-01-21 15:34:49.990732+00
1904c7f2-1366-4ee6-9ac9-71cecf98a1f4;;adbba36b-994a-4d94-88a1-220032687991;;"{""analytics"":true,""marketing"":true,""necessary"":true,""preferences"":true}";2026-01-21 15:49:08.70895+00;2026-01-21 15:49:08.70895+00
af3f1b7b-8c28-4323-b22b-dfcbd6fa8963;;270e73da-d996-4f35-a70c-40952ce9c55f;;"{""analytics"":true,""marketing"":true,""necessary"":true,""preferences"":true}";2026-01-21 19:53:43.291495+00;2026-01-21 19:53:43.291495+00
24902c30-b7b2-44a3-985e-065514fd51bb;;ccc87ebf-d4ff-402a-bb7e-fd0ba5fcad89;;"{""analytics"":true,""marketing"":true,""necessary"":true,""preferences"":true}";2026-01-21 19:55:00.637282+00;2026-01-21 19:55:00.637282+00
5574fa4c-c77f-42ca-b5cd-8b7b20646d82;;44ed4eec-8262-468c-a50f-15fef785a8cb;;"{""analytics"":true,""marketing"":true,""necessary"":true,""preferences"":true}";2026-01-21 22:46:34.703816+00;2026-01-21 22:46:34.703816+00
37d8a2ae-efbe-4914-af03-8fa2622e2487;;81b9bd23-f87a-4f80-8fb9-885d52f13a64;;"{""analytics"":false,""marketing"":false,""necessary"":true,""preferences"":false}";2026-01-21 23:39:34.126285+00;2026-01-21 23:39:34.126285+00
f6cd3f02-666c-47ec-a512-844ffb9b72c0;;5d977120-3ba9-41ed-9f99-fe9f4a23863e;;"{""analytics"":true,""marketing"":true,""necessary"":true,""preferences"":true}";2026-01-22 00:10:48.261204+00;2026-01-22 00:10:48.261204+00
47faee44-7276-415f-8042-7f2648f70f59;;a217fd8b-72c8-49f3-a1d4-269f4e1a318f;;"{""analytics"":true,""marketing"":true,""necessary"":true,""preferences"":true}";2026-01-22 10:32:07.840657+00;2026-01-22 10:32:07.840657+00
246c9f16-bef6-4a31-bda7-6887e715046a;;3bcb54a6-55cd-4c6d-bdc0-b64242e8f44d;;"{""analytics"":true,""marketing"":true,""necessary"":true,""preferences"":true}";2026-01-22 10:47:27.611993+00;2026-01-22 10:47:27.611993+00
cff98abb-c788-4ef7-bba5-1e01aa95974f;;4700af6d-b25b-4c35-bf9f-d9dbd97bcf26;;"{""analytics"":true,""marketing"":true,""necessary"":true,""preferences"":true}";2026-01-22 11:05:20.467959+00;2026-01-22 11:05:20.467959+00
f478b2d3-6b85-40da-bd52-36685dd57589;;a3def099-5d67-4187-8ce3-441cb32e1e89;;"{""analytics"":true,""marketing"":true,""necessary"":true,""preferences"":true}";2026-01-22 11:38:37.162842+00;2026-01-22 11:38:37.162842+00
4e7e3aca-9017-431c-8aff-b34b36ce0838;;84f70039-1acf-433f-8cea-b8155d9445f9;;"{""analytics"":true,""marketing"":true,""necessary"":true,""preferences"":true}";2026-01-22 11:49:40.154548+00;2026-01-22 11:49:40.154548+00
663c72a6-9332-4d74-833d-a94bd649a210;;0e9bddf4-1e01-4d8b-8328-1e88b400e719;;"{""analytics"":true,""marketing"":true,""necessary"":true,""preferences"":true}";2026-01-22 11:59:27.344881+00;2026-01-22 11:59:27.344881+00
31abd16e-bc13-4c52-8355-086551570a23;;7ce6258c-296c-40d7-b1b1-6399440d7853;;"{""analytics"":true,""marketing"":true,""necessary"":true,""preferences"":true}";2026-01-22 12:01:39.414076+00;2026-01-22 12:01:39.414076+00
13206893-7dee-409d-b61d-de8cf65bc550;;424ac4e2-a1f9-469e-9888-52a203b368b9;;"{""analytics"":true,""marketing"":true,""necessary"":true,""preferences"":true}";2026-01-22 12:04:32.534624+00;2026-01-22 12:04:32.534624+00
ed25da5c-7c29-48d8-b9bc-20d6754281c6;;04161ac5-3d72-460f-8824-a590248355df;;"{""analytics"":true,""marketing"":true,""necessary"":true,""preferences"":true}";2026-01-22 12:18:27.829513+00;2026-01-22 12:18:27.829513+00
c85e01f6-e9dd-4f65-b6f1-db0a72b47418;;38f0e37b-22f8-4894-87ee-beebe1521112;;"{""analytics"":true,""marketing"":true,""necessary"":true,""preferences"":true}";2026-01-22 12:20:13.149581+00;2026-01-22 12:20:13.149581+00
6697c3f8-c2ea-4b89-8c91-b8560f4d3e07;;ccf77f33-39f7-4cf5-a7ad-76e5e2fcc3f6;;"{""analytics"":true,""marketing"":true,""necessary"":true,""preferences"":true}";2026-01-22 12:21:54.502388+00;2026-01-22 12:21:54.502388+00
df6a7c6d-2b88-43da-9424-ac2579003e65;;adde93e4-0aa8-4d8c-9f8e-f812403484cf;;"{""analytics"":true,""marketing"":true,""necessary"":true,""preferences"":true}";2026-01-22 12:23:33.136655+00;2026-01-22 12:23:33.136655+00
8862960c-c61e-4315-a6af-c5c29fd71194;;fc9659f7-ac84-4361-a450-f4163a61c814;;"{""analytics"":true,""marketing"":true,""necessary"":true,""preferences"":true}";2026-01-22 12:30:36.19081+00;2026-01-22 12:30:36.19081+00
9f773d06-0953-4b15-b27b-08653f20a094;;9967fff9-c2eb-4d28-8b2b-e0ecd67e29cc;;"{""analytics"":true,""marketing"":true,""necessary"":true,""preferences"":true}";2026-01-22 12:30:48.264389+00;2026-01-22 12:30:48.264389+00
1c3b63c0-84d9-4747-9f34-701e750ece58;;8f9f5dd0-ff01-4653-b9ae-adfaa2213429;;"{""analytics"":true,""marketing"":true,""necessary"":true,""preferences"":true}";2026-01-22 12:31:17.642905+00;2026-01-22 12:31:17.642905+00
b080c571-33b0-41aa-a151-6fb0ed2cc121;;58b0fdd4-709f-4fc3-87a7-1fcdcdf5d5e6;;"{""analytics"":true,""marketing"":true,""necessary"":true,""preferences"":true}";2026-01-22 12:33:23.822191+00;2026-01-22 12:33:23.822191+00
ea85ab47-5ab7-407a-8a1a-f8ce19c3558c;;618bdebd-38f0-47f8-a560-17e2153621a8;;"{""analytics"":true,""marketing"":true,""necessary"":true,""preferences"":true}";2026-01-22 12:34:50.144903+00;2026-01-22 12:34:50.144903+00
7363da4f-c40b-4a8b-8429-a657ff41fd43;27178dce-89d9-45eb-8964-298381e92717;6312287c-5215-41a6-9a81-695d90e75fac;;"{""analytics"":true,""marketing"":true,""necessary"":true,""preferences"":true}";2026-01-22 12:53:26.849823+00;2026-01-22 12:53:26.849823+00
004aedcc-4d6f-462b-9287-3bfc614d2ab9;;fefc48d1-e126-4452-88b9-b441202adae7;;"{""analytics"":false,""marketing"":false,""necessary"":true,""preferences"":false}";2026-01-22 17:13:14.547496+00;2026-01-22 17:13:14.547496+00
0ca4130a-e93d-4331-94b6-a7aab0e8ac4f;;05c69d0b-b78e-43e2-a396-adf013a74715;;"{""analytics"":true,""marketing"":true,""necessary"":true,""preferences"":true}";2026-01-22 21:19:42.827914+00;2026-01-22 21:19:42.827914+00
36cb53f4-36a2-49b6-bdb8-615b72417bd1;;da22e350-2bd3-4e25-b271-91721aa572f8;;"{""analytics"":true,""marketing"":true,""necessary"":true,""preferences"":true}";2026-01-22 23:56:58.35248+00;2026-01-22 23:56:58.35248+00
04abdbb5-67cf-4f81-aaa3-211e4567cc7c;;af0952cb-be79-4c4c-9e27-ec289f70f002;;"{""analytics"":true,""marketing"":true,""necessary"":true,""preferences"":true}";2026-01-23 06:34:11.365348+00;2026-01-23 06:34:11.365348+00
1ddd8a9e-77a8-4153-a329-aa0da6626c9f;;51aca666-547a-4d44-a620-182ff8cbfeb2;;"{""analytics"":true,""marketing"":true,""necessary"":true,""preferences"":true}";2026-01-23 07:52:31.205745+00;2026-01-23 07:52:31.205745+00
3f5468fe-270d-4daf-a474-ea12fd241d9b;;241efe2a-733a-4beb-8725-7d5941105c44;;"{""analytics"":false,""marketing"":false,""necessary"":true,""preferences"":false}";2026-01-23 16:18:03.184687+00;2026-01-23 16:18:03.184687+00
014c3a06-7ce1-44de-83c4-85f7f3ad9e54;;308424b2-8e10-4a4a-ba97-005bfc254918;;"{""analytics"":true,""marketing"":true,""necessary"":true,""preferences"":true}";2026-01-23 17:13:22.287917+00;2026-01-23 17:13:22.287917+00
475a473e-1747-4d5b-b5ba-51afc0738f9a;;63952753-0b63-4e55-be98-98bef8ed8651;;"{""analytics"":true,""marketing"":true,""necessary"":true,""preferences"":true}";2026-01-23 20:54:21.583378+00;2026-01-23 20:54:21.583378+00
93d63d3b-4103-4954-9758-160d5aeb8285;;bb73684c-c688-4b67-9df3-ece716678ba3;;"{""analytics"":true,""marketing"":true,""necessary"":true,""preferences"":true}";2026-01-23 21:06:48.651939+00;2026-01-23 21:06:48.651939+00
8b061fff-3d1b-4294-9a70-59045c0ee59b;;5d9f3aef-3545-486a-8cb5-946253a8f1db;;"{""analytics"":true,""marketing"":true,""necessary"":true,""preferences"":true}";2026-01-23 22:13:17.773397+00;2026-01-23 22:13:17.773397+00
cf1b752b-65f4-4a5f-bd30-3d47c0efe8c8;;09163366-0613-4ba6-92ff-d522b4f32ae1;;"{""analytics"":false,""marketing"":false,""necessary"":true,""preferences"":false}";2026-01-24 02:47:47.140335+00;2026-01-24 02:47:47.140335+00
0ff640c2-2aeb-4d38-b292-391a866b2c95;;c99d61f8-021c-4479-984f-f072cf75d8e9;;"{""analytics"":true,""marketing"":true,""necessary"":true,""preferences"":true}";2026-01-24 10:47:30.527397+00;2026-01-24 10:47:30.527397+00
d22f4d69-6f9e-4ba8-bacc-3f255447d5b9;;1607899c-ab71-4b4f-9a85-28a3ac106b33;;"{""analytics"":true,""marketing"":true,""necessary"":true,""preferences"":true}";2026-01-24 15:00:24.253202+00;2026-01-24 15:00:24.253202+00
959f473e-c508-463e-bfe3-53c6d8bb9c18;;8e8c3df2-176d-4e28-9ade-fe87f0f544a8;;"{""analytics"":true,""marketing"":true,""necessary"":true,""preferences"":true}";2026-01-24 20:43:30.572502+00;2026-01-24 20:43:30.572502+00
5b6cbc20-5cc4-4ce6-b254-ac30a1c9457a;;f00acd13-0f5e-40d9-9e8f-c48dfdd4897b;;"{""analytics"":true,""marketing"":true,""necessary"":true,""preferences"":true}";2026-01-24 20:52:11.035755+00;2026-01-24 20:52:11.035755+00
0bf9d827-ce40-41d8-a350-99ba5c457a94;;8dc750fd-d090-48d2-bb24-89ad827496fb;;"{""analytics"":true,""marketing"":true,""necessary"":true,""preferences"":true}";2026-01-25 07:13:52.89878+00;2026-01-25 07:13:52.89878+00
9206f0e8-255c-4fd7-9c34-8dcf6fb9e089;b6d71e3a-51bd-4344-a738-cfbf4bb9e2e8;4f8d4cf0-63a4-4757-b9ca-26ae688331ed;;"{""analytics"":false,""marketing"":false,""necessary"":true,""preferences"":false}";2026-01-25 14:22:20.067976+00;2026-01-25 14:22:20.067976+00
9d0625dc-07e6-49da-b4d1-2a937c28a51d;;7ab064fe-f136-41e6-8966-7e10d29f361a;;"{""analytics"":true,""marketing"":true,""necessary"":true,""preferences"":true}";2026-01-25 15:23:53.855938+00;2026-01-25 15:23:53.855938+00
05c785f0-badc-4da5-bf35-2c67f6530e97;;3567950e-4e12-4f7c-9492-2846e44d45c0;;"{""analytics"":true,""marketing"":true,""necessary"":true,""preferences"":true}";2026-01-25 16:55:48.039879+00;2026-01-25 16:55:48.039879+00
0b63e0f3-2b97-49d2-ab87-5072f1a9c53c;;74bea360-2131-4005-b951-581188e9870f;;"{""analytics"":true,""marketing"":true,""necessary"":true,""preferences"":true}";2026-01-25 17:38:42.759021+00;2026-01-25 17:38:42.759021+00
8af7c9ed-04b6-47bd-b32d-70011adce584;;7fcbbfe8-771e-4d9b-bb74-e837acd1cb5c;;"{""analytics"":true,""marketing"":true,""necessary"":true,""preferences"":true}";2026-01-25 18:25:39.458629+00;2026-01-25 18:25:39.458629+00
78c67006-eed1-4333-b9a4-e9ed0a9aa41d;;409e38b7-de9f-4208-b9a2-6784b6eaf56b;;"{""analytics"":true,""marketing"":true,""necessary"":true,""preferences"":true}";2026-01-25 22:18:39.23142+00;2026-01-25 22:18:39.23142+00
3c0ba890-55ca-49fe-ae90-3d997fe806dd;b93827d0-5416-42d5-b1ac-d7c0e2e4887c;a3e6b7ad-0bd5-4bd7-abe8-48378ad907bd;;"{""analytics"":true,""marketing"":true,""necessary"":true,""preferences"":true}";2026-01-25 22:32:56.714615+00;2026-01-25 22:32:56.714615+00
d8e14f15-c149-4c69-ac53-6aebd4019ca3;;b5dd23c2-74c5-48fd-8f2e-8ed298a0adc9;;"{""analytics"":true,""marketing"":true,""necessary"":true,""preferences"":true}";2026-01-25 22:48:13.204409+00;2026-01-25 22:48:13.204409+00
f57aaedc-0bb3-4293-99f3-ce6fd4b730e0;;228b9e99-b550-47a3-8b8c-591293530779;;"{""analytics"":true,""marketing"":true,""necessary"":true,""preferences"":true}";2026-01-25 22:57:17.910524+00;2026-01-25 22:57:17.910524+00
8a9438ac-50e8-45a6-aba5-42e275ab129d;;bb3d1fa8-06ed-463b-a204-631bb0b8fd4a;;"{""analytics"":true,""marketing"":true,""necessary"":true,""preferences"":true}";2026-01-25 23:02:59.314682+00;2026-01-25 23:02:59.314682+00
fe6e7a5b-1a09-4d17-b79e-0daa49b64bc3;;0ff6ecdb-7918-47dc-bd5a-e954f337cc51;;"{""analytics"":false,""marketing"":false,""necessary"":true,""preferences"":false}";2026-01-25 23:18:33.0538+00;2026-01-25 23:18:33.0538+00
284a1fcc-6f7a-46b8-bb06-90e325eb5d71;;9ffa1243-a089-4c9e-96b3-a625b1bb28f3;;"{""analytics"":true,""marketing"":true,""necessary"":true,""preferences"":true}";2026-01-26 00:01:07.338387+00;2026-01-26 00:01:07.338387+00
85c6b864-a928-432a-a3b8-98bc577632b9;;0a493019-4f29-4baf-9fb5-339b147f2086;;"{""analytics"":false,""marketing"":false,""necessary"":true,""preferences"":false}";2026-01-26 11:36:37.983726+00;2026-01-26 11:36:37.983726+00
2f7bd036-ffd0-478a-9ba8-9a6bfa80ce24;;b51d8f90-10ae-4804-adaf-1ede77df610b;;"{""analytics"":true,""marketing"":true,""necessary"":true,""preferences"":true}";2026-01-26 17:56:05.012586+00;2026-01-26 17:56:05.012586+00
63968e9c-d35d-403a-828b-9c66e4ad98e3;;75172c7e-b260-49d8-88b4-e09a0fa8fb74;;"{""analytics"":true,""marketing"":true,""necessary"":true,""preferences"":true}";2026-01-26 20:45:29.214043+00;2026-01-26 20:45:29.214043+00
2622b7c6-9fea-42f3-877d-e465061235b1;;e731d552-8b6a-4eb3-baef-06e047a0a79e;;"{""analytics"":true,""marketing"":true,""necessary"":true,""preferences"":true}";2026-01-26 21:16:20.266545+00;2026-01-26 21:16:20.266545+00
20074134-902f-492f-ae1d-5731614de6b6;;122cc8a8-233c-433f-8b23-e399aa341518;;"{""analytics"":false,""marketing"":false,""necessary"":true,""preferences"":false}";2026-01-27 09:15:20.719553+00;2026-01-27 09:15:20.719553+00
69b805ff-55c2-48f7-9675-1c963c8e5620;;9d170cfc-2d61-4246-8156-640106f8f4db;;"{""analytics"":true,""marketing"":true,""necessary"":true,""preferences"":true}";2026-01-27 11:57:00.639081+00;2026-01-27 11:57:00.639081+00
fd1ba83e-f0b8-4d89-a13a-2ad82bb66675;;360094a9-4c4d-4abe-9629-b6347e9cbcaf;;"{""analytics"":false,""marketing"":false,""necessary"":true,""preferences"":false}";2026-01-27 18:35:07.367508+00;2026-01-27 18:35:07.367508+00
edd76524-d006-4c76-b88c-e65d5df40a4e;;9f07a7f9-0432-4a89-b754-31a601045814;;"{""analytics"":false,""marketing"":false,""necessary"":true,""preferences"":false}";2026-01-27 21:03:35.532133+00;2026-01-27 21:03:35.532133+00
624bd0b7-c45d-4bbd-8eff-2ea255945723;;99d5326e-23b7-482c-b237-6a38e8564907;;"{""analytics"":false,""marketing"":false,""necessary"":true,""preferences"":false}";2026-01-28 00:20:12.317894+00;2026-01-28 00:20:12.317894+00
7b75c2c4-d2f7-4fad-bece-4703415e5ffc;;cd2d70dc-bac8-4979-8f98-367dfe330282;;"{""analytics"":true,""marketing"":true,""necessary"":true,""preferences"":true}";2026-01-28 03:15:58.842251+00;2026-01-28 03:15:58.842251+00
00d5fb26-e629-449e-9f75-6532012afaea;;add17901-c9b9-4be3-b895-1d7512456314;;"{""analytics"":false,""marketing"":false,""necessary"":true,""preferences"":false}";2026-01-28 03:29:21.121259+00;2026-01-28 03:29:21.121259+00
ab00b99d-5007-4de3-be46-33a3f413775f;;c9516b5f-8813-446d-883f-0b1d35bd7c4e;;"{""analytics"":true,""marketing"":true,""necessary"":true,""preferences"":true}";2026-01-28 09:39:04.34609+00;2026-01-28 09:39:04.34609+00
92b2a356-d24f-48a6-ab78-33bb5408946b;;7a61b6b5-05eb-49b9-a12b-feb3a03f20a2;;"{""analytics"":false,""marketing"":false,""necessary"":true,""preferences"":false}";2026-01-28 11:01:15.574297+00;2026-01-28 11:01:15.574297+00
4e720e6e-dcef-4bf8-b0a6-9fe7d200634b;;e9ba1cf4-2bda-4f13-b4ff-e6e59d37d8f2;;"{""analytics"":true,""marketing"":true,""necessary"":true,""preferences"":true}";2026-01-28 11:38:52.464583+00;2026-01-28 11:38:52.464583+00
5b3eb42b-08b2-4755-b209-f19424a155ea;;94836d50-efb0-4958-bc9e-cb026c80257f;;"{""analytics"":true,""marketing"":true,""necessary"":true,""preferences"":true}";2026-01-28 14:32:27.294564+00;2026-01-28 14:32:27.294564+00
be7e2f02-e842-43db-9ec8-cb4256d76f59;;d6533888-fc8e-4679-981d-0de476db8a83;;"{""analytics"":true,""marketing"":true,""necessary"":true,""preferences"":true}";2026-01-28 16:14:25.212165+00;2026-01-28 16:14:25.212165+00
3c3389d0-4e38-4a6b-a1a1-1f829c1a2ee2;;001b5690-7591-4188-80c4-2db5240aa9fe;;"{""analytics"":true,""marketing"":true,""necessary"":true,""preferences"":true}";2026-01-28 16:18:24.543724+00;2026-01-28 16:18:24.543724+00
72ea874b-9867-4339-abfb-ab48cbbb419f;;28b9850d-7b1a-49b1-b91c-b140dd726ba6;;"{""analytics"":true,""marketing"":true,""necessary"":true,""preferences"":true}";2026-01-28 17:51:14.578266+00;2026-01-28 17:51:14.578266+00
14c151ac-9399-481f-b506-050caa692f27;;1f5a8320-42cb-43d4-ac9d-cf45ade31c8c;;"{""analytics"":true,""marketing"":true,""necessary"":true,""preferences"":true}";2026-01-28 20:45:34.366154+00;2026-01-28 20:45:34.366154+00
d76c3af0-f8e3-40a1-a33a-9c6d425d3cde;;98a62f3a-f99e-40d0-b1fe-8cebe766d9a0;;"{""analytics"":false,""marketing"":false,""necessary"":true,""preferences"":false}";2026-01-28 21:05:39.978035+00;2026-01-28 21:05:39.978035+00
129be0d7-7386-4a46-8c13-b523a4fda97f;;feced5fa-342b-4602-840d-b930a19b2585;;"{""analytics"":false,""marketing"":false,""necessary"":true,""preferences"":false}";2026-01-28 22:18:20.654198+00;2026-01-28 22:18:20.654198+00
1dc5d56b-239c-4682-9f0f-7d41424db7c9;;d114d58d-b520-4843-8548-4f8fe244ef2c;;"{""analytics"":false,""marketing"":false,""necessary"":true,""preferences"":false}";2026-01-29 01:51:47.473942+00;2026-01-29 01:51:47.473942+00
175c6ff5-d172-4709-9b55-f1948e4b35b5;;9bc7c223-50a5-433a-b41b-5b571e3280be;;"{""analytics"":true,""marketing"":true,""necessary"":true,""preferences"":true}";2026-01-29 09:11:06.66038+00;2026-01-29 09:11:06.66038+00
5e1bb3e4-3966-4deb-afcf-62a29c37f64e;;dd15184f-2df5-45e2-8723-403a519a2aab;;"{""analytics"":false,""marketing"":false,""necessary"":true,""preferences"":false}";2026-01-29 16:07:37.462745+00;2026-01-29 16:07:37.462745+00
cbaf4fa7-b8c9-4768-b1c4-f816f973a801;;177d6934-cc6b-4896-8690-668f495fc8d7;;"{""analytics"":true,""marketing"":true,""necessary"":true,""preferences"":true}";2026-01-29 16:38:30.254083+00;2026-01-29 16:38:30.254083+00
6e6b6011-980c-4424-9f26-956c33a76390;;4498df92-ec4d-461b-9d14-b9f9ad462d67;;"{""analytics"":true,""marketing"":true,""necessary"":true,""preferences"":true}";2026-01-29 21:59:45.430492+00;2026-01-29 21:59:45.430492+00
f776c903-66c7-4d3e-8205-460a4d5713c3;;5d803928-0340-491c-8730-89725dc9ad3b;;"{""analytics"":false,""marketing"":false,""necessary"":true,""preferences"":false}";2026-01-29 22:22:10.105206+00;2026-01-29 22:22:10.105206+00
22b89eaf-3354-42b5-9758-df1695b05bbc;;637b1231-f0da-4509-838b-d3926c8a6c6f;;"{""analytics"":true,""marketing"":true,""necessary"":true,""preferences"":true}";2026-01-30 07:00:34.527676+00;2026-01-30 07:00:34.527676+00
5bbdc101-3342-4469-bb08-4130f43aff1a;;8fe7d9cc-8dbc-4bd3-978a-c841eb33b195;;"{""analytics"":true,""marketing"":true,""necessary"":true,""preferences"":true}";2026-01-30 07:05:37.905019+00;2026-01-30 07:05:37.905019+00
bbd489d0-4c73-49e7-b2e1-ffed3a0f8d42;;b3bf9397-3313-41f9-b47d-11a5df43cbe4;;"{""analytics"":true,""marketing"":true,""necessary"":true,""preferences"":true}";2026-01-30 11:27:32.536694+00;2026-01-30 11:27:32.536694+00
a4dd8ffd-5535-4346-922f-900223d3f3ca;;1156f31b-0330-480e-a970-f8b1c514d936;;"{""analytics"":false,""marketing"":false,""necessary"":true,""preferences"":false}";2026-01-30 12:07:14.510915+00;2026-01-30 12:07:14.510915+00
0901b6f3-35be-49cc-86ff-553b5f5ef350;;75a69ae8-414c-418a-8032-36bcb68531d0;;"{""analytics"":false,""marketing"":false,""necessary"":true,""preferences"":false}";2026-01-30 18:35:31.153698+00;2026-01-30 18:35:31.153698+00
19bd2e06-a419-4e58-97c3-690b68f0c3e9;;057dd49a-a16d-4878-8f48-efe8127344fa;;"{""analytics"":true,""marketing"":true,""necessary"":true,""preferences"":true}";2026-01-30 19:30:22.187342+00;2026-01-30 19:30:22.187342+00
a44fe5ee-e47d-498a-a2f6-69bcab0b2f2e;;28ff165f-98ff-49e3-9d4c-2fa7cd83b01b;;"{""analytics"":true,""marketing"":true,""necessary"":true,""preferences"":true}";2026-01-30 23:06:42.139212+00;2026-01-30 23:06:42.139212+00
74a38ac2-d7d3-4888-bee0-d6a9cd67bd1a;;f6b585ba-3dcd-4c0c-8ca1-7eae6254fefc;;"{""analytics"":true,""marketing"":true,""necessary"":true,""preferences"":true}";2026-01-31 12:40:31.933464+00;2026-01-31 12:40:31.933464+00
8d95cb99-dade-4505-a1a5-de2585ab4624;;21f94f41-b64a-4343-88ff-65b6a7f2a336;;"{""analytics"":true,""marketing"":true,""necessary"":true,""preferences"":true}";2026-01-31 16:53:52.798597+00;2026-01-31 16:53:52.798597+00
567afbea-6d5b-4ee4-8165-57a73dce6843;;21376273-ed31-4aef-b77a-fe9c3ddfdbbb;;"{""analytics"":true,""marketing"":true,""necessary"":true,""preferences"":true}";2026-01-31 20:20:00.317572+00;2026-01-31 20:20:00.317572+00
6edb6dca-ac7b-4e06-978b-62e9244115f6;;d0b34640-a062-43d3-b8e4-08e37b283a01;;"{""analytics"":true,""marketing"":true,""necessary"":true,""preferences"":true}";2026-01-31 20:20:03.813122+00;2026-01-31 20:20:03.813122+00
3508ca1d-24d9-400e-8f43-7b919e3ac682;;824635f8-c853-40f2-a6f0-7eda37b8f462;;"{""analytics"":false,""marketing"":false,""necessary"":true,""preferences"":false}";2026-01-31 20:20:42.42066+00;2026-01-31 20:20:42.42066+00
8fa60fd7-916d-4932-85f2-29f2f35b6f08;;876156c0-1e92-419a-ae04-e74c1d8b9443;;"{""analytics"":true,""marketing"":true,""necessary"":true,""preferences"":true}";2026-01-31 20:26:59.362786+00;2026-01-31 20:26:59.362786+00
e4e52695-0462-446d-92ce-b205c7ef98f9;;aeb242f2-5a42-4c0b-956f-678640cc83e0;;"{""analytics"":true,""marketing"":true,""necessary"":true,""preferences"":true}";2026-01-31 21:31:56.609008+00;2026-01-31 21:31:56.609008+00
8a566eac-53ac-43b5-8f93-d2cb4f4742fe;;5065265e-4424-4e6d-ab1c-14cd31f496b9;;"{""analytics"":true,""marketing"":true,""necessary"":true,""preferences"":true}";2026-01-31 22:13:11.536156+00;2026-01-31 22:13:11.536156+00
8f796d5f-2098-4dd6-9939-3d3d64800ec5;;98e2a5ec-d316-4446-b9f0-2ae6603bc03f;;"{""analytics"":false,""marketing"":false,""necessary"":true,""preferences"":false}";2026-01-31 23:29:35.650944+00;2026-01-31 23:29:35.650944+00
2557d47f-6517-4fde-92a0-3e7a7f04c5c4;;75f700c2-6412-4272-a228-9f5e617b621e;;"{""analytics"":false,""marketing"":false,""necessary"":true,""preferences"":false}";2026-02-01 05:22:22.796414+00;2026-02-01 05:22:22.796414+00
de68355f-2274-4f6d-926d-70a92d83258f;;c8627ee0-832c-400b-ad70-c73ad953fc8c;;"{""analytics"":true,""marketing"":true,""necessary"":true,""preferences"":true}";2026-02-01 09:16:58.126312+00;2026-02-01 09:16:58.126312+00
0a1b7217-a55c-4711-8f9b-37c02e843453;;e31e0897-1c50-4a3d-b69f-89c57d1f8571;;"{""analytics"":true,""marketing"":true,""necessary"":true,""preferences"":true}";2026-02-01 10:20:03.724771+00;2026-02-01 10:20:03.724771+00
a4c3cd46-eeb9-4e51-be4c-aefa52640340;;b358dbe8-29f9-4105-a6bd-68563a3a4023;;"{""analytics"":true,""marketing"":true,""necessary"":true,""preferences"":true}";2026-02-01 19:55:17.539608+00;2026-02-01 19:55:17.539608+00
cedb24d4-17cc-4592-9f88-fa967cb08316;;bd8ed497-6812-4733-bd3e-7a8dcb530323;;"{""analytics"":true,""marketing"":true,""necessary"":true,""preferences"":true}";2026-02-01 22:40:04.517133+00;2026-02-01 22:40:04.517133+00
07aa7ff4-6aa8-42b8-83f9-f3b0472a42ea;;ed0202c7-dcf8-40bc-a50c-a1fbc1ab067f;;"{""analytics"":true,""marketing"":true,""necessary"":true,""preferences"":true}";2026-02-01 22:40:04.531222+00;2026-02-01 22:40:04.531222+00
b136ae5c-aa8d-44a4-93de-1f06713f72cf;;c1d01875-39c1-4c3c-8f38-8dc0be59960e;;"{""analytics"":true,""marketing"":true,""necessary"":true,""preferences"":true}";2026-02-01 22:45:55.277427+00;2026-02-01 22:45:55.277427+00
55e95bd9-aa3d-4d0c-bbb6-ef71278163b6;;e6957dd4-a8d9-4616-a911-ffffb5f38ae1;;"{""analytics"":true,""marketing"":true,""necessary"":true,""preferences"":true}";2026-02-02 04:57:11.813696+00;2026-02-02 04:57:11.813696+00
2188bab4-d1fa-4267-b2a2-8d60d8405f86;;24a5ec79-dc55-4363-8040-da54454736c2;;"{""analytics"":false,""marketing"":false,""necessary"":true,""preferences"":false}";2026-02-02 05:40:03.84897+00;2026-02-02 05:40:03.84897+00
322ec7ca-09f9-4fac-a295-4ce26c50f138;;25d6c22f-9f7d-474e-b60a-16a966bce04e;;"{""analytics"":false,""marketing"":false,""necessary"":true,""preferences"":false}";2026-02-02 11:47:49.254293+00;2026-02-02 11:47:49.254293+00
8d3af27b-68a4-4055-99d7-f5e585a34bf1;;ec038a53-05ca-4f78-9374-7e258d25c8f1;;"{""analytics"":true,""marketing"":true,""necessary"":true,""preferences"":true}";2026-02-02 12:10:21.450794+00;2026-02-02 12:10:21.450794+00
52302073-47d5-4768-ac6a-ba242f0bee4e;;b8d0a689-dce2-42d0-a02c-5089d40f46d6;;"{""analytics"":false,""marketing"":false,""necessary"":true,""preferences"":false}";2026-02-02 13:54:50.014568+00;2026-02-02 13:54:50.014568+00
d364b07e-d24a-4883-86b3-9dc4906a59fc;;09ed4ea3-5ff7-4316-9a40-52953da95600;;"{""analytics"":true,""marketing"":true,""necessary"":true,""preferences"":true}";2026-02-02 17:32:40.564865+00;2026-02-02 17:32:40.564865+00
03068f8a-70ca-44b6-962a-887e00fed617;;68f92f9f-fca3-42ab-ad04-24cc71762fac;;"{""analytics"":true,""marketing"":true,""necessary"":true,""preferences"":true}";2026-02-02 17:32:43.949854+00;2026-02-02 17:32:43.949854+00
ba90d8c0-2ffc-4ebe-aead-3b3d46100a53;;c8e83747-6eb1-482b-aad1-cc71895e16e3;;"{""analytics"":true,""marketing"":true,""necessary"":true,""preferences"":true}";2026-02-02 17:32:47.40496+00;2026-02-02 17:32:47.40496+00
e281755c-5681-46e8-909c-400749ecd50a;;68f92f9f-fca3-42ab-ad04-24cc71762fac;;"{""analytics"":true,""marketing"":true,""necessary"":true,""preferences"":true}";2026-02-02 17:32:50.144017+00;2026-02-02 17:32:50.144017+00
bedd66fe-a00c-477a-9cd7-682c2b5ea0ba;;c8e83747-6eb1-482b-aad1-cc71895e16e3;;"{""analytics"":true,""marketing"":true,""necessary"":true,""preferences"":true}";2026-02-02 17:32:53.261612+00;2026-02-02 17:32:53.261612+00
0cd4c758-2caf-4470-a06a-6e10ebe56976;;2564deb7-dd21-4fce-a4e7-e97a064763c3;;"{""analytics"":true,""marketing"":true,""necessary"":true,""preferences"":true}";2026-02-02 17:54:29.726752+00;2026-02-02 17:54:29.726752+00
730d80f8-b3df-4f4f-8165-b532fd8408a7;;e3e161be-ab8e-48c0-9270-5729d27f000a;;"{""analytics"":true,""marketing"":true,""necessary"":true,""preferences"":true}";2026-02-02 17:54:41.352051+00;2026-02-02 17:54:41.352051+00
b6074f3b-e06e-4377-af2e-5611c074b6d6;;e3e161be-ab8e-48c0-9270-5729d27f000a;;"{""analytics"":true,""marketing"":true,""necessary"":true,""preferences"":true}";2026-02-02 17:54:47.244255+00;2026-02-02 17:54:47.244255+00
85f216b4-078f-4c01-a926-a6c8a03a15e8;;3eccba81-3134-4def-a7cb-353f962e4b92;;"{""analytics"":true,""marketing"":true,""necessary"":true,""preferences"":true}";2026-02-02 17:54:47.962307+00;2026-02-02 17:54:47.962307+00
18ea1b9f-917e-4333-809e-9b85d8517296;;3eccba81-3134-4def-a7cb-353f962e4b92;;"{""analytics"":true,""marketing"":true,""necessary"":true,""preferences"":true}";2026-02-02 17:54:56.268064+00;2026-02-02 17:54:56.268064+00
f4fdfc24-f107-467e-9203-569581cd372e;;f561b3f5-777f-4a67-81a5-596a5b87ced0;;"{""analytics"":true,""marketing"":true,""necessary"":true,""preferences"":true}";2026-02-02 18:31:21.440562+00;2026-02-02 18:31:21.440562+00
3b5f9da5-5341-4bd0-b6df-01ef093c8371;;7cfd793d-3a97-461a-84a9-fc1431b19100;;"{""analytics"":true,""marketing"":true,""necessary"":true,""preferences"":true}";2026-02-02 18:31:27.321249+00;2026-02-02 18:31:27.321249+00
91431407-0dc8-447c-9d9b-5f361bfcb78c;;7cfd793d-3a97-461a-84a9-fc1431b19100;;"{""analytics"":true,""marketing"":true,""necessary"":true,""preferences"":true}";2026-02-02 18:31:34.937084+00;2026-02-02 18:31:34.937084+00
4996cfef-3395-4ce3-a9b3-42c6a48cb0f6;;3876178f-6e2f-4818-bc02-eab77bf28a6e;;"{""analytics"":true,""marketing"":true,""necessary"":true,""preferences"":true}";2026-02-02 18:31:37.672328+00;2026-02-02 18:31:37.672328+00
10ae062b-aa7a-40dd-8a60-fcb492326daa;;3876178f-6e2f-4818-bc02-eab77bf28a6e;;"{""analytics"":true,""marketing"":true,""necessary"":true,""preferences"":true}";2026-02-02 18:31:46.777222+00;2026-02-02 18:31:46.777222+00
fca3519c-a2a0-4e11-86c5-a68d0d832cf4;;33a474f3-0b49-4aa6-8639-1395a3f00046;;"{""analytics"":true,""marketing"":true,""necessary"":true,""preferences"":true}";2026-02-02 20:39:09.466849+00;2026-02-02 20:39:09.466849+00
f4454303-bb66-4fa3-8a27-09f0c2d96cf0;;b3a8538e-d93d-4ac8-bd59-99de86bb9da8;;"{""analytics"":true,""marketing"":true,""necessary"":true,""preferences"":true}";2026-02-02 21:09:53.376196+00;2026-02-02 21:09:53.376196+00
b0a9477c-d4c9-4a14-a7fc-1f1cfa2c4326;;f06711e5-f7b0-42d6-bcf5-9b68be6cc1cf;;"{""analytics"":true,""marketing"":true,""necessary"":true,""preferences"":true}";2026-02-02 22:04:37.626498+00;2026-02-02 22:04:37.626498+00
c9292961-ceb1-4672-9b09-b87e2dfface8;;b6ff5917-2a36-4cb2-a6cb-a9a1d15afdfb;;"{""analytics"":true,""marketing"":true,""necessary"":true,""preferences"":true}";2026-02-02 22:10:17.074022+00;2026-02-02 22:10:17.074022+00
aebee965-d034-47bd-af6b-442c4ac5baea;;9bf5a6ce-a540-46ff-b9be-baa71429674c;;"{""analytics"":true,""marketing"":true,""necessary"":true,""preferences"":true}";2026-02-02 22:41:47.199416+00;2026-02-02 22:41:47.199416+00
38c7b5d5-03a3-42f5-b4f4-f74260f14fe0;;43113321-50e1-447b-a517-838415552cd3;;"{""analytics"":true,""marketing"":true,""necessary"":true,""preferences"":true}";2026-02-02 22:48:40.897667+00;2026-02-02 22:48:40.897667+00
bd8e9bb1-f486-4686-af84-1bef955fd48b;;9cfbbe36-b1d3-4780-bc4c-ca7aac4602c1;;"{""analytics"":true,""marketing"":true,""necessary"":true,""preferences"":true}";2026-02-03 00:11:50.86675+00;2026-02-03 00:11:50.86675+00
66cf826e-1e85-4adc-ae7e-eb366b0442d4;;a9b0373c-7985-4f8c-a085-1a07975400d8;;"{""analytics"":false,""marketing"":false,""necessary"":true,""preferences"":false}";2026-02-03 10:13:36.463371+00;2026-02-03 10:13:36.463371+00
de0203e4-985a-4726-a7d8-392a98cd3a31;;080d45bf-e3d4-4b75-9a11-f9b7dedb89c0;;"{""analytics"":true,""marketing"":true,""necessary"":true,""preferences"":true}";2026-02-03 10:25:20.420194+00;2026-02-03 10:25:20.420194+00
3507f94f-48a5-4f1e-9cf3-bb80f4c943fd;;454e249d-7ed7-401d-98ef-510028b4bf38;;"{""analytics"":true,""marketing"":true,""necessary"":true,""preferences"":true}";2026-02-03 13:28:06.173026+00;2026-02-03 13:28:06.173026+00
6e024191-d27f-4a55-bdf1-c8cc21694665;;58eb7224-626a-46b7-98ab-b389bdf66423;;"{""analytics"":true,""marketing"":true,""necessary"":true,""preferences"":true}";2026-02-03 13:44:24.693405+00;2026-02-03 13:44:24.693405+00
163d2963-dc53-4fe4-8161-fcf627ab9b64;;c09db9f4-714c-44d6-9e73-eb21be777dcf;;"{""analytics"":true,""marketing"":true,""necessary"":true,""preferences"":true}";2026-02-03 19:53:03.607531+00;2026-02-03 19:53:03.607531+00
4c5cabe2-5ba3-4e31-bb17-456ed45a71ea;;606dc812-b940-4b03-a02d-bc4ef67eb49a;;"{""analytics"":true,""marketing"":true,""necessary"":true,""preferences"":true}";2026-02-03 19:53:39.062403+00;2026-02-03 19:53:39.062403+00
5aff4ceb-f5c1-4b36-96cd-6a9db5cd8285;;a36319c4-f225-492f-ad50-861da5ff6a25;;"{""analytics"":true,""marketing"":true,""necessary"":true,""preferences"":true}";2026-02-03 19:58:57.425942+00;2026-02-03 19:58:57.425942+00
3e5ec75c-5a57-4446-a516-6f25a139bb74;;67501dac-e3af-48d0-afda-4870a41e1150;;"{""analytics"":true,""marketing"":true,""necessary"":true,""preferences"":true}";2026-02-03 21:52:18.221521+00;2026-02-03 21:52:18.221521+00
1a7bb461-ab70-4eb0-8a8d-b2f1e7cea3a6;;7cd1a31c-03f3-4c0a-b144-abd72944ff84;;"{""analytics"":true,""marketing"":true,""necessary"":true,""preferences"":true}";2026-02-03 22:35:00.690117+00;2026-02-03 22:35:00.690117+00
6126a3f9-2830-49e6-8655-8c9c65bebe77;;a13abd3d-f8ad-4ee9-9ee6-7d640ae5f312;;"{""analytics"":false,""marketing"":false,""necessary"":true,""preferences"":false}";2026-02-04 04:27:14.822166+00;2026-02-04 04:27:14.822166+00
2ad0b6e8-b750-4561-88ce-11fe69031bba;;9e42f1ea-05f3-4998-9fc2-f90eb9bc1572;;"{""analytics"":false,""marketing"":false,""necessary"":true,""preferences"":false}";2026-02-04 05:56:46.96564+00;2026-02-04 05:56:46.96564+00
6ca8615d-1bb3-4be4-87d5-0dc3723efe1b;;84d3287b-2fd1-4706-be3a-a2cfbc13c4e1;;"{""analytics"":false,""marketing"":false,""necessary"":true,""preferences"":false}";2026-02-04 19:15:12.712641+00;2026-02-04 19:15:12.712641+00
4bbc865b-258c-49a0-8065-92ce46820f99;;7972cf70-3088-428e-a7a2-1086f1128763;;"{""analytics"":false,""marketing"":false,""necessary"":true,""preferences"":false}";2026-02-04 20:38:01.552829+00;2026-02-04 20:38:01.552829+00
2c6ab907-33bc-466d-8dae-92c6e184c2e3;;a95b9c02-f666-4b77-bb49-b24376073cbd;;"{""analytics"":true,""marketing"":true,""necessary"":true,""preferences"":true}";2026-02-04 20:45:28.145012+00;2026-02-04 20:45:28.145012+00
3596c658-0712-49f7-8e48-ef49674b0bbb;;4e7dbcf9-9140-424c-ab8a-dc7143887330;;"{""analytics"":true,""marketing"":true,""necessary"":true,""preferences"":true}";2026-02-04 22:33:22.249716+00;2026-02-04 22:33:22.249716+00
2a14aa53-ea61-4395-92a0-b726556e564e;;ac8f15f9-5317-4bfd-92f3-5af800cf7643;;"{""analytics"":false,""marketing"":false,""necessary"":true,""preferences"":false}";2026-02-05 03:23:32.680739+00;2026-02-05 03:23:32.680739+00
8ec8bc6f-02b7-4dc4-b11f-822f90d51570;;93e21682-be53-4a2d-8945-be2d5d0879de;;"{""analytics"":false,""marketing"":false,""necessary"":true,""preferences"":false}";2026-02-05 06:16:24.169134+00;2026-02-05 06:16:24.169134+00
336d2732-c205-434d-85b1-0a53a957b5f3;;5b77abad-538e-4865-8799-675a11d48363;;"{""analytics"":false,""marketing"":false,""necessary"":true,""preferences"":false}";2026-02-05 07:45:00.658652+00;2026-02-05 07:45:00.658652+00
2b97e873-ed5b-43e0-8fe0-fb3d179a362b;;05cf4320-5237-4d48-863a-47c2d6c730be;;"{""analytics"":true,""marketing"":true,""necessary"":true,""preferences"":true}";2026-02-05 15:12:36.562817+00;2026-02-05 15:12:36.562817+00
dc6f0dff-4be7-494d-8b9f-24501aa06f1c;;7cd2141b-5eba-4608-8e25-14391c434966;;"{""analytics"":true,""marketing"":true,""necessary"":true,""preferences"":true}";2026-02-05 20:19:29.110989+00;2026-02-05 20:19:29.110989+00
b378cc04-d1a0-4672-ba69-1f7383f0adc2;;2000934d-1de6-4384-828d-658a4f1984d4;;"{""analytics"":true,""marketing"":true,""necessary"":true,""preferences"":true}";2026-02-05 22:04:08.13567+00;2026-02-05 22:04:08.13567+00
6856cfa7-d503-4d79-8d13-29fa6eba497a;;498d86b7-ed7a-4f07-82ee-afb04ace9641;;"{""analytics"":true,""marketing"":true,""necessary"":true,""preferences"":true}";2026-02-06 01:12:15.278346+00;2026-02-06 01:12:15.278346+00
8b4c23b4-88ca-46a3-98ef-17c5db8a783d;;fda98f3f-0db1-4442-ad31-b1bc40f9bb93;;"{""analytics"":true,""marketing"":true,""necessary"":true,""preferences"":true}";2026-02-06 01:13:12.013458+00;2026-02-06 01:13:12.013458+00
7db861f4-a913-49be-bbeb-dfe804921923;;8726844f-3cc2-4465-aee7-93ae03011729;;"{""analytics"":true,""marketing"":true,""necessary"":true,""preferences"":true}";2026-02-06 01:23:13.098959+00;2026-02-06 01:23:13.098959+00
048594b4-65d8-4f9e-853f-2e6b277f025a;;42aa5805-bb9b-4dbc-b14b-93f773f04fe4;;"{""analytics"":true,""marketing"":true,""necessary"":true,""preferences"":true}";2026-02-06 01:28:42.146324+00;2026-02-06 01:28:42.146324+00
22397ac0-f39f-4ba7-850f-51c4107ea458;;86818a4e-7294-4fb6-8eaa-b28b6b7fa22b;;"{""analytics"":false,""marketing"":false,""necessary"":true,""preferences"":false}";2026-02-06 13:27:38.067864+00;2026-02-06 13:27:38.067864+00
c23d2bbd-7d89-48e6-8f00-7c0d2ad0e3f6;;c18a80e3-df75-446c-a788-cd6a1300be23;;"{""analytics"":true,""marketing"":true,""necessary"":true,""preferences"":true}";2026-02-06 15:25:11.928454+00;2026-02-06 15:25:11.928454+00
46ca5437-db15-4f4e-9ccd-5020c3e403ec;b93827d0-5416-42d5-b1ac-d7c0e2e4887c;62131733-d10a-4f67-92f8-bdc6e50954ed;;"{""analytics"":true,""marketing"":true,""necessary"":true,""preferences"":true}";2026-02-06 16:19:14.004543+00;2026-02-06 16:19:14.004543+00
a4eea501-213c-405b-821a-8623366028c4;;03e7d1e2-02d1-4d3e-b451-c02b93ae9509;;"{""analytics"":true,""marketing"":true,""necessary"":true,""preferences"":true}";2026-02-06 22:14:21.611413+00;2026-02-06 22:14:21.611413+00
3f52d449-3e20-4289-8296-5794e27629a9;;157fd03b-4b4f-4075-be9b-247997040b3b;;"{""analytics"":true,""marketing"":true,""necessary"":true,""preferences"":true}";2026-02-07 00:34:05.15012+00;2026-02-07 00:34:05.15012+00
5694b926-21fe-4abd-ac21-5dcbe373bb59;;f2250775-4af4-4905-89b9-6bbddad48812;;"{""analytics"":true,""marketing"":true,""necessary"":true,""preferences"":true}";2026-02-07 00:34:05.755039+00;2026-02-07 00:34:05.755039+00
7a593856-a1d7-4cdc-a084-b174112659ef;;89f64459-097d-4c6e-84d9-3642e915bd44;;"{""analytics"":true,""marketing"":true,""necessary"":true,""preferences"":true}";2026-02-07 00:36:13.757232+00;2026-02-07 00:36:13.757232+00
c6e8107b-021f-4f40-af62-029e8e0c2a4c;;e8b9fcce-8f74-418b-8bdd-eaf30aa2b90d;;"{""analytics"":true,""marketing"":true,""necessary"":true,""preferences"":true}";2026-02-07 11:12:25.002035+00;2026-02-07 11:12:25.002035+00
7e40e9b1-f87e-4f52-b2d9-09e67d662c21;;94c14acf-1207-4cbe-8bc3-1dae3ced03c0;;"{""analytics"":true,""marketing"":true,""necessary"":true,""preferences"":true}";2026-02-07 11:15:46.083632+00;2026-02-07 11:15:46.083632+00
3e3efacb-d025-4b91-bca6-754322fa5c15;;dd7a3e5f-f2bb-4f2f-bdd4-87230a0c707e;;"{""analytics"":true,""marketing"":true,""necessary"":true,""preferences"":true}";2026-02-07 11:16:04.330807+00;2026-02-07 11:16:04.330807+00
2ddc0791-f6d1-44aa-aa62-dd37dc4b50b5;;9886b312-cb4a-4e6c-b0c2-160686f2f89e;;"{""analytics"":true,""marketing"":true,""necessary"":true,""preferences"":true}";2026-02-07 11:27:48.545404+00;2026-02-07 11:27:48.545404+00
e05fd593-0b2b-4d4a-9e4c-f2e845c528c6;;7463bc92-9d6c-4d97-94ac-e8e2a21b7040;;"{""analytics"":true,""marketing"":true,""necessary"":true,""preferences"":true}";2026-02-07 11:37:23.519289+00;2026-02-07 11:37:23.519289+00
689ef924-af99-4c0c-a405-f5f3d832283e;;26e75866-0055-437d-b891-1f4164e90bea;;"{""analytics"":true,""marketing"":true,""necessary"":true,""preferences"":true}";2026-02-07 11:40:22.329457+00;2026-02-07 11:40:22.329457+00
f399e0f0-9f67-45ee-8145-c99cf8eb6f33;;5501b3b4-4497-4dac-bb80-5a758d0881df;;"{""analytics"":true,""marketing"":true,""necessary"":true,""preferences"":true}";2026-02-07 11:42:31.888661+00;2026-02-07 11:42:31.888661+00
569ad7c6-4170-4337-b0b3-2c8902868574;;359b5dcf-704c-4cc9-9111-e8f0d7dd704e;;"{""analytics"":false,""marketing"":false,""necessary"":true,""preferences"":false}";2026-02-07 12:22:42.921053+00;2026-02-07 12:22:42.921053+00
f2be8455-0f94-4c17-b850-fef762461b72;;b542c896-e8ad-41ac-93e1-3de5eb36aded;;"{""analytics"":true,""marketing"":true,""necessary"":true,""preferences"":true}";2026-02-07 15:18:45.666059+00;2026-02-07 15:18:45.666059+00
09a4d329-e856-4220-96fb-342a62048556;;5b0ad373-b6c4-4256-8607-f850f2f6e914;;"{""analytics"":true,""marketing"":true,""necessary"":true,""preferences"":true}";2026-02-07 18:17:47.525144+00;2026-02-07 18:17:47.525144+00
cc8af610-a93c-487c-ad4f-066109429c64;;c86443be-73ac-4ade-a42e-41b15d96f8aa;;"{""analytics"":true,""marketing"":true,""necessary"":true,""preferences"":true}";2026-02-07 20:41:11.978371+00;2026-02-07 20:41:11.978371+00
4cbd74d9-9b0c-4bc7-a431-e75958e105c1;;d294c5b9-1a70-4c01-982b-91dd38926431;;"{""analytics"":true,""marketing"":true,""necessary"":true,""preferences"":true}";2026-02-07 21:51:37.837478+00;2026-02-07 21:51:37.837478+00
5868e231-50b3-4ff5-b0f6-145782dad8dd;;d3484758-8de9-4b29-aabb-837c9d52b785;;"{""analytics"":true,""marketing"":true,""necessary"":true,""preferences"":true}";2026-02-08 04:37:33.039389+00;2026-02-08 04:37:33.039389+00
7713911c-cf17-444d-ad6e-2084133eba4b;25cf5979-a732-4242-a02d-f35d9a4dbbf0;ff68fe68-e351-4783-a543-2aa66afe1276;;"{""analytics"":false,""marketing"":false,""necessary"":true,""preferences"":false}";2026-02-08 08:22:04.948649+00;2026-02-08 08:22:04.948649+00
66fa6105-bb08-4078-ad54-b4bbe1dbb0d8;;7e17b1af-5c51-42f3-84d6-afd01ac0d4b9;;"{""analytics"":true,""marketing"":true,""necessary"":true,""preferences"":true}";2026-02-08 10:39:21.887602+00;2026-02-08 10:39:21.887602+00
222bffcc-faed-4f11-8b2d-37909c1c526f;;f5a57f9c-eff5-4cb7-809f-5cceaa612ebe;;"{""analytics"":true,""marketing"":true,""necessary"":true,""preferences"":true}";2026-02-08 10:47:54.37813+00;2026-02-08 10:47:54.37813+00
cfe1a8b1-1a7f-4861-8d84-e29e9ae9f338;;fd33de57-7abc-46c7-888a-2db2cc1da097;;"{""analytics"":false,""marketing"":false,""necessary"":true,""preferences"":false}";2026-02-08 14:43:51.834634+00;2026-02-08 14:43:51.834634+00
e626a63d-cf5d-4111-9580-8fe6cd4029d0;;6f39cd01-7f85-4bae-9ddc-b5d9a3c10e59;;"{""analytics"":true,""marketing"":true,""necessary"":true,""preferences"":true}";2026-02-08 18:58:54.22335+00;2026-02-08 18:58:54.22335+00
e7a58aad-052d-4bd3-babb-951570c9e6d9;;8b5be199-477a-4274-a813-dc9e36a2f98b;;"{""analytics"":true,""marketing"":true,""necessary"":true,""preferences"":true}";2026-02-08 20:16:20.05722+00;2026-02-08 20:16:20.05722+00
fd8b1e2d-c7ec-4395-b177-862a7aa2626c;;9fef3865-dd04-45f7-84cd-b6b85f51b918;;"{""analytics"":false,""marketing"":false,""necessary"":true,""preferences"":false}";2026-02-08 23:49:47.383612+00;2026-02-08 23:49:47.383612+00
14ed7f64-152e-482e-bc0b-80b33e7067ae;;44c8b027-d4ff-46d6-aa88-848e9a6ac255;;"{""analytics"":true,""marketing"":true,""necessary"":true,""preferences"":true}";2026-02-09 01:20:09.833322+00;2026-02-09 01:20:09.833322+00
99a7024e-8da9-4cb2-be97-a147282e0193;;b8971e85-454e-4126-b5f4-1e99e4dd1f48;;"{""analytics"":true,""marketing"":true,""necessary"":true,""preferences"":true}";2026-02-09 07:41:33.883513+00;2026-02-09 07:41:33.883513+00
d824dc29-32f1-4a2c-a9cd-a47bfc7dd14a;;97bba794-72fd-48db-85d5-3d9c17692c45;;"{""analytics"":true,""marketing"":true,""necessary"":true,""preferences"":true}";2026-02-09 08:22:09.592374+00;2026-02-09 08:22:09.592374+00
ca47d83e-c078-42dd-acb8-87dc5df085dd;;d3e226cd-97e0-4d35-b698-dff83fb8fcbb;;"{""analytics"":false,""marketing"":false,""necessary"":true,""preferences"":false}";2026-02-09 10:18:25.416199+00;2026-02-09 10:18:25.416199+00
3339a276-159e-4787-b758-50701297c40a;;746b61c5-ea58-4dd8-b8eb-4001161e9a61;;"{""analytics"":true,""marketing"":true,""necessary"":true,""preferences"":true}";2026-02-09 12:06:48.77514+00;2026-02-09 12:06:48.77514+00
af0b27e1-1378-4551-adab-b0c27ee9dae1;;57530071-2af0-4909-a03c-fcaeef270019;;"{""analytics"":true,""marketing"":true,""necessary"":true,""preferences"":true}";2026-02-09 12:15:03.350381+00;2026-02-09 12:15:03.350381+00
4a88e712-2061-474a-a410-d9e20602f68b;;14f86dee-f266-4764-b55d-0d31ef75b990;;"{""analytics"":true,""marketing"":true,""necessary"":true,""preferences"":true}";2026-02-09 12:22:35.479838+00;2026-02-09 12:22:35.479838+00
ebfd4e2f-998f-4888-924c-b688a3afbd22;;93e8d4bb-425a-4402-855b-7527d09c504f;;"{""analytics"":true,""marketing"":true,""necessary"":true,""preferences"":true}";2026-02-09 13:45:13.086338+00;2026-02-09 13:45:13.086338+00
52d69c03-91e8-4141-aeb1-fad54c1e09a3;;d02664ea-e385-44ef-a565-f4b061347c1e;;"{""analytics"":true,""marketing"":true,""necessary"":true,""preferences"":true}";2026-02-09 16:04:51.149944+00;2026-02-09 16:04:51.149944+00
d8ef066c-f899-4ad2-bffa-9379bfbbdef6;;82937e7f-e32a-4327-bd42-c12d33adfe35;;"{""analytics"":true,""marketing"":true,""necessary"":true,""preferences"":true}";2026-02-09 16:05:06.392611+00;2026-02-09 16:05:06.392611+00
bfbf5860-d9bc-478f-a171-a84c7d9eb65d;;08b4800d-0e11-4923-b176-9178d8305cc3;;"{""analytics"":true,""marketing"":true,""necessary"":true,""preferences"":true}";2026-02-09 17:07:23.929719+00;2026-02-09 17:07:23.929719+00
cb82c6ff-4387-4885-864f-3e604dd3f943;;fe941d49-b1c5-4bee-868d-158335fb00f8;;"{""analytics"":true,""marketing"":true,""necessary"":true,""preferences"":true}";2026-02-09 17:34:06.71112+00;2026-02-09 17:34:06.71112+00
3f47849b-7d1b-42e5-9ca7-6a9cb4c63230;;381cdf45-b89e-410c-bb6b-3bb7a913f541;;"{""analytics"":false,""marketing"":false,""necessary"":true,""preferences"":false}";2026-02-09 18:39:33.123549+00;2026-02-09 18:39:33.123549+00
982d1bc8-0dcb-47a8-af50-da65380b9b3e;;1ec622dc-87ae-4422-88b9-71df86b4d6a2;;"{""analytics"":false,""marketing"":false,""necessary"":true,""preferences"":false}";2026-02-09 21:15:50.164516+00;2026-02-09 21:15:50.164516+00
0f20b798-4e17-406b-b24d-2d0a938e743a;;09be13c8-328c-45bb-a765-3cbce0cb6305;;"{""analytics"":true,""marketing"":true,""necessary"":true,""preferences"":true}";2026-02-09 21:30:52.313063+00;2026-02-09 21:30:52.313063+00
7def2892-3172-4b65-809f-55678d771a92;;c757d694-6029-4194-9d65-f9d77570f761;;"{""analytics"":true,""marketing"":true,""necessary"":true,""preferences"":true}";2026-02-09 23:14:51.940313+00;2026-02-09 23:14:51.940313+00
d73d1621-2942-47af-944c-08c5d291e6c7;;0f809317-e9f8-42e6-b185-b3d39c2232da;;"{""analytics"":false,""marketing"":false,""necessary"":true,""preferences"":false}";2026-02-10 00:19:29.942814+00;2026-02-10 00:19:29.942814+00
b28ee9e8-279b-4591-8feb-d377ab680721;;d5b57cd0-6e05-4c39-b65e-20660f2f7888;;"{""analytics"":true,""marketing"":true,""necessary"":true,""preferences"":true}";2026-02-10 01:29:52.314123+00;2026-02-10 01:29:52.314123+00
b43bc7c4-00b8-40a2-a0c1-b1704f0c2a7e;;976a331d-66e8-4a04-9ae6-a7faddb50f8f;;"{""analytics"":true,""marketing"":true,""necessary"":true,""preferences"":true}";2026-02-10 03:04:13.494764+00;2026-02-10 03:04:13.494764+00
9b2d7f4c-7953-49e8-baf2-dac86638d460;;97caf5cb-36fb-4fb6-931d-0e02506e1a1c;;"{""analytics"":true,""marketing"":true,""necessary"":true,""preferences"":true}";2026-02-10 04:22:47.957356+00;2026-02-10 04:22:47.957356+00
d6c84412-bba3-4275-b218-1a58adddb5f6;;4af3569a-3056-414c-83fd-e05af7e5071d;;"{""analytics"":true,""marketing"":true,""necessary"":true,""preferences"":true}";2026-02-10 06:57:17.523396+00;2026-02-10 06:57:17.523396+00
ff188a0c-0124-4473-ad11-78f806dc57a5;;69d35496-1a38-4fff-ba35-683d6bd71669;;"{""analytics"":true,""marketing"":true,""necessary"":true,""preferences"":true}";2026-02-10 07:03:05.46269+00;2026-02-10 07:03:05.46269+00
4bf8bd3b-1726-4ad9-9a23-01e5edec7dfa;;bfa5817c-b887-46e7-b56a-a803d6ad2aa1;;"{""analytics"":true,""marketing"":true,""necessary"":true,""preferences"":true}";2026-02-10 09:08:02.987391+00;2026-02-10 09:08:02.987391+00
f8bff303-826c-45ce-b564-2d2e3caa0f8a;;5046ee68-9bd2-4abb-93e8-c2b4c7809a97;;"{""analytics"":true,""marketing"":true,""necessary"":true,""preferences"":true}";2026-02-10 15:13:38.090734+00;2026-02-10 15:13:38.090734+00
26e85575-2683-43c2-95b7-fccdbf34f353;;f882ec19-4e22-4333-b0df-12b1c703d29c;;"{""analytics"":true,""marketing"":true,""necessary"":true,""preferences"":true}";2026-02-10 17:08:56.884266+00;2026-02-10 17:08:56.884266+00
5197d378-1d29-4f4a-abe0-c7c5d7295abd;;ba33e8da-8511-430f-a2a3-9e1890027e4c;;"{""analytics"":true,""marketing"":true,""necessary"":true,""preferences"":true}";2026-02-10 17:33:24.169581+00;2026-02-10 17:33:24.169581+00
06595bed-4c63-4af8-9aa2-bca7c707a92d;;fb94ebaa-c1b7-4b2c-ad52-fae43d806d2d;;"{""analytics"":true,""marketing"":true,""necessary"":true,""preferences"":true}";2026-02-10 20:04:28.246928+00;2026-02-10 20:04:28.246928+00
b7aa39ca-da85-46a6-ab87-32910f00d17f;;23f3138e-cb81-415f-b30a-6dc06b178538;;"{""analytics"":true,""marketing"":true,""necessary"":true,""preferences"":true}";2026-02-10 21:06:07.441987+00;2026-02-10 21:06:07.441987+00
b4ec921e-cd6b-49cb-83df-5d605ce62a2d;;5fa12e58-f024-4b02-abe8-e5215c63602b;;"{""analytics"":false,""marketing"":false,""necessary"":true,""preferences"":false}";2026-02-10 21:16:40.611561+00;2026-02-10 21:16:40.611561+00
a7becd09-30ef-4672-abc8-24b5e57e6953;;1f0e8473-0d98-4ca0-972a-5b66daf61c44;;"{""analytics"":true,""marketing"":true,""necessary"":true,""preferences"":true}";2026-02-11 00:36:32.092056+00;2026-02-11 00:36:32.092056+00
c713d5a0-bf8a-4f29-82b6-0828f4aeebc0;;cc2905a1-d540-4404-bf6d-43e67d00c8b8;;"{""analytics"":false,""marketing"":false,""necessary"":true,""preferences"":false}";2026-02-11 08:30:57.127599+00;2026-02-11 08:30:57.127599+00
b595eadc-e698-44b5-8026-90551e129816;;956c7c32-ae91-47f3-bfeb-eb06d39a9b63;;"{""analytics"":false,""marketing"":false,""necessary"":true,""preferences"":false}";2026-02-11 13:07:12.271998+00;2026-02-11 13:07:12.271998+00
bc0a6a72-d0b3-4d29-ba2c-55849e7bc740;;46425a1e-6b80-4a00-9661-84f24896c7ea;;"{""analytics"":true,""marketing"":true,""necessary"":true,""preferences"":true}";2026-02-11 15:11:18.60615+00;2026-02-11 15:11:18.60615+00
72e5992b-02e9-4a04-8ea1-cc224546dcc4;;585e3a57-78be-4149-a375-9effaf12c3ff;;"{""analytics"":true,""marketing"":true,""necessary"":true,""preferences"":true}";2026-02-11 15:18:30.320402+00;2026-02-11 15:18:30.320402+00
6f69a84a-206c-4d9f-b446-08d0f89cb6df;;9ef8e6df-40ef-45a2-be85-61b8de04cb31;;"{""analytics"":true,""marketing"":true,""necessary"":true,""preferences"":true}";2026-02-11 15:27:09.620465+00;2026-02-11 15:27:09.620465+00
82e77c85-6647-4c52-85d0-45c7b1739262;;251c3aff-26be-4218-8c7b-5e055511d04e;;"{""analytics"":true,""marketing"":true,""necessary"":true,""preferences"":true}";2026-02-11 15:36:50.842678+00;2026-02-11 15:36:50.842678+00
df1d8094-e0ea-490b-964d-fe472dd0a60c;;43b6dd16-ce8a-49fe-917f-9f8e81a8ad0e;;"{""analytics"":true,""marketing"":true,""necessary"":true,""preferences"":true}";2026-02-11 16:00:09.020462+00;2026-02-11 16:00:09.020462+00
d11e08c7-2e3d-4c97-ab49-a54e4f6f1d0d;;54b2d2f9-9925-4b77-9359-1542dc7e7c9c;;"{""analytics"":true,""marketing"":true,""necessary"":true,""preferences"":true}";2026-02-11 16:21:02.077253+00;2026-02-11 16:21:02.077253+00
76abc7a9-00de-421c-93ef-5a7d3cdcd12f;;d8f83e24-f541-40c9-8c82-f6bf5b2d00be;;"{""analytics"":true,""marketing"":true,""necessary"":true,""preferences"":true}";2026-02-11 17:51:02.535742+00;2026-02-11 17:51:02.535742+00
868a7dd9-3284-492c-9ca5-8a1f9476caa3;;49903b1a-7176-4701-80f3-c45f7d6bf229;;"{""analytics"":false,""marketing"":false,""necessary"":true,""preferences"":false}";2026-02-11 18:27:32.834904+00;2026-02-11 18:27:32.834904+00
cbabe557-0ece-473d-b9d9-629e33008852;;07f34eff-a065-4128-b758-080fa6b5b33a;;"{""analytics"":false,""marketing"":false,""necessary"":true,""preferences"":false}";2026-02-11 19:21:07.453296+00;2026-02-11 19:21:07.453296+00
a77b4db8-9d33-452b-b6c0-e76b6183689c;;02a14612-2d76-4b16-8920-15dd5cac5fc9;;"{""analytics"":false,""marketing"":false,""necessary"":true,""preferences"":false}";2026-02-11 20:15:29.880864+00;2026-02-11 20:15:29.880864+00
f5116b5f-96b8-4a6c-b7ee-ee197ea61252;;e0151c2d-4fe0-472e-acc4-fa286a5c5054;;"{""analytics"":true,""marketing"":true,""necessary"":true,""preferences"":true}";2026-02-11 22:02:08.394693+00;2026-02-11 22:02:08.394693+00
27c4cb7c-a363-4433-8e72-7bc2601ea361;;b34700c0-7cae-40bd-a544-43d167234929;;"{""analytics"":true,""marketing"":true,""necessary"":true,""preferences"":true}";2026-02-11 22:48:54.078689+00;2026-02-11 22:48:54.078689+00
bc252e66-f4cf-472e-b537-89289519da77;2014c309-8ddc-4555-b7e1-8a7472a9a7aa;870b5dcc-6030-4634-96cf-dc98c358bd11;;"{""analytics"":true,""marketing"":true,""necessary"":true,""preferences"":true}";2026-02-11 23:24:59.092517+00;2026-02-11 23:24:59.092517+00
06c99785-d83b-406e-9216-8af12626a59c;;2a960a99-be8b-4d80-9609-ce3acb28398b;;"{""analytics"":true,""marketing"":true,""necessary"":true,""preferences"":true}";2026-02-11 23:32:04.761479+00;2026-02-11 23:32:04.761479+00
4e848223-31c7-48e7-860b-225f74355a68;;402c5943-365c-4cee-9b83-f86d168c1649;;"{""analytics"":true,""marketing"":true,""necessary"":true,""preferences"":true}";2026-02-11 23:37:37.972082+00;2026-02-11 23:37:37.972082+00
2669b2d2-7e42-4df7-8ab5-8747ee300bcd;;c7557c2a-8a81-435d-95de-30a14da782f8;;"{""analytics"":true,""marketing"":true,""necessary"":true,""preferences"":true}";2026-02-11 23:40:29.554615+00;2026-02-11 23:40:29.554615+00
8d103e7d-db4f-4051-a5ae-46befdf005ea;;1ec1f354-d906-4c05-9495-470b628061f8;;"{""analytics"":true,""marketing"":true,""necessary"":true,""preferences"":true}";2026-02-12 00:52:12.782662+00;2026-02-12 00:52:12.782662+00
7b1e796a-dadf-4e94-b073-73c8338bdef9;;ad7cf451-70ce-4d2b-9695-ea45a15ab304;;"{""analytics"":true,""marketing"":true,""necessary"":true,""preferences"":true}";2026-02-12 01:06:25.304436+00;2026-02-12 01:06:25.304436+00
44419bd1-fb45-4193-8843-4ad451dc666c;;c383b9f5-40ae-4570-807a-debfb8f496bd;;"{""analytics"":true,""marketing"":true,""necessary"":true,""preferences"":true}";2026-02-12 01:13:08.801058+00;2026-02-12 01:13:08.801058+00
a15319e7-8a89-47dc-926d-b5e241c60495;;0562242e-2ee1-46b1-9281-4c43bee9fb3c;;"{""analytics"":true,""marketing"":true,""necessary"":true,""preferences"":true}";2026-02-12 04:05:39.052903+00;2026-02-12 04:05:39.052903+00
8f9d773a-0eb5-47e0-963c-e84585f65fd6;;32daa663-13a2-4198-893c-783d8fe9fa5a;;"{""analytics"":true,""marketing"":true,""necessary"":true,""preferences"":true}";2026-02-12 05:51:39.799146+00;2026-02-12 05:51:39.799146+00
dff54b62-5375-48f5-beaa-39409a4bf328;;d913cfdd-40c3-4632-beaf-d8fd46ba9944;;"{""analytics"":true,""marketing"":true,""necessary"":true,""preferences"":true}";2026-02-12 06:22:15.230965+00;2026-02-12 06:22:15.230965+00
7eb844c3-219a-4e79-81ac-df94b9db716f;;e9e559dd-c0e9-4966-a884-2b9e1c082ab5;;"{""analytics"":true,""marketing"":true,""necessary"":true,""preferences"":true}";2026-02-12 09:31:29.595541+00;2026-02-12 09:31:29.595541+00
7963f66d-a575-4752-ab1b-85bbd067219c;;a89930d2-5c25-4431-aeff-cfc9b725e43f;;"{""analytics"":false,""marketing"":false,""necessary"":true,""preferences"":false}";2026-02-12 11:36:41.414981+00;2026-02-12 11:36:41.414981+00
ee5a79a5-392c-43a2-8b1e-914e23d2d5d6;;98f67eb4-5f0b-4faf-b6a6-9f0171d00caa;;"{""analytics"":false,""marketing"":false,""necessary"":true,""preferences"":false}";2026-02-12 14:47:30.195171+00;2026-02-12 14:47:30.195171+00
e7a412d0-3e89-4e5e-ad77-89a26e9b990a;;44bc6bcc-6253-4118-8f1f-96766bf2a77c;;"{""analytics"":false,""marketing"":false,""necessary"":true,""preferences"":false}";2026-02-12 15:39:03.76263+00;2026-02-12 15:39:03.76263+00
f96d8e8d-79fc-4469-9cae-235a4a9b9c28;;8cc3323a-6005-47a5-9d87-aeaf2f1a992b;;"{""analytics"":true,""marketing"":true,""necessary"":true,""preferences"":true}";2026-02-12 17:11:56.515062+00;2026-02-12 17:11:56.515062+00
2bccfa2a-ae96-45f7-a3e8-20c5ec3af4c2;;a6776910-23cc-42a1-a641-e9ccf3a17247;;"{""analytics"":false,""marketing"":false,""necessary"":true,""preferences"":false}";2026-02-12 20:15:12.024061+00;2026-02-12 20:15:12.024061+00
310cfa41-7695-46a6-a640-6b3d57de86bf;;38d0e82b-d802-4ed0-a698-072965e9dff8;;"{""analytics"":true,""marketing"":true,""necessary"":true,""preferences"":true}";2026-02-12 20:42:18.773239+00;2026-02-12 20:42:18.773239+00
eb737f42-b86d-4e5f-8a2a-ac06c1d6a8f0;;0be6cb67-ed9f-4896-a8df-9e865963df9e;;"{""analytics"":true,""marketing"":true,""necessary"":true,""preferences"":true}";2026-02-12 21:57:19.19225+00;2026-02-12 21:57:19.19225+00
f5c45012-4696-49f9-8ade-2166859d427b;;d2d4f3be-d7f6-4510-a02d-c5f2296cc653;;"{""analytics"":true,""marketing"":true,""necessary"":true,""preferences"":true}";2026-02-12 22:13:37.363537+00;2026-02-12 22:13:37.363537+00
5b43d834-0b4a-4fed-a88b-31c544bcc1ba;;f489e890-1c9c-4b16-a6a5-4b66e5770123;;"{""analytics"":false,""marketing"":false,""necessary"":true,""preferences"":false}";2026-02-12 22:51:56.327681+00;2026-02-12 22:51:56.327681+00
4f35ae9b-8e8f-4468-b3fa-5bb2a8a70c53;;0e3f4c8a-7c15-43e8-8015-dac10cb6c5a7;;"{""analytics"":true,""marketing"":true,""necessary"":true,""preferences"":true}";2026-02-13 02:41:59.200204+00;2026-02-13 02:41:59.200204+00
c7cbc026-98d5-4ab1-b6d7-bc2327a29904;;9b6fc8e7-481a-48cb-a6e8-66e9895d2fc3;;"{""analytics"":true,""marketing"":true,""necessary"":true,""preferences"":true}";2026-02-13 04:53:08.840612+00;2026-02-13 04:53:08.840612+00
b46b23be-4b09-4cb0-b200-55ddbad419b9;;2be48870-4734-403d-8abb-51ac17e7f011;;"{""analytics"":true,""marketing"":true,""necessary"":true,""preferences"":true}";2026-02-13 09:12:49.817984+00;2026-02-13 09:12:49.817984+00
0642cff5-6dce-4c0f-9ba3-d2545ed9b702;;cf9e4d93-c24b-4580-ac52-1c4b5f06d509;;"{""analytics"":true,""marketing"":true,""necessary"":true,""preferences"":true}";2026-02-13 09:20:05.685608+00;2026-02-13 09:20:05.685608+00
2243e185-a29c-45ef-8a74-4636874f91dd;;8be47829-d847-4b46-9f3f-2b1474c8cf55;;"{""analytics"":true,""marketing"":true,""necessary"":true,""preferences"":true}";2026-02-13 09:24:53.831944+00;2026-02-13 09:24:53.831944+00
09c7de3d-8a99-4eee-9ec5-2ee21e83fcd2;;2bc18423-8708-4246-98c5-e6e2cf4d05cb;;"{""analytics"":true,""marketing"":true,""necessary"":true,""preferences"":true}";2026-02-13 12:49:44.613324+00;2026-02-13 12:49:44.613324+00
f739f5e4-e70d-4e1c-acd2-aeb83cfa610d;;289db3bd-dc33-4499-9816-532f43a31339;;"{""analytics"":true,""marketing"":true,""necessary"":true,""preferences"":true}";2026-02-13 17:02:55.848718+00;2026-02-13 17:02:55.848718+00
4daafe46-9fab-4432-a48b-952e821fb98a;;769c8df9-14f4-4520-aabc-cfe44e24404e;;"{""analytics"":true,""marketing"":true,""necessary"":true,""preferences"":true}";2026-02-13 19:21:58.444549+00;2026-02-13 19:21:58.444549+00
7d8afb59-f00f-4cc6-a5bc-3c7e74e908fb;;2db67ca8-208c-4a9d-8f68-02a901108a38;;"{""analytics"":false,""marketing"":false,""necessary"":true,""preferences"":false}";2026-02-13 20:52:01.349262+00;2026-02-13 20:52:01.349262+00
20adb523-a459-4e86-9935-c11f0d67ff33;;ad94d1b1-4bdc-4d74-bd93-8a92af2e9e17;;"{""analytics"":true,""marketing"":true,""necessary"":true,""preferences"":true}";2026-02-13 21:29:23.054371+00;2026-02-13 21:29:23.054371+00
f787f933-5aa4-4dca-aac4-3ad2e8b15e9b;;44318f33-b81b-45f6-a96d-bbc5938d856e;;"{""analytics"":false,""marketing"":false,""necessary"":true,""preferences"":false}";2026-02-13 21:29:47.1269+00;2026-02-13 21:29:47.1269+00
6d8c9355-a7ba-4655-bc7f-a3c55021fa62;;ba67142b-594f-4949-ab89-473834a4fc8f;;"{""analytics"":false,""marketing"":false,""necessary"":true,""preferences"":false}";2026-02-13 21:31:15.557209+00;2026-02-13 21:31:15.557209+00
d97248bb-403c-4192-8fd4-f47a04c30019;;287b6588-d369-492e-8e0c-7a228db5c578;;"{""analytics"":true,""marketing"":true,""necessary"":true,""preferences"":true}";2026-02-13 21:31:57.291409+00;2026-02-13 21:31:57.291409+00
2807fede-bfe3-4a12-8674-01822b536d96;;d8376f36-3e16-4d60-a60b-f69681c115b8;;"{""analytics"":true,""marketing"":true,""necessary"":true,""preferences"":true}";2026-02-13 21:33:13.032+00;2026-02-13 21:33:13.032+00
4faba22e-8da7-4ea9-a381-f70b8ee02b58;;adc00a97-b299-4bd9-bbab-da38d43daf9e;;"{""analytics"":true,""marketing"":true,""necessary"":true,""preferences"":true}";2026-02-13 21:34:42.368736+00;2026-02-13 21:34:42.368736+00
be0d75fd-cdee-4ee6-8508-dd02c9db4e10;;0c0ab603-f539-4fb1-a597-3b72b2cbc030;;"{""analytics"":true,""marketing"":true,""necessary"":true,""preferences"":true}";2026-02-13 21:35:04.815067+00;2026-02-13 21:35:04.815067+00
1ce44dce-4d01-40e9-b09f-9a0954f3fa03;;5b4a700e-b1b7-4b07-8bf4-6f3d801c5af5;;"{""analytics"":false,""marketing"":false,""necessary"":true,""preferences"":false}";2026-02-13 21:36:07.951313+00;2026-02-13 21:36:07.951313+00
2812323c-f673-4bc0-9772-83208e97863c;;5c2e42db-c295-41de-a832-20fc45599546;;"{""analytics"":true,""marketing"":true,""necessary"":true,""preferences"":true}";2026-02-13 21:40:35.47566+00;2026-02-13 21:40:35.47566+00
0c4e27d2-f2cd-4642-b10a-c9ca585136ef;;439b0ac5-e949-459a-aa42-1d0224c642bc;;"{""analytics"":true,""marketing"":true,""necessary"":true,""preferences"":true}";2026-02-13 21:43:25.736203+00;2026-02-13 21:43:25.736203+00
d04bba40-f5a6-4354-99a2-9cd9fbf76573;;5a5ba3f7-2151-4756-8883-2c83285ffb3d;;"{""analytics"":false,""marketing"":false,""necessary"":true,""preferences"":false}";2026-02-13 21:45:31.686401+00;2026-02-13 21:45:31.686401+00
5a18b340-d309-41fa-aa6b-0108dbdb5eaa;;6b4137cc-e995-4441-8b47-7cd2221f12e7;;"{""analytics"":false,""marketing"":false,""necessary"":true,""preferences"":false}";2026-02-13 21:53:47.964307+00;2026-02-13 21:53:47.964307+00
cf4e7e04-0ed3-4d1e-a7de-a534f12691fd;;f3303e47-7430-4933-aaa3-6212c58698e0;;"{""analytics"":true,""marketing"":true,""necessary"":true,""preferences"":true}";2026-02-13 21:57:26.772583+00;2026-02-13 21:57:26.772583+00
2a4beb59-f9fa-4a73-b188-b03cb26b2416;;1ee4f39a-81a3-4f33-919d-42ebdab569b5;;"{""analytics"":true,""marketing"":true,""necessary"":true,""preferences"":true}";2026-02-13 21:58:45.942333+00;2026-02-13 21:58:45.942333+00
a5a10b0e-fe51-4a4d-956b-b5a31e4ac204;;1ecf3edc-79cf-4f51-a597-102dfe032c02;;"{""analytics"":true,""marketing"":true,""necessary"":true,""preferences"":true}";2026-02-13 22:06:57.244973+00;2026-02-13 22:06:57.244973+00
cec0eaf5-1438-4e81-9440-d2fcf662dc6a;;0c9aa379-f40f-4def-8592-76f0dca1174b;;"{""analytics"":false,""marketing"":false,""necessary"":true,""preferences"":false}";2026-02-13 22:10:51.054191+00;2026-02-13 22:10:51.054191+00
bb58670e-d78d-437a-87f4-20d72e97b763;;2e3d5941-ed80-43d9-b56f-262710fc738f;;"{""analytics"":true,""marketing"":true,""necessary"":true,""preferences"":true}";2026-02-13 22:11:57.01212+00;2026-02-13 22:11:57.01212+00
40d556b6-760d-4b8a-98de-c6288a20943f;;31b7b4fc-97e9-4a9e-ac75-f78510c573d6;;"{""analytics"":true,""marketing"":true,""necessary"":true,""preferences"":true}";2026-02-13 22:13:51.033083+00;2026-02-13 22:13:51.033083+00
e07965ab-1cab-4f61-9510-f830583614d5;;b8a77a58-4139-44ad-b2a0-3fa3eee14645;;"{""analytics"":true,""marketing"":true,""necessary"":true,""preferences"":true}";2026-02-13 22:18:17.494147+00;2026-02-13 22:18:17.494147+00
f5fafa7d-9ad8-4c78-a0db-8604cc93ff39;;dcc98900-9154-484e-93ca-37cc1d3206ad;;"{""analytics"":true,""marketing"":true,""necessary"":true,""preferences"":true}";2026-02-13 22:21:54.340969+00;2026-02-13 22:21:54.340969+00
5c6e6f3c-2b15-406f-a93b-2ffcc134b601;;1f8aad68-8467-4c26-8be4-3de57f5036b0;;"{""analytics"":true,""marketing"":true,""necessary"":true,""preferences"":true}";2026-02-13 22:27:53.301698+00;2026-02-13 22:27:53.301698+00
6cd3f916-638e-40f8-a414-c1edf51236d1;;e8032815-0580-49e7-a7ef-3163f2494839;;"{""analytics"":false,""marketing"":false,""necessary"":true,""preferences"":false}";2026-02-13 23:14:54.828215+00;2026-02-13 23:14:54.828215+00
16c934c3-2bba-40d1-bb67-7232b620ba41;;7319db97-61d6-4e26-9e8b-29c7abb839a1;;"{""analytics"":true,""marketing"":true,""necessary"":true,""preferences"":true}";2026-02-13 23:26:31.167477+00;2026-02-13 23:26:31.167477+00
c67ce690-3ce4-405f-9eb3-2221b07b5ff6;;14fd370d-6369-4193-bf5e-728a9edd4719;;"{""analytics"":true,""marketing"":true,""necessary"":true,""preferences"":true}";2026-02-13 23:54:15.117936+00;2026-02-13 23:54:15.117936+00
c71c5790-1a4c-42a2-88bf-17f97eaadeae;;2b22507f-08f2-463e-8780-ded4cf5f63db;;"{""analytics"":true,""marketing"":true,""necessary"":true,""preferences"":true}";2026-02-13 23:56:51.701444+00;2026-02-13 23:56:51.701444+00
dc34fbf6-785e-4daa-bb19-5140f8f81a60;;445e185a-3add-463b-93b7-a28710edf096;;"{""analytics"":false,""marketing"":false,""necessary"":true,""preferences"":false}";2026-02-14 02:46:52.244385+00;2026-02-14 02:46:52.244385+00
ef2b685c-e868-4314-965c-8a5a75931c2f;;6ec53aea-3a32-40c2-a654-402c7f44ec31;;"{""analytics"":false,""marketing"":false,""necessary"":true,""preferences"":false}";2026-02-14 10:30:21.873779+00;2026-02-14 10:30:21.873779+00
a7a1351a-ce45-44a8-86b5-9bddad42559e;;ea3f6393-854c-4eef-9661-dcf164d0f35b;;"{""analytics"":true,""marketing"":true,""necessary"":true,""preferences"":true}";2026-02-14 12:16:46.508548+00;2026-02-14 12:16:46.508548+00
6d043f7d-5ee7-4426-b8ae-0b1b0e020a21;;2ce301a0-0beb-486e-a908-5699b72eda07;;"{""analytics"":false,""marketing"":false,""necessary"":true,""preferences"":false}";2026-02-14 13:17:22.961834+00;2026-02-14 13:17:22.961834+00
0c692e08-6ee3-4627-915a-d6cf9acd8d4f;;85a71f71-7675-4046-b337-176aa2c56f77;;"{""analytics"":true,""marketing"":true,""necessary"":true,""preferences"":true}";2026-02-14 13:39:27.375812+00;2026-02-14 13:39:27.375812+00
c567b5f5-8616-4c8e-b0ee-1d05114daee8;;0d72664f-ebe3-41cc-b788-55bde77fdc36;;"{""analytics"":true,""marketing"":true,""necessary"":true,""preferences"":true}";2026-02-14 14:35:28.364261+00;2026-02-14 14:35:28.364261+00
0fa4716d-acdb-4f81-8182-5c455e9c13d5;;95088ac6-6661-458b-a88c-4d19123ff0a4;;"{""analytics"":true,""marketing"":true,""necessary"":true,""preferences"":true}";2026-02-14 16:55:44.716365+00;2026-02-14 16:55:44.716365+00
7c363c28-9025-4517-ba6a-c0691d3b19ff;;51001a2e-f8fb-414d-b315-0f59cad46d12;;"{""analytics"":false,""marketing"":false,""necessary"":true,""preferences"":false}";2026-02-14 20:26:55.659239+00;2026-02-14 20:26:55.659239+00
b1475cf1-a8a9-438c-8939-10d9dec04d4f;;7ba633af-85f2-47af-85f0-c50ef3d2c2e3;;"{""analytics"":true,""marketing"":true,""necessary"":true,""preferences"":true}";2026-02-15 06:16:36.799886+00;2026-02-15 06:16:36.799886+00
86e5f942-3731-4c51-aa30-c36bdf7309eb;;9181d6d9-e115-4650-bca6-4c1bb1c77cef;;"{""analytics"":true,""marketing"":true,""necessary"":true,""preferences"":true}";2026-02-15 06:47:04.690287+00;2026-02-15 06:47:04.690287+00
e41d275d-40be-4236-82dc-0c2bb34b36cd;;16631626-cc2c-4d36-aa6f-8691cd894ab8;;"{""analytics"":true,""marketing"":true,""necessary"":true,""preferences"":true}";2026-02-15 08:23:32.710573+00;2026-02-15 08:23:32.710573+00
92c2ee82-67ae-44b3-a554-5b009111fed0;;fcb59e40-dedf-440a-aa52-634dc09c6e79;;"{""analytics"":true,""marketing"":true,""necessary"":true,""preferences"":true}";2026-02-15 09:19:10.351354+00;2026-02-15 09:19:10.351354+00
d5cf2fa5-3844-445c-8dee-bdbb90838988;;cdc62c50-0be3-49b2-b9b1-a009553ff782;;"{""analytics"":false,""marketing"":false,""necessary"":true,""preferences"":false}";2026-02-15 09:51:25.318968+00;2026-02-15 09:51:25.318968+00
a5f3cccb-35b9-4552-90e2-bf985adc079e;;255c499e-7bb6-46d6-83fe-ade567e806c3;;"{""analytics"":false,""marketing"":false,""necessary"":true,""preferences"":false}";2026-02-15 10:38:52.736402+00;2026-02-15 10:38:52.736402+00
307f690f-efba-44f6-b714-0d1a24790422;;41c04405-8efb-4895-85ee-28e1fd29b400;;"{""analytics"":true,""marketing"":true,""necessary"":true,""preferences"":true}";2026-02-15 12:53:38.457541+00;2026-02-15 12:53:38.457541+00
d280f636-6d56-44ed-b6cc-11466013920a;;d988ade5-eac3-4b8c-bf6b-e2e819beec36;;"{""analytics"":false,""marketing"":false,""necessary"":true,""preferences"":false}";2026-02-15 14:58:14.984145+00;2026-02-15 14:58:14.984145+00
2bfcae5c-d30d-4d35-a97f-9c812f6a13a2;;95ecc7bb-f912-4184-9636-e4fbc9d0e4d0;;"{""analytics"":false,""marketing"":false,""necessary"":true,""preferences"":false}";2026-02-15 15:34:04.672049+00;2026-02-15 15:34:04.672049+00
19c6cccf-21a6-4a1d-94ff-6d880d543bc8;;8e734b58-8706-4445-91c9-d09b2d07b8ea;;"{""analytics"":false,""marketing"":false,""necessary"":true,""preferences"":false}";2026-02-15 15:38:28.933136+00;2026-02-15 15:38:28.933136+00
7b95978c-5060-4270-85a7-972ab944b494;;815ee71e-5ea6-4549-bee1-f7c908b68829;;"{""analytics"":true,""marketing"":true,""necessary"":true,""preferences"":true}";2026-02-15 15:39:22.265044+00;2026-02-15 15:39:22.265044+00
51249eb2-b6c4-45bf-891a-d3a8356ecf44;;631897f6-fc7e-4039-bf81-2307129cfeac;;"{""analytics"":true,""marketing"":true,""necessary"":true,""preferences"":true}";2026-02-15 16:15:31.012427+00;2026-02-15 16:15:31.012427+00
1799766a-f14c-4254-9ed5-328955246d77;;2767c64a-0436-44d1-b12d-61841937db41;;"{""analytics"":true,""marketing"":true,""necessary"":true,""preferences"":true}";2026-02-15 16:36:50.245355+00;2026-02-15 16:36:50.245355+00
0d469941-1635-4ef1-adc6-579161990516;;e5daade9-dfc6-4628-b756-4e08f48548bf;;"{""analytics"":true,""marketing"":true,""necessary"":true,""preferences"":true}";2026-02-15 16:37:25.896101+00;2026-02-15 16:37:25.896101+00
8f35db2f-9af5-413a-a543-dac3ac48a819;17e3e396-6f25-4e8b-beb4-572581e4a280;ab1a5522-85de-45e4-93af-7d0d4f74b2ab;;"{""analytics"":true,""marketing"":true,""necessary"":true,""preferences"":true}";2026-02-15 17:10:16.738794+00;2026-02-15 17:10:16.738794+00
bf31919a-5f86-4459-9036-ca59f73b1d6e;;ff015c90-50a2-4f84-b562-46887617c3b8;;"{""analytics"":true,""marketing"":true,""necessary"":true,""preferences"":true}";2026-02-15 19:05:11.003372+00;2026-02-15 19:05:11.003372+00
6d302dcd-b7e7-4c80-a029-fb033f249eb7;;4626a007-53a4-489f-b380-ee7f5f74b329;;"{""analytics"":true,""marketing"":true,""necessary"":true,""preferences"":true}";2026-02-15 20:21:50.107038+00;2026-02-15 20:21:50.107038+00
6fc64ddc-679f-4e8d-9db7-1dac14e4057b;;543884cb-3d6d-4420-a174-802ecdca9264;;"{""analytics"":true,""marketing"":true,""necessary"":true,""preferences"":true}";2026-02-15 21:32:24.835643+00;2026-02-15 21:32:24.835643+00
e5da9788-cb65-4b31-9ddb-848577009a0a;;90209c32-0480-46ff-9811-1d4916fe348d;;"{""analytics"":true,""marketing"":true,""necessary"":true,""preferences"":true}";2026-02-15 21:34:12.763074+00;2026-02-15 21:34:12.763074+00
3016964c-c86d-439b-b323-759c926e83a8;;aa43eec0-6165-417c-9404-45c721800954;;"{""analytics"":true,""marketing"":true,""necessary"":true,""preferences"":true}";2026-02-15 21:37:17.756291+00;2026-02-15 21:37:17.756291+00
812ebc59-bb6e-4f78-a2c1-77f0ea7f2a71;;e841eff7-4433-448b-8531-d8e1109bb636;;"{""analytics"":false,""marketing"":false,""necessary"":true,""preferences"":false}";2026-02-15 22:55:49.784578+00;2026-02-15 22:55:49.784578+00
38ef9171-e1a4-45c5-8d1b-433ce3f73841;;48ea54bd-6732-4465-ad7d-e5e34ed0bfad;;"{""analytics"":true,""marketing"":true,""necessary"":true,""preferences"":true}";2026-02-15 23:33:08.97556+00;2026-02-15 23:33:08.97556+00
60f5f684-1d39-4af8-8017-611f142c6a35;;63a71e8a-6674-454d-a4c1-cfe3898262d2;;"{""analytics"":false,""marketing"":false,""necessary"":true,""preferences"":false}";2026-02-16 03:12:34.114371+00;2026-02-16 03:12:34.114371+00
69c2afa2-cd55-446a-b71c-74dc029d556b;;8226eb96-96c5-4459-bda1-a736bc96aae2;;"{""analytics"":true,""marketing"":true,""necessary"":true,""preferences"":true}";2026-02-16 04:49:06.89615+00;2026-02-16 04:49:06.89615+00
fccf0be3-37db-4dc1-922d-1c2ecc645dc7;;8226eb96-96c5-4459-bda1-a736bc96aae2;;"{""analytics"":true,""marketing"":true,""necessary"":true,""preferences"":true}";2026-02-16 04:49:07.869286+00;2026-02-16 04:49:07.869286+00
4a9df976-b900-4984-bcbb-ac1586e8a22a;;8226eb96-96c5-4459-bda1-a736bc96aae2;;"{""analytics"":true,""marketing"":true,""necessary"":true,""preferences"":true}";2026-02-16 04:49:08.15604+00;2026-02-16 04:49:08.15604+00
24cd2232-0a5f-4191-a14a-5af8d94a4be8;;8226eb96-96c5-4459-bda1-a736bc96aae2;;"{""analytics"":true,""marketing"":true,""necessary"":true,""preferences"":true}";2026-02-16 04:49:08.243268+00;2026-02-16 04:49:08.243268+00
d7359f54-2511-499d-9fec-28d1e80c8beb;;8226eb96-96c5-4459-bda1-a736bc96aae2;;"{""analytics"":true,""marketing"":true,""necessary"":true,""preferences"":true}";2026-02-16 04:49:08.278889+00;2026-02-16 04:49:08.278889+00
a5e91009-41d5-46e4-9eb9-710bce28ac78;;bede059c-42d6-4755-bd02-eedf150f10fc;;"{""analytics"":true,""marketing"":true,""necessary"":true,""preferences"":true}";2026-02-16 07:39:35.720802+00;2026-02-16 07:39:35.720802+00
60680176-6b7e-48c2-a6f5-dcfb167ca022;;b6689d5c-c0f1-423a-9cf9-74f296e5a41c;;"{""analytics"":true,""marketing"":true,""necessary"":true,""preferences"":true}";2026-02-16 09:12:25.9582+00;2026-02-16 09:12:25.9582+00
0e18cfe2-d76f-4feb-aca8-34615cd6935e;;44f150bc-298d-489d-b67d-f9f436bbd7d0;;"{""analytics"":true,""marketing"":true,""necessary"":true,""preferences"":true}";2026-02-16 10:23:49.543852+00;2026-02-16 10:23:49.543852+00
e6771303-7751-420c-92f6-380c63450ce7;;653d5f2c-9c94-4d25-8a7c-b50f9049a100;;"{""analytics"":true,""marketing"":true,""necessary"":true,""preferences"":true}";2026-02-16 10:31:33.031256+00;2026-02-16 10:31:33.031256+00
d42f553a-633b-4462-b05d-46cf7291341e;;a6800abf-8628-4839-8783-47fb611d602a;;"{""analytics"":true,""marketing"":true,""necessary"":true,""preferences"":true}";2026-02-16 13:39:05.108997+00;2026-02-16 13:39:05.108997+00
75aa9298-4644-4041-95c3-2559553b85df;;bf593ca6-0090-4413-8696-41b84f5d9a30;;"{""analytics"":true,""marketing"":true,""necessary"":true,""preferences"":true}";2026-02-16 19:08:47.362114+00;2026-02-16 19:08:47.362114+00