id;product_id;operation_type;status;questions_generated;processing_time_ms;error_message;created_at;created_by;game_id
cf39b0b4-915b-4d62-bffd-b848389f10ca;2a5ac2c8-c96b-458e-98f5-e5dfc2c6bba6;generate;success;3;2328;;2025-11-21 18:19:23.944242+00;03765a40-f338-4035-a2ba-8928fff30834;
86668055-fa37-4aee-bb91-1a750e0c0814;3fa58f81-b312-4eaf-a9fd-902ef547868d;generate;success;3;3124;;2025-11-21 18:20:09.266785+00;03765a40-f338-4035-a2ba-8928fff30834;
cd8b7465-04f9-414e-a437-988ebecce9cd;3fa58f81-b312-4eaf-a9fd-902ef547868d;regenerate;success;5;3539;;2025-11-21 18:20:46.126636+00;03765a40-f338-4035-a2ba-8928fff30834;
b7a626b4-90e3-47c9-84c3-8c059d26e99a;4ce9d86c-8ab6-45f3-9de2-f58801d6e938;regenerate;success;6;3146;;2025-11-21 19:19:01.680729+00;03765a40-f338-4035-a2ba-8928fff30834;
03e1cec1-88bb-4659-8786-54019ddbb648;702edf9d-c8fe-4466-9bb8-b91313a09202;regenerate;success;6;6904;;2025-11-21 19:19:05.433719+00;03765a40-f338-4035-a2ba-8928fff30834;
998bc1e0-9754-4e83-81c3-22d570cf1cff;5c6cfc43-382e-4dfb-a897-b34dfebddca9;regenerate;success;6;10397;;2025-11-21 19:19:08.931437+00;03765a40-f338-4035-a2ba-8928fff30834;
71035f06-8042-47e5-b5b6-d27ec7e34c49;b3a012e1-1147-4cbc-843a-311a43375f22;regenerate;success;6;13804;;2025-11-21 19:19:12.333505+00;03765a40-f338-4035-a2ba-8928fff30834;
f28a0824-1370-4977-ac8e-e297757ee147;b0d61777-45cd-4eae-90c7-bf70b4c04278;regenerate;success;6;17304;;2025-11-21 19:19:15.834088+00;03765a40-f338-4035-a2ba-8928fff30834;
a3e6e17c-c285-4abc-8f86-b70cc62c648c;8a94bd07-aa9c-42b8-844b-5fdd3a32c33d;regenerate;success;6;32970;;2025-11-21 19:19:31.502019+00;03765a40-f338-4035-a2ba-8928fff30834;
611629be-b2df-431c-ba60-8c853aa46f87;c0d10b2b-2577-4718-a392-8c9e6ad2bed0;regenerate;success;6;36743;;2025-11-21 19:19:35.278305+00;03765a40-f338-4035-a2ba-8928fff30834;
f9d65a99-fb65-4ed8-aaea-5f23b8e1e1a5;6527407f-41c5-4fbc-8dbb-2adde1e61ccb;regenerate;success;6;41288;;2025-11-21 19:19:39.818231+00;03765a40-f338-4035-a2ba-8928fff30834;
c2a83b68-8173-4cb0-b011-241a8c3b1f72;4ce5c5bd-e753-4347-b963-ae664d0bb4ea;regenerate;success;6;44827;;2025-11-21 19:19:43.370688+00;03765a40-f338-4035-a2ba-8928fff30834;
9a497b50-2310-4e68-b297-51fedeeead12;ce498e92-cf8d-4029-915a-12b05073e14c;regenerate;success;6;48671;;2025-11-21 19:19:47.210157+00;03765a40-f338-4035-a2ba-8928fff30834;
531d1ab3-b0a0-4b46-9f1d-08a4e5189087;42fbdc9c-2eb3-4eb1-99bb-69fba01de791;category_regenerate;success;5;3495;;2025-11-21 19:32:30.584462+00;03765a40-f338-4035-a2ba-8928fff30834;
2f98867e-4057-4e8d-bcf9-532372f99f0c;42262eee-c28b-47f8-b3f1-89671d364e90;category_regenerate;success;5;4129;;2025-11-21 19:32:49.551364+00;03765a40-f338-4035-a2ba-8928fff30834;
30c56d88-0c63-4f3f-96e5-83301fcdd424;12250fc4-5bdc-4045-9374-d69b4fe8b6fa;category_regenerate;success;5;7930;;2025-11-21 19:32:53.35108+00;03765a40-f338-4035-a2ba-8928fff30834;
04e3584e-e67e-4020-ac6d-d83079beaee5;f1c0275f-b890-483d-ac91-ffb13009995d;category_regenerate;success;5;12246;;2025-11-21 19:32:57.669014+00;03765a40-f338-4035-a2ba-8928fff30834;
f4252c98-6f83-4883-971b-727e84d91a58;adacf06e-80a6-4303-b07d-b1bb59118427;category_regenerate;success;5;16862;;2025-11-21 19:33:02.285414+00;03765a40-f338-4035-a2ba-8928fff30834;
74ea1d42-3b6c-4f33-9aea-39e99feaca2c;78dbfe04-41ff-4c00-a3c3-732c3bcaa4b6;category_regenerate;success;5;21895;;2025-11-21 19:33:07.313009+00;03765a40-f338-4035-a2ba-8928fff30834;
346075e3-078c-4731-b879-c6f2aa86cb91;4b6a15b0-4764-431f-8372-6e9f180c4436;category_regenerate;success;5;26002;;2025-11-21 19:33:11.417981+00;03765a40-f338-4035-a2ba-8928fff30834;
c09dc6be-2241-4018-992f-3552b44ef3c7;7765aefc-5bc3-4e2b-870d-d3abf0e2c421;category_regenerate;success;5;29964;;2025-11-21 19:33:15.382594+00;03765a40-f338-4035-a2ba-8928fff30834;
ae9f0abb-b2ba-4055-8216-fa4e63520846;2e71414d-d885-412d-8f8f-b72b3c8d3957;category_regenerate;success;5;33904;;2025-11-21 19:33:19.3257+00;03765a40-f338-4035-a2ba-8928fff30834;
eb5e2edf-7dc7-46ad-8ee2-cd41b9b041f0;e117e236-a2f2-4f4d-9a58-728c68477982;category_regenerate;success;5;38081;;2025-11-21 19:33:23.510491+00;03765a40-f338-4035-a2ba-8928fff30834;
206dc82d-59c0-473a-8ca0-a29e3f6420cc;ff4634b3-edf4-4d17-8207-d39816b323b2;category_regenerate;success;5;41480;;2025-11-21 19:33:26.901077+00;03765a40-f338-4035-a2ba-8928fff30834;
72f52fa0-5fce-4b96-b98f-af7cb1e38e5e;135cde8d-a0dd-480b-9ccb-ddb17157bdf8;category_regenerate;success;5;7978;;2025-11-21 19:37:50.116415+00;03765a40-f338-4035-a2ba-8928fff30834;
3c1679c9-5606-4cac-b2ac-1ad82e6d6b82;4bbdb6e1-0137-459f-8b83-628d7f017273;category_regenerate;success;5;11974;;2025-11-21 19:37:54.110702+00;03765a40-f338-4035-a2ba-8928fff30834;
dda5a124-1309-493b-97b9-31af76a34510;7da3a215-5750-4a28-b39d-c2cb9cfa5348;category_regenerate;success;5;5812;;2025-11-21 19:40:15.542854+00;03765a40-f338-4035-a2ba-8928fff30834;
08244272-2276-479c-8bbe-2731b276320b;aa7fc58f-17d6-46f8-920c-6b24e9c4702e;category_regenerate;success;5;10062;;2025-11-21 19:40:19.79031+00;03765a40-f338-4035-a2ba-8928fff30834;
0704fa91-c019-4b04-ab2f-a3f6d28615e1;16e87875-03f2-4eee-ad7f-64f14d5dfe3f;category_regenerate;success;5;14017;;2025-11-21 19:40:23.752208+00;03765a40-f338-4035-a2ba-8928fff30834;
46157e23-48b7-41ee-986d-88ef7105919e;c06eb4ff-0604-43ed-8588-3cb080b5cb0c;category_regenerate;success;5;17604;;2025-11-21 19:40:27.33495+00;03765a40-f338-4035-a2ba-8928fff30834;
4b8868fd-3c0a-4c75-b1b1-7c9ba80f3a2b;a3bab107-c4f1-4212-8f57-f6fa20c6bf89;category_regenerate;success;5;2735;;2025-11-21 19:40:47.522142+00;03765a40-f338-4035-a2ba-8928fff30834;
c9972ca5-3646-454b-8771-528491ab8157;652def7d-bd4e-45a5-b462-8dcf0f0f2d62;category_regenerate;success;5;3749;;2025-11-21 19:41:18.559539+00;03765a40-f338-4035-a2ba-8928fff30834;
5d53bc14-f1b5-4f9d-a85f-939e362f2f5b;2ada37a3-0f5e-4aed-aa4b-0ba47d4aac46;category_regenerate;success;5;4493;;2025-11-21 19:41:42.691763+00;03765a40-f338-4035-a2ba-8928fff30834;
9844ecf1-b044-4d94-accc-a3f0f4441043;4fc7414f-477a-4395-a5ee-6909b4a1a977;category_regenerate;success;5;8175;;2025-11-21 19:41:46.373637+00;03765a40-f338-4035-a2ba-8928fff30834;
17365f61-0407-453a-be7d-cdce6a88034b;9aa65d73-40cc-4eec-a823-ed03c497f9a3;category_regenerate;success;5;12058;;2025-11-21 19:41:50.261161+00;03765a40-f338-4035-a2ba-8928fff30834;
ebd3fe92-0a96-4691-8deb-f63a69ed75de;cc9067c9-acfc-4804-8156-454e7773aad1;category_regenerate;success;5;15611;;2025-11-21 19:41:53.805045+00;03765a40-f338-4035-a2ba-8928fff30834;
a5f22ab7-4009-4040-8c01-01a954bdd02a;625d437c-a421-427d-95fd-d016707b6f1a;category_regenerate;success;5;19839;;2025-11-21 19:41:58.037819+00;03765a40-f338-4035-a2ba-8928fff30834;
71042b6d-8f10-40f0-8e11-7677b647d43a;601e7f90-15ba-4fa0-842b-64615e995892;category_regenerate;success;5;23681;;2025-11-21 19:42:01.877994+00;03765a40-f338-4035-a2ba-8928fff30834;
46f58b40-a2e9-44ca-a682-f3662ddd4e9c;1590e3c0-c5d9-4cb5-8e67-42eb06a74f54;category_regenerate;success;5;27329;;2025-11-21 19:42:05.521077+00;03765a40-f338-4035-a2ba-8928fff30834;
0d41cf5d-b60a-4845-97df-477ea1f00163;d670b5e7-94d0-4125-ac6c-bdf4571aef7e;category_regenerate;success;5;31714;;2025-11-21 19:42:09.906124+00;03765a40-f338-4035-a2ba-8928fff30834;
26ad46cb-8665-4ee8-bec1-24b12c18b362;839d5181-03fd-455d-9822-7532ff7d23ab;category_regenerate;success;5;37747;;2025-11-21 19:42:15.940274+00;03765a40-f338-4035-a2ba-8928fff30834;
dd8f7585-3f23-4f55-8d33-bf59a631dd47;95ff4f94-2563-4b9e-8705-e3733f773863;category_regenerate;success;5;3614;;2025-11-21 19:42:35.786001+00;03765a40-f338-4035-a2ba-8928fff30834;
864141db-b36c-4dda-ac01-9baaa62f2d63;2a5ac2c8-c96b-458e-98f5-e5dfc2c6bba6;category_regenerate;success;5;7451;;2025-11-21 19:43:25.834894+00;03765a40-f338-4035-a2ba-8928fff30834;
f0dcc166-7abb-45dc-8afa-9da136c4d679;a00e73ec-1244-4d89-9b28-9595255e413d;category_regenerate;success;5;3612;;2025-11-21 19:43:40.328494+00;03765a40-f338-4035-a2ba-8928fff30834;
56ddb82a-9cc4-4ad6-9993-dc839d7d59b5;90c7202a-95a8-4a14-9d47-0d6477b1da40;category_regenerate;success;5;3458;;2025-11-21 19:46:05.802058+00;03765a40-f338-4035-a2ba-8928fff30834;
a01c2c37-df89-4bed-8978-9246e18a97cf;e1d90154-c93d-48b1-9a90-817bd82de73c;category_regenerate;success;5;7183;;2025-11-21 19:46:09.527617+00;03765a40-f338-4035-a2ba-8928fff30834;
d813d925-bebe-4190-8789-1d1bef55bf20;0d02bc5d-a73e-4372-9ac4-b55fe2fd8893;category_regenerate;success;5;10701;;2025-11-21 19:46:13.041722+00;03765a40-f338-4035-a2ba-8928fff30834;
eeaf56cc-afaa-4d76-9636-67d45947ec47;a9fd1070-f955-497f-86ca-657d4b4c923d;category_regenerate;success;5;14455;;2025-11-21 19:46:16.803446+00;03765a40-f338-4035-a2ba-8928fff30834;
7dedd383-d16f-495f-bc24-4006cddbdfd9;f8bb0ea7-9c25-4f3e-a179-a5f66e26a113;category_regenerate;success;5;18324;;2025-11-21 19:46:20.666474+00;03765a40-f338-4035-a2ba-8928fff30834;
045554cb-4b85-4fcd-9396-06d1509a3bf1;d174f919-9c1d-413e-8f8c-ddc62cc02873;category_regenerate;success;5;22707;;2025-11-21 19:46:25.055065+00;03765a40-f338-4035-a2ba-8928fff30834;
b78671f9-bd46-46e1-9fdd-59ded7f221dd;1d983d26-029d-47a6-b8a6-b96e2b80b380;category_regenerate;success;5;3646;;2025-11-21 19:47:10.978969+00;03765a40-f338-4035-a2ba-8928fff30834;
2054cfde-0495-4710-adec-c26a867df234;4ff6f70b-8c48-4ec5-a866-753bdb028ae7;category_regenerate;success;5;7585;;2025-11-21 19:47:14.918534+00;03765a40-f338-4035-a2ba-8928fff30834;
ae1e49a6-6f1d-4573-9f49-ff986de0b1e2;b31120b5-2e36-4429-a485-6047fa23c8cd;category_regenerate;success;5;3969;;2025-11-21 19:53:46.658726+00;03765a40-f338-4035-a2ba-8928fff30834;
ea51dbf2-597b-4408-bf35-e777169a313c;de7a6ade-742f-4734-a6aa-f04b457fb401;category_regenerate;success;5;7514;;2025-11-21 19:53:50.202918+00;03765a40-f338-4035-a2ba-8928fff30834;
76334aaa-efd1-449b-b480-3f272eedfda7;9ead5799-a511-4254-852e-b324f26b01f6;category_regenerate;success;5;11045;;2025-11-21 19:53:53.732722+00;03765a40-f338-4035-a2ba-8928fff30834;
9b3ec517-26b6-48da-b77b-83fab0ee1ee6;c1b13a67-4286-4c3e-8420-5cfc7ebcf466;category_regenerate;error;0;3940;AI did not return any FAQs;2025-11-21 19:54:09.654798+00;03765a40-f338-4035-a2ba-8928fff30834;
1afaa83f-bb3a-4dc9-a205-049bb235ea76;0be7b565-bae7-460f-94ad-035458d010d3;category_regenerate;success;5;7516;;2025-11-21 19:54:13.229455+00;03765a40-f338-4035-a2ba-8928fff30834;
584cd4ef-242d-4366-a099-d357106d8442;c1bc6f01-73e5-4dee-b487-c5de21cc8219;category_regenerate;success;5;11752;;2025-11-21 19:54:17.469629+00;03765a40-f338-4035-a2ba-8928fff30834;
ad2bf3cc-a9dc-4906-a1e7-cfd997a6c87c;d6d03556-06d2-49be-8e91-1e361e40ea51;category_regenerate;success;5;16117;;2025-11-21 19:54:21.851025+00;03765a40-f338-4035-a2ba-8928fff30834;
77dcfada-d1d8-4494-8cce-ad468ea4a000;3bfccf90-f336-4367-9cf6-36a54f02a871;category_regenerate;success;5;20189;;2025-11-21 19:54:25.903173+00;03765a40-f338-4035-a2ba-8928fff30834;
7850d8f7-6467-427b-b80c-7a42644a50e1;ede127dc-8958-42f9-9d12-97f0b7c2574c;category_regenerate;success;5;23875;;2025-11-21 19:54:29.586247+00;03765a40-f338-4035-a2ba-8928fff30834;
5bd4c03a-13ea-4cfc-9631-bdb817d44fe6;70b28c9a-378c-4f32-88e9-1572b384bfae;category_regenerate;success;5;28171;;2025-11-21 19:54:33.903505+00;03765a40-f338-4035-a2ba-8928fff30834;
63a7861e-15c4-4db1-b473-e0b1faa34f61;97edaff8-0530-4de2-adec-7e1dfed78beb;category_regenerate;success;5;31759;;2025-11-21 19:54:37.485521+00;03765a40-f338-4035-a2ba-8928fff30834;
df9b4cf8-b363-44a8-acf9-bd2d23e747e4;5661f783-b979-4214-b5b0-88ce9225b819;category_regenerate;success;5;35525;;2025-11-21 19:54:41.258217+00;03765a40-f338-4035-a2ba-8928fff30834;
021b60d6-4d21-468b-8d2e-41e7a685ff48;8f370df4-346f-472c-a439-ddb7d7c9e792;category_regenerate;success;5;39417;;2025-11-21 19:54:45.131002+00;03765a40-f338-4035-a2ba-8928fff30834;
f2df05da-8083-4845-9c7c-532ea174c506;5549e893-6ae5-4451-ac03-47497fd8cec7;category_regenerate;success;5;43290;;2025-11-21 19:54:49.005209+00;03765a40-f338-4035-a2ba-8928fff30834;
47c2c3b3-0625-4b24-bc6b-97fa1138ab1b;30b9079b-4d9f-425c-9842-de2f76052bb4;category_regenerate;success;5;3317;;2025-11-21 19:54:58.526023+00;03765a40-f338-4035-a2ba-8928fff30834;
790cefca-735a-4bb9-94b3-6f5eb9292be1;b89b1a3b-5679-4cc2-8ff4-372b5666ecba;category_regenerate;success;5;9443;;2025-11-21 19:55:04.649825+00;03765a40-f338-4035-a2ba-8928fff30834;
ac595122-93af-415e-9d3a-3ad83b92c119;cebda02f-f480-4da3-8685-daffab059876;category_regenerate;success;5;13265;;2025-11-21 19:55:08.487749+00;03765a40-f338-4035-a2ba-8928fff30834;
67d702db-6caf-4356-b0d6-e2deed922611;67b40cc2-a507-4375-88b1-7d0eba73e3ed;category_regenerate;success;5;17597;;2025-11-21 19:55:12.80712+00;03765a40-f338-4035-a2ba-8928fff30834;
fb5c4328-3064-493c-88f4-ae486713b9a5;0523caed-b6ed-4564-953f-fa6aa9c03b85;category_regenerate;success;5;22183;;2025-11-21 19:55:17.39416+00;03765a40-f338-4035-a2ba-8928fff30834;
6cb2c8df-0ec8-4215-a176-31a50feb0f80;c6558645-2b8b-455d-a6e1-ee4ab5f66612;category_regenerate;success;5;25943;;2025-11-21 19:55:21.148685+00;03765a40-f338-4035-a2ba-8928fff30834;
2f2adb18-a9ff-4bb4-bf3c-06ae24833efc;3f4dc1d2-8650-46a2-9fca-80c38e038f5c;category_regenerate;success;5;4313;;2025-11-21 19:56:09.10346+00;03765a40-f338-4035-a2ba-8928fff30834;
04454872-4d5a-46ed-ad03-d60d015854f6;0493df5e-a534-41c9-9d6e-45ef3c13b8a6;category_regenerate;success;5;8593;;2025-11-21 19:56:13.382115+00;03765a40-f338-4035-a2ba-8928fff30834;
fc08fcea-ff01-4b5f-a652-186020192620;b0d61777-45cd-4eae-90c7-bf70b4c04278;category_regenerate;success;5;12027;;2025-11-21 19:56:16.822095+00;03765a40-f338-4035-a2ba-8928fff30834;
75972d55-de48-4c07-8edc-0a415498c651;8a94bd07-aa9c-42b8-844b-5fdd3a32c33d;category_regenerate;success;5;15916;;2025-11-21 19:56:20.710151+00;03765a40-f338-4035-a2ba-8928fff30834;
fb1813d1-7e2d-400a-99d2-be6b0c6f458b;3df88a4e-282d-4fc6-90ca-60f8ebb2dad1;category_regenerate;success;5;19826;;2025-11-21 19:56:24.616052+00;03765a40-f338-4035-a2ba-8928fff30834;
caf3f59f-d133-4f65-9e0f-847da95cc086;92022507-dcc7-4067-9d6e-4ad094722070;category_regenerate;success;5;2658;;2025-11-21 19:58:50.446817+00;03765a40-f338-4035-a2ba-8928fff30834;
aedc907a-f438-40b5-baf6-6c505949a2d1;4419252d-a424-4e5d-860c-fb2347df47fc;category_regenerate;success;5;5891;;2025-11-21 19:58:53.682157+00;03765a40-f338-4035-a2ba-8928fff30834;
2c67e7b2-53b1-4c77-80be-e8c59fead553;81a4f561-3a57-4ce2-9805-f853129059e7;category_regenerate;error;0;7116;AI did not return any FAQs;2025-11-21 19:58:54.911553+00;03765a40-f338-4035-a2ba-8928fff30834;
64c2957d-c615-46f3-b1dd-5ce8b0dc2cc2;12bfc26c-8c29-499d-837d-86b2232e5be4;category_regenerate;success;5;3842;;2025-11-21 19:59:16.317873+00;03765a40-f338-4035-a2ba-8928fff30834;
ed1aad7c-5496-4a0c-9d1e-f3b67e10919d;398cc7e4-d58e-4ad7-8f9a-e0b56ed8347f;category_regenerate;success;5;8019;;2025-11-21 19:59:20.493968+00;03765a40-f338-4035-a2ba-8928fff30834;
a4857528-3c39-49ad-b84e-e7832cd50b21;b6b3e826-a628-4349-b8d3-e9212236d73d;category_regenerate;success;5;11557;;2025-11-21 19:59:24.031171+00;03765a40-f338-4035-a2ba-8928fff30834;
273e88f0-163a-4142-9839-9eded71acfc0;fc956f17-5283-48a9-8d8e-9a91eb8b5f9f;category_regenerate;success;5;15152;;2025-11-21 19:59:27.732488+00;03765a40-f338-4035-a2ba-8928fff30834;
94c505d6-bb78-44a6-bc0c-f4fd09cb0f47;f7f969eb-23c0-4e7f-8b66-560ff336cb31;category_regenerate;success;5;18313;;2025-11-21 19:59:30.78601+00;03765a40-f338-4035-a2ba-8928fff30834;
91afdd4c-5b52-4392-9845-32c49e179ff0;8641a229-a57e-4df3-b1ed-241abffa89f4;category_regenerate;success;5;22359;;2025-11-21 19:59:34.831229+00;03765a40-f338-4035-a2ba-8928fff30834;
9a583843-6d58-4cf1-9226-42cf7957ae48;00a71e88-7632-4d78-b708-421317aafe14;category_regenerate;success;5;26459;;2025-11-21 19:59:38.938927+00;03765a40-f338-4035-a2ba-8928fff30834;
e607a173-a3bf-4072-aced-bb8faab125e3;e5761804-c753-4b93-9a5b-7bb55ad5d50c;category_regenerate;success;5;30075;;2025-11-21 19:59:42.565538+00;03765a40-f338-4035-a2ba-8928fff30834;
db6f767f-c0d0-4c14-a31e-64f97ddca3f2;d5e41e52-267d-4a5f-aa61-211a9eb7b06c;category_regenerate;success;5;33396;;2025-11-21 19:59:45.87224+00;03765a40-f338-4035-a2ba-8928fff30834;
ce79e967-6599-494b-b110-c538248b8934;8faafe63-1b68-4165-a5af-82f0fcb5f9b8;category_regenerate;success;5;36895;;2025-11-21 19:59:49.370115+00;03765a40-f338-4035-a2ba-8928fff30834;
646d5762-7320-4444-990a-e4941afbf1f6;c397ed21-b281-4fe8-b57c-e92ccaa2ffd2;category_regenerate;success;5;40689;;2025-11-21 19:59:53.171643+00;03765a40-f338-4035-a2ba-8928fff30834;
7bc137b3-4133-4f39-ad3d-51cb33d25355;e5e103b4-194e-43e6-9f7b-74001bdb9928;category_regenerate;success;5;43992;;2025-11-21 19:59:56.470217+00;03765a40-f338-4035-a2ba-8928fff30834;
2d1ca2cd-411d-45c1-92a7-a882a612101c;215f1e43-160c-43f8-8ed4-95e8e867078f;category_regenerate;success;5;48005;;2025-11-21 20:00:00.479007+00;03765a40-f338-4035-a2ba-8928fff30834;
a278e8fb-d236-4ba3-8ee8-eb1c7ad7ff54;6cc3e0b2-d6f6-44c7-a33c-3bdf8b343e02;category_regenerate;success;5;3758;;2025-11-21 20:00:10.373786+00;03765a40-f338-4035-a2ba-8928fff30834;
aa963891-c6de-427b-a9b8-eade4a605379;aee56c27-fc47-49e1-be69-2d2fdee6c3c9;category_regenerate;success;5;7183;;2025-11-21 20:00:13.79451+00;03765a40-f338-4035-a2ba-8928fff30834;
7d5e01ab-cbab-4b37-829c-adf991947a59;f8b2faa3-8595-46a2-885c-483c2a74211b;category_regenerate;success;5;11135;;2025-11-21 20:00:17.758046+00;03765a40-f338-4035-a2ba-8928fff30834;
ae202ec4-c3e7-45a7-b43e-b5d18c30d3f7;f554d5a3-feba-4f11-8c3f-a94a4a9c8689;category_regenerate;success;5;21588;;2025-11-21 20:00:28.201927+00;03765a40-f338-4035-a2ba-8928fff30834;
959198bd-2097-4c22-a1cc-dfa49404ee09;c0d10b2b-2577-4718-a392-8c9e6ad2bed0;category_regenerate;success;5;25826;;2025-11-21 20:00:32.434457+00;03765a40-f338-4035-a2ba-8928fff30834;
0aa9eef1-fc83-4b13-b109-598fe60867b5;0e6978bc-bb79-4f9f-95f2-1f4b64b75c30;category_regenerate;success;5;29216;;2025-11-21 20:00:35.829025+00;03765a40-f338-4035-a2ba-8928fff30834;
7a0d0b62-b94d-494a-a6af-27fd20fa8dd3;eb13d0c2-7165-42bb-96b9-feab8c0d92f9;category_regenerate;success;5;5797;;2025-11-21 20:00:49.538636+00;03765a40-f338-4035-a2ba-8928fff30834;
ffdad628-0352-4f53-9716-a93f8e1616f7;0a80a4c7-d5d0-4fea-8b7e-aeca3b977971;category_regenerate;success;5;13425;;2025-11-21 20:00:57.169038+00;03765a40-f338-4035-a2ba-8928fff30834;
7ad5617d-43c8-4dff-a3b5-9384bcd6d5b3;71a0892c-72e4-4acd-9448-9a37c3090166;category_regenerate;success;5;17749;;2025-11-21 20:01:01.495225+00;03765a40-f338-4035-a2ba-8928fff30834;
2ffeadff-e5da-438c-9254-4c1392c2c784;444b643e-3637-4fcb-b14c-bd3ff5a6dba0;category_regenerate;success;5;22590;;2025-11-21 20:01:06.334213+00;03765a40-f338-4035-a2ba-8928fff30834;
10b40420-6d58-4536-b876-fa71518d934f;5ad040b5-69fc-4fbd-923f-6a2bfb0cd6e2;category_regenerate;success;5;26131;;2025-11-21 20:01:09.874033+00;03765a40-f338-4035-a2ba-8928fff30834;
a4ab58fc-f9b2-43ce-9122-0d8839c80be7;3c97b9ad-b8c8-4eda-80ec-ef44877d923f;category_regenerate;success;5;29371;;2025-11-21 20:01:13.113492+00;03765a40-f338-4035-a2ba-8928fff30834;
690bc014-2b85-47bc-82a2-95e04d51e1a1;0ebcb560-f1dc-4ae6-ab70-cfd69f43b46f;category_regenerate;success;5;33332;;2025-11-21 20:01:17.073985+00;03765a40-f338-4035-a2ba-8928fff30834;
67fb468d-a2b3-4fc2-abfc-c0c7c52d4757;6bb0517f-b301-4f70-bd4f-568cd3781277;category_regenerate;success;5;36908;;2025-11-21 20:01:20.654738+00;03765a40-f338-4035-a2ba-8928fff30834;
1eac2225-4c99-412f-a065-c41852b17e08;006c20cd-0aa1-4429-bae9-974f3c5e4a61;category_regenerate;success;5;40989;;2025-11-21 20:01:24.733023+00;03765a40-f338-4035-a2ba-8928fff30834;
f9dd68ff-3972-4711-8567-72669fd349b6;c74b349f-5e3d-4322-8e70-db22dfb7a98c;category_regenerate;success;5;44549;;2025-11-21 20:01:28.298709+00;03765a40-f338-4035-a2ba-8928fff30834;
89897dfb-289f-4c7d-96b0-ae08e82726a2;cd0edc07-ad7c-43a4-816c-b868a02c5648;category_regenerate;success;5;48688;;2025-11-21 20:01:32.433784+00;03765a40-f338-4035-a2ba-8928fff30834;
b065c37a-3f0b-4ef6-915e-c90295c8260f;3579dc12-1020-4d7b-aa21-0edd298059d8;category_regenerate;success;5;52025;;2025-11-21 20:01:35.768436+00;03765a40-f338-4035-a2ba-8928fff30834;
a5c5f06f-476d-4f81-a634-d0c06f556d3c;767f7aae-4b68-465e-b738-a94607103e83;category_regenerate;success;5;55820;;2025-11-21 20:01:39.568823+00;03765a40-f338-4035-a2ba-8928fff30834;
265fbc1c-8cc1-4d2a-ab00-4adc419f64e0;1c1db7aa-eacc-4fb2-962d-86b41dc01313;category_regenerate;success;5;59819;;2025-11-21 20:01:43.56773+00;03765a40-f338-4035-a2ba-8928fff30834;
ba7da4fb-ef93-4d63-8bfb-fad6c77e8c41;12b43851-c09f-4767-913a-851984a2e5d1;category_regenerate;success;5;63861;;2025-11-21 20:01:47.617574+00;03765a40-f338-4035-a2ba-8928fff30834;
d4be6cef-91f9-4a6a-8880-74a3d2cbcca9;2e469156-f4c0-48f2-b3c6-47f848847631;category_regenerate;success;5;69592;;2025-11-21 20:01:53.340133+00;03765a40-f338-4035-a2ba-8928fff30834;
ecf20206-f751-4e2f-9be4-db44d6075cd1;fdbc4ed9-b7f0-44b9-9a48-71479be09ca3;category_regenerate;success;5;73153;;2025-11-21 20:01:56.902428+00;03765a40-f338-4035-a2ba-8928fff30834;
741de397-f161-4c74-bde0-94ddcaf71429;7e760c51-3a4b-4d8c-b960-d3ba80378862;category_regenerate;success;5;77072;;2025-11-21 20:02:00.826825+00;03765a40-f338-4035-a2ba-8928fff30834;
a9406add-52b9-4074-a354-dc39a18cff4a;e131fa68-934a-45cf-bc3a-e5f0abcabe8a;category_regenerate;success;5;81738;;2025-11-21 20:02:05.486434+00;03765a40-f338-4035-a2ba-8928fff30834;
4277533c-23dd-43f7-aedc-a1a55d966082;ecaa627a-7887-4a43-98c8-c24e21c74498;category_regenerate;success;5;86040;;2025-11-21 20:02:09.784316+00;03765a40-f338-4035-a2ba-8928fff30834;
5ba9ab28-f6ab-460e-a2ba-ff00d064104e;5c6cfc43-382e-4dfb-a897-b34dfebddca9;category_regenerate;success;5;4094;;2025-11-21 20:04:30.566469+00;03765a40-f338-4035-a2ba-8928fff30834;
02ab27d9-43ae-4f7f-933e-2f48901f8cf4;fac7c35b-9153-439b-a409-5ef80388739f;category_regenerate;success;5;4638;;2025-11-21 20:05:12.998949+00;03765a40-f338-4035-a2ba-8928fff30834;
c3eb720a-1cdf-4a3d-8544-db1b57bd8dc2;91afaef0-9f6f-470c-9698-c6cdf4ca94b4;category_regenerate;success;5;3424;;2025-11-21 20:05:19.861905+00;03765a40-f338-4035-a2ba-8928fff30834;
f638b233-d598-4e6e-91d6-e5a70a8011d5;8598effd-6681-46ce-b813-4e3cef0a15b2;category_regenerate;success;5;3533;;2025-11-21 20:05:37.416594+00;03765a40-f338-4035-a2ba-8928fff30834;
5634a6ae-5731-45b8-9147-26208142110e;1755c8c6-8198-4e5b-9a42-d789f9cbe350;category_regenerate;success;5;3073;;2025-11-21 20:05:46.896795+00;03765a40-f338-4035-a2ba-8928fff30834;
d19d10c6-dc61-4761-8ac1-a736e87af279;86f18d38-c87c-47af-bc0d-066e674c157d;category_regenerate;success;5;3733;;2025-11-21 20:06:12.596488+00;03765a40-f338-4035-a2ba-8928fff30834;
7d9c3e56-440b-4462-a510-3f9e044f1d37;d5670faf-a2ca-476b-a322-8826add8f462;category_regenerate;success;5;3400;;2025-11-21 20:06:30.518769+00;03765a40-f338-4035-a2ba-8928fff30834;
008c07ea-f4f4-478a-9494-ad39cf74bf71;df48dbf1-cb12-430c-825d-1156d18384a5;category_regenerate;success;5;3537;;2025-11-21 20:06:52.654537+00;03765a40-f338-4035-a2ba-8928fff30834;
48e1d0c7-da49-4c1b-a3df-0890eed3c348;11c50335-e6b5-4704-b2bb-10663ec598a0;category_regenerate;success;5;3733;;2025-11-21 20:08:34.314917+00;03765a40-f338-4035-a2ba-8928fff30834;
5346eb56-4147-4a9a-8e7f-7f0f1df1ba29;8f4a2bb2-754a-4d09-8f86-8c298b786abf;category_regenerate;success;5;7658;;2025-11-21 20:08:38.270549+00;03765a40-f338-4035-a2ba-8928fff30834;
1011f719-c8b1-42eb-9433-f6d9056750d8;c0ed037d-e048-4efc-943d-26d63d8b8bc4;category_regenerate;success;5;12465;;2025-11-21 20:08:43.0702+00;03765a40-f338-4035-a2ba-8928fff30834;
e394a249-5075-4f67-9a98-4329a2cf42ca;1f7c0235-c537-42b9-a396-c9ec9f7dfe56;category_regenerate;success;5;24938;;2025-11-21 20:08:55.517239+00;03765a40-f338-4035-a2ba-8928fff30834;
e5ccf441-c9bd-4a06-8e39-5c6e5ef0fee7;893dfdf9-192b-4e74-85b1-446f23288a7f;category_regenerate;error;0;27955;AI did not return any FAQs;2025-11-21 20:08:58.533889+00;03765a40-f338-4035-a2ba-8928fff30834;
e8092408-ccbb-4ede-b0c6-1e5ba028fe56;373eeeca-a0c0-4bd3-ae17-ef6900ec8973;category_regenerate;success;5;31682;;2025-11-21 20:09:02.267331+00;03765a40-f338-4035-a2ba-8928fff30834;
ab9039b5-5dfb-410c-baad-8a2999b500f5;d0fe9403-122b-48c8-a9f5-56401cdc6a13;category_regenerate;success;5;35401;;2025-11-21 20:09:05.976687+00;03765a40-f338-4035-a2ba-8928fff30834;
da4177f3-b158-4efa-afc4-9eae517bc737;f317f870-e9fe-42ed-bf99-3e344e1e15cc;category_regenerate;success;5;39128;;2025-11-21 20:09:09.707804+00;03765a40-f338-4035-a2ba-8928fff30834;
0291fdd8-34f2-4478-9896-a8cc6cc8ebb0;3745c202-29ea-4327-98a6-090be7fa1ae1;category_regenerate;success;5;42571;;2025-11-21 20:09:13.147634+00;03765a40-f338-4035-a2ba-8928fff30834;
b4622d8a-18ff-4704-b67a-316512e2c201;993d585b-a87b-418d-aa98-1f428db8b790;category_regenerate;success;5;46069;;2025-11-21 20:09:16.647312+00;03765a40-f338-4035-a2ba-8928fff30834;
1a984344-f1f4-4ba8-8b44-59097dcf8225;28e7cc58-0b6d-474e-9d8f-e115d537fe32;category_regenerate;success;5;49840;;2025-11-21 20:09:20.418259+00;03765a40-f338-4035-a2ba-8928fff30834;
7d1df877-1790-4537-9272-3e68e7c52b54;702edf9d-c8fe-4466-9bb8-b91313a09202;category_regenerate;success;5;53727;;2025-11-21 20:09:24.308395+00;03765a40-f338-4035-a2ba-8928fff30834;
bdd6b121-d0ad-4ed1-be99-ba052a726b32;bfb44828-1ca0-4c07-bd47-25e46bb8b7a4;category_regenerate;success;5;57638;;2025-11-21 20:09:28.221282+00;03765a40-f338-4035-a2ba-8928fff30834;
236b876b-8cb1-4a72-832c-7b5a6454b1eb;b426b5cf-dd25-4dd3-a60f-1d7ea8cc0a5b;category_regenerate;success;5;61263;;2025-11-21 20:09:31.84345+00;03765a40-f338-4035-a2ba-8928fff30834;
60d580d9-07eb-46c6-b74a-ff9d3c80591f;d1c698be-cd9f-4d2f-8d3d-eefc13ce029b;category_regenerate;success;5;64899;;2025-11-21 20:09:35.481939+00;03765a40-f338-4035-a2ba-8928fff30834;
d95685fc-9fa7-4bd2-91a1-110ea05bab87;3dbc4652-8386-4a3e-868b-a026f7f8c7aa;category_regenerate;success;5;69131;;2025-11-21 20:09:39.711566+00;03765a40-f338-4035-a2ba-8928fff30834;
8ab88c75-54e5-42bf-9f41-4a588bc4d91d;f2172cb6-95b5-4ef4-b763-ba6578b2be6b;category_regenerate;success;5;73091;;2025-11-21 20:09:43.677148+00;03765a40-f338-4035-a2ba-8928fff30834;
196615c6-3b00-4bbd-af42-69b03f7bd135;ad78315b-111b-4627-8d53-f8e3a28b4966;category_regenerate;success;5;76358;;2025-11-21 20:09:46.944139+00;03765a40-f338-4035-a2ba-8928fff30834;
45c107d9-01b6-4780-8b96-366b74157052;60f578ad-9527-499b-b5f4-4005365f7b9a;category_regenerate;success;5;81015;;2025-11-21 20:09:51.595316+00;03765a40-f338-4035-a2ba-8928fff30834;
f173dd49-5bc4-40f1-bfef-a3a493c88d42;fbe1a404-9afc-420a-940a-27018ff8a81b;category_regenerate;success;5;84503;;2025-11-21 20:09:55.084451+00;03765a40-f338-4035-a2ba-8928fff30834;
4585a688-200f-4328-a933-57db348b3196;622db83c-6793-4075-8b3a-b1d9a68fcd9b;category_regenerate;success;5;88615;;2025-11-21 20:09:59.211386+00;03765a40-f338-4035-a2ba-8928fff30834;
225d1d53-b5f8-4f2b-b594-a3b0a2dcd37d;56893a99-db5d-44cd-ac7c-ab23dfad4f37;category_regenerate;error;0;90403;AI did not return any FAQs;2025-11-21 20:10:01.014985+00;03765a40-f338-4035-a2ba-8928fff30834;
ad0b28e5-553d-4a80-ad82-76a031937438;33596845-629a-47aa-b638-a5c522783716;category_regenerate;success;1;92459;;2025-11-21 20:10:03.059697+00;03765a40-f338-4035-a2ba-8928fff30834;
f5dee272-e2dc-4623-af92-709caadb6bec;4961a6d8-0209-4877-89e3-af0c3ea458a2;category_regenerate;success;5;98668;;2025-11-21 20:10:09.253778+00;03765a40-f338-4035-a2ba-8928fff30834;
b77a6a40-ff72-4db7-b3f1-ad6b14426c7e;8f46392e-f611-4b2c-bda2-41fce49f06e5;category_regenerate;success;5;102269;;2025-11-21 20:10:12.849052+00;03765a40-f338-4035-a2ba-8928fff30834;
66696edb-e245-4cb3-b1fc-04ad47ed9399;c223e4f3-8b67-4a3a-a0a3-ad5eec5df727;category_regenerate;success;5;106592;;2025-11-21 20:10:17.169475+00;03765a40-f338-4035-a2ba-8928fff30834;
e49823f7-88ed-4e36-af2d-a43393ccdef3;2ef5bde2-77cb-4541-9895-3290a352ca35;category_regenerate;success;5;110433;;2025-11-21 20:10:21.01569+00;03765a40-f338-4035-a2ba-8928fff30834;
ab686515-64b6-43ea-a2b6-1369b230e622;61cfeece-3aa1-4b12-bcec-2104b362c403;category_regenerate;success;5;114383;;2025-11-21 20:10:24.966228+00;03765a40-f338-4035-a2ba-8928fff30834;
3e53f22d-cc75-4550-8a22-0d82e58809b5;77db7c27-b639-4ae3-bb4d-d692ba2ade14;category_regenerate;success;5;118468;;2025-11-21 20:10:29.046998+00;03765a40-f338-4035-a2ba-8928fff30834;
4bd24365-09b1-4a27-a87a-0d701a08c579;4c45788c-07fc-45e7-882b-a13d0604448a;category_regenerate;success;5;125042;;2025-11-21 20:10:35.622863+00;03765a40-f338-4035-a2ba-8928fff30834;
7afbdd67-54e8-44c8-94c3-41c322314ce1;e6400ff2-a75f-4faf-9e19-04ba53b08ef6;category_regenerate;success;5;128254;;2025-11-21 20:10:38.83399+00;03765a40-f338-4035-a2ba-8928fff30834;
c21f4be6-d00c-44ae-96b3-3eda24a936b0;0de747e0-aa48-44b8-8578-5f5b3cff3cb9;category_regenerate;success;5;131856;;2025-11-21 20:10:42.434352+00;03765a40-f338-4035-a2ba-8928fff30834;
6f585563-1b9f-40bc-aee7-3b0912da269a;7790cce1-5286-4d60-a7fc-9a630ff71aaa;category_regenerate;success;5;135041;;2025-11-21 20:10:45.626984+00;03765a40-f338-4035-a2ba-8928fff30834;
e30b27dd-9e8b-49c8-94e4-5d034771896b;e3559853-6d7b-4645-abea-740bda6043e9;category_regenerate;success;5;138337;;2025-11-21 20:10:48.918108+00;03765a40-f338-4035-a2ba-8928fff30834;
e8da4fde-7b9a-4e18-b277-ee8be640a70c;7e7fb27d-27e9-4e93-bfef-dc89a31babf5;category_regenerate;success;5;142318;;2025-11-21 20:10:52.896326+00;03765a40-f338-4035-a2ba-8928fff30834;
f039bf02-d546-4385-9dd8-a43dbbf8ef5b;3cc781e9-227f-429c-966d-afef353e3ff0;category_regenerate;success;5;145418;;2025-11-21 20:10:55.997138+00;03765a40-f338-4035-a2ba-8928fff30834;
3df2b622-75c9-45ec-8fb9-af1f586b452f;75c497b8-0d82-4c70-bd15-1f8187dce92c;category_regenerate;success;5;149062;;2025-11-21 20:10:59.64036+00;03765a40-f338-4035-a2ba-8928fff30834;
9c3d836e-c0af-4ed8-8ce7-c1eaec61a886;de499af8-1318-40cd-9a93-fdc472664fbb;category_regenerate;success;5;3428;;2025-11-21 20:11:41.312605+00;03765a40-f338-4035-a2ba-8928fff30834;
c1af883d-1d3a-4552-ab10-edfa1c562eb0;e5202c3e-9f9b-46fb-b76b-fc79e889a3d0;category_regenerate;error;0;4756;AI did not return any FAQs;2025-11-21 20:11:42.690917+00;03765a40-f338-4035-a2ba-8928fff30834;
b1c5c3ec-8a99-439e-8229-e5c0d1128fb4;61b27f47-2f34-4b2e-950f-9e40f2116e55;category_regenerate;success;5;8822;;2025-11-21 20:11:46.710992+00;03765a40-f338-4035-a2ba-8928fff30834;
6700b87f-a485-4aca-b604-6c1796fc9cef;16fdefab-cd88-47d5-b0c6-35b9df2300eb;category_regenerate;success;5;13405;;2025-11-21 20:11:51.296428+00;03765a40-f338-4035-a2ba-8928fff30834;
03e0c073-0815-418d-88e7-9e1663b98c1c;a7354206-406c-4bb2-9ca7-d86ca6b66908;category_regenerate;success;5;17078;;2025-11-21 20:11:54.960355+00;03765a40-f338-4035-a2ba-8928fff30834;
997e716a-401d-4f9f-b028-86131b31c2c7;5095f11f-8528-4b84-b3d1-f5393e66f7d8;category_regenerate;success;5;21895;;2025-11-21 20:11:59.77764+00;03765a40-f338-4035-a2ba-8928fff30834;
27b39b62-36d5-4576-adb3-26546dbf81b9;e7f01c5e-6dc3-45e7-b07c-7b098ca4078d;category_regenerate;success;5;26887;;2025-11-21 20:12:04.773598+00;03765a40-f338-4035-a2ba-8928fff30834;
05fd84e7-3426-416e-bc57-75af32f45b7a;9dd3bb46-dfed-46cd-b180-bf9d52fdf206;category_regenerate;success;5;31234;;2025-11-21 20:12:09.275418+00;03765a40-f338-4035-a2ba-8928fff30834;
ba45f2d3-2fde-428b-835e-f2550f300cee;be03d496-87d6-4219-a907-78516f4f1c50;category_regenerate;success;5;36054;;2025-11-21 20:12:13.949854+00;03765a40-f338-4035-a2ba-8928fff30834;
afd89dc8-40a4-4585-a4a6-068fdffb1bd1;a14febbc-49b6-45af-bce6-f1980c081241;category_regenerate;success;5;40041;;2025-11-21 20:12:17.935413+00;03765a40-f338-4035-a2ba-8928fff30834;
ec5375ec-d817-45ff-9cea-a28095a4b15a;d8c4dd9b-0bb5-49c1-9b9e-64a5dd18406c;category_regenerate;success;5;44783;;2025-11-21 20:12:22.667658+00;03765a40-f338-4035-a2ba-8928fff30834;
386e57fe-ad38-4e45-8f86-f2650142a02c;a4cbd4fc-09ab-48a2-9b54-5d01b64b999f;category_regenerate;success;5;49044;;2025-11-21 20:12:26.927929+00;03765a40-f338-4035-a2ba-8928fff30834;
ca801e01-3d77-4128-8400-79ea6397ef25;982832b7-b8a2-4751-a3ca-92d55dd1c390;category_regenerate;success;5;53511;;2025-11-21 20:12:31.394115+00;03765a40-f338-4035-a2ba-8928fff30834;
214bd1ce-3569-4e3e-af70-b42107a1fb61;5ee9003a-8b88-4148-906b-ca3a08806fd8;category_regenerate;success;5;57496;;2025-11-21 20:12:35.377635+00;03765a40-f338-4035-a2ba-8928fff30834;
f66aa5e7-11c2-4f2f-a8f3-a013335e77ed;3b01367d-c749-4e22-b42f-b8f65a853a47;category_regenerate;success;5;62687;;2025-11-21 20:12:40.573172+00;03765a40-f338-4035-a2ba-8928fff30834;
3da68797-754b-4196-9b1d-aba5476598ea;312e52e5-a8e2-4517-b2b2-9631d219e8f1;category_regenerate;success;5;66222;;2025-11-21 20:12:44.113286+00;03765a40-f338-4035-a2ba-8928fff30834;
ab81da1c-0055-48be-90bc-8fa9bea5c552;8c7f55fc-cf8f-4470-800f-ceccaa37e7eb;category_regenerate;success;5;74614;;2025-11-21 20:12:52.498613+00;03765a40-f338-4035-a2ba-8928fff30834;
54cbee48-33fe-4ae6-91df-faf6d7d8578f;1f9aac57-d37f-4f4b-b6a3-a1e130a7b88c;category_regenerate;success;5;78666;;2025-11-21 20:12:56.548016+00;03765a40-f338-4035-a2ba-8928fff30834;
9d6b6c22-c3f4-4dc9-bccd-f4f1b328c85e;6937e32c-cb8d-4e82-bac1-df5e3b9df2a6;category_regenerate;success;5;82480;;2025-11-21 20:13:00.370513+00;03765a40-f338-4035-a2ba-8928fff30834;
ce230bc2-5f1d-4fc8-b763-d46cf45953c9;689fe660-578c-48f5-91d4-fa6888cb8eb4;category_regenerate;success;5;86811;;2025-11-21 20:13:04.700705+00;03765a40-f338-4035-a2ba-8928fff30834;
7a6fc220-ce2a-4d68-854d-04cf84130842;8e2499c1-bd4a-449d-bd9b-e16a3c26af02;category_regenerate;success;5;4832;;2025-11-21 20:13:20.03391+00;03765a40-f338-4035-a2ba-8928fff30834;
cdc673e1-263e-4015-887d-068a88ab1e20;aada2351-3a05-498e-b4a5-79f4686996f9;category_regenerate;success;5;8258;;2025-11-21 20:13:23.479087+00;03765a40-f338-4035-a2ba-8928fff30834;
7b2526ee-8025-4278-88f4-bdf818c9b9f7;793db771-03c2-44cb-b55d-6c8b71be510b;category_regenerate;success;5;12600;;2025-11-21 20:13:27.800048+00;03765a40-f338-4035-a2ba-8928fff30834;
e6a29d9d-98ac-40d1-83b2-dfe8362a5016;e34898c0-d6f0-44e1-a89f-7c0058c92839;category_regenerate;success;5;12490;;2025-11-21 20:16:33.555512+00;03765a40-f338-4035-a2ba-8928fff30834;
49af014e-497f-41c5-9317-b370a7da2bef;921bee15-be57-4fad-bb9d-e98ae9c98f06;category_regenerate;success;5;16688;;2025-11-21 20:16:37.749618+00;03765a40-f338-4035-a2ba-8928fff30834;
3d233d92-3b74-47a6-a34c-f323fe43d8a5;35b15c72-384e-479b-9347-4d9e6d3e9ff9;category_regenerate;success;5;4492;;2025-11-21 20:17:28.176261+00;03765a40-f338-4035-a2ba-8928fff30834;
86739886-0e74-413e-a2a1-3f47a902ed9e;3fa58f81-b312-4eaf-a9fd-902ef547868d;category_regenerate;success;5;8322;;2025-11-21 20:17:31.989633+00;03765a40-f338-4035-a2ba-8928fff30834;
1f8b79ab-98c8-4f64-8bf1-6d8a6d1e67d2;94229ad5-33a1-48de-843d-c55950722b8e;category_regenerate;success;5;12583;;2025-11-21 20:17:36.250667+00;03765a40-f338-4035-a2ba-8928fff30834;
a6a4b0e9-3910-499c-93a6-f41b1be4c10c;6d29c6ea-7b39-4c91-960d-6aba4493dd2f;category_regenerate;success;5;3303;;2025-11-21 20:17:51.415778+00;03765a40-f338-4035-a2ba-8928fff30834;
fb7d4802-7762-4a99-af09-9a42c8ac1ef9;4986b14a-139a-469a-b851-8a625643cb94;category_regenerate;success;5;7122;;2025-11-21 20:17:55.238598+00;03765a40-f338-4035-a2ba-8928fff30834;
99425cf6-3bee-4000-90c6-e7d3ee2288f9;f8768457-209c-490d-9fcf-82041dc85e16;category_regenerate;success;5;11555;;2025-11-21 20:17:59.666771+00;03765a40-f338-4035-a2ba-8928fff30834;
a4987dcb-dfdd-4833-9e30-ba25664a394e;a3039778-e93f-4cad-9366-cf878a46bc02;category_regenerate;success;5;15008;;2025-11-21 20:18:03.131148+00;03765a40-f338-4035-a2ba-8928fff30834;
61d386e9-5f81-4cf8-9227-dbc656a90ca1;ce498e92-cf8d-4029-915a-12b05073e14c;category_regenerate;success;5;9022;;2025-11-21 20:19:14.526958+00;03765a40-f338-4035-a2ba-8928fff30834;
efed5ed8-4b52-4232-a6cf-4b5a216e74f9;aba8d745-7aaa-415e-a0b3-58fdb08b2c81;category_regenerate;success;5;13102;;2025-11-21 20:19:18.603685+00;03765a40-f338-4035-a2ba-8928fff30834;
bfdb9e24-61c8-436e-ae58-10b1de9ee902;1b411836-2748-44fb-af65-c8600385b4c5;category_regenerate;success;5;21178;;2025-11-21 20:19:26.675225+00;03765a40-f338-4035-a2ba-8928fff30834;
bb670b00-99ea-4077-8a68-38540b744369;2ccf1b2a-42fa-468b-904f-d2246fc99a24;category_regenerate;success;5;3780;;2025-11-21 20:19:50.040422+00;03765a40-f338-4035-a2ba-8928fff30834;
0947e4a2-311a-45a3-bc0e-fb0f03334427;0108fd90-cc34-4c84-b491-68d3b6b8d064;category_regenerate;success;5;7551;;2025-11-21 20:19:53.811017+00;03765a40-f338-4035-a2ba-8928fff30834;
31a1f0a5-6004-4196-b2c0-bb5c6a9285bd;dbe52b9e-9820-4068-8c15-1a0bf89b01c3;category_regenerate;success;5;10918;;2025-11-21 20:19:57.177163+00;03765a40-f338-4035-a2ba-8928fff30834;
e65d3c4f-44dc-41c2-8774-75ea570d1fbe;a31f68cf-6d36-4827-8208-cbcf4053633b;category_regenerate;success;5;16888;;2025-11-21 20:20:03.150167+00;03765a40-f338-4035-a2ba-8928fff30834;
642281ff-77a7-4945-afb1-61f9459ab35c;78464851-2cf0-4ef6-8eda-1b921b2663ed;category_regenerate;success;5;20616;;2025-11-21 20:20:06.871123+00;03765a40-f338-4035-a2ba-8928fff30834;
96e221a7-9224-40fd-a79d-9f03663b2a18;a89421be-41f3-4e6e-bdd8-d69885fa9cdc;category_regenerate;success;5;24586;;2025-11-21 20:20:10.840755+00;03765a40-f338-4035-a2ba-8928fff30834;
375dbef5-6ba5-4480-8489-8b81a4678444;2d246a3b-4d8e-4789-92d6-384d15904dec;category_regenerate;success;5;28641;;2025-11-21 20:20:14.897625+00;03765a40-f338-4035-a2ba-8928fff30834;
9cc378ef-7099-45c1-8821-c37cc9dbdbd2;1c973700-9f33-40fc-ace2-c42dcc6d9c5f;category_regenerate;success;5;32740;;2025-11-21 20:20:18.996917+00;03765a40-f338-4035-a2ba-8928fff30834;
9ad7c2c3-c4b9-4a62-9444-e63a63f6577b;2c37f571-1b2f-4a82-97fd-2d28318f3519;category_regenerate;success;5;38596;;2025-11-21 20:20:24.852116+00;03765a40-f338-4035-a2ba-8928fff30834;
97c7538e-99df-42a1-a76c-b19dc9bd6bf2;d2a23228-16f7-48cf-b7d2-d9263cebd655;category_regenerate;success;5;42563;;2025-11-21 20:20:28.818691+00;03765a40-f338-4035-a2ba-8928fff30834;
4a93b01a-65d6-472d-82dc-c9fb93ce3c32;fb38d668-cd15-4167-a29e-19efdb658936;category_regenerate;success;5;46523;;2025-11-21 20:20:32.777268+00;03765a40-f338-4035-a2ba-8928fff30834;
84a2175f-06dd-4b15-ba80-80384f1c4877;6ae126e0-e2c7-480c-a6b1-e69f2c7dfd44;category_regenerate;success;5;50961;;2025-11-21 20:20:37.223149+00;03765a40-f338-4035-a2ba-8928fff30834;
aab2fd5d-9541-4b5a-a070-f8da6ff57c27;7f6f39dd-cacd-4bde-b000-3f323f70ca5e;category_regenerate;success;5;54542;;2025-11-21 20:20:40.803455+00;03765a40-f338-4035-a2ba-8928fff30834;
de6251d4-1866-4c38-9d43-09f801cfa8b1;83cbdbaa-3c65-4cb7-8ad9-4c9c4c15564f;category_regenerate;success;5;58350;;2025-11-21 20:20:44.619013+00;03765a40-f338-4035-a2ba-8928fff30834;
3888ddfe-7f51-4b3f-ab77-7798f834c759;34a0cb2e-dcf7-4e06-8eaf-5a12bbf1dedb;category_regenerate;success;5;74070;;2025-11-21 20:21:00.327816+00;03765a40-f338-4035-a2ba-8928fff30834;
753e3bce-d8ec-465a-b784-e6ff717a4159;ee6875e6-de41-425c-b899-8b19ba9019b6;category_regenerate;success;5;77880;;2025-11-21 20:21:04.135918+00;03765a40-f338-4035-a2ba-8928fff30834;
9a2d4f01-e5ff-4e0c-bbaa-775e5e775b46;958d9334-f79a-46ea-b699-4f15f8263970;category_regenerate;success;5;17017;;2025-11-21 20:21:47.461446+00;03765a40-f338-4035-a2ba-8928fff30834;
53d08314-19da-43f1-aef6-ccfad07d0b76;6527407f-41c5-4fbc-8dbb-2adde1e61ccb;category_regenerate;success;5;3422;;2025-11-21 20:22:10.093105+00;03765a40-f338-4035-a2ba-8928fff30834;
131caa8d-763e-4ac9-afae-8ed5dc8592fa;15bdc57b-e767-49ff-8a03-e83c6e47c45c;category_regenerate;success;5;6403;;2025-11-21 20:22:42.634788+00;03765a40-f338-4035-a2ba-8928fff30834;
77306621-7c22-4926-b465-c01b55ae2072;affd735f-ebd8-4445-b00c-9bea7b43317b;category_regenerate;success;5;10998;;2025-11-21 20:22:47.250528+00;03765a40-f338-4035-a2ba-8928fff30834;
169c143c-6ad1-4369-956e-d41a2bc1bbc0;671844da-ab74-4e73-b258-f88f3ad11411;category_regenerate;success;5;15592;;2025-11-21 20:22:51.836843+00;03765a40-f338-4035-a2ba-8928fff30834;
7cc28453-21f1-4f9c-8de6-29fd98e196ef;87657d33-4d94-46e8-8394-040fc4f0d6dc;category_regenerate;success;5;20290;;2025-11-21 20:22:56.54035+00;03765a40-f338-4035-a2ba-8928fff30834;
4a42a89d-7415-44b0-a5ce-b58e78722ae8;b5ed8c1c-0913-43d1-b145-36ad910dcc4c;category_regenerate;success;5;24096;;2025-11-21 20:23:00.358783+00;03765a40-f338-4035-a2ba-8928fff30834;
2523042c-ea77-4817-b9a3-14fe9466747d;0d28d96f-b65d-4a8d-b8c1-46ed852333b8;category_regenerate;success;5;28002;;2025-11-21 20:23:04.247534+00;03765a40-f338-4035-a2ba-8928fff30834;
22136642-c8f2-4fc6-b073-57f355e2bd5c;b2c5afb3-385c-4a4a-8c98-a7ccf7432fb7;category_regenerate;success;5;32135;;2025-11-21 20:23:08.364579+00;03765a40-f338-4035-a2ba-8928fff30834;
5f09292f-b27e-4f47-95b5-7c51c7a7213b;91f7fc88-3b7b-4802-9446-f9230a8b4a61;category_regenerate;success;5;36020;;2025-11-21 20:23:12.246955+00;03765a40-f338-4035-a2ba-8928fff30834;
614ed13a-fd63-4b43-b812-08e3075dd3f6;e56d1436-8505-4d8b-9940-c1d4a54fa2c8;category_regenerate;success;5;40559;;2025-11-21 20:23:16.787872+00;03765a40-f338-4035-a2ba-8928fff30834;
6bac5053-d529-47ff-812c-b5aa6d73f64a;1141e6fb-29bd-4caa-b2d3-94212b6e589e;category_regenerate;success;5;45069;;2025-11-21 20:23:21.294322+00;03765a40-f338-4035-a2ba-8928fff30834;
1ad3c44a-8490-416a-95db-ee42f52132fd;6197544b-5e8f-4c1a-ac65-9ea40c3f3a39;category_regenerate;success;5;48445;;2025-11-21 20:23:24.669883+00;03765a40-f338-4035-a2ba-8928fff30834;
b077c81f-9be0-481c-9656-4b89ee2d6e72;86c23f21-7611-401a-9705-67c8f3c68281;category_regenerate;success;5;3904;;2025-11-21 20:23:48.64452+00;03765a40-f338-4035-a2ba-8928fff30834;
62cc45dd-cf91-4c3f-93a9-18cdadedf384;9691f18a-f7dd-4dab-a8d9-212be4b9faa1;category_regenerate;success;5;8191;;2025-11-21 20:23:52.927651+00;03765a40-f338-4035-a2ba-8928fff30834;
53911e23-5250-4ed6-9391-db4fd20b1c7e;4de0d82a-dffd-4fed-9a9b-7f4ce6dbda6d;category_regenerate;success;5;12366;;2025-11-21 20:23:57.104088+00;03765a40-f338-4035-a2ba-8928fff30834;
7b272e24-1088-4f49-baf5-e9418de55f1a;5b7a773f-10ee-4feb-8abb-56ee74a646f9;category_regenerate;success;5;16864;;2025-11-21 20:24:01.61239+00;03765a40-f338-4035-a2ba-8928fff30834;
f63e1363-2a04-4851-97cd-dd5a531322cd;174e5a48-de41-4350-9eae-491571e5ea1a;category_regenerate;success;5;21388;;2025-11-21 20:24:06.12264+00;03765a40-f338-4035-a2ba-8928fff30834;
6c9ecd2d-3ea6-44ed-814d-63967ad9a360;4ce5c5bd-e753-4347-b963-ae664d0bb4ea;category_regenerate;success;5;25163;;2025-11-21 20:24:09.904527+00;03765a40-f338-4035-a2ba-8928fff30834;
9e42916d-c923-4160-a5a6-0b53f4685b48;74440432-6819-4460-8f76-4a563d072d12;category_regenerate;success;5;3115;;2025-11-21 20:25:55.652357+00;03765a40-f338-4035-a2ba-8928fff30834;
aa275207-2a7a-4eb4-bf8f-0b8fe12eb1aa;c56787bf-e424-4cdc-9bc8-de01e7b22f9f;category_regenerate;success;5;6434;;2025-11-21 20:25:58.974679+00;03765a40-f338-4035-a2ba-8928fff30834;
c3ce8593-c605-4e72-a38f-fc45d2918b41;da6b0c76-0d9c-456b-bbc1-3f9d1c1af5bd;category_regenerate;success;5;10359;;2025-11-21 20:26:02.893461+00;03765a40-f338-4035-a2ba-8928fff30834;
68cfcb22-c61b-46a6-a937-cf8e33903621;50edf0f7-cfba-4beb-a5e0-472bf98c86a2;category_regenerate;success;5;14259;;2025-11-21 20:26:06.793762+00;03765a40-f338-4035-a2ba-8928fff30834;
8da6e25d-8f1c-4341-ac0c-2c530adb49f1;2add98c3-ca46-4c79-b4b9-a185facbaacb;category_regenerate;success;5;18368;;2025-11-21 20:26:10.904507+00;03765a40-f338-4035-a2ba-8928fff30834;
a90c523d-237b-45cd-9067-becf18d3545f;59aa8c5f-c51a-4243-8947-8ca0043e17f0;category_regenerate;success;5;22058;;2025-11-21 20:26:14.593148+00;03765a40-f338-4035-a2ba-8928fff30834;
b5ac6214-8033-4038-a469-65bf246af08d;9a9c85db-7fb7-44cc-a36a-e93a3315a17c;category_regenerate;success;5;2628;;2025-11-21 20:27:25.155356+00;03765a40-f338-4035-a2ba-8928fff30834;
f3b2d1ae-7522-46e7-844e-fc5d111b7578;f4556954-c692-4bf3-b0ce-ea05b6e217b4;category_regenerate;success;5;6631;;2025-11-21 20:27:29.153246+00;03765a40-f338-4035-a2ba-8928fff30834;
e6c027ef-d67a-4a9d-94c7-009c09753630;f373e46b-439f-4612-b949-db5ee37fbbd3;category_regenerate;success;5;10305;;2025-11-21 20:27:32.829947+00;03765a40-f338-4035-a2ba-8928fff30834;
0add42ab-42b9-4d22-8f69-5dccdeaaf0b6;3be9a498-673f-4ad1-91c5-7cf8416ac7b1;category_regenerate;success;5;13886;;2025-11-21 20:27:36.414232+00;03765a40-f338-4035-a2ba-8928fff30834;
accb2ac2-88e9-424d-9875-1580b91c43d0;453b3b37-afbe-4a4d-bcfc-a0fa4ae3202f;category_regenerate;error;0;15334;AI did not return any FAQs;2025-11-21 20:27:37.853131+00;03765a40-f338-4035-a2ba-8928fff30834;
3696e096-ca3c-43d3-b026-831c82c12534;e70acfaa-270d-4717-bba2-1580ac0ea710;category_regenerate;success;5;18040;;2025-11-21 20:27:40.558316+00;03765a40-f338-4035-a2ba-8928fff30834;
42dc5e4d-9117-4d09-b062-f84311018db8;2c5a011b-e170-43ad-a6e9-49cf84e351de;category_regenerate;success;5;21730;;2025-11-21 20:27:44.249872+00;03765a40-f338-4035-a2ba-8928fff30834;
722b0fce-b034-4905-a3de-a3a4d856b0df;c11cf2e9-7898-431e-bded-51e147bd6ed6;category_regenerate;success;5;25398;;2025-11-21 20:27:47.92072+00;03765a40-f338-4035-a2ba-8928fff30834;
e295110f-d6a6-4163-87ae-29b94499734d;f41d104c-25fd-4c09-8abf-7c11c42bd5b0;category_regenerate;success;5;3139;;2025-11-21 20:29:18.388147+00;03765a40-f338-4035-a2ba-8928fff30834;
b45529a1-c2cb-40cf-9140-d05161980ce4;ab05e217-aa88-499d-b0ca-e03cbe70489c;category_regenerate;success;5;2955;;2025-11-21 20:30:42.983798+00;03765a40-f338-4035-a2ba-8928fff30834;
21c919b3-e0e8-46a1-8a5f-ffd47595826c;d8764f3c-823e-4e11-a852-f5eed1a6a0c4;category_regenerate;success;5;7248;;2025-11-21 20:30:47.276934+00;03765a40-f338-4035-a2ba-8928fff30834;
9ab0a657-d61a-4b75-896d-f9393c4dbf66;58710ab8-a29e-4f2a-82a7-867f664c50f0;category_regenerate;success;5;11055;;2025-11-21 20:30:51.092033+00;03765a40-f338-4035-a2ba-8928fff30834;
83c52b6a-e7e3-49e2-b75a-30a4058df495;07c5a6dd-e714-4db7-92b6-54707d54921d;category_regenerate;success;5;14568;;2025-11-21 20:30:54.61478+00;03765a40-f338-4035-a2ba-8928fff30834;
34dd125e-b98c-45d2-8f6d-c9b1fec8523e;e40979d8-31c7-41b2-8138-19d7ba873404;category_regenerate;success;5;18547;;2025-11-21 20:30:58.576554+00;03765a40-f338-4035-a2ba-8928fff30834;
761530e0-4781-4f82-aef0-46db00fd7267;c2968b4f-5210-4a42-bc48-cfdde59e9b17;category_regenerate;success;5;23069;;2025-11-21 20:31:03.097264+00;03765a40-f338-4035-a2ba-8928fff30834;
764b1788-b712-4dd1-96fa-b6be6d86adcb;44d20b45-3c0a-4ead-8883-11865b42cb80;category_regenerate;success;5;27510;;2025-11-21 20:31:07.542109+00;03765a40-f338-4035-a2ba-8928fff30834;
c3982df8-e902-48de-a866-56dcc2b4b61b;0d3452b4-a11d-470c-aedf-748dbb544ad4;category_regenerate;success;5;31715;;2025-11-21 20:31:11.761652+00;03765a40-f338-4035-a2ba-8928fff30834;
112b03fd-5825-4f1e-8d3b-e3a94bee4b32;7cecef17-56b7-46fc-a318-443e53a6804b;category_regenerate;success;5;34698;;2025-11-21 20:31:14.726598+00;03765a40-f338-4035-a2ba-8928fff30834;
ea451319-a3eb-4223-a281-e4036c27554d;aab05a00-2e66-4c6f-a5cd-a7d678c8c073;category_regenerate;error;0;35905;AI did not return any FAQs;2025-11-21 20:31:15.934485+00;03765a40-f338-4035-a2ba-8928fff30834;
a6f5dd72-fc1b-440b-99af-7e15b6363ef2;7d5f5faa-b632-4057-bb74-5c325ec1de07;category_regenerate;success;5;39135;;2025-11-21 20:31:19.161173+00;03765a40-f338-4035-a2ba-8928fff30834;
ff3e22bf-96c3-4005-8cc5-42f3e46b67d3;4aefb210-5339-4962-9122-6060f5302fb0;category_regenerate;success;5;42438;;2025-11-21 20:31:22.479331+00;03765a40-f338-4035-a2ba-8928fff30834;
0a2335b5-f745-4866-8a73-43f21564f76f;4ce9d86c-8ab6-45f3-9de2-f58801d6e938;category_regenerate;success;5;46136;;2025-11-21 20:31:26.166647+00;03765a40-f338-4035-a2ba-8928fff30834;
7e34e39e-0f31-41bf-8dca-19595bd4e9f8;a10917d0-4b63-4009-8f54-ae2e874f13d3;category_regenerate;success;5;49654;;2025-11-21 20:31:29.680275+00;03765a40-f338-4035-a2ba-8928fff30834;
d2a3a7b8-2b66-4c1b-9695-5bd950f50308;4eb1a3da-7a2e-4bff-abdb-40a88090ea52;category_regenerate;success;5;54042;;2025-11-21 20:31:34.080821+00;03765a40-f338-4035-a2ba-8928fff30834;
935f3d79-0781-4ce2-9aa7-fb07d3b57e94;f68c29db-ba15-4615-aab5-2efff1fc6397;category_regenerate;success;5;3761;;2025-11-21 20:32:01.967404+00;03765a40-f338-4035-a2ba-8928fff30834;
edfbc044-37ce-4d0c-bc21-c51ab914e9c9;b5be312b-9dd1-459c-aa11-ea2738e1b4ab;category_regenerate;success;5;4432;;2025-11-21 20:32:51.36247+00;03765a40-f338-4035-a2ba-8928fff30834;
22ef5ae4-7cfd-477c-a642-af1dc09dff37;4931500c-c7a5-49d8-bc5c-86d0d1be7e76;category_regenerate;success;5;7747;;2025-11-21 20:32:54.678201+00;03765a40-f338-4035-a2ba-8928fff30834;
c26ff7d0-173f-4796-8ff2-1736d0fdcef6;86294b3c-3065-4abf-acc6-40a11376024e;category_regenerate;success;5;12074;;2025-11-21 20:32:59.005541+00;03765a40-f338-4035-a2ba-8928fff30834;
ce276c16-0f2f-4fdf-9bd1-a250183fe080;2632b6f8-a8fb-4232-87fa-c5a44372d150;category_regenerate;success;5;16063;;2025-11-21 20:33:02.994303+00;03765a40-f338-4035-a2ba-8928fff30834;
43cbdfbd-4811-4472-a415-83fdd6f1912b;da371775-f083-4421-b29f-41819c3c927e;category_regenerate;success;5;19736;;2025-11-21 20:33:06.67298+00;03765a40-f338-4035-a2ba-8928fff30834;
83de9c5c-71d6-48c3-9899-c5827c9ef09b;c51e5227-5db5-477d-a560-cc85bad1eac7;category_regenerate;success;5;23696;;2025-11-21 20:33:10.627236+00;03765a40-f338-4035-a2ba-8928fff30834;
bbf719d4-ff69-434b-a0f5-abaa300858f9;b5e35753-bcad-4c01-8175-4011b560061d;category_regenerate;success;5;27646;;2025-11-21 20:33:14.582063+00;03765a40-f338-4035-a2ba-8928fff30834;
ce882567-a325-4a54-bfae-cfde0f6f7c5b;14e372f8-76d7-4ea8-a348-54c2343632d9;category_regenerate;success;5;31176;;2025-11-21 20:33:18.107084+00;03765a40-f338-4035-a2ba-8928fff30834;
f8970a7b-1cd7-4d5a-9d42-600392d09030;5a27e8f1-6f57-43ba-919c-c2a50c27d140;category_regenerate;success;5;35034;;2025-11-21 20:33:21.967793+00;03765a40-f338-4035-a2ba-8928fff30834;
694bb946-3984-4bd2-bfc4-9a30ab2f63bc;b8847db0-d41c-4d30-a37c-f98e0362e04a;category_regenerate;success;5;39838;;2025-11-21 20:33:26.770859+00;03765a40-f338-4035-a2ba-8928fff30834;
5e00ed22-ff62-4ded-918e-839de3d78f8b;2d14e561-2c90-4878-8d10-b200a7324347;category_regenerate;success;5;3587;;2025-11-21 20:34:05.394881+00;03765a40-f338-4035-a2ba-8928fff30834;
3f40c376-019e-4cd4-9b1a-b940e2c4c3c0;d068a495-a305-4b90-b973-6ed3f64d2df6;category_regenerate;success;5;7512;;2025-11-21 20:34:09.322062+00;03765a40-f338-4035-a2ba-8928fff30834;
9423b1cc-f8e4-4da9-9ba0-ec3cc60f6c68;ec7d33a3-7a83-46b2-8040-27f5bd519d4e;category_regenerate;success;5;11720;;2025-11-21 20:34:13.522912+00;03765a40-f338-4035-a2ba-8928fff30834;
a953f343-ba30-4661-99de-e0cd5938b7d7;492e6763-5aa9-4fc4-bc2c-675b7a1f7eb0;category_regenerate;success;5;15371;;2025-11-21 20:34:17.186671+00;03765a40-f338-4035-a2ba-8928fff30834;
56c547d3-18f3-4e8b-8acd-f0dd5b49f5fe;e0c73ec2-09d5-46f9-8d6a-f1560c863d15;category_regenerate;success;5;20177;;2025-11-21 20:34:21.978486+00;03765a40-f338-4035-a2ba-8928fff30834;
bfdf9294-74cd-4feb-b3f2-97b73f45f1ce;2cdb211d-2957-404f-8cf3-cdc89d7680d5;category_regenerate;success;5;23422;;2025-11-21 20:34:25.224155+00;03765a40-f338-4035-a2ba-8928fff30834;
25d1137a-41a7-4446-89f4-68043bc27d90;ec2e5c1a-9d25-4b1d-a09c-ea500c07353f;category_regenerate;success;5;27437;;2025-11-21 20:34:29.239544+00;03765a40-f338-4035-a2ba-8928fff30834;
baa33e05-a84a-439a-b543-337eba355cb9;20eb0c59-9bda-4990-a73e-3d7278adfb2e;category_regenerate;success;5;31449;;2025-11-21 20:34:33.25072+00;03765a40-f338-4035-a2ba-8928fff30834;
88126213-056b-406d-b3d6-7830bf4364df;96d1bf21-faa1-49bc-82a4-961746875bde;category_regenerate;success;5;3761;;2025-11-21 20:34:53.095787+00;03765a40-f338-4035-a2ba-8928fff30834;
82a440ee-7070-4330-a9d1-923813e714d5;5205ce60-5f11-4af8-a652-ea3f8c717a88;category_regenerate;success;5;6765;;2025-11-21 20:34:56.085672+00;03765a40-f338-4035-a2ba-8928fff30834;
bae57b74-3edc-497f-98a6-e1aade05223a;c403358d-a790-479e-b7d1-15844225da81;category_regenerate;success;5;10434;;2025-11-21 20:34:59.752598+00;03765a40-f338-4035-a2ba-8928fff30834;
56dc14e6-cb6d-4420-98e9-d84d1356f518;1a47330c-1cf4-49c9-878d-be8dd55f4b3f;category_regenerate;success;5;14567;;2025-11-21 20:35:03.886479+00;03765a40-f338-4035-a2ba-8928fff30834;
bf73dfb0-852f-40c2-a28f-3fc330553d05;65e3d3b1-46de-4c77-82da-4d5e04214cf7;category_regenerate;success;5;18676;;2025-11-21 20:35:07.993043+00;03765a40-f338-4035-a2ba-8928fff30834;
75f4db40-893e-4ba5-b86a-09c086f17c22;f815015e-5bfb-41a4-b1fa-9f8475798acd;category_regenerate;success;5;22429;;2025-11-21 20:35:11.749202+00;03765a40-f338-4035-a2ba-8928fff30834;
564de303-74e7-4c5a-ac92-56c62ff8a67a;129cb066-df05-4625-a9de-2619472e26a6;category_regenerate;success;5;26420;;2025-11-21 20:35:15.740519+00;03765a40-f338-4035-a2ba-8928fff30834;
c77cab48-e4ea-4b34-8a10-16980c062e67;02d6f9ea-cb93-40bc-a87d-9d2e36fc715e;category_regenerate;success;5;30596;;2025-11-21 20:35:19.913764+00;03765a40-f338-4035-a2ba-8928fff30834;
cb96d74f-812b-4e91-b7d2-8cf40d288b5d;2afcf3ba-cdaf-4f04-af02-5654b99959fd;category_regenerate;success;5;34508;;2025-11-21 20:35:23.834101+00;03765a40-f338-4035-a2ba-8928fff30834;
a2124612-e700-404a-a573-2b51c15d612f;0ef10f78-1361-4857-a55a-4a05f9a134aa;category_regenerate;success;5;38366;;2025-11-21 20:35:27.687087+00;03765a40-f338-4035-a2ba-8928fff30834;
b4bfdd31-bb2f-4768-b414-376ba5c22604;25e7f944-9f6f-4da9-b9a5-18aeb7a9d100;category_regenerate;success;5;41874;;2025-11-21 20:35:31.201022+00;03765a40-f338-4035-a2ba-8928fff30834;
60260fe7-f352-44f6-859b-8e0aa2b09a6d;35de5914-0bf3-4035-ac09-e3d53bacca41;category_regenerate;success;5;45710;;2025-11-21 20:35:35.031417+00;03765a40-f338-4035-a2ba-8928fff30834;
c29aecc4-4e00-4744-a15d-df37ad9e320c;0538bef4-3fd6-415a-814b-4a052ba7284c;category_regenerate;success;5;58472;;2025-11-21 20:35:47.796702+00;03765a40-f338-4035-a2ba-8928fff30834;
91ded25d-dece-4474-bff6-9f57d1b3c3a5;f54f6fca-3d74-4288-a4cc-8f17227cb239;category_regenerate;success;5;50529;;2025-11-21 20:35:39.85336+00;03765a40-f338-4035-a2ba-8928fff30834;
cd125eaf-13f4-4912-a7f5-5115a7048b2d;58aad526-c357-4a77-9ead-c9b83004fdf9;category_regenerate;success;5;3935;;2025-11-21 20:36:46.04485+00;03765a40-f338-4035-a2ba-8928fff30834;
8f2187bf-7fb1-4ab9-aee3-e66d50b0dcf4;b76dc564-49cc-48ef-bf65-8b995fea95f8;category_regenerate;success;5;55213;;2025-11-21 20:35:44.544724+00;03765a40-f338-4035-a2ba-8928fff30834;
4143bfcd-216d-494f-9378-aadd61777e85;936a554d-3345-4011-b141-7fea391fe3a7;category_regenerate;success;5;3784;;2025-11-21 20:36:19.353411+00;03765a40-f338-4035-a2ba-8928fff30834;
956c1e93-9a82-47d0-8c16-27dc93f41e73;f8fbcbf5-4891-4734-9eba-2d55561d33b3;category_regenerate;success;5;3996;;2025-11-21 20:37:32.071281+00;03765a40-f338-4035-a2ba-8928fff30834;
0dc02231-6fb7-45a4-b367-8d711ac93d24;9d16b707-217a-41d2-973e-285352d21c4d;category_regenerate;success;5;2773;;2025-11-21 20:37:41.691147+00;03765a40-f338-4035-a2ba-8928fff30834;
be91a338-9f5d-4383-8461-1ef982219779;9f51600a-64d9-495f-b196-109ff0626d4e;category_regenerate;success;5;6930;;2025-11-21 20:37:45.848526+00;03765a40-f338-4035-a2ba-8928fff30834;
57d12423-f50d-498b-b960-c73dd2009b48;da557acb-1717-46f1-ab2e-674389ec3758;category_regenerate;success;5;9735;;2025-11-21 20:37:48.659587+00;03765a40-f338-4035-a2ba-8928fff30834;
4f28a49c-199d-4f4f-bb1f-bc4bf3d4f1ca;816b7cb7-c24f-41a6-9012-bd2ae43c1925;category_regenerate;success;5;14166;;2025-11-21 20:37:53.084826+00;03765a40-f338-4035-a2ba-8928fff30834;
66f30d57-8737-4b31-965a-e43b76eaf0a3;304d1194-987a-464c-8906-24e44831f0e1;category_regenerate;success;5;18493;;2025-11-21 20:37:57.41222+00;03765a40-f338-4035-a2ba-8928fff30834;
28c07d31-b55e-4f65-afba-4b603da85aa3;06415beb-fc6b-41b8-a3ee-89d5d2eeb991;category_regenerate;success;5;22729;;2025-11-21 20:38:01.646907+00;03765a40-f338-4035-a2ba-8928fff30834;
dc47f9b3-faff-462b-8ab1-0df2b180db2c;4fb3d480-f8e8-4a3f-a1d7-869c2a14786c;category_regenerate;success;5;27486;;2025-11-21 20:38:06.41045+00;03765a40-f338-4035-a2ba-8928fff30834;
fe6c36bb-9359-47e8-9f50-3b32ca61a7ea;4a6f4fd7-ff05-453d-b904-113143c995be;category_regenerate;success;5;31579;;2025-11-21 20:38:10.49548+00;03765a40-f338-4035-a2ba-8928fff30834;
cf226eb8-e776-4152-90c0-8e571b05965f;a970438b-d289-408b-8099-b73ad6604a98;category_regenerate;success;5;35471;;2025-11-21 20:38:14.387894+00;03765a40-f338-4035-a2ba-8928fff30834;
4b2edca6-1217-4673-9350-3a1435fb35e8;2f8cb701-94f5-43f8-9967-9914d2794f0f;category_regenerate;success;5;39477;;2025-11-21 20:38:18.39216+00;03765a40-f338-4035-a2ba-8928fff30834;
3ef00f22-0a48-4a50-8f0f-f411c8f2542d;c7ecfc05-fa07-4671-aec1-b5ba02927cad;category_regenerate;success;5;43760;;2025-11-21 20:38:22.67526+00;03765a40-f338-4035-a2ba-8928fff30834;
9c1f6e0d-9a26-45ae-93cf-5f7f8ab75fb8;59a8a0d8-8537-4a76-8100-81665faed1d7;category_regenerate;success;5;48151;;2025-11-21 20:38:27.070505+00;03765a40-f338-4035-a2ba-8928fff30834;
ad4a09fb-5794-4561-8d74-ef6786bc4965;aafb9fb1-42ef-4de4-9058-96da93e0e0b7;category_regenerate;success;5;52468;;2025-11-21 20:38:31.393377+00;03765a40-f338-4035-a2ba-8928fff30834;
dbc6a9fd-98cc-4315-bc4a-e310823ad738;e904fa6c-7dd8-420d-a6ba-52800480b8c0;category_regenerate;success;5;56002;;2025-11-21 20:38:34.91779+00;03765a40-f338-4035-a2ba-8928fff30834;
3191ebe4-63be-483a-8b7d-3d3ec7bd3f5a;570804c3-3ff2-4326-b791-2339d538630b;category_regenerate;success;5;60230;;2025-11-21 20:38:39.147412+00;03765a40-f338-4035-a2ba-8928fff30834;
3bfb2839-9342-41f0-b701-b4d8c7596738;33e3b5a1-e6f1-4c9e-b314-470b18a4f0ee;category_regenerate;success;5;67371;;2025-11-21 20:38:46.28992+00;03765a40-f338-4035-a2ba-8928fff30834;
16cc6b34-a0df-466e-b303-a608fbaf8882;b3a012e1-1147-4cbc-843a-311a43375f22;category_regenerate;success;5;71748;;2025-11-21 20:38:50.667548+00;03765a40-f338-4035-a2ba-8928fff30834;
e9521eef-4095-4d4b-b9ae-648609ab1424;8af46009-2884-407d-8943-17ae1e2ea2e3;category_regenerate;success;5;75727;;2025-11-21 20:38:54.646963+00;03765a40-f338-4035-a2ba-8928fff30834;
90c1d0f0-968a-443a-b5f5-bd272b1d7631;923bb47a-49e7-4b86-becc-6dbdb343374b;category_regenerate;success;5;79465;;2025-11-21 20:38:58.389374+00;03765a40-f338-4035-a2ba-8928fff30834;
bf3b7f5d-bc2b-4ad5-bf13-c758d5e4395f;49896428-e437-4281-8799-897d2697f22a;product_generate;success;5;3761;;2025-11-21 23:29:05.80284+00;03765a40-f338-4035-a2ba-8928fff30834;
bda03244-139a-40b4-ac49-ccb4c27727ac;c65d6eea-d110-44ef-bd5a-ce88b9b6da89;category_generate;success;5;3716;;2025-11-23 21:02:46.831915+00;03765a40-f338-4035-a2ba-8928fff30834;
c191bcb8-5671-4fc5-a386-be0dfbd53921;4352b0bd-f585-484f-a07b-930a69c720a4;category_generate;success;5;7797;;2025-11-23 21:02:50.909345+00;03765a40-f338-4035-a2ba-8928fff30834;
6b5f8058-bbe1-4875-96f9-cc606c593c2b;b4916168-ad35-4b85-80b2-63a12bfc3c9a;category_generate;success;5;11817;;2025-11-23 21:02:54.94222+00;03765a40-f338-4035-a2ba-8928fff30834;
7bf616f4-1759-448d-8788-dfab3fe8c22a;ae804199-da6e-424e-b21f-c3c263d2622a;category_generate;success;5;15378;;2025-11-23 21:02:58.487794+00;03765a40-f338-4035-a2ba-8928fff30834;
55499398-2138-4442-8954-bef24ac6bee0;a1e0aff6-9564-4018-9de6-06cc389889c0;category_generate;success;5;19368;;2025-11-23 21:03:02.477593+00;03765a40-f338-4035-a2ba-8928fff30834;
c52abd4a-ac53-4826-8476-042e2eebe0ca;2687c4df-b1a5-45a0-b0c6-2de4f9dbd343;category_generate;success;5;22991;;2025-11-23 21:03:06.100459+00;03765a40-f338-4035-a2ba-8928fff30834;
3d92c4ca-e728-4f0a-9333-ec2379ce50c9;c846f905-7533-4c33-8ff2-ddaca3dae9eb;category_generate;success;5;26875;;2025-11-23 21:03:09.98455+00;03765a40-f338-4035-a2ba-8928fff30834;
0bae5f05-e2d5-4cd8-b990-c7882ab15f43;b9e72666-f385-422c-b1c9-44d4ea84f633;category_generate;success;5;34819;;2025-11-23 21:03:17.922866+00;03765a40-f338-4035-a2ba-8928fff30834;
b9321f1a-0f65-4e59-ae58-9b09fa2f2ec4;a6fe7303-6528-4b64-8eb7-d71e49dc41ff;category_generate;success;5;39059;;2025-11-23 21:03:22.16263+00;03765a40-f338-4035-a2ba-8928fff30834;
96c74bee-2cb4-464b-b0ce-60bc83f3bb90;3cd001f4-71d7-4b45-9778-09a6d3403630;category_generate;success;5;42111;;2025-11-23 21:03:25.220805+00;03765a40-f338-4035-a2ba-8928fff30834;
03359242-db60-4ffd-8db6-20686096ac29;ec7c0035-3647-4344-9e92-cc479e3fbfa6;category_generate;success;5;45842;;2025-11-23 21:03:28.953584+00;03765a40-f338-4035-a2ba-8928fff30834;
bfcb10f7-657b-4e04-a492-e4946357fcce;71f1a47a-ecc7-4576-8577-5556b5e8a86b;category_generate;success;5;50310;;2025-11-23 21:03:33.415811+00;03765a40-f338-4035-a2ba-8928fff30834;
07431961-f370-4194-98cf-268fcd4187ed;e27aa70f-b220-4727-a440-28721d60c0b4;category_generate;success;5;54562;;2025-11-23 21:03:37.66588+00;03765a40-f338-4035-a2ba-8928fff30834;
9fadd1b2-ee1c-41be-a5de-b3fc765d680e;150453b7-d604-4dd4-ad79-73186e2307cc;category_generate;success;5;57518;;2025-11-23 21:03:40.627367+00;03765a40-f338-4035-a2ba-8928fff30834;
583c3e31-8229-4c51-a942-198b795349b4;508c21cb-fdf6-4d24-9401-48293946102d;category_generate;success;5;60980;;2025-11-23 21:03:44.090198+00;03765a40-f338-4035-a2ba-8928fff30834;
2ffbcd29-f801-4f08-8f75-7cb7f4755583;85cb5f96-d256-4a8f-805d-875c263d1bd3;category_generate;success;5;65346;;2025-11-23 21:03:48.45455+00;03765a40-f338-4035-a2ba-8928fff30834;
dd128f93-a80f-4bb6-9d67-4791eee8cdef;766242ab-5167-4079-aa7b-46a5a5f45790;category_generate;success;5;68918;;2025-11-23 21:03:52.024719+00;03765a40-f338-4035-a2ba-8928fff30834;
ad1b893b-0f54-4525-ae3c-817e3be6a512;3a46c5ef-739d-4c07-8852-8c820964a6f2;category_generate;success;5;72485;;2025-11-23 21:03:55.591043+00;03765a40-f338-4035-a2ba-8928fff30834;
650e9eb1-ca53-4126-9b49-d18102bfa8a6;96b9acc7-1af3-4add-a8e1-c5f8c87d0965;category_generate;success;5;76430;;2025-11-23 21:03:59.535687+00;03765a40-f338-4035-a2ba-8928fff30834;
94472705-804f-413f-9196-e2f744b5df0f;41bf4151-4d2d-4f49-b454-b53abbd5b706;product_generate;success;5;3687;;2025-11-23 21:49:25.969681+00;03765a40-f338-4035-a2ba-8928fff30834;
786f85e7-4f5a-42ed-bdcd-446e8e04f031;11bcebb3-dcc6-468a-810a-b387769c68a5;category_generate;success;5;3639;;2025-11-26 23:29:28.609843+00;03765a40-f338-4035-a2ba-8928fff30834;
32aa7c49-c44c-4000-b8d5-8013e5b46972;21f74dc8-a1aa-4a32-a11d-79799bec0da6;category_generate;success;5;7190;;2025-11-26 23:29:32.149195+00;03765a40-f338-4035-a2ba-8928fff30834;
da1c503a-5d73-411c-87f3-74780f08e0b3;194bd666-bd14-491f-9dd1-97380dd212b1;category_generate;success;5;11633;;2025-11-26 23:29:36.590943+00;03765a40-f338-4035-a2ba-8928fff30834;
2f3860c4-e9c6-46de-b2a9-3efbd25dc8d4;41acfe8d-9252-435d-a7c3-6284171a684f;category_generate;success;5;15741;;2025-11-26 23:29:40.705589+00;03765a40-f338-4035-a2ba-8928fff30834;
c660d239-2383-44a4-8975-cba2d1389025;602c3b75-2253-443c-a2f4-7c790c7aa52b;category_generate;success;5;19958;;2025-11-26 23:29:44.916699+00;03765a40-f338-4035-a2ba-8928fff30834;
b2fc2b00-490b-4ac6-acbd-eb51ba1b40de;c133602b-b733-402b-86de-b1360c656c5a;category_generate;success;5;24093;;2025-11-26 23:29:49.05084+00;03765a40-f338-4035-a2ba-8928fff30834;
77807072-e660-47b4-b2bb-f8b135f32e22;b5c2e65c-503c-423a-8133-717fd3d667af;category_generate;success;5;27513;;2025-11-26 23:29:52.47035+00;03765a40-f338-4035-a2ba-8928fff30834;
b2690d23-217f-4f3e-97e0-ee4de0735a5a;8c08ce5c-a5d4-4e5a-8d9d-b1ddc6545415;category_generate;success;5;30851;;2025-11-26 23:29:55.808201+00;03765a40-f338-4035-a2ba-8928fff30834;
87807ced-f6cd-4b1b-861f-da178cc0e3e5;aa9e41d6-3e74-419e-ac7b-bda51bca4c16;category_generate;success;5;34563;;2025-11-26 23:29:59.528037+00;03765a40-f338-4035-a2ba-8928fff30834;
e2f8b101-bff3-4039-a5cd-eec690df7775;91c957d5-def7-4cf8-9fe2-e65fa1a9ca55;category_generate;success;5;39307;;2025-11-26 23:30:04.265484+00;03765a40-f338-4035-a2ba-8928fff30834;
e1ccd5a5-c4f2-4463-bdea-a8226c35c5cd;6ce13ea2-9987-4960-86d7-76a30d2ca832;category_generate;success;5;54991;;2025-11-26 23:30:19.955315+00;03765a40-f338-4035-a2ba-8928fff30834;
b7820800-a61a-474b-90a6-0f44fa4d3b60;1c0d4167-86ac-4731-99c7-45d784ea4d4f;category_generate;success;5;59478;;2025-11-26 23:30:24.442428+00;03765a40-f338-4035-a2ba-8928fff30834;
761b5963-54fc-4ac8-ae3c-6cd30ad69887;3459e362-5cfd-4607-89a7-15b8329bfb36;category_generate;success;5;63104;;2025-11-26 23:30:28.065122+00;03765a40-f338-4035-a2ba-8928fff30834;
ac83ca2e-5541-4336-a512-d5df21937b34;0c18dea7-c237-4b34-b403-2cf29be09426;category_generate;success;5;66972;;2025-11-26 23:30:31.932059+00;03765a40-f338-4035-a2ba-8928fff30834;
63dc54c0-e8ad-4ff8-9a93-160625350661;1212f14d-2e3d-480b-954f-64eb8757adbc;category_generate;success;5;71169;;2025-11-26 23:30:36.130428+00;03765a40-f338-4035-a2ba-8928fff30834;
97664f03-2b77-4bfa-a266-8171027803c3;3fa30cd5-d960-4897-ac45-b53c6e988e9c;category_generate;success;5;74763;;2025-11-26 23:30:39.729195+00;03765a40-f338-4035-a2ba-8928fff30834;
0beb49e3-e520-4fd4-9a0b-e478da840d0d;a3990e22-80d4-42da-82ec-852e43df05cd;category_generate;success;5;78118;;2025-11-26 23:30:43.081982+00;03765a40-f338-4035-a2ba-8928fff30834;
de0e0075-4d20-4a55-9413-2b375b21583c;5640330b-402f-408e-b192-a1d3c287532e;category_generate;success;5;82975;;2025-11-26 23:30:47.934812+00;03765a40-f338-4035-a2ba-8928fff30834;
14d024d6-cac7-4938-adb2-8b68094fd4b1;b2042581-ae8b-4414-8870-f279824ee51e;category_generate;success;5;86964;;2025-11-26 23:30:51.924939+00;03765a40-f338-4035-a2ba-8928fff30834;
3bd429fd-1754-4e35-a396-a4c3fee302a1;9a154a60-f3b5-4fb0-b94a-c826398caaab;category_generate;success;5;3893;;2025-11-30 23:41:18.269972+00;03765a40-f338-4035-a2ba-8928fff30834;
533ed57e-6c81-4e47-b22d-306c77a354a7;1deec384-bad8-463c-9623-228714ca2eba;category_generate;success;5;7981;;2025-11-30 23:41:22.353647+00;03765a40-f338-4035-a2ba-8928fff30834;
255aee57-c2ce-4d29-a2bd-0218e2c47932;a69b6c45-f249-4364-a13d-c876cec10ee2;category_generate;success;5;10933;;2025-11-30 23:41:25.299519+00;03765a40-f338-4035-a2ba-8928fff30834;
9ed28adb-5d7b-433d-904e-3a4de8e6b537;01d53c93-97a6-4957-a86f-5cfa2b16b8f5;category_generate;success;5;15058;;2025-11-30 23:41:29.430816+00;03765a40-f338-4035-a2ba-8928fff30834;
4194721a-49b0-4639-adfb-276fb34ea28c;d66d79e1-db9d-4476-9551-446f8333cb78;category_generate;success;5;18146;;2025-11-30 23:41:32.514535+00;03765a40-f338-4035-a2ba-8928fff30834;
b79e936c-e8f4-43a6-acb7-327246b2adf8;007a5f84-48af-4788-927e-ac5a0b34216f;category_generate;success;5;21728;;2025-11-30 23:41:36.095169+00;03765a40-f338-4035-a2ba-8928fff30834;
390000f4-cb7b-4f52-9afe-22754887a269;ce98802d-08f7-42e8-a932-b31cb4566752;category_generate;success;5;25443;;2025-11-30 23:41:39.814566+00;03765a40-f338-4035-a2ba-8928fff30834;
7f32fea8-e2ae-4c4f-81e1-c7388f18ad37;5f9c81f4-a376-4ea2-8b59-d3c0f3719247;category_generate;success;5;3529;;2025-12-01 00:00:10.150399+00;03765a40-f338-4035-a2ba-8928fff30834;
81e67e55-043a-4d0e-9b82-353883e61ca3;70a14b3a-c0e1-4382-b04d-f7a4028530ff;category_generate;success;5;7268;;2025-12-01 00:00:13.943563+00;03765a40-f338-4035-a2ba-8928fff30834;
9d15329f-8bab-46c4-b991-20bd9c694cda;3c36f5aa-4124-4e94-9e46-ada08de7a574;category_generate;success;5;4538;;2025-12-01 10:56:27.876013+00;03765a40-f338-4035-a2ba-8928fff30834;
0fc09f95-d1e6-4456-96ac-f93ef1b516c7;a28f449b-7db3-45e0-9e06-329f6bef835a;category_generate;success;5;8687;;2025-12-01 10:56:32.009218+00;03765a40-f338-4035-a2ba-8928fff30834;
5ea10812-a6d2-4d74-9fae-83453b6cd7f5;bc3ff26c-75a8-4e21-8bd8-28e0097e38d4;category_generate;success;5;12930;;2025-12-01 10:56:36.258175+00;03765a40-f338-4035-a2ba-8928fff30834;
9f4c9721-69c4-4dc5-82ae-a533fde387d8;893023a5-220d-4c92-8145-aef2d8cde98d;category_generate;success;5;18141;;2025-12-01 10:56:41.465351+00;03765a40-f338-4035-a2ba-8928fff30834;
a43de2e6-6595-4722-b655-928d78c0b7c3;b7f5d5ee-d780-458b-b6fa-be920957cc21;category_generate;success;5;21484;;2025-12-01 10:56:44.805545+00;03765a40-f338-4035-a2ba-8928fff30834;
35c66071-5848-47a4-a1b9-4fbfcf97d2d5;e40ffa40-bcbc-4716-bd92-14920b1229cf;category_generate;success;5;8147;;2025-12-02 16:27:02.217643+00;03765a40-f338-4035-a2ba-8928fff30834;
39773b3e-a413-4c20-bfac-59de746600bf;06b6d303-4846-4c80-8fa5-1e18f230e0f8;category_generate;success;5;12135;;2025-12-02 16:27:06.194367+00;03765a40-f338-4035-a2ba-8928fff30834;
1ee456f0-6ad7-4c4f-bfd2-8a73216fabcd;031c3929-d439-4985-bcc2-521e7cfd205a;category_generate;success;5;17064;;2025-12-02 16:27:11.070685+00;03765a40-f338-4035-a2ba-8928fff30834;
9bdda700-1850-4417-858f-8612a38bbb71;d4ad92b3-5ec2-410d-b983-17fc30265814;category_generate;success;5;3244;;2025-12-04 23:46:59.513663+00;03765a40-f338-4035-a2ba-8928fff30834;
65dba2bf-8958-4645-836c-612929bc95f4;e29af65e-c22d-4ea1-96dd-52827b3efcfc;category_generate;success;5;3603;;2025-12-04 23:47:22.541385+00;03765a40-f338-4035-a2ba-8928fff30834;
03c83931-bdde-4da2-845b-4308cace29b6;2083c85e-8ea9-4018-9d70-e5844dca7936;category_generate;success;5;3797;;2025-12-05 19:34:08.346197+00;03765a40-f338-4035-a2ba-8928fff30834;
8e00eb78-87f8-4add-ac85-90b5c0fe1385;;game_generate;success;5;3594;;2025-12-06 10:22:20.233146+00;03765a40-f338-4035-a2ba-8928fff30834;980d33c6-eafa-4f90-a714-02a101dbb583
9ecab3d7-8d5f-4467-b388-aa8e3f47f1a3;;game_generate;success;5;2622;;2025-12-06 10:23:53.577727+00;03765a40-f338-4035-a2ba-8928fff30834;c1b9be6f-6c9a-4cfd-bd17-45756b1c7db6
1cf720a3-a413-4c81-ac31-ee0730fb16bc;;game_generate;success;5;2719;;2025-12-06 10:24:02.029439+00;03765a40-f338-4035-a2ba-8928fff30834;5133da2d-dd4b-4324-b050-9f31a2365561
5fbfb107-92cd-4dd0-8e77-7a478c4bb94b;;game_generate;success;5;3090;;2025-12-06 10:24:30.83055+00;03765a40-f338-4035-a2ba-8928fff30834;f92ccdc8-31da-462f-a130-12dc4de30bf5
009981d3-a708-431a-954c-6002ab37ffac;;game_generate;success;5;2924;;2025-12-06 10:24:37.227885+00;03765a40-f338-4035-a2ba-8928fff30834;af6c57b3-f60a-4a1f-9778-39da81d86dda
35be2f39-2170-4ca6-a8ca-bc1e70f8466c;;game_generate;success;5;2991;;2025-12-06 10:24:46.905445+00;03765a40-f338-4035-a2ba-8928fff30834;6222f4bc-0259-4adc-8df1-fbc333880cc6
b765a78b-9f34-4e20-8e97-9bed59132509;;game_generate;success;5;3161;;2025-12-06 10:24:53.394834+00;03765a40-f338-4035-a2ba-8928fff30834;ff62575b-0a1e-40bc-b489-fccdf5d67b39
48cc5063-9214-45c1-8ca0-145fadcf049d;;game_generate;success;5;3701;;2025-12-06 10:25:01.727554+00;03765a40-f338-4035-a2ba-8928fff30834;d6f04c15-fab2-4fd9-a790-c25cb529c517
a0d38799-e026-47b8-8c2c-17448b11d72f;;game_generate;success;5;4336;;2025-12-06 10:25:14.134452+00;03765a40-f338-4035-a2ba-8928fff30834;b082fef2-4bf0-4f3b-9adc-ecb212ee163a
207e726f-6268-442a-a2d3-72d72df30835;;game_generate;success;5;2956;;2025-12-06 10:25:39.344313+00;03765a40-f338-4035-a2ba-8928fff30834;a4dc8983-8370-4785-ac2a-66a0a06e1365
2721f4d6-275b-4e03-8e57-3de9f0111007;4a47d637-ebb6-4913-b546-8061acff7ab4;category_generate;success;5;3187;;2025-12-06 21:47:55.048971+00;03765a40-f338-4035-a2ba-8928fff30834;
3997d568-7bcd-4930-a389-08a1eca2bbc5;f6087ad0-94c2-4cdb-a770-23ed9d2cf729;category_generate;success;5;7249;;2025-12-06 21:47:59.114525+00;03765a40-f338-4035-a2ba-8928fff30834;
99d57987-f890-4b61-9465-d0ed8bfa979e;ba6025ed-7681-4d28-8aa3-06c474fde6c7;category_generate;success;5;10246;;2025-12-06 21:48:02.107566+00;03765a40-f338-4035-a2ba-8928fff30834;
37e2c00b-ef0a-4771-b194-a1a641e69a8c;0020f314-d0a1-4d89-98b2-aeec0aaa87fb;category_generate;success;5;13995;;2025-12-06 21:48:05.856769+00;03765a40-f338-4035-a2ba-8928fff30834;
2d611a97-a16a-4e4e-9695-b93f96b39425;b79d7b26-bfd2-4ac5-8750-b151ec36ca75;category_generate;success;5;17697;;2025-12-06 21:48:09.561693+00;03765a40-f338-4035-a2ba-8928fff30834;
d16b7e13-110f-44e7-abcc-74b404ded69c;3394c522-8d04-4e09-bcee-060ee937b52b;category_generate;success;5;3071;;2025-12-07 17:34:05.581803+00;03765a40-f338-4035-a2ba-8928fff30834;
7622cffc-7849-4c6e-8ad2-84744196b308;5bf12cb4-3891-4766-b584-b372ee609ca5;category_generate;success;5;3230;;2025-12-08 22:07:36.150913+00;03765a40-f338-4035-a2ba-8928fff30834;
5ad482de-9665-4d84-8ba7-6042d3c56333;8e664ef0-fdf7-4514-adb4-1dc575e51125;category_generate;success;5;6564;;2025-12-08 22:07:39.481362+00;03765a40-f338-4035-a2ba-8928fff30834;
bf0a58a5-72f0-43fb-b94f-d146b9df09d3;17f71efd-c361-4a06-a229-e8cfb7efb778;category_generate;success;5;10100;;2025-12-08 22:07:43.018041+00;03765a40-f338-4035-a2ba-8928fff30834;
ad2729a2-00e7-4f64-b325-8f3ba49e4e8b;580cc9fe-6a89-4efa-8067-28f4c669fd42;category_generate;success;5;14297;;2025-12-08 22:07:47.211929+00;03765a40-f338-4035-a2ba-8928fff30834;
2c6a170f-c604-4aae-90e2-b025e6c7f66b;2564c423-1531-48b0-a8df-e6428f6f41d9;category_generate;success;5;26184;;2025-12-08 22:07:59.099309+00;03765a40-f338-4035-a2ba-8928fff30834;
5c54e7f5-f89c-4197-90c1-a802471c3cc1;403b282a-a9b1-4dc2-8ae5-de6b31fa6eee;category_generate;success;5;29230;;2025-12-08 22:08:02.150506+00;03765a40-f338-4035-a2ba-8928fff30834;
76aa62d5-0e71-4512-9993-d9b7a1495341;5fe1ac9c-7383-4cda-81c3-53f8baa62cab;category_generate;success;5;33387;;2025-12-08 22:08:06.305015+00;03765a40-f338-4035-a2ba-8928fff30834;
b758f30f-9bd2-465c-8a46-b62db57c9ad9;6efeb878-fa59-404a-bc3c-a195e0512c9e;category_generate;error;0;34732;AI did not return any FAQs;2025-12-08 22:08:07.649681+00;03765a40-f338-4035-a2ba-8928fff30834;
53223416-dde9-4eb1-ac4a-6509ae0e937f;362c6ec5-1a9f-4cc4-9099-7e890d08c803;category_generate;success;5;38400;;2025-12-08 22:08:11.32222+00;03765a40-f338-4035-a2ba-8928fff30834;
8264cc10-581f-4a6d-a253-dfc3eacf806e;c6b1d061-8fc6-4bdb-95e7-8068e767501c;category_generate;success;5;43209;;2025-12-08 22:08:16.132814+00;03765a40-f338-4035-a2ba-8928fff30834;
12402a90-273a-49d3-a3d4-5c260f9ee477;f6cbf947-8e0c-4efc-9137-6dced1c5f116;category_generate;success;5;47144;;2025-12-08 22:08:20.061032+00;03765a40-f338-4035-a2ba-8928fff30834;
4af908ad-c9cb-43de-b9b4-e35a58af6bd3;6efeb878-fa59-404a-bc3c-a195e0512c9e;product_generate;success;5;3598;;2025-12-08 22:09:47.767383+00;03765a40-f338-4035-a2ba-8928fff30834;
d15805b4-71fc-453d-9d3d-da416688deb6;bf24b415-4b2d-4980-bb0e-fac51bc02803;category_generate;success;5;3517;;2025-12-13 20:25:32.319974+00;03765a40-f338-4035-a2ba-8928fff30834;
dca11b47-aa8c-4ff5-b433-0c861b6bc148;dc51aea4-aa84-4b8c-80ca-fd92ef06881a;category_generate;success;5;6725;;2025-12-13 20:25:35.526272+00;03765a40-f338-4035-a2ba-8928fff30834;
06ad20c2-bbb4-4c2b-8b0a-f7dc987dc972;7ed9c712-1ffc-4460-ab87-09573dd48e42;category_generate;success;5;11009;;2025-12-13 20:25:39.808221+00;03765a40-f338-4035-a2ba-8928fff30834;
6d760e61-6ddc-40d4-a5ae-6795532caa31;c44e51a6-6928-4e15-9740-8ddf01790e56;category_generate;success;5;15088;;2025-12-13 20:25:43.888469+00;03765a40-f338-4035-a2ba-8928fff30834;
c4e4681f-3747-4cfb-ad6d-e6faf5854145;58004f5d-799a-43da-92d7-23994c13f4ff;category_generate;success;5;18503;;2025-12-13 20:25:47.306337+00;03765a40-f338-4035-a2ba-8928fff30834;
6995cf73-53e5-4b6d-84bc-cf466bc2f6c6;4b7324c2-79f9-4502-aa15-e1528e75dae1;category_generate;success;5;21542;;2025-12-13 20:25:50.345225+00;03765a40-f338-4035-a2ba-8928fff30834;
d9f0641a-088b-46ec-a31f-165eceead6c0;9090c2e2-8451-48a7-b9ef-60fe8eabb118;category_generate;success;5;24509;;2025-12-13 20:25:53.313208+00;03765a40-f338-4035-a2ba-8928fff30834;
81133da6-069a-4768-b7f7-171ffc4e839b;2e200164-35dc-42df-a478-7714265fae76;category_generate;success;5;4510;;2025-12-13 20:40:54.587333+00;03765a40-f338-4035-a2ba-8928fff30834;
ff5dade7-0157-41a8-800b-139dd48e0786;3cbd020e-22ab-414d-9cd2-7b73a1dc5e3b;category_generate;success;5;3519;;2025-12-14 19:42:31.762455+00;03765a40-f338-4035-a2ba-8928fff30834;
c45eb75c-5e8c-4894-9960-2d2a7020270a;2dec039d-20db-4e0e-be07-f4de8cdc9d24;category_generate;success;5;3011;;2025-12-15 09:17:24.961867+00;03765a40-f338-4035-a2ba-8928fff30834;
50718cb1-1895-4dd1-a12e-f1ec127b37c2;d38d288b-fa64-49e4-941a-269b031a93bb;category_generate;success;5;7201;;2025-12-15 09:17:29.157655+00;03765a40-f338-4035-a2ba-8928fff30834;
ac5ab8b8-c6be-4e5e-8dde-403892208415;4c970447-5caa-47d5-b1f5-3bdbb157c541;category_generate;success;5;3945;;2025-12-16 17:26:33.122166+00;03765a40-f338-4035-a2ba-8928fff30834;
132debdf-5627-4596-bf77-7cfbc5527bb5;1bdd2a21-c793-44a5-a878-025698fd72c6;category_generate;success;5;8871;;2025-12-16 17:26:38.040298+00;03765a40-f338-4035-a2ba-8928fff30834;
81e80efd-4e02-49f9-a07b-0e3c440e04d5;8cf3ff9d-97a0-4c50-91b2-ebb8ab71790f;product_generate;success;5;3749;;2025-12-19 18:43:06.577665+00;03765a40-f338-4035-a2ba-8928fff30834;
4d6f37a7-c197-4126-87f0-b5a73abe78b6;e10ee41b-60a7-43e6-b6f9-7d56594a9a94;category_generate;success;5;2693;;2025-12-20 23:03:57.674694+00;03765a40-f338-4035-a2ba-8928fff30834;
b3070520-4b0c-42d5-961e-53184a1d02a6;;game_generate;success;5;3086;;2025-12-21 21:12:13.524768+00;03765a40-f338-4035-a2ba-8928fff30834;343a0691-bfd7-46c8-8e37-3b7fe5194159
ebe31bdb-b0a1-40d3-982c-47da6edada37;f2442cc8-e06c-4821-bff0-af43ca9ede1f;category_generate;success;5;3026;;2025-12-21 21:12:54.445291+00;03765a40-f338-4035-a2ba-8928fff30834;
95de8bac-e843-4e17-83ce-b1cd5ede4c52;f2442cc8-e06c-4821-bff0-af43ca9ede1f;category_generate;success;5;3235;;2025-12-21 21:54:32.096017+00;03765a40-f338-4035-a2ba-8928fff30834;
65a5bd2d-d637-4b08-99f0-5ecc8019adff;d7712523-0788-477e-a050-7621bf9ea5de;product_generate;success;5;3302;;2025-12-23 00:08:06.708575+00;03765a40-f338-4035-a2ba-8928fff30834;
9d5efd3e-ebb0-4c8b-b160-21cf4fa52e28;9249c360-a879-4177-ad1a-55dcb8971df7;product_generate;success;5;2270;;2025-12-23 20:55:45.261898+00;03765a40-f338-4035-a2ba-8928fff30834;
ecf7eb07-0342-4577-935f-3b6f93e7fa41;af140f59-e7d4-4a75-85b5-6f95a05ecdfa;product_generate;success;5;2981;;2025-12-24 16:59:32.81451+00;03765a40-f338-4035-a2ba-8928fff30834;
7aaefe59-9037-4c51-8f13-c9b17e7a3fa6;9f115b8a-64b4-45a5-95f9-85aea7558495;product_generate;success;5;2718;;2025-12-26 22:51:47.749085+00;03765a40-f338-4035-a2ba-8928fff30834;
91e11d36-9926-47db-b583-973524647692;56a1d7c4-ff38-4261-b9ed-c98eca3cff6a;game_generate;success;5;3387;;2025-12-26 23:36:16.994439+00;03765a40-f338-4035-a2ba-8928fff30834;
03e93a88-ae4f-4735-80f3-55a396103ffd;;game_generate;success;5;2991;;2025-12-27 21:08:06.19759+00;03765a40-f338-4035-a2ba-8928fff30834;07c520b3-8bdc-454a-b2cd-3b5a388398b2
d57b776c-7e23-415c-960c-9c5229a2bb97;08587f4c-8dab-4f3f-af81-c17b2399f93a;product_generate;success;5;2823;;2025-12-27 21:30:11.49894+00;03765a40-f338-4035-a2ba-8928fff30834;
94c697c3-40dd-4ee0-96fc-9fce7483b40f;9784a2eb-d405-4bfd-8727-44713d203edf;category_generate;success;5;3457;;2025-12-27 23:15:07.063084+00;03765a40-f338-4035-a2ba-8928fff30834;
ba002270-1e9b-436a-b3ca-dc6c925fbe95;99699378-67fc-41e5-8e6c-3420334b1796;product_generate;success;5;2844;;2025-12-28 16:20:48.036547+00;03765a40-f338-4035-a2ba-8928fff30834;
f9e389fb-b238-45dc-a652-4485dbc0878b;029fbc90-38e7-48a3-9e53-2e4b64924441;product_generate;success;5;2643;;2025-12-29 17:26:24.137362+00;03765a40-f338-4035-a2ba-8928fff30834;
533a9b6d-ee34-4a94-b8b2-67e44a878aa6;068cc2ac-5cc0-4749-ae33-ce552ff6f788;category_generate;success;5;2829;;2025-12-29 23:08:58.14267+00;03765a40-f338-4035-a2ba-8928fff30834;
c2baa2ed-7117-4cde-bc4f-e2dc7192bf89;646cb4f6-404c-47e9-b2e5-36b9d5bd4eed;product_generate;success;5;3214;;2025-12-31 16:30:46.817714+00;03765a40-f338-4035-a2ba-8928fff30834;
c79f7446-418e-429b-8b70-068368f4d74d;ee234f4e-dba9-468d-971f-7ab933aef6c0;product_generate;error;0;4300;AI did not return any FAQs;2026-01-01 22:14:00.040963+00;03765a40-f338-4035-a2ba-8928fff30834;
6643eccd-4236-4ae2-8e5d-c5a8dd752081;ee234f4e-dba9-468d-971f-7ab933aef6c0;product_generate;success;5;3716;;2026-01-01 22:14:53.593968+00;03765a40-f338-4035-a2ba-8928fff30834;
c53261c9-d8d4-415e-8b02-8c8221874932;44ba9ead-093b-4d81-bf68-22b0becd5f02;product_generate;success;5;3065;;2026-01-02 20:53:44.745323+00;03765a40-f338-4035-a2ba-8928fff30834;
f1415ea7-c5b0-46d1-9948-c22b6efbbe65;1d4f55f4-0c20-4203-8399-c080328d2221;product_generate;success;5;3148;;2026-01-04 18:38:30.019532+00;03765a40-f338-4035-a2ba-8928fff30834;
c164e381-6d57-47e8-aa2e-4125599875e8;10380286-0c99-4d9d-afb1-bce887edfd69;product_generate;success;5;3359;;2026-01-04 19:11:23.632205+00;03765a40-f338-4035-a2ba-8928fff30834;
90850ea2-a513-49ab-8a15-75bac8f30066;dac47162-4fcb-4aef-b101-67b883c9b0d9;product_generate;success;5;2533;;2026-01-07 10:37:34.935326+00;03765a40-f338-4035-a2ba-8928fff30834;
59b3a1cb-9032-426b-a130-037d29020aa6;71ea1b91-a959-4fff-9d40-b0a32c961485;product_generate;success;5;3322;;2026-01-10 20:46:11.509791+00;03765a40-f338-4035-a2ba-8928fff30834;
3022132a-5d32-47bc-8070-1ccb6c746a51;f4cf45f2-2aa3-4e60-8f32-118b7e36e599;product_generate;success;5;3154;;2026-01-10 20:46:41.238632+00;03765a40-f338-4035-a2ba-8928fff30834;
723e0af0-19eb-4020-9740-78168a30d77d;b1f5a3aa-8c2f-4e70-bbd3-fd2082134d23;product_generate;success;5;3090;;2026-01-10 20:48:53.895319+00;03765a40-f338-4035-a2ba-8928fff30834;
ebfa3ac4-ffdb-4f2d-994f-9d6dd6160b5d;23ca6e2d-0836-48f1-b018-68d93106b50e;product_generate;success;5;3460;;2026-01-10 20:51:40.954594+00;03765a40-f338-4035-a2ba-8928fff30834;
cc6b08e0-d70b-4737-add6-6bd398de5e77;1d415097-cb58-4470-a8e5-3316a1453fd7;product_generate;success;5;3447;;2026-01-10 20:54:18.146562+00;03765a40-f338-4035-a2ba-8928fff30834;
f036eeb7-1fb6-4505-9ba5-970d8d47c0cb;10028c8d-2970-482a-a5c2-98e2af10dc6e;product_generate;success;5;2933;;2026-01-10 20:56:51.641605+00;03765a40-f338-4035-a2ba-8928fff30834;
32316a90-43b3-4cff-b47d-f900bcabe7f2;aa916e8d-c05a-4959-8966-55467add4bcf;product_generate;success;5;2711;;2026-01-10 20:58:18.943817+00;03765a40-f338-4035-a2ba-8928fff30834;
eadb3f43-6f5e-4035-802e-8967ab9758b3;bd80a080-4a25-46e6-bffc-60b559c92238;product_generate;success;5;2911;;2026-01-10 21:00:30.305158+00;03765a40-f338-4035-a2ba-8928fff30834;
87f9d159-f9ae-4669-8056-dff261d2ab7b;28707ecb-8107-41aa-bab3-a0c486577b96;product_generate;success;5;3597;;2026-01-11 08:36:58.466678+00;03765a40-f338-4035-a2ba-8928fff30834;
1dd4159b-756c-40fd-8f7d-326378722ce1;33cf04d2-1857-495d-8877-f4fb6b3e5559;product_generate;success;5;5197;;2026-01-12 16:16:31.202414+00;03765a40-f338-4035-a2ba-8928fff30834;
312bea35-7dca-4a71-9d6d-df28cda61d2c;a7bd2242-bd87-49d9-bb54-8c78bd796f5b;product_generate;success;5;4169;;2026-01-12 16:28:04.734639+00;03765a40-f338-4035-a2ba-8928fff30834;
09d8c59a-01c6-4883-9bbe-f2bbc6202001;321a4b56-20e1-4ac7-915b-b43e2b251437;product_generate;success;5;3653;;2026-01-12 16:54:40.728549+00;03765a40-f338-4035-a2ba-8928fff30834;
8a560b39-12f7-4031-9f47-f3720cee2752;e7fd6a38-9232-4e6e-8822-98a31c79d09b;product_generate;success;5;3434;;2026-01-12 16:59:27.333252+00;03765a40-f338-4035-a2ba-8928fff30834;
f884e8ed-00af-48d8-a0d6-0df5a1710507;250fb8fe-9a0d-47bd-90a1-c6332236f58a;product_generate;success;5;3212;;2026-01-14 19:29:58.287262+00;03765a40-f338-4035-a2ba-8928fff30834;
10455874-cbdf-4b76-90b2-31d1425728da;95ff4f94-2563-4b9e-8705-e3733f773863;product_regenerate;success;5;2713;;2026-01-14 21:17:43.898771+00;03765a40-f338-4035-a2ba-8928fff30834;
fda8b1f1-6f28-4d53-86f3-af1520f9987e;7bdfa151-726d-40e0-ad71-47f0cb41b337;product_generate;success;5;3514;;2026-01-14 21:37:08.068311+00;03765a40-f338-4035-a2ba-8928fff30834;
97d591c3-976f-474c-9fe6-d73f07c71d3d;;game_generate;success;5;3461;;2026-01-14 21:53:19.448089+00;03765a40-f338-4035-a2ba-8928fff30834;980d33c6-eafa-4f90-a714-02a101dbb583
3d9c3e7c-88c5-4e37-ae9b-4d8c3f39a528;4bbdb6e1-0137-459f-8b83-628d7f017273;product_regenerate;success;5;2988;;2026-01-14 21:58:57.412804+00;03765a40-f338-4035-a2ba-8928fff30834;
ffb51ab5-15b7-4ffc-85cd-06f71fe06398;4bbdb6e1-0137-459f-8b83-628d7f017273;product_regenerate;success;6;3228;;2026-01-14 21:59:35.393075+00;03765a40-f338-4035-a2ba-8928fff30834;
58ea577f-f6b8-4fab-ac1d-1c165fc47e51;f011818c-6aff-4fbd-9b03-33afe3546522;product_generate;success;5;3937;;2026-01-16 22:02:13.638192+00;03765a40-f338-4035-a2ba-8928fff30834;
77490332-98c6-48d0-a778-d320fabcea9f;a70e7dc3-087c-48d0-99e6-c0b85f02ce12;product_generate;success;5;3351;;2026-01-17 11:12:22.074775+00;03765a40-f338-4035-a2ba-8928fff30834;
8b8250f5-3da9-47e7-9c4c-f41b653e23b5;b72d5027-6cad-40fc-8fa2-a2d84f70a52a;product_generate;success;5;5639;;2026-01-17 15:30:13.796692+00;03765a40-f338-4035-a2ba-8928fff30834;
7fe06845-00be-40b4-a895-d05668964a9a;bcf886c7-0731-4ff9-9fd0-98d38ff491e4;product_generate;success;5;2603;;2026-01-18 00:01:50.158997+00;03765a40-f338-4035-a2ba-8928fff30834;
7e3e9686-a0cd-4e02-b933-1f09aecf930c;9a7ceb21-f4e7-4092-ac09-b55d43c5b5e9;product_generate;success;5;2896;;2026-01-19 09:55:18.600578+00;03765a40-f338-4035-a2ba-8928fff30834;
bea936f9-fd30-44e7-9d47-98a205779396;699170a3-66e3-4147-b41f-5ff8e0756876;product_generate;success;5;4381;;2026-01-19 09:55:59.946576+00;03765a40-f338-4035-a2ba-8928fff30834;
4af7096c-b29b-4d9a-b6ff-71abf0cb1921;a9fce97a-9386-447f-9166-9376d24a0ff9;product_generate;success;5;3891;;2026-01-20 22:10:37.838617+00;03765a40-f338-4035-a2ba-8928fff30834;
ab1cecc7-077e-4577-883c-2750a2c1bd6a;c9085438-7717-4a58-aa1c-ad9bc28eaee6;product_generate;success;5;3539;;2026-01-22 23:29:07.181402+00;03765a40-f338-4035-a2ba-8928fff30834;
9ee5ef9b-f190-406e-b29d-0c18f737d991;e72c5fc9-9517-4d4b-9619-21ba776b08af;product_generate;success;5;3108;;2026-01-22 23:39:24.096705+00;03765a40-f338-4035-a2ba-8928fff30834;
61e1d0e9-ba9c-43a7-bd51-e924f6e22d31;48d89ee1-07e4-4ae2-8c3c-eb0dbf2b3ee1;product_generate;success;5;3137;;2026-01-22 23:44:26.534742+00;03765a40-f338-4035-a2ba-8928fff30834;
e3982d8d-63a3-4879-9642-047d3b2f89d0;38c4e42e-ec62-4e02-8392-4eee304a48ab;product_generate;success;5;9095;;2026-01-27 15:44:13.51034+00;03765a40-f338-4035-a2ba-8928fff30834;
b5510e37-037b-476f-84d7-5fd2df5eb83f;0fbda896-84fd-448d-920f-d9d8765d81ac;product_generate;success;5;5971;;2026-01-27 15:44:38.071356+00;03765a40-f338-4035-a2ba-8928fff30834;
470d659c-1fab-43bf-8ea4-5331fb7fb969;f83fb8e8-0684-4d56-ad7b-66279b202d92;product_generate;success;5;3623;;2026-01-27 15:48:44.789225+00;03765a40-f338-4035-a2ba-8928fff30834;
d2ef48ad-b96f-4d95-8374-0cc4ed697281;2adf7b32-22c8-4f1c-9459-580056f31bb0;product_generate;success;5;3557;;2026-01-28 10:28:10.977676+00;03765a40-f338-4035-a2ba-8928fff30834;
f95394b4-4d72-4cd3-ba95-2382fc3c78cf;05258691-2a3d-4b99-a54b-a5b8291637b3;product_generate;error;0;1653;AI did not return any FAQs;2026-01-28 10:42:22.19465+00;03765a40-f338-4035-a2ba-8928fff30834;
c2ec82c3-1c7b-4d80-a2ff-6d082e77a3c1;c91a2fe3-65dc-4d2d-9fea-31f0db78b197;product_generate;success;5;4169;;2026-01-28 10:45:09.109586+00;03765a40-f338-4035-a2ba-8928fff30834;
f344fae3-1ba9-4a49-bb96-54669ac31e00;5492f09b-5a47-403f-a374-f4715edc721b;product_generate;success;5;3873;;2026-01-28 10:49:58.503484+00;03765a40-f338-4035-a2ba-8928fff30834;
aea0303d-dee7-4714-b704-9a757703cc51;bb59a615-6e43-41f3-9d71-54f7c701a847;product_generate;success;5;3117;;2026-01-28 10:56:12.890476+00;03765a40-f338-4035-a2ba-8928fff30834;
17a2b876-aae6-4f9f-874d-1badcca54794;552d3240-9162-404d-b94d-aba803b756a0;product_generate;success;5;3518;;2026-01-28 10:59:41.146907+00;03765a40-f338-4035-a2ba-8928fff30834;
0d55bf39-f9b2-4664-ae7e-39718fd5951e;21ba77cf-cff9-44ba-80d0-51cd40c6a9d8;product_generate;success;5;3828;;2026-01-28 11:02:10.656533+00;03765a40-f338-4035-a2ba-8928fff30834;
10be3649-8993-4eaa-a4ab-13a1bdbe80a9;17881791-5e05-4a90-9aa3-c7b21669edf8;product_generate;success;5;4413;;2026-01-28 11:06:47.014172+00;03765a40-f338-4035-a2ba-8928fff30834;
df6a91f3-3135-48c2-9cd7-03ffacd5be68;;game_regenerate;success;5;3725;;2026-01-28 19:37:41.651246+00;03765a40-f338-4035-a2ba-8928fff30834;d6f04c15-fab2-4fd9-a790-c25cb529c517
ac2bd508-837c-47e9-8d08-9e43e4e52778;;game_regenerate;success;5;3341;;2026-01-28 19:38:14.302402+00;03765a40-f338-4035-a2ba-8928fff30834;d6f04c15-fab2-4fd9-a790-c25cb529c517
6985b747-d1ad-4b0f-bb13-93131f777556;e72c5fc9-9517-4d4b-9619-21ba776b08af;category_regenerate;success;5;3749;;2026-01-28 19:42:19.195621+00;03765a40-f338-4035-a2ba-8928fff30834;
ed76cca7-3721-4b53-921b-18fa06d86e98;c9085438-7717-4a58-aa1c-ad9bc28eaee6;category_regenerate;success;5;7455;;2026-01-28 19:42:22.814171+00;03765a40-f338-4035-a2ba-8928fff30834;
d8979948-e643-4511-b90a-d79f7dd14360;48d89ee1-07e4-4ae2-8c3c-eb0dbf2b3ee1;category_regenerate;success;5;10892;;2026-01-28 19:42:26.267802+00;03765a40-f338-4035-a2ba-8928fff30834;
732da8b4-376a-40c6-8836-2289e76603f5;6527407f-41c5-4fbc-8dbb-2adde1e61ccb;category_regenerate;success;5;2853;;2026-01-28 19:43:28.629199+00;03765a40-f338-4035-a2ba-8928fff30834;
b76b45ea-e863-40c2-b435-8f892fbc44e3;42fbdc9c-2eb3-4eb1-99bb-69fba01de791;category_regenerate;success;5;3347;;2026-01-28 19:45:10.936232+00;03765a40-f338-4035-a2ba-8928fff30834;
da5aa1d1-74fd-4896-8c5a-d0e6ba4ec34d;bcf886c7-0731-4ff9-9fd0-98d38ff491e4;category_regenerate;success;5;2820;;2026-01-28 19:45:34.121402+00;03765a40-f338-4035-a2ba-8928fff30834;
145e3fd8-36e2-4896-a0b1-8b32193a57aa;42262eee-c28b-47f8-b3f1-89671d364e90;category_regenerate;success;5;4845;;2026-01-28 19:45:43.683324+00;03765a40-f338-4035-a2ba-8928fff30834;
4019a19d-04dc-437d-a608-4df01c30d352;12250fc4-5bdc-4045-9374-d69b4fe8b6fa;category_regenerate;success;5;8562;;2026-01-28 19:45:47.398145+00;03765a40-f338-4035-a2ba-8928fff30834;
fbf3cf7e-4169-4e83-9e86-d3038f03552d;a9fce97a-9386-447f-9166-9376d24a0ff9;category_regenerate;success;5;13038;;2026-01-28 19:45:51.877229+00;03765a40-f338-4035-a2ba-8928fff30834;
132bf7b8-805b-4b30-9224-bd6d013c1699;f1c0275f-b890-483d-ac91-ffb13009995d;category_regenerate;success;5;16620;;2026-01-28 19:45:55.451075+00;03765a40-f338-4035-a2ba-8928fff30834;
d32a6aef-44b2-418a-952f-cb13751d2b3d;adacf06e-80a6-4303-b07d-b1bb59118427;category_regenerate;success;5;20720;;2026-01-28 19:45:59.551755+00;03765a40-f338-4035-a2ba-8928fff30834;
2b1f0f08-d064-47c0-bdde-f77fe359ec24;78dbfe04-41ff-4c00-a3c3-732c3bcaa4b6;category_regenerate;success;5;24022;;2026-01-28 19:46:02.869427+00;03765a40-f338-4035-a2ba-8928fff30834;
dc6b6209-dde8-4471-be70-df8d3383847f;4b6a15b0-4764-431f-8372-6e9f180c4436;category_regenerate;success;5;28341;;2026-01-28 19:46:07.169943+00;03765a40-f338-4035-a2ba-8928fff30834;
c18709ed-ebf2-4177-a0b8-36fc60f956a6;7765aefc-5bc3-4e2b-870d-d3abf0e2c421;category_regenerate;success;5;32268;;2026-01-28 19:46:11.109599+00;03765a40-f338-4035-a2ba-8928fff30834;
64943b4c-134d-4131-954b-e14ac7377c98;2e71414d-d885-412d-8f8f-b72b3c8d3957;category_regenerate;success;5;37179;;2026-01-28 19:46:16.012066+00;03765a40-f338-4035-a2ba-8928fff30834;
a5dbec77-9b51-481b-ab51-bb379ad077bd;e117e236-a2f2-4f4d-9a58-728c68477982;category_regenerate;success;5;41469;;2026-01-28 19:46:20.297001+00;03765a40-f338-4035-a2ba-8928fff30834;
d26fcfd8-78b8-4b91-90ff-1492aaf9267c;ff4634b3-edf4-4d17-8207-d39816b323b2;category_regenerate;success;5;45024;;2026-01-28 19:46:23.848793+00;03765a40-f338-4035-a2ba-8928fff30834;
0bf81278-f143-49f8-9ffd-2f64e5d92a2d;7da3a215-5750-4a28-b39d-c2cb9cfa5348;category_regenerate;success;5;3874;;2026-01-28 19:48:06.46679+00;03765a40-f338-4035-a2ba-8928fff30834;
dce20b1c-324b-472d-99f8-3bc1f0a7e991;aa7fc58f-17d6-46f8-920c-6b24e9c4702e;category_regenerate;success;5;8137;;2026-01-28 19:48:10.734001+00;03765a40-f338-4035-a2ba-8928fff30834;
c31f9e37-bb6f-4c69-90ef-14c88f0fd7a0;16e87875-03f2-4eee-ad7f-64f14d5dfe3f;category_regenerate;success;5;12921;;2026-01-28 19:48:15.510477+00;03765a40-f338-4035-a2ba-8928fff30834;
f30afd6e-4fde-4456-95a3-b9dac4345653;c06eb4ff-0604-43ed-8588-3cb080b5cb0c;category_regenerate;success;5;16490;;2026-01-28 19:48:19.077625+00;03765a40-f338-4035-a2ba-8928fff30834;
8bde012b-9689-4288-98d4-24a61173c30b;a3bab107-c4f1-4212-8f57-f6fa20c6bf89;category_regenerate;success;5;3270;;2026-01-28 19:48:28.80587+00;03765a40-f338-4035-a2ba-8928fff30834;
f10d07ad-b21a-4b90-b8a3-6d0cd1e06a9c;652def7d-bd4e-45a5-b462-8dcf0f0f2d62;category_regenerate;success;5;4549;;2026-01-28 19:50:42.926279+00;03765a40-f338-4035-a2ba-8928fff30834;
7d67f1ab-2a29-4360-ad54-4794ac7df808;2ada37a3-0f5e-4aed-aa4b-0ba47d4aac46;category_regenerate;success;5;3619;;2026-01-28 19:51:21.537276+00;03765a40-f338-4035-a2ba-8928fff30834;
246156eb-a397-4cd5-97f4-3be860f0de42;4fc7414f-477a-4395-a5ee-6909b4a1a977;category_regenerate;success;5;6928;;2026-01-28 19:51:24.827444+00;03765a40-f338-4035-a2ba-8928fff30834;
873e9fc2-7ced-4789-9c95-88f145f878f6;9aa65d73-40cc-4eec-a823-ed03c497f9a3;category_regenerate;error;0;10838;AI did not return any FAQs;2026-01-28 19:51:28.73734+00;03765a40-f338-4035-a2ba-8928fff30834;
ed5e56c4-6e08-4ada-a5a7-f4201424ec89;cc9067c9-acfc-4804-8156-454e7773aad1;category_regenerate;success;5;14311;;2026-01-28 19:51:32.234876+00;03765a40-f338-4035-a2ba-8928fff30834;
4cc61e12-b9be-44c6-9931-e99717c464c2;625d437c-a421-427d-95fd-d016707b6f1a;category_regenerate;success;5;18081;;2026-01-28 19:51:35.979137+00;03765a40-f338-4035-a2ba-8928fff30834;
02303bd2-34b3-473a-874f-47b13ee87af2;601e7f90-15ba-4fa0-842b-64615e995892;category_regenerate;success;5;21687;;2026-01-28 19:51:39.587213+00;03765a40-f338-4035-a2ba-8928fff30834;
a07f0706-5d07-4a99-b597-f8ba90025934;1590e3c0-c5d9-4cb5-8e67-42eb06a74f54;category_regenerate;success;5;25930;;2026-01-28 19:51:43.841786+00;03765a40-f338-4035-a2ba-8928fff30834;
bf2380db-7fc5-4090-8deb-9634a0802b7e;d670b5e7-94d0-4125-ac6c-bdf4571aef7e;category_regenerate;success;5;29574;;2026-01-28 19:51:47.485559+00;03765a40-f338-4035-a2ba-8928fff30834;
ff7da51e-73c7-426c-b7ef-78df5e58350e;839d5181-03fd-455d-9822-7532ff7d23ab;category_regenerate;success;5;34810;;2026-01-28 19:51:52.727978+00;03765a40-f338-4035-a2ba-8928fff30834;
cb6fa3e0-86dc-4460-85ae-7422d0e4c739;6d29c6ea-7b39-4c91-960d-6aba4493dd2f;category_regenerate;success;5;4046;;2026-01-28 19:54:11.000072+00;03765a40-f338-4035-a2ba-8928fff30834;
0fd65c4c-5633-4de7-9570-3760193c3bbc;4986b14a-139a-469a-b851-8a625643cb94;category_regenerate;success;5;8253;;2026-01-28 19:54:15.205276+00;03765a40-f338-4035-a2ba-8928fff30834;
f5f4d827-f804-48b1-baa7-490ed6743407;f8768457-209c-490d-9fcf-82041dc85e16;category_regenerate;success;5;11586;;2026-01-28 19:54:18.522294+00;03765a40-f338-4035-a2ba-8928fff30834;
4104ca9d-47a9-4fb8-98fa-c49e03696d36;a3039778-e93f-4cad-9366-cf878a46bc02;category_regenerate;success;5;15645;;2026-01-28 19:54:22.567334+00;03765a40-f338-4035-a2ba-8928fff30834;
7dd6259b-841c-4868-871c-b68abc6ce623;9d239622-e475-4b25-9461-6b4c5aa1a667;product_generate;success;5;4878;;2026-01-28 20:25:31.241702+00;03765a40-f338-4035-a2ba-8928fff30834;
9857770d-f1c0-4a35-be28-9d0b590ceb5b;6dd85e1e-0369-42fa-8a58-8a187b89f470;product_generate;success;5;3030;;2026-01-29 21:54:59.98648+00;03765a40-f338-4035-a2ba-8928fff30834;
f819c54b-64a2-423f-b2b4-ca4c0dafabb6;f16d0753-d2b4-40e7-82a5-3d6c6d84e3e5;product_generate;success;5;3559;;2026-01-29 22:14:58.96103+00;03765a40-f338-4035-a2ba-8928fff30834;
d1130019-4cff-45e9-b303-162017ad7c82;bb061112-83d1-4302-a74e-5e9e86d8bd0a;product_generate;success;5;3219;;2026-01-29 22:28:16.019011+00;03765a40-f338-4035-a2ba-8928fff30834;
7c47315a-3308-4142-b988-2e19256bb329;94229ad5-33a1-48de-843d-c55950722b8e;product_regenerate;success;5;3171;;2026-01-30 09:55:00.555925+00;03765a40-f338-4035-a2ba-8928fff30834;
80414b63-da6c-4f3e-ba49-87d6a40375bc;35b15c72-384e-479b-9347-4d9e6d3e9ff9;product_regenerate;success;6;3317;;2026-01-30 09:58:03.46379+00;03765a40-f338-4035-a2ba-8928fff30834;
7f954be8-3486-4f5f-8ac9-53cc8803e16d;3fa58f81-b312-4eaf-a9fd-902ef547868d;product_regenerate;success;5;3290;;2026-01-30 10:07:10.276509+00;03765a40-f338-4035-a2ba-8928fff30834;
9eb51773-e871-43b1-915a-7d1c383e5f02;f5b162c1-7fbc-4cda-9070-cde9187a1fe2;product_generate;success;5;2951;;2026-01-30 10:20:02.28029+00;03765a40-f338-4035-a2ba-8928fff30834;
d555ff93-24eb-40b2-a03d-5a57f47e2cb0;138084bb-283b-4092-b2c6-f2f4e8e2e5d7;product_generate;success;5;3134;;2026-01-30 20:12:17.620275+00;03765a40-f338-4035-a2ba-8928fff30834;
2b35dddf-0c8b-4af7-91f5-80df3966d3e4;260ab6e5-8514-4287-95be-cdc893a8d411;product_generate;success;5;2465;;2026-01-30 20:18:20.300706+00;03765a40-f338-4035-a2ba-8928fff30834;
dad87c5b-c56d-4e48-94c2-075114f22a15;bfffc087-1d49-42fc-b556-caa4d071ad50;product_generate;success;5;3210;;2026-01-30 20:33:00.407404+00;03765a40-f338-4035-a2ba-8928fff30834;
b0f181f8-9306-4caa-95e2-90afe1a3ec4c;1cec85a0-8ee1-4281-b439-e71b8922b995;product_generate;success;5;2635;;2026-01-30 20:43:26.52455+00;03765a40-f338-4035-a2ba-8928fff30834;
9f632085-ca39-4eec-beb8-10db7e002199;3c5679e9-7585-4c66-aa0f-ccdf390b7deb;product_generate;success;5;3774;;2026-01-30 20:47:51.610553+00;03765a40-f338-4035-a2ba-8928fff30834;
a244cb59-6a60-4c5a-a8f3-90e8fd0e0b5c;ca602352-e6de-47ad-bfd0-5726eacdb481;product_generate;success;5;3095;;2026-01-31 20:12:35.585713+00;03765a40-f338-4035-a2ba-8928fff30834;
e8a7ee7a-3cc3-4f86-8b1c-dbbc77bfd9c9;0533f9c6-2e36-4d47-8aee-1b7ebcffb66c;product_generate;success;5;3239;;2026-01-31 20:42:51.786086+00;03765a40-f338-4035-a2ba-8928fff30834;
27193adb-e8f1-4edc-8e1a-0a2db9e55a15;c9baf6a3-ea95-41da-a753-faa43e3d3d34;product_generate;success;5;2985;;2026-01-31 20:54:53.581164+00;03765a40-f338-4035-a2ba-8928fff30834;
d0565b29-8f9b-4174-8583-bff654b1aed8;7c2e589a-e51d-4074-a6d0-1139718e5e21;product_generate;success;5;2407;;2026-01-31 21:01:00.274297+00;03765a40-f338-4035-a2ba-8928fff30834;
29144d35-ab30-4050-ad1a-2494a0acbe87;24b48e17-ab5b-411b-adc0-082b14342534;product_generate;success;5;3587;;2026-02-01 11:45:40.427427+00;03765a40-f338-4035-a2ba-8928fff30834;
2ea4af88-e162-417a-af0c-8b81b927c419;63c4879f-0299-4b50-86d6-96604a43ab32;product_generate;success;5;9396;;2026-02-02 11:51:19.321961+00;03765a40-f338-4035-a2ba-8928fff30834;
e9545e91-4850-4647-b2ca-3885f3361efb;9ed48b8f-6644-40c1-9fce-8bc6a5a90c79;product_generate;success;5;3580;;2026-02-03 11:12:59.729943+00;03765a40-f338-4035-a2ba-8928fff30834;
c8bc2150-5f18-43b7-8f63-f23e697e08cc;32b814d6-abcc-44c2-af64-eff9bf665fec;product_generate;success;5;4024;;2026-02-04 18:43:04.505558+00;03765a40-f338-4035-a2ba-8928fff30834;
f6ca6301-3a2d-4a6e-9180-220a12abc703;d6ced534-2d2c-41ea-8eb8-a39a87d60e1e;product_generate;success;5;3591;;2026-02-04 18:55:35.696382+00;03765a40-f338-4035-a2ba-8928fff30834;
9877370e-e37c-44bd-937c-5421f1395a01;f25b3a97-809d-4a91-9891-a07c6216724e;product_generate;success;5;3550;;2026-02-05 21:04:54.069369+00;03765a40-f338-4035-a2ba-8928fff30834;
e0a7b836-4acd-48e6-b690-0dc0aa4b0cd7;a4661464-d866-49c5-8852-23bb4ed3d9f1;product_generate;success;5;3308;;2026-02-05 21:09:20.245548+00;03765a40-f338-4035-a2ba-8928fff30834;
caa02ba0-d4f6-47ff-8a36-13acf7a15a3c;4f224d4d-99b0-4c86-b26b-4b9158ad9191;product_generate;success;5;4775;;2026-02-05 21:26:33.917836+00;03765a40-f338-4035-a2ba-8928fff30834;
514787a3-8eef-41ff-86eb-b58d978ae7b6;160b30c3-0662-4275-ad94-5aaa5a77860b;product_generate;success;5;7979;;2026-02-06 14:37:55.620726+00;03765a40-f338-4035-a2ba-8928fff30834;
1e12a4d0-b16d-4c7b-9d7f-bf6f17e8d3aa;e14b0c2f-11c7-4c4c-b198-a74afa86d589;product_generate;success;6;6376;;2026-02-06 14:42:25.823463+00;03765a40-f338-4035-a2ba-8928fff30834;
c7b1a5a0-49b0-4a45-ad64-eaf1f0e1fbfd;274e562b-ee28-4023-91be-3ebc9217ce72;product_generate;success;5;7358;;2026-02-06 14:45:02.231272+00;03765a40-f338-4035-a2ba-8928fff30834;
5896e472-9a66-461f-8d40-192cbe5f0c8d;fcd720d0-156d-4a4b-83d3-9074d22ae557;product_generate;error;0;2839;AI did not return any FAQs;2026-02-06 14:49:28.210081+00;03765a40-f338-4035-a2ba-8928fff30834;
03ac279c-f4d8-4c48-af0a-67024c233180;fcd720d0-156d-4a4b-83d3-9074d22ae557;product_generate;error;0;6840;AI did not return any FAQs;2026-02-06 14:49:42.518612+00;03765a40-f338-4035-a2ba-8928fff30834;
f5bec460-6a0a-4933-b52c-bc11f918a50e;fcd720d0-156d-4a4b-83d3-9074d22ae557;product_generate;success;5;3281;;2026-02-06 14:49:57.78961+00;03765a40-f338-4035-a2ba-8928fff30834;
1f688f4f-d28a-4150-9c27-d1aa6c9fe0c3;a1af1614-537c-4af2-8981-9e859921490b;product_generate;success;5;4937;;2026-02-06 14:55:39.800645+00;03765a40-f338-4035-a2ba-8928fff30834;
8cd0fe01-3154-46a3-8046-c54c0ee3b285;217d34d4-adfb-4519-ae5d-7d00f99c5315;product_generate;success;5;3029;;2026-02-06 15:15:14.132955+00;03765a40-f338-4035-a2ba-8928fff30834;
72279916-6278-4dee-80c1-9402c20dea8d;0931e7e6-0abf-4127-bec1-a5c41a26b44d;product_generate;success;5;7552;;2026-02-06 15:18:35.834098+00;03765a40-f338-4035-a2ba-8928fff30834;
c46f0ffc-6474-42c6-8602-64fb29abd2e3;fa7d5776-54ec-42cb-8eb2-8dfdf6277e04;product_generate;success;5;9513;;2026-02-06 15:20:52.144428+00;03765a40-f338-4035-a2ba-8928fff30834;
0b442414-e4de-40f0-8688-7bb9b7ca9dc7;70a5a0e6-735d-47fc-bc36-3bbce7074916;product_generate;success;5;3534;;2026-02-06 15:23:45.62011+00;03765a40-f338-4035-a2ba-8928fff30834;
9738ee55-bf48-4a37-bf7b-9247eda3d082;0ab1cfd9-d330-4826-8f8f-0646f70fef25;product_generate;success;5;6598;;2026-02-06 15:29:55.162922+00;03765a40-f338-4035-a2ba-8928fff30834;
1b05c691-1ba0-4970-b702-03db63eebc99;41bf4151-4d2d-4f49-b454-b53abbd5b706;product_regenerate;success;5;3686;;2026-02-06 23:30:35.80509+00;03765a40-f338-4035-a2ba-8928fff30834;
08c7472b-cd75-439d-97f2-192e58d4becb;1781f357-43d0-45f2-9029-78d05e16cb29;product_generate;success;5;2688;;2026-02-08 23:55:06.786321+00;03765a40-f338-4035-a2ba-8928fff30834;
bc9945d6-ebf9-4a9d-b23d-c463a91385a5;51ac8e7a-ec2b-44e9-9569-ecf71966520e;product_generate;success;5;3492;;2026-02-09 18:29:13.528053+00;03765a40-f338-4035-a2ba-8928fff30834;
69e5af7a-5d40-4eb0-b95d-c5bd6fe54cd4;244987e0-2f07-4fe1-8a63-37c6d7a2fd2a;category_generate;success;5;4283;;2026-02-11 01:59:15.404637+00;03765a40-f338-4035-a2ba-8928fff30834;
10a7d1f5-6df1-4ae3-97d5-cdf4abe91f27;177a0913-f605-44c7-a967-d4e433a12fd2;category_generate;success;5;8357;;2026-02-11 01:59:19.478773+00;03765a40-f338-4035-a2ba-8928fff30834;
b4752208-a76c-41ac-88ac-b71a127d4d41;fe2c4393-8783-4518-bb86-e6e95bc18db4;category_generate;success;5;12493;;2026-02-11 01:59:23.627638+00;03765a40-f338-4035-a2ba-8928fff30834;
40c3aa14-28f1-4708-ab00-70a3f0886539;550da282-b569-42a0-b579-957d0fff7e54;category_generate;success;5;16550;;2026-02-11 01:59:27.680614+00;03765a40-f338-4035-a2ba-8928fff30834;
8e1b5035-fa3d-4bf8-9313-0308e347f992;2c784d82-ea30-4860-b864-ebd32b90b9b6;category_generate;success;5;19863;;2026-02-11 01:59:30.987488+00;03765a40-f338-4035-a2ba-8928fff30834;
4e59939f-80ad-414f-8f1e-87af7f953b81;ee81e26c-d1a5-4fdf-8f9b-8bb3bc33ca61;product_generate;success;5;3163;;2026-02-11 01:59:51.198975+00;03765a40-f338-4035-a2ba-8928fff30834;
bc300ea8-1a1f-46db-9780-415efd622e1d;2d25dab0-e5c4-4489-8eb0-efc31cbd8490;product_generate;success;5;3658;;2026-02-12 22:27:31.655322+00;03765a40-f338-4035-a2ba-8928fff30834;
3d8b0836-5575-48c6-9f55-7c2050ec2a8a;acb59079-8fbb-4295-ba41-077cdfbbe4ce;product_generate;success;5;2781;;2026-02-12 22:31:20.221316+00;03765a40-f338-4035-a2ba-8928fff30834;
195af36e-2784-4204-b188-ad073b3d37ea;23bfe3e6-0b18-4066-b995-66f72cbe620c;product_generate;success;5;3271;;2026-02-12 22:33:37.33187+00;03765a40-f338-4035-a2ba-8928fff30834;
59d38ff2-529f-41d2-9230-aef3a9c8fccb;dc40a3a4-8de9-4d3d-afbd-fc1eb8853d83;product_generate;success;5;2897;;2026-02-12 22:39:34.176611+00;03765a40-f338-4035-a2ba-8928fff30834;
b43efdba-d8e0-4ae4-b16f-9439d2aafe51;fa8f2ffe-dd64-44f2-a232-ef35afa408c6;product_generate;success;5;2794;;2026-02-12 22:45:17.570337+00;03765a40-f338-4035-a2ba-8928fff30834;
88c79da6-de54-4b16-82e9-d554a51f4afb;ff9a4348-a4c0-44a6-9fed-c4276fa1ee58;product_generate;success;5;3700;;2026-02-12 22:51:07.418334+00;03765a40-f338-4035-a2ba-8928fff30834;