id;sync_config_id;g2g_price;our_price;markup_applied;price_unit;created_at
302b5659-4f39-4e02-b57e-96481613acda;2e7c469c-9d92-4b30-8e63-e8bdbd097da0;0.059449;0.071339;20;1000;2026-01-29 19:19:37.516436+00
43221894-dc59-4ee9-ab30-332e0b36c9dc;87c7e0dc-0ccd-4c95-8a52-e9bdeac572b3;199;208.95;5;1;2026-01-31 10:47:15.055307+00
afbdb39d-867a-411d-9ff6-fbf731c4f543;40e56bf8-ba30-495b-b1f3-7b07d9e1f5e8;644.7;676.935;5;1;2026-01-31 10:47:27.466992+00
fe5c912f-1475-48ca-ae4b-5cb4b89f5a48;2e7c469c-9d92-4b30-8e63-e8bdbd097da0;0.059634;0.071561;20;1000;2026-01-31 10:47:35.157822+00
f1dfc46e-a769-4e92-afb5-9497622fd55e;0a17953d-5890-4503-ae00-0f2491cead4f;0.012545;0.015054;20;1000;2026-01-31 10:47:43.517892+00
e3f8d292-77bd-4d7a-92a0-3e1d50e39dbb;f6a03fdb-615f-4110-8757-9c3341674e5c;0.058192;0.06983;20;1000;2026-02-01 10:49:33.723734+00
193ff66f-51f9-4095-bbb4-434ace8b6131;c517995a-2099-499b-b0e1-ecd5f636825c;0.053245;0.063894;20;1000;2026-02-01 10:49:35.893293+00
183336d8-c3db-46b6-b0f0-0332af500f3a;2e7c469c-9d92-4b30-8e63-e8bdbd097da0;0.059462;0.071354;20;1000;2026-02-01 10:49:38.275928+00
3a050539-8430-4929-a515-6f0d17f18bce;35c4979c-3eb0-4396-b682-864b76a60bd2;0.065722;0.078866;20;1000;2026-02-01 10:49:40.522455+00
f166d1b2-7957-4138-8e95-ae88ef800587;1caf5709-9742-4f49-b117-5136bfbff4a1;0.056178;0.067414;20;1000;2026-02-01 10:49:42.663332+00
bceca361-bec0-4290-ab5a-24b1b0a32fef;f1121f12-4b75-47f5-b86b-96ef9a03543d;0.15085;0.18102;20;1000;2026-02-01 10:49:44.912995+00
d8d6d9e4-34e2-42d7-b9cd-c129e102b061;11f068a8-5b92-4f11-990a-8da981be54a6;0.01251;0.015012;20;1000;2026-02-01 10:49:47.262869+00
7fe7bacf-75d4-4172-a601-e7ee2307fa76;3af5a96a-eeea-4bed-8688-2bda2ef18607;0.037938;0.045526;20;1000;2026-02-01 10:49:49.319852+00
62cc58dd-f4ae-409e-a760-494fbade734a;0a17953d-5890-4503-ae00-0f2491cead4f;0.012545;0.015054;20;1000;2026-02-01 10:49:51.502634+00
fa16e309-0f2b-4660-b226-ed15090674c8;dfb99f44-3a48-40e5-8451-4bdedcae6105;0.000325;0.00040625;25;1000;2026-01-03 17:40:58.771635+00
6cad541d-f403-4045-88a3-45fcae6f0c4e;dfb99f44-3a48-40e5-8451-4bdedcae6105;0.000325;0.00040625;25;1;2026-01-03 17:41:49.252413+00
ba31232b-0be8-4038-939f-b427f34bc81c;dfb99f44-3a48-40e5-8451-4bdedcae6105;0.000325;0.00040625;25;100000;2026-01-03 17:45:27.461658+00
2b0e805e-ed13-4366-9df0-8935a435c181;4674540a-227c-4f14-aeb0-6bb4a56afff6;0.0371;0.046375;25;100000;2026-01-03 17:47:31.507591+00
2db3d131-fdf1-4447-bc80-baf0dc538ff7;4674540a-227c-4f14-aeb0-6bb4a56afff6;0.0371;0.046375;25;10000;2026-01-03 17:48:48.937282+00
9acf5595-14ea-4317-802f-2e24b66d32ae;0ad63b0a-6628-4dbf-9eea-cec0fc5d9bfe;0.043589;0.05448625;25;10000;2026-01-03 17:58:05.468273+00
4723de24-12cb-4d57-b205-34a8316aa8ea;46ab3cb0-2f39-4d0f-a307-efc4f9a8544c;0.058074;0.069689;20;1000;2026-02-03 21:54:06.218462+00
1c4faac8-dad3-4acd-aac1-49e5d329966a;c0ec0716-6595-4d46-9c0b-18c1c3601d35;0.011316;0.013579;20;1000;2026-02-03 21:54:13.593535+00
79f23f0e-c3f7-4838-82bb-5e041fe334f0;cec79063-d154-459f-89e2-c84dbec726a9;0.004913;0.005896;20;1000;2026-02-03 21:54:20.447214+00
4293b695-85c8-4a01-92d0-6d20b9c98453;38882174-073e-4eef-85c8-525f53299ab6;0.0008;0.001;25;10000;2026-02-06 11:01:55.834173+00
2e020927-6936-4870-a816-ae1ec3cfdfac;92a44074-431e-433a-95f9-46fd3f3cc035;0.001819;0.002456;35;100;2026-02-06 11:02:02.210646+00
dbc0c2d1-a257-4080-bdcc-c98fd3545d4e;f8aefdb4-c9ea-46e1-b8b9-301771ee5b0a;0.046318;0.055582;20;1000;2026-02-08 15:19:27.588772+00
bbd79490-14ab-4a29-905e-4a9888a78329;38882174-073e-4eef-85c8-525f53299ab6;0.0008;0.001;25;10000;2026-02-08 15:20:09.391823+00
e877dc6e-183b-4ade-b2d7-896b23f0a24a;53c14020-497f-4e70-8293-85b0d91f610d;0.000227;0.000341;50;10000;2026-02-09 09:56:45.790155+00
b3e76f50-aad5-4f40-8580-d70910faf1ac;9050fb69-8236-44f8-9ef8-7849dcff4209;0.000196;0.00026460000000000003;35;1000000;2026-01-03 18:14:18.858535+00
5d40a663-4b8e-41d8-a838-f3b899fd82ee;9050fb69-8236-44f8-9ef8-7849dcff4209;0.000196;0.00026460000000000003;35;1000000;2026-01-03 18:19:36.730991+00
4f450e86-67dc-4636-b76a-8e9d35030f46;92a44074-431e-433a-95f9-46fd3f3cc035;0.036679;0.04584875000000001;25;1;2026-01-03 18:25:00.688824+00
18eea195-0a69-4f43-b07e-b166bc8a65a0;92a44074-431e-433a-95f9-46fd3f3cc035;0.037;0.04625;25;1;2026-01-03 18:26:50.570304+00
aad5fe32-42d9-43b7-84cc-9f865eb45236;92a44074-431e-433a-95f9-46fd3f3cc035;0.037;0.055499999999999994;50;1;2026-01-03 18:27:28.854155+00
defeb0cd-eaab-4fb7-88db-c152b9d2cf2d;92a44074-431e-433a-95f9-46fd3f3cc035;0.037;0.055499999999999994;50;100;2026-01-03 18:34:19.410287+00
16008851-2b2a-4e76-b782-974be8b2f9f4;92a44074-431e-433a-95f9-46fd3f3cc035;0.037098;0.055647;50;100;2026-01-03 18:45:24.249853+00
869d2a94-1667-4ad0-b2b0-da610de9d88d;92a44074-431e-433a-95f9-46fd3f3cc035;0.03629;0.054435;50;100;2026-01-03 18:49:13.456501+00
b51c66ad-3c01-4ec1-89e2-01ec2211248e;92a44074-431e-433a-95f9-46fd3f3cc035;0.03629;0.048992;35;100;2026-01-03 18:49:41.50532+00
2ada685e-aa2c-4c27-8e6b-56fd76e66643;503334bc-3906-4a2a-b98f-dd78364ee604;0.000184;0.000239;30;1000;2026-01-03 18:52:11.513733+00
9f62f60c-81fd-4453-9fa6-326e34bddf4c;503334bc-3906-4a2a-b98f-dd78364ee604;0.000184;0.000239;30;1000;2026-01-03 18:56:02.686755+00
ffb1ec62-6213-4726-8e17-4de149f58954;53c14020-497f-4e70-8293-85b0d91f610d;0.000999;0.001299;30;10000;2026-01-03 18:58:27.772846+00
60d30064-2076-4e7e-a4b1-9982b8c3b193;53c14020-497f-4e70-8293-85b0d91f610d;0.000999;0.001299;30;1000;2026-01-03 18:59:07.571486+00
5680177b-f527-4be6-b0bb-b9a5202c5b66;53c14020-497f-4e70-8293-85b0d91f610d;0.000999;0.001499;50;10000;2026-01-03 19:00:12.41369+00
f38e1c12-91c4-43f7-b1c6-e66e43fbd08c;53c14020-497f-4e70-8293-85b0d91f610d;0.000999;0.001499;50;1000;2026-01-03 19:00:54.9326+00
2100283d-7f58-407d-9b61-db86a66211e7;53c14020-497f-4e70-8293-85b0d91f610d;0.000999;0.001499;50;1000;2026-01-03 19:02:07.771622+00
5bd408fd-c005-45d8-a002-23fa894df548;53c14020-497f-4e70-8293-85b0d91f610d;0.000999;0.001499;50;10000;2026-01-03 19:07:59.896543+00
b299edc9-5ad0-420a-8592-edf795ed8778;4674540a-227c-4f14-aeb0-6bb4a56afff6;0.0371;0.046375;25;10000;2026-01-03 19:41:04.28584+00
72a9b79c-834f-412d-8398-067a2b46194c;0ad63b0a-6628-4dbf-9eea-cec0fc5d9bfe;0.04379;0.054738;25;10000;2026-01-03 19:41:08.930447+00
730639df-e499-4d06-8023-9b8f4bf2d953;46ab3cb0-2f39-4d0f-a307-efc4f9a8544c;0.053694;0.064433;20;1000;2026-02-11 11:36:04.366199+00
236562aa-c997-449a-8a5e-d4503793ed41;35c4979c-3eb0-4396-b682-864b76a60bd2;0.058547;0.070256;20;1000;2026-02-11 11:36:07.275323+00
b9cd8330-f4d2-45b4-82c2-11d3f7f48c94;0895f969-6433-415b-ad38-13b0d2fa041a;0.052557;0.063068;20;1000;2026-02-11 11:36:09.726099+00
ea05b8b6-1553-4a33-a147-825c8d5424d4;2e7c469c-9d92-4b30-8e63-e8bdbd097da0;0.051267;0.06152;20;1000;2026-02-11 11:36:12.859672+00
3d03ee65-138f-4c7d-b9d7-f911a4308acc;1caf5709-9742-4f49-b117-5136bfbff4a1;0.051805;0.062166;20;1000;2026-02-11 11:36:15.77+00
41f1bbcd-c70b-49e0-a674-289f146776ed;dfb99f44-3a48-40e5-8451-4bdedcae6105;0.000322;0.000403;25;100000;2026-01-03 19:41:27.77483+00
0e7d33fe-b57f-4242-8395-af96ea162f26;0a17953d-5890-4503-ae00-0f2491cead4f;0.012545;0.015054;20;1000;2026-02-11 11:36:18.230648+00
bfce3766-838d-46eb-9993-a02e18d91d24;9050fb69-8236-44f8-9ef8-7849dcff4209;0.000195;0.000263;35;1000000;2026-01-03 19:41:34.162793+00
ffcafef5-4dc4-461d-ab2f-15ec0acb14d4;92a44074-431e-433a-95f9-46fd3f3cc035;0.03529;0.047642;35;100;2026-01-03 19:41:37.173493+00
efa0d38e-91ef-4229-8bad-3798ca2c12ce;503334bc-3906-4a2a-b98f-dd78364ee604;0.000179;0.000233;30;1000;2026-01-03 19:41:40.681959+00
70f9418c-40dc-4855-bf0f-8860c7baa6f0;53c14020-497f-4e70-8293-85b0d91f610d;0.000999;0.001499;50;10000;2026-01-03 19:41:44.948427+00
41f63174-2efa-4154-8925-dd348b742981;3af5a96a-eeea-4bed-8688-2bda2ef18607;0.033358;0.04003;20;1000;2026-02-11 11:36:21.251491+00
e9f8de6b-038c-4491-96f2-880736532970;f1121f12-4b75-47f5-b86b-96ef9a03543d;0.15085;0.18102;20;1000;2026-02-11 11:36:23.648957+00
3a76b5f0-5d39-4032-b123-601fd72b33ae;dfb99f44-3a48-40e5-8451-4bdedcae6105;0.000327;0.000409;25;100000;2026-01-04 11:15:10.517897+00
43ec368c-80e8-4941-a77f-15903ffc9a4b;c2121502-fe79-41e3-95b5-6997f0b9ce0a;0.006567;0.00788;20;1000;2026-02-11 11:36:26.073912+00
3bac75e6-3b26-4889-ae14-58d1776a611d;9050fb69-8236-44f8-9ef8-7849dcff4209;0.000199;0.000269;35;1000000;2026-01-04 11:15:16.960489+00
cef16246-5bba-4174-876c-bfbff164e5db;92a44074-431e-433a-95f9-46fd3f3cc035;0.0325;0.043875;35;100;2026-01-04 11:15:19.857338+00
e52587ee-0076-42a6-a393-09f610d43938;503334bc-3906-4a2a-b98f-dd78364ee604;0.000189;0.000246;30;1000;2026-01-04 11:15:23.145792+00
978ffb24-2ebe-48f3-92b1-7d0f9ca7ec95;4674540a-227c-4f14-aeb0-6bb4a56afff6;0.0369;0.046125;25;10000;2026-01-04 11:15:27.291458+00
4ff44add-a7f0-49a6-9e4c-f1f02b5c3c1f;0ad63b0a-6628-4dbf-9eea-cec0fc5d9bfe;0.0432;0.054;25;10000;2026-01-04 11:15:30.704009+00
3b5a6799-6a7c-4c84-9125-1e623f90782f;53c14020-497f-4e70-8293-85b0d91f610d;0.000301;0.000451;50;10000;2026-02-13 13:07:31.123071+00
076ecf75-35dc-46ea-9549-b9716de9142e;c517995a-2099-499b-b0e1-ecd5f636825c;0.061085;0.070248;15;1000;2026-02-15 20:43:26.188764+00
92a6bea6-150a-4201-9cc0-861918bad842;53c14020-497f-4e70-8293-85b0d91f610d;0.000999;0.001499;50;10000;2026-01-04 11:15:42.090621+00
c75fec47-3d9e-4a70-adaa-8d7e9f15930b;92a44074-431e-433a-95f9-46fd3f3cc035;0.001978;0.00267;35;100;2026-02-16 10:05:25.84659+00
cc6e5ac9-e111-4fea-8c1b-3b93c05d4196;5772cba0-4bc1-4dd4-852f-3d2980d3c4f9;71;88.75;25;1;2026-01-04 18:37:50.96054+00
fef16dd1-a498-4e8c-8901-8f73eecae968;0ad63b0a-6628-4dbf-9eea-cec0fc5d9bfe;0.044938;0.056173;25;10000;2026-01-05 08:43:21.642665+00
4d19a194-43a7-4e5a-82f1-bc75af1aee17;53c14020-497f-4e70-8293-85b0d91f610d;0.000356;0.000534;50;10000;2026-02-16 20:11:59.859219+00
0664fd2c-2856-4754-9c45-aa9c674b1433;53c14020-497f-4e70-8293-85b0d91f610d;0.00093;0.001395;50;10000;2026-01-05 08:43:37.032269+00
0d43e1c4-94b9-4f83-b249-f72fb2b01078;dfb99f44-3a48-40e5-8451-4bdedcae6105;0.000333;0.000416;25;100000;2026-01-05 08:43:52.603596+00
2f5d44a7-145d-4ffe-b3bf-e341cad6f878;9050fb69-8236-44f8-9ef8-7849dcff4209;0.000159;0.000215;35;1000000;2026-01-05 08:43:59.232879+00
dcfaceb9-cd31-4ed4-bf42-967ad369a380;1caf5709-9742-4f49-b117-5136bfbff4a1;0.0569;0.06828;20;1000;2026-01-29 19:19:38.096087+00
819a7183-429c-4155-8989-9a8b0879de08;35c4979c-3eb0-4396-b682-864b76a60bd2;0.069405;0.083286;20;1000;2026-01-31 10:47:37.41113+00
b6627405-2ee4-4630-950c-d90afbb95440;f1121f12-4b75-47f5-b86b-96ef9a03543d;0.15085;0.18102;20;1000;2026-01-31 10:47:45.515697+00
9734cfd0-e789-4261-99d4-dd095519ad37;0ad63b0a-6628-4dbf-9eea-cec0fc5d9bfe;0.041854;0.050225;20;10000;2026-01-31 10:47:57.527224+00
4006d103-3c46-4e93-95ef-155c945efdcb;2e7c469c-9d92-4b30-8e63-e8bdbd097da0;0.057791;0.069349;20;1000;2026-02-04 20:52:36.813062+00
e9998aac-176b-483b-af12-ef84f7501db3;9713f243-afe6-4c88-be31-56a9e98b7c8c;0.002293;0.00344;50;1000;2026-02-06 11:01:56.83573+00
e25f388f-1a5b-4cd1-9e39-84597ee6e27b;9050fb69-8236-44f8-9ef8-7849dcff4209;0.00004;0.000054;35;1000000;2026-02-06 11:02:03.193801+00
c3f943db-8e28-49fd-9da4-a8d4b5b49a87;4674540a-227c-4f14-aeb0-6bb4a56afff6;0.038924;0.046709;20;10000;2026-02-06 11:02:05.59839+00
d6ef119f-ccf3-4846-8717-aa2ca0bff05d;1caf5709-9742-4f49-b117-5136bfbff4a1;0.045423;0.054508;20;1000;2026-02-08 15:19:40.840741+00
d7bb1a95-b99b-4656-9818-ce7ae53221e4;e3bf677d-1feb-4f65-9cef-37a7d5324afc;0.047832;0.057398;20;1000;2026-02-08 15:19:44.349053+00
1c3e5e29-3af3-4ad2-9bb2-7fb474e183b9;2e7c469c-9d92-4b30-8e63-e8bdbd097da0;0.045185;0.054222;20;1000;2026-02-08 15:19:46.654473+00
806c9a0b-62bb-4a78-bd31-4fc2c62ff0ce;46ab3cb0-2f39-4d0f-a307-efc4f9a8544c;0.055198;0.066238;20;1000;2026-02-08 15:19:48.768592+00
1440df3d-809a-43cd-85e5-888fb511cc87;f6a03fdb-615f-4110-8757-9c3341674e5c;0.055146;0.066175;20;1000;2026-02-08 15:19:50.948505+00
b12fed83-6598-45c0-81c6-ad3d0ec73b7f;f1121f12-4b75-47f5-b86b-96ef9a03543d;0.15085;0.18102;20;1000;2026-02-08 15:19:53.382222+00
437cdd7d-23e5-41c1-9d58-70420c50a2d9;e049d846-d38c-425e-8432-622352278f7c;0.156428;0.187714;20;1000;2026-02-08 15:19:56.181126+00
e6ff4363-c98a-4983-9b9f-fb1eed7b0530;c0ec0716-6595-4d46-9c0b-18c1c3601d35;0.010483;0.01258;20;1000;2026-02-08 15:19:59.065631+00
a01248f4-feb1-43ea-8e8c-de91f32bdf2f;f7a44c82-8abe-4d43-894b-16f1cdc4e4e9;0.055784;0.066941;20;1000;2026-02-08 15:20:01.962982+00
d1d113b9-1c4b-40d0-897d-02b3ae4088de;cec79063-d154-459f-89e2-c84dbec726a9;0.005243;0.006292;20;1000;2026-02-08 15:20:07.351352+00
05bdf1f0-c5fc-4a22-a89b-f1185893d7ea;503334bc-3906-4a2a-b98f-dd78364ee604;0.000042;0.000055;30;1000;2026-02-08 15:20:22.431205+00
fbd85ea0-d5ed-4f0a-b3f4-d3fbff3d0dfe;0ad63b0a-6628-4dbf-9eea-cec0fc5d9bfe;0.043101;0.051721;20;10000;2026-02-09 09:56:51.212294+00
e2b45471-67dc-4e57-a328-012b250acd2e;38882174-073e-4eef-85c8-525f53299ab6;0.0008;0.001;25;10000;2026-02-11 11:36:28.489633+00
ca659f3d-672d-4f90-9fdc-d3fecb9f5091;92a44074-431e-433a-95f9-46fd3f3cc035;0.001947;0.002628;35;100;2026-02-11 11:36:39.828373+00
1a011f3a-a994-4925-96bf-c20f2e6bdb14;0ad63b0a-6628-4dbf-9eea-cec0fc5d9bfe;0.043082;0.051698;20;10000;2026-02-11 11:36:41.935771+00
078ad86a-bc91-4239-8b36-4785538b95c1;0ad63b0a-6628-4dbf-9eea-cec0fc5d9bfe;0.04615;0.05538;20;10000;2026-02-13 13:07:35.668853+00
11a6b588-65db-464b-98e0-1c1f7c0c1176;1caf5709-9742-4f49-b117-5136bfbff4a1;0.054277;0.062419;15;1000;2026-02-15 21:03:27.375286+00
e0881301-3a5d-4ac5-9ed7-63110db663fd;c2121502-fe79-41e3-95b5-6997f0b9ce0a;0.006866;0.008239;20;1000;2026-02-15 21:03:51.058836+00
a6830853-6444-4041-94a9-39c06e578c18;c0ec0716-6595-4d46-9c0b-18c1c3601d35;0.011399;0.013679;20;1000;2026-02-15 21:03:54.096877+00
f7505b6b-dab2-4d0a-a276-176042990d4a;f7a44c82-8abe-4d43-894b-16f1cdc4e4e9;0.053062;0.063674;20;1000;2026-02-15 21:03:57.340102+00
22a953e5-3690-4526-be79-52c26e1436f9;9050fb69-8236-44f8-9ef8-7849dcff4209;0.000076;0.000103;35;1000000;2026-02-16 10:05:26.991047+00
eb44f3eb-f658-4b73-9ed3-c2d80a51d3ee;4674540a-227c-4f14-aeb0-6bb4a56afff6;0.039337;0.047204;20;10000;2026-02-16 10:05:29.543837+00
5897b583-9275-4adf-b2a9-052bf870ca36;0ad63b0a-6628-4dbf-9eea-cec0fc5d9bfe;0.048906;0.058687;20;10000;2026-02-16 20:12:06.28664+00
e2c7819a-ee70-4b5b-ac74-2c0c501cccb7;92a44074-431e-433a-95f9-46fd3f3cc035;0.02948;0.039798;35;100;2026-01-05 08:44:02.841407+00
2878e6d9-1139-4c7d-bef4-bb3b97394709;4674540a-227c-4f14-aeb0-6bb4a56afff6;0.036899;0.046124;25;10000;2026-01-05 08:44:12.699608+00
e0320da3-675d-4f0f-95d4-040f769f87d4;c517995a-2099-499b-b0e1-ecd5f636825c;0.052502;0.063002;20;1000;2026-01-29 19:19:38.669293+00
dc16d3ac-9363-48b1-9f43-f2ebbcef4865;35c4979c-3eb0-4396-b682-864b76a60bd2;0.067481;0.080977;20;1000;2026-01-29 19:19:44.730888+00
e88c7a86-ae8d-46ec-a1b6-74d8ab767cc9;c517995a-2099-499b-b0e1-ecd5f636825c;0.052268;0.062722;20;1000;2026-01-31 10:47:32.12751+00
95b18c6c-7cc7-470e-8f4d-70dff4f47887;c2121502-fe79-41e3-95b5-6997f0b9ce0a;0.008809;0.010571;20;1000;2026-01-31 10:47:40.252496+00
5d2ed920-5e8d-4660-85cc-f4bce7d82925;cec79063-d154-459f-89e2-c84dbec726a9;0.005517;0.00662;20;1000;2026-01-31 10:47:48.600166+00
94f7894b-cb55-409d-85d4-2aac6cb52e76;9713f243-afe6-4c88-be31-56a9e98b7c8c;0.002874;0.004311;50;1000;2026-01-31 10:47:50.482394+00
30f41539-9453-407d-8263-59879e3c0f13;53c14020-497f-4e70-8293-85b0d91f610d;0.000223;0.000335;50;10000;2026-01-31 10:47:52.408166+00
a1c8638d-6a11-4a24-8b80-8bed115d3b93;92a44074-431e-433a-95f9-46fd3f3cc035;0.002624;0.003542;35;100;2026-01-31 10:47:55.687546+00
45f9dcda-19b1-49f3-83e2-50c02dcb7d08;dfb99f44-3a48-40e5-8451-4bdedcae6105;0.00032;0.0004;25;100000;2026-01-31 10:47:59.632427+00
f88edff3-a5d4-44bd-822f-815ad4ec40d5;c517995a-2099-499b-b0e1-ecd5f636825c;0.059277;0.071132;20;1000;2026-02-04 20:52:57.59132+00
7f6fb8c6-7884-4d2d-810f-76dc59048947;5772cba0-4bc1-4dd4-852f-3d2980d3c4f9;17.6501;21.18012;20;1;2026-02-06 11:01:58.116837+00
c43fefc0-aecc-4957-b80b-373ca54f9b44;dfb99f44-3a48-40e5-8451-4bdedcae6105;0.000346;0.000433;25;100000;2026-02-06 11:02:06.743238+00
7ca2ccf8-3a2a-4212-951a-8e31f2bc3a85;35c4979c-3eb0-4396-b682-864b76a60bd2;0.053896;0.064675;20;1000;2026-02-08 15:19:42.903038+00
a6c22bcc-ab3d-4918-a38d-e3651adceb10;67b9576b-44ef-449f-a56b-47732db433b2;0.055041;0.066049;20;1000;2026-02-08 15:19:45.631543+00
0a679c73-9e84-4891-abef-0f42a62b768c;c517995a-2099-499b-b0e1-ecd5f636825c;0.046659;0.055991;20;1000;2026-02-08 15:19:47.526671+00
f260095a-dc6d-44ed-8385-4a146408a019;0895f969-6433-415b-ad38-13b0d2fa041a;0.049053;0.058864;20;1000;2026-02-08 15:19:49.669591+00
fec1efaa-f78b-40b3-a08c-e1cc7ac733e9;f8aefdb4-c9ea-46e1-b8b9-301771ee5b0a;0.046318;0.055582;20;1000;2026-02-08 15:19:51.895863+00
5985088c-0b53-41fc-b2ea-7735136b4244;c2121502-fe79-41e3-95b5-6997f0b9ce0a;0.007037;0.008444;20;1000;2026-02-08 15:19:54.759222+00
dffd3c98-8739-4f5b-82d2-57c0a14a30bf;11f068a8-5b92-4f11-990a-8da981be54a6;0.013286;0.015943;20;1000;2026-02-08 15:19:57.770377+00
e2a829f3-47bb-4fbf-933f-50aee23100a7;0a17953d-5890-4503-ae00-0f2491cead4f;0.012545;0.015054;20;1000;2026-02-08 15:20:00.343627+00
9c98bf38-8ebd-4420-b72c-770255e676a6;3af5a96a-eeea-4bed-8688-2bda2ef18607;0.033301;0.039961;20;1000;2026-02-08 15:20:05.348457+00
3e42facb-998a-4e2a-84da-a38c3cdc115a;f8aefdb4-c9ea-46e1-b8b9-301771ee5b0a;0.050136;0.060163;20;1000;2026-02-09 19:31:04.805131+00
9b99418f-de21-47b3-9665-41fbd215d2ea;c517995a-2099-499b-b0e1-ecd5f636825c;0.051553;0.061864;20;1000;2026-02-09 19:31:08.00711+00
7171b6e5-8535-4d58-b4f3-24312313c2d3;f6a03fdb-615f-4110-8757-9c3341674e5c;0.057513;0.069016;20;1000;2026-02-09 19:31:11.178893+00
dca4b2db-7b53-41ad-b97d-caa566230918;9713f243-afe6-4c88-be31-56a9e98b7c8c;0.00341;0.005115;50;1000;2026-02-09 19:31:38.514889+00
63a48b64-d4ac-45f2-b522-091620a0d630;9713f243-afe6-4c88-be31-56a9e98b7c8c;0.004163;0.006245;50;1000;2026-02-11 11:36:29.598057+00
c7a6f8ca-2c29-4bad-b434-a277d43e36b9;9050fb69-8236-44f8-9ef8-7849dcff4209;0.000043;0.000058;35;1000000;2026-02-11 11:36:40.874512+00
b1469d39-d777-44aa-aef9-38ba84d732e9;46ab3cb0-2f39-4d0f-a307-efc4f9a8544c;0.054042;0.06485;20;1000;2026-02-14 12:48:25.782792+00
8f4f97c9-194a-42f5-a612-9d7404d4835a;0895f969-6433-415b-ad38-13b0d2fa041a;0.05243;0.062916;20;1000;2026-02-14 12:48:28.060461+00
741592e7-1a54-43c2-bd09-d23619f76b0f;2e7c469c-9d92-4b30-8e63-e8bdbd097da0;0.052407;0.062888;20;1000;2026-02-14 12:48:30.313785+00
8f3d852a-a218-4535-8438-8d3e37d0d6fd;f6a03fdb-615f-4110-8757-9c3341674e5c;0.05911;0.070932;20;1000;2026-02-14 12:48:32.715363+00
a2ce4c70-fb3c-4752-a416-50629c9e975c;1caf5709-9742-4f49-b117-5136bfbff4a1;0.055135;0.066162;20;1000;2026-02-14 12:48:39.263223+00
2bb3183d-1d46-4b04-a24e-02c326af609e;3af5a96a-eeea-4bed-8688-2bda2ef18607;0.033331;0.039997;20;1000;2026-02-14 12:48:41.869869+00
e3927e97-71df-45f2-8149-27833aa2452f;f1121f12-4b75-47f5-b86b-96ef9a03543d;0.15085;0.18102;20;1000;2026-02-14 12:48:44.073642+00
c75c966d-79a0-45cd-af92-292826e386e1;c2121502-fe79-41e3-95b5-6997f0b9ce0a;0.006399;0.007679;20;1000;2026-02-14 12:48:47.0311+00
7544d8c1-2b39-4d40-8277-486f8b63c2a9;c0ec0716-6595-4d46-9c0b-18c1c3601d35;0.009408;0.01129;20;1000;2026-02-14 12:48:50.652288+00
3d90b827-702e-4bae-a660-9468493b2294;f7a44c82-8abe-4d43-894b-16f1cdc4e4e9;0.055784;0.066941;20;1000;2026-02-14 12:48:54.22207+00
b2aec9a6-1e39-4423-bc60-a436574ca0b0;503334bc-3906-4a2a-b98f-dd78364ee604;0.000045;0.000059;30;1000;2026-02-14 12:49:02.832227+00
c981ac3c-5ac5-41a9-a1c1-1c34b3cca97e;2e7c469c-9d92-4b30-8e63-e8bdbd097da0;0.051422;0.059135;15;1000;2026-02-15 21:03:28.874843+00
9c604e26-32f0-4fa6-91fa-ea7cc3f89af7;c517995a-2099-499b-b0e1-ecd5f636825c;0.061085;0.070248;15;1000;2026-02-15 21:03:32.320667+00
5d003899-feed-4170-ba50-a85c934b01ae;35c4979c-3eb0-4396-b682-864b76a60bd2;0.052745;0.060657;15;1000;2026-02-15 21:03:35.68563+00
a029bc8e-a283-440c-aaa2-ceaf70b53670;e3bf677d-1feb-4f65-9cef-37a7d5324afc;0.052468;0.060338;15;1000;2026-02-15 21:03:38.739611+00
b902ca03-34e1-4f8c-9bd6-8c3aacd524b2;0895f969-6433-415b-ad38-13b0d2fa041a;0.048915;0.056252;15;1000;2026-02-15 21:03:42.348781+00
297415f8-9105-4136-8735-22eeaf10a4b0;cec79063-d154-459f-89e2-c84dbec726a9;0.006105;0.007326;20;1000;2026-02-15 21:03:46.612609+00
8dd4dffc-e6b0-4c22-b3f4-de39b83b8bf2;0ad63b0a-6628-4dbf-9eea-cec0fc5d9bfe;0.047351;0.056821;20;10000;2026-02-16 10:05:28.481975+00
301c3737-33c2-468f-965b-2c57e60b4689;503334bc-3906-4a2a-b98f-dd78364ee604;0.000166;0.000216;30;1000;2026-01-05 08:44:06.476983+00
c5710772-e1ec-4219-9045-b489aec39817;5772cba0-4bc1-4dd4-852f-3d2980d3c4f9;73;91.25;25;1;2026-01-05 08:44:09.773452+00
2d8467da-e1e9-464d-aa61-8fddf4a2ec8f;e3bf677d-1feb-4f65-9cef-37a7d5324afc;0.050682;0.060818;20;1000;2026-01-29 19:19:39.155256+00
fa9fbe62-4f37-4acc-ab0b-bf004baa3a2b;0895f969-6433-415b-ad38-13b0d2fa041a;0.053091;0.063709;20;1000;2026-01-29 19:19:45.344026+00
506f822a-df80-4c93-a071-fe1646ee2281;dfb99f44-3a48-40e5-8451-4bdedcae6105;0.00033;0.000413;25;100000;2026-01-05 17:57:17.2163+00
c35ebb65-7316-4284-9e52-142081ca1639;4674540a-227c-4f14-aeb0-6bb4a56afff6;0.03711;0.046388;25;10000;2026-01-05 17:57:21.258828+00
4a1109ce-73cd-441b-9a0c-d8adbf5f6b43;87c7e0dc-0ccd-4c95-8a52-e9bdeac572b3;199;208.95;5;1;2026-01-31 10:20:29.906024+00
54ddb20d-0c5c-4f6c-a6fb-6ce8d412f951;1caf5709-9742-4f49-b117-5136bfbff4a1;0.056813;0.068176;20;1000;2026-01-31 10:47:29.923691+00
a34e960b-c2e5-46c4-b1fd-eb9caec36718;0895f969-6433-415b-ad38-13b0d2fa041a;0.058813;0.070576;20;1000;2026-01-31 10:47:38.364074+00
bfd9d2a0-20b8-4594-a443-14f783330cc3;f7a44c82-8abe-4d43-894b-16f1cdc4e4e9;0.055784;0.066941;20;1000;2026-01-31 10:47:46.393785+00
cb8c5ca2-b9d8-4269-a19e-c6530317fa6c;9050fb69-8236-44f8-9ef8-7849dcff4209;0.000153;0.000207;35;1000000;2026-01-05 17:57:41.57752+00
7513127b-6e84-4c3b-bc83-4b86d296e9f2;92a44074-431e-433a-95f9-46fd3f3cc035;0.02847;0.038435;35;100;2026-01-05 17:57:46.213536+00
40c3753b-3951-46f4-bc38-1252de728c09;503334bc-3906-4a2a-b98f-dd78364ee604;0.000165;0.000215;30;1000;2026-01-05 17:57:51.169662+00
3d625465-b59f-4125-af8e-f6b635e03570;53c14020-497f-4e70-8293-85b0d91f610d;0.000842;0.001263;50;10000;2026-01-05 17:57:55.047452+00
46c8a92b-10d2-4052-adc5-6fc1cf013a0d;5772cba0-4bc1-4dd4-852f-3d2980d3c4f9;73.339;91.67375;25;1;2026-01-05 17:58:00.011715+00
8885e9a9-1fa5-4f13-834d-757e8d5e0f35;9050fb69-8236-44f8-9ef8-7849dcff4209;0.000112;0.000151;35;1000000;2026-01-06 18:41:12.92633+00
a6c7d608-29d7-4ad1-9487-928648151994;92a44074-431e-433a-95f9-46fd3f3cc035;0.0277;0.037395;35;100;2026-01-06 18:41:15.663586+00
301a0316-e7fc-455d-b2f4-a17ee40c3a8a;c517995a-2099-499b-b0e1-ecd5f636825c;0.061445;0.073734;20;1000;2026-02-05 14:56:56.71374+00
21cfb3e0-b8d4-4901-946c-7174adf18311;f8aefdb4-c9ea-46e1-b8b9-301771ee5b0a;0.06053;0.072636;20;1000;2026-02-05 14:57:09.747408+00
d2820c00-34a7-4eb4-9a31-24aee4df0416;dfb99f44-3a48-40e5-8451-4bdedcae6105;0.000326;0.000408;25;100000;2026-01-06 18:41:40.49623+00
7d685480-2ade-47b3-a0a6-a50fd1df48be;4674540a-227c-4f14-aeb0-6bb4a56afff6;0.0372;0.0465;25;10000;2026-01-06 18:41:46.53912+00
5f201201-f4f1-4b32-b5c4-de04722b3d3d;53c14020-497f-4e70-8293-85b0d91f610d;0.000249;0.000373;50;10000;2026-02-06 11:01:59.514911+00
f02248db-05d1-4de1-9286-5ba2ac69d9e4;9713f243-afe6-4c88-be31-56a9e98b7c8c;0.002267;0.003401;50;1000;2026-02-08 15:20:12.189044+00
ce642007-b82d-4e45-92df-1ab401f4dba1;2e7c469c-9d92-4b30-8e63-e8bdbd097da0;0.050004;0.060005;20;1000;2026-02-09 19:31:06.45983+00
d8d31052-4a83-450b-89c8-faedc5c181d8;0ad63b0a-6628-4dbf-9eea-cec0fc5d9bfe;0.0425;0.053125;25;10000;2026-01-06 18:42:07.839318+00
fce8d233-4342-4e53-91e5-3034a365852c;503334bc-3906-4a2a-b98f-dd78364ee604;0.000165;0.000215;30;1000;2026-01-06 18:42:12.162856+00
c4b9119f-5f00-4a1d-bde9-3f9ca0399df7;53c14020-497f-4e70-8293-85b0d91f610d;0.000719;0.001079;50;10000;2026-01-06 18:42:16.955556+00
9d03eb81-7d9e-4954-82b0-fb6cab4b80fe;5772cba0-4bc1-4dd4-852f-3d2980d3c4f9;71.639;89.54875;25;1;2026-01-06 18:42:23.559028+00
e8c27006-ec7a-4081-8a34-f23276b1472a;46ab3cb0-2f39-4d0f-a307-efc4f9a8544c;0.055118;0.066142;20;1000;2026-02-09 19:31:09.676823+00
41bda8e9-9e18-44de-9106-746c87a35b63;5772cba0-4bc1-4dd4-852f-3d2980d3c4f9;15.6301;18.75612;20;1;2026-02-11 11:36:30.902149+00
0abae61c-7eb4-4362-b758-40997d7714c0;67b9576b-44ef-449f-a56b-47732db433b2;0.061889;0.074267;20;1000;2026-02-14 12:48:26.968313+00
598bf0f8-dbb1-4aae-b66e-e8e50e6c01b1;9713f243-afe6-4c88-be31-56a9e98b7c8c;0.007299;0.009124;25;1000;2026-01-07 10:36:26.504635+00
6478322c-f623-46b2-a32b-f31f26533136;9713f243-afe6-4c88-be31-56a9e98b7c8c;0.007299;0.009489;30;1000;2026-01-07 10:36:38.883302+00
2d5f893c-967e-4939-9e46-8c3d2f9754c2;9050fb69-8236-44f8-9ef8-7849dcff4209;0.000118;0.000159;35;1000000;2026-01-07 11:33:14.044399+00
03ae8174-2d02-4de9-ba01-bb1e3db1c82b;e3bf677d-1feb-4f65-9cef-37a7d5324afc;0.054378;0.065254;20;1000;2026-02-14 12:48:29.206397+00
19d07d74-4a54-4f06-b89f-b2c2b9505906;c517995a-2099-499b-b0e1-ecd5f636825c;0.060339;0.072407;20;1000;2026-02-14 12:48:31.537481+00
63015ba4-baa1-4649-905a-f7107c25c06e;92a44074-431e-433a-95f9-46fd3f3cc035;0.02562;0.034587;35;100;2026-01-07 11:33:22.806656+00
4d431bd4-584e-4df5-bbfa-687902bcb0ea;35c4979c-3eb0-4396-b682-864b76a60bd2;0.061427;0.073712;20;1000;2026-02-14 12:48:36.490437+00
de48fa66-7af4-4900-a711-903201d5a4d1;f8aefdb4-c9ea-46e1-b8b9-301771ee5b0a;0.050889;0.061067;20;1000;2026-02-14 12:48:40.850734+00
de47db7d-919e-4c69-a05d-bbc29c28d221;dfb99f44-3a48-40e5-8451-4bdedcae6105;0.000323;0.000404;25;100000;2026-01-07 11:33:36.79234+00
752dee26-2916-43d0-a1a5-8f8ab51233e6;0ad63b0a-6628-4dbf-9eea-cec0fc5d9bfe;0.04319;0.053988;25;10000;2026-01-07 11:33:40.807517+00
5d7a4d23-5b71-4ef0-84a7-de89b21bc938;503334bc-3906-4a2a-b98f-dd78364ee604;0.000147;0.000191;30;1000;2026-01-07 11:33:44.15454+00
ab2c80a6-fcd6-4035-b83d-49806f7db147;53c14020-497f-4e70-8293-85b0d91f610d;0.000699;0.001049;50;10000;2026-01-07 11:33:47.252523+00
4f055cff-e727-491f-98ad-dc1566c7ce0a;5772cba0-4bc1-4dd4-852f-3d2980d3c4f9;71.304132;89.130165;25;1;2026-01-07 11:33:49.61049+00
58b36e86-d1fb-4093-b9d7-888cb65fef6a;9713f243-afe6-4c88-be31-56a9e98b7c8c;0.0069;0.00897;30;1000;2026-01-07 11:33:52.811369+00
cf0d503f-7680-4d63-a985-74070ae21868;4674540a-227c-4f14-aeb0-6bb4a56afff6;0.03736;0.0467;25;10000;2026-01-07 11:33:55.959893+00
6a2d4c45-6b10-486b-bd21-dfa4ef1f09ff;cec79063-d154-459f-89e2-c84dbec726a9;0.00606;0.007272;20;1000;2026-02-14 12:48:42.976839+00
3a6b43f6-9aef-433c-96e4-8122e63e01c4;e049d846-d38c-425e-8432-622352278f7c;0.156428;0.187714;20;1000;2026-02-14 12:48:45.574591+00
7525548d-b1c8-445f-a6d6-032bd5d00ed7;11f068a8-5b92-4f11-990a-8da981be54a6;0.011056;0.013267;20;1000;2026-02-14 12:48:48.884589+00
79d4c8cf-a51b-4e65-a182-63d73a4e2ab1;0a17953d-5890-4503-ae00-0f2491cead4f;0.012545;0.015054;20;1000;2026-02-14 12:48:52.571674+00
a9a3e964-2300-493b-9699-57aef1bcd615;dfb99f44-3a48-40e5-8451-4bdedcae6105;0.000312;0.00039;25;100000;2026-01-08 10:48:56.311685+00
af17ec9d-ce61-4933-be1d-aaf06c801fa4;0ad63b0a-6628-4dbf-9eea-cec0fc5d9bfe;0.0451;0.056375;25;10000;2026-01-08 10:48:59.262461+00
e00a1de8-331b-4041-a537-c259f0a2e480;5772cba0-4bc1-4dd4-852f-3d2980d3c4f9;62.639;78.29875;25;1;2026-01-08 10:49:02.68744+00
9658be2f-27b1-459a-bddc-1f3cc8adc872;9713f243-afe6-4c88-be31-56a9e98b7c8c;0.005799;0.007539;30;1000;2026-01-08 10:49:06.266579+00
6096fdcb-b19d-4947-9181-d5c5bb89f86a;4674540a-227c-4f14-aeb0-6bb4a56afff6;0.0372;0.0465;25;10000;2026-01-08 10:49:09.427539+00
b506e464-e516-4814-bc3b-8aa8998b8006;f6a03fdb-615f-4110-8757-9c3341674e5c;0.058455;0.067223;15;1000;2026-02-15 21:03:34.306668+00
0be06de1-ff63-4229-a3ee-a57ed28a4cea;46ab3cb0-2f39-4d0f-a307-efc4f9a8544c;0.054042;0.062148;15;1000;2026-02-15 21:03:36.997385+00
b419a587-817c-4a95-bb2d-b4547114617a;503334bc-3906-4a2a-b98f-dd78364ee604;0.000074;0.000096;30;1000;2026-01-08 10:49:18.832732+00
78b811d8-0e37-4ceb-bca5-195037e3842f;9050fb69-8236-44f8-9ef8-7849dcff4209;0.000114;0.000154;35;1000000;2026-01-08 10:49:22.06347+00
9b2eb478-4aa7-432d-868e-6643482c2abd;67b9576b-44ef-449f-a56b-47732db433b2;0.058249;0.066986;15;1000;2026-02-15 21:03:40.547774+00
fc16b4bb-e61f-4a10-9574-7a3a9a1e0678;53c14020-497f-4e70-8293-85b0d91f610d;0.000379;0.000569;50;10000;2026-01-08 10:49:28.086734+00
2598f541-1faa-4f9f-b64c-dc4ad311f4ed;f8aefdb4-c9ea-46e1-b8b9-301771ee5b0a;0.052268;0.060108;15;1000;2026-02-15 21:03:45.472149+00
eadc370a-2d2b-49f5-a754-cb8f334b328b;92a44074-431e-433a-95f9-46fd3f3cc035;0.016898;0.022812;35;100;2026-01-08 10:49:35.019001+00
25fcf629-77d7-4c9c-86a3-3558f69056d0;f1121f12-4b75-47f5-b86b-96ef9a03543d;0.098036;0.117643;20;1000;2026-02-15 21:03:47.86623+00
ff25ed4a-fd40-4258-8150-a9d23e79a0dc;38882174-073e-4eef-85c8-525f53299ab6;0.007;0.00875;25;10000;2026-02-15 21:03:59.550502+00
8d99e9fc-7b80-4e26-b34a-282de22ef3c3;92a44074-431e-433a-95f9-46fd3f3cc035;0.001986;0.002681;35;100;2026-02-15 21:04:07.307169+00
1fb4819c-9268-474b-b8f4-b53f204135b6;dfb99f44-3a48-40e5-8451-4bdedcae6105;0.000388;0.000485;25;100000;2026-02-16 10:05:30.665682+00
b344db24-60a3-4f9d-af62-189f5eb834f4;503334bc-3906-4a2a-b98f-dd78364ee604;0.000073;0.000095;30;1000;2026-01-09 08:53:46.02861+00
8fda6941-c9f1-4123-b2f4-cbf692ea5ada;9050fb69-8236-44f8-9ef8-7849dcff4209;0.000113;0.000153;35;1000000;2026-01-09 08:53:48.754775+00
d0a10d57-3224-4d80-9e5b-f9c8c871bb4d;53c14020-497f-4e70-8293-85b0d91f610d;0.000529;0.000793;50;10000;2026-01-09 08:53:54.11647+00
5c138055-26e0-411d-8d7b-1bc1cec3559d;92a44074-431e-433a-95f9-46fd3f3cc035;0.014895;0.020108;35;100;2026-01-09 08:53:59.708457+00
2e4ff41a-ac08-4cb5-af4d-0c83c8c11113;dfb99f44-3a48-40e5-8451-4bdedcae6105;0.000328;0.00041;25;100000;2026-01-09 08:54:05.734233+00
e1f560ff-cbd5-44d7-a72c-07d51f80991c;0ad63b0a-6628-4dbf-9eea-cec0fc5d9bfe;0.0464;0.058;25;10000;2026-01-09 08:54:08.976505+00
d026c94b-2506-497a-9e1e-3292c2142d9e;5772cba0-4bc1-4dd4-852f-3d2980d3c4f9;56;70;25;1;2026-01-09 08:54:11.716058+00
e0e83fa1-b770-4810-8cad-d6e8253f43c4;9713f243-afe6-4c88-be31-56a9e98b7c8c;0.002424;0.003151;30;1000;2026-01-09 08:54:14.471089+00
b55f3a40-e688-4302-97c6-0e5e78bf8e19;4674540a-227c-4f14-aeb0-6bb4a56afff6;0.0369;0.046125;25;10000;2026-01-09 08:54:17.831879+00
e3e74085-687e-4bbb-b316-753f6ffd0d3f;92a44074-431e-433a-95f9-46fd3f3cc035;0.014658;0.019788;35;100;2026-01-10 13:37:13.393052+00
24d10b14-16c1-49f6-b324-b6a6e713de2e;dfb99f44-3a48-40e5-8451-4bdedcae6105;0.000326;0.000408;25;100000;2026-01-10 13:37:22.739192+00
9a0e7042-c5a3-4b11-b4c5-e37db0fcc27d;0ad63b0a-6628-4dbf-9eea-cec0fc5d9bfe;0.04409;0.055112;25;10000;2026-01-10 13:37:26.556364+00
83a81f31-0f1c-4dd0-b017-3369cb3649e8;5772cba0-4bc1-4dd4-852f-3d2980d3c4f9;47;58.75;25;1;2026-01-10 13:37:30.347125+00
1cfa2787-0803-4036-9c9a-afcc63690965;9713f243-afe6-4c88-be31-56a9e98b7c8c;0.003798;0.004937;30;1000;2026-01-10 13:37:34.001214+00
8887658f-2283-4b77-9b3b-ff54a84d2b22;4674540a-227c-4f14-aeb0-6bb4a56afff6;0.037949;0.047436;25;10000;2026-01-10 13:37:38.21386+00
d9934295-4530-4971-9f8b-b75a085b3bfa;503334bc-3906-4a2a-b98f-dd78364ee604;0.000065;0.000085;30;1000;2026-01-10 13:37:47.279442+00
4d0fd3e2-8b73-48ef-9e6a-f1c552795c6d;9050fb69-8236-44f8-9ef8-7849dcff4209;0.000141;0.00019;35;1000000;2026-01-10 13:37:57.693857+00
f4351de3-fe4f-45a9-9871-4870d4f7d104;f6a03fdb-615f-4110-8757-9c3341674e5c;0.061702;0.074042;20;1000;2026-01-29 19:19:42.190429+00
3d122c29-0b60-46d5-88a0-176ae03d6375;ed7aa8ee-ef74-4d8e-8374-939221d4c54c;95;99.75;5;1;2026-01-31 10:22:41.924002+00
40448920-8a9f-4064-b568-98a569c142b3;e3bf677d-1feb-4f65-9cef-37a7d5324afc;0.055924;0.067109;20;1000;2026-01-31 10:47:33.098574+00
886b8a3e-2d7e-4560-aa77-477450192589;11f068a8-5b92-4f11-990a-8da981be54a6;0.013188;0.015826;20;1000;2026-01-31 10:47:41.261793+00
d7af80bc-c15b-4a47-bcf6-f5a01707f87b;ed7aa8ee-ef74-4d8e-8374-939221d4c54c;0.000017;0.000018;5;1;2026-02-01 11:09:18.209659+00
a8586657-b393-4fdc-bea6-866924f9a875;f6a03fdb-615f-4110-8757-9c3341674e5c;0.057108;0.06853;20;1000;2026-02-05 14:56:57.761932+00
d264186f-3d84-4543-b755-3ff10feb7217;503334bc-3906-4a2a-b98f-dd78364ee604;0.000039;0.000051;30;1000;2026-02-06 11:02:00.835281+00
7b713b97-d1d3-4f23-a7ec-da3ddc76ee8f;5772cba0-4bc1-4dd4-852f-3d2980d3c4f9;15.31856;18.382272;20;1;2026-02-08 15:20:14.379526+00
fffef75c-36c6-4923-8a8e-a859338c4db9;0ad63b0a-6628-4dbf-9eea-cec0fc5d9bfe;0.043465;0.052158;20;10000;2026-02-08 15:20:28.322297+00
e8ada8c4-aad6-41a5-a797-3c94e4f2326b;35c4979c-3eb0-4396-b682-864b76a60bd2;0.05284;0.063408;20;1000;2026-02-09 19:31:13.760382+00
08a84316-bfef-4a75-bf58-74940abf0303;0ad63b0a-6628-4dbf-9eea-cec0fc5d9bfe;0.043386;0.052063;20;10000;2026-02-09 19:31:45.75359+00
c874ddf7-8237-4c22-a361-171096e7dd33;53c14020-497f-4e70-8293-85b0d91f610d;0.000321;0.000482;50;10000;2026-02-11 11:36:31.775053+00
067bf0d9-034f-49e7-adad-92a3a00bb085;38882174-073e-4eef-85c8-525f53299ab6;0.007;0.00875;25;10000;2026-02-14 12:48:55.338048+00
0b0bed78-0876-43ce-9a8e-68370e584fc0;92a44074-431e-433a-95f9-46fd3f3cc035;0.001959;0.002645;35;100;2026-02-14 12:49:05.552218+00
00c4f252-51ab-4795-8f6a-b8e1fbc51f3e;e049d846-d38c-425e-8432-622352278f7c;0.079249;0.095099;20;1000;2026-02-15 21:03:49.84132+00
4363608f-e11c-4ba4-99f0-6f6ca35f354a;11f068a8-5b92-4f11-990a-8da981be54a6;0.01224;0.014688;20;1000;2026-02-15 21:03:52.591281+00
abeac790-0344-4edc-a535-491c7ac538a7;0a17953d-5890-4503-ae00-0f2491cead4f;0.012418;0.014902;20;1000;2026-02-15 21:03:56.226002+00
98d4a14c-6b12-4232-8ab7-8af947dfa468;3af5a96a-eeea-4bed-8688-2bda2ef18607;0.032157;0.038588;20;1000;2026-02-15 21:03:58.453275+00
50055f8a-a7d4-4c46-a2b9-cd6af1fb56c8;503334bc-3906-4a2a-b98f-dd78364ee604;0.000048;0.000062;30;1000;2026-02-15 21:04:05.490054+00
f179f352-f027-4ea6-8300-57c3d1eda337;ed7aa8ee-ef74-4d8e-8374-939221d4c54c;99.99;104.9895;5;1;2026-02-16 10:32:27.58541+00
d38d8bd3-8011-4664-bb28-d8c6502ac560;53c14020-497f-4e70-8293-85b0d91f610d;0.00041;0.000615;50;10000;2026-01-10 13:38:08.985651+00
c01c90ba-bad7-43c7-b8f2-03c86d839fef;46ab3cb0-2f39-4d0f-a307-efc4f9a8544c;0.06157;0.073884;20;1000;2026-01-29 19:19:42.834343+00
049a6e7c-fc54-4fc0-bdc6-7352db489e45;f6a03fdb-615f-4110-8757-9c3341674e5c;0.060463;0.072556;20;1000;2026-01-31 10:47:34.157417+00
45aca476-33ce-48ac-9ca2-d6cfff3f4e62;e049d846-d38c-425e-8432-622352278f7c;0.215248;0.258298;20;1000;2026-01-31 10:47:42.424902+00
c9fd5475-ddb6-4216-bf11-7ca4c807847c;4674540a-227c-4f14-aeb0-6bb4a56afff6;0.038208;0.04585;20;10000;2026-01-31 10:47:58.559562+00
f751eaf7-ba02-4bae-b2fa-fd3968ef7e63;e3bf677d-1feb-4f65-9cef-37a7d5324afc;0.054068;0.064882;20;1000;2026-02-05 14:56:58.893632+00
9261c579-b4c2-4465-abc0-39f124d3d500;dfb99f44-3a48-40e5-8451-4bdedcae6105;0.000347;0.000434;25;100000;2026-01-10 15:20:39.715762+00
9c0b9d57-8562-4a2d-9e39-1d8db7d1a60c;0ad63b0a-6628-4dbf-9eea-cec0fc5d9bfe;0.0469;0.058625;25;10000;2026-01-10 15:20:46.101197+00
b3830bdb-33f6-42c9-a790-c62ebad77db7;5772cba0-4bc1-4dd4-852f-3d2980d3c4f9;48.716373;60.895466;25;1;2026-01-10 15:20:50.47202+00
1db8f017-35ae-47eb-ba06-0c5b5383824e;9713f243-afe6-4c88-be31-56a9e98b7c8c;0.004144;0.005387;30;1000;2026-01-10 15:20:55.007664+00
44e6998e-afb8-469d-9583-0d2b0dd45e47;503334bc-3906-4a2a-b98f-dd78364ee604;0.00008;0.000104;30;1000;2026-01-10 15:20:58.800527+00
cbe709ef-f6c3-462c-b5e0-4bca9082b575;0ad63b0a-6628-4dbf-9eea-cec0fc5d9bfe;0.043515;0.052218;20;10000;2026-02-06 11:02:04.411142+00
6262d1a3-a0d8-4df2-affb-1bd5e7baffbd;9050fb69-8236-44f8-9ef8-7849dcff4209;0.000179;0.000242;35;1000000;2026-01-10 15:21:06.911107+00
dd127c59-b715-45cf-8d9b-b4534fbf8cda;53c14020-497f-4e70-8293-85b0d91f610d;0.000252;0.000378;50;10000;2026-02-08 15:20:19.886127+00
f03c30c0-77f3-494b-9ced-157877facf34;53c14020-497f-4e70-8293-85b0d91f610d;0.000665;0.000998;50;10000;2026-01-10 15:21:14.550087+00
6f27062a-e6cf-46a8-9feb-bf9c31629d3b;67b9576b-44ef-449f-a56b-47732db433b2;0.057504;0.069005;20;1000;2026-02-09 19:31:15.724951+00
6b72c51a-44fc-48a4-abe3-6b4030221504;92a44074-431e-433a-95f9-46fd3f3cc035;0.0153;0.020655;35;100;2026-01-10 15:21:21.243795+00
a728447e-d73b-4694-9074-5645b81f032c;e3bf677d-1feb-4f65-9cef-37a7d5324afc;0.055556;0.066667;20;1000;2026-02-09 19:31:19.377322+00
dd662a03-56ea-4418-ae46-e11bb03b1e73;c2121502-fe79-41e3-95b5-6997f0b9ce0a;0.006963;0.008356;20;1000;2026-02-09 19:31:22.048942+00
8f1baa8a-69a5-4abc-8dd4-8ca68432d942;c0ec0716-6595-4d46-9c0b-18c1c3601d35;0.009999;0.011999;20;1000;2026-02-09 19:31:24.990534+00
24b19496-aa78-453f-aecc-b83eeb4bfff1;4674540a-227c-4f14-aeb0-6bb4a56afff6;0.0409;0.051125;25;10000;2026-01-10 15:21:36.090473+00
9e41f421-9f8f-4743-a66a-721e16570d12;503334bc-3906-4a2a-b98f-dd78364ee604;0.00008;0.000104;30;1000;2026-01-10 15:23:52.342705+00
07e99e7b-ba64-496a-b0f2-84225a6d1cdc;f7a44c82-8abe-4d43-894b-16f1cdc4e4e9;0.053062;0.063674;20;1000;2026-02-09 19:31:27.892281+00
4166801a-2350-477d-9604-a99a2099ea25;cec79063-d154-459f-89e2-c84dbec726a9;0.005449;0.006539;20;1000;2026-02-09 19:31:31.140211+00
9f8f3de2-47cc-4c8a-8bba-52249f493f75;92a44074-431e-433a-95f9-46fd3f3cc035;0.0153;0.020655;35;100;2026-01-10 15:24:01.679657+00
97244060-03ea-4e36-8f10-4c183626b352;5772cba0-4bc1-4dd4-852f-3d2980d3c4f9;49.24;59.088;20;1;2026-01-10 15:24:04.449781+00
97728ab3-7c7d-48af-904f-74e848886db8;9713f243-afe6-4c88-be31-56a9e98b7c8c;0.004144;0.006216;50;1000;2026-01-10 15:24:07.404639+00
19126e9a-c252-42f8-a7db-1a3bef54fd21;e049d846-d38c-425e-8432-622352278f7c;0.155894;0.187073;20;1000;2026-02-09 19:31:34.117124+00
ba25aeaf-18bf-482f-ae75-e4d0520270af;9050fb69-8236-44f8-9ef8-7849dcff4209;0.000179;0.000242;35;1000000;2026-01-10 15:24:13.696232+00
b30c2b13-0388-4428-8a4c-5ba9e8df4d3e;503334bc-3906-4a2a-b98f-dd78364ee604;0.000041;0.000053;30;1000;2026-02-09 19:31:41.795599+00
fa96bf6b-32b3-4f1c-8ba6-d2fe8a018bfe;4674540a-227c-4f14-aeb0-6bb4a56afff6;0.038817;0.04658;20;10000;2026-02-09 19:31:49.855109+00
dff152bc-4867-406e-922b-acbdd5efb62d;4674540a-227c-4f14-aeb0-6bb4a56afff6;0.04003;0.048036;20;10000;2026-02-11 11:36:43.047295+00
36ba84b5-091e-4d3d-acdf-1825464fce87;0ad63b0a-6628-4dbf-9eea-cec0fc5d9bfe;0.0469;0.05628;20;10000;2026-01-10 15:24:29.292731+00
5d340b17-f378-40d3-a986-4ec90f0b70ab;4674540a-227c-4f14-aeb0-6bb4a56afff6;0.0409;0.04908;20;10000;2026-01-10 15:24:33.782175+00
5dbd389e-f0ed-401a-93b3-3de390392d6d;53c14020-497f-4e70-8293-85b0d91f610d;0.000665;0.000998;50;10000;2026-01-10 15:24:37.452332+00
ddd99f27-fdeb-475d-b8ab-a2f13a844d3f;dfb99f44-3a48-40e5-8451-4bdedcae6105;0.000347;0.000434;25;100000;2026-01-10 15:24:41.775921+00
d838d5c3-1548-44f3-961f-8d63b11ee559;9713f243-afe6-4c88-be31-56a9e98b7c8c;0.004471;0.006707;50;1000;2026-02-14 12:48:57.952884+00
f7adcaec-7321-4c4c-90c3-f028bdd0fa1c;9050fb69-8236-44f8-9ef8-7849dcff4209;0.00005;0.000068;35;1000000;2026-02-14 12:49:06.98921+00
416ca01c-ce1d-4c8d-9c82-da4563a40f74;4674540a-227c-4f14-aeb0-6bb4a56afff6;0.039408;0.04729;20;10000;2026-02-14 12:49:11.279477+00
0c71e14b-10b5-40e0-afb3-14ef8bfe2a98;9713f243-afe6-4c88-be31-56a9e98b7c8c;0.003715;0.005573;50;1000;2026-02-15 21:04:01.015379+00
133ccfdd-4deb-490a-939f-e1386885aa7c;9050fb69-8236-44f8-9ef8-7849dcff4209;0.000051;0.000069;35;1000000;2026-02-15 21:04:09.202543+00
5fc4fc24-175d-41bf-9306-8b1330c52660;4674540a-227c-4f14-aeb0-6bb4a56afff6;0.03827;0.045924;20;10000;2026-02-15 21:04:12.535228+00
2fa73c86-a241-4edc-8c7c-9d753966df59;87c7e0dc-0ccd-4c95-8a52-e9bdeac572b3;199;208.95;5;1;2026-02-16 10:32:45.723002+00
53711d4d-d324-4fed-b0e9-776e57361dd6;503334bc-3906-4a2a-b98f-dd78364ee604;0.00008;0.000104;30;1000;2026-01-10 23:55:37.890375+00
c623858c-d196-42c9-a254-1717835b1599;9050fb69-8236-44f8-9ef8-7849dcff4209;0.0002;0.00027;35;1000000;2026-01-10 23:55:41.090519+00
8a659fe2-0481-4402-b721-6a04fa8a06c1;0ad63b0a-6628-4dbf-9eea-cec0fc5d9bfe;0.0469;0.05628;20;10000;2026-01-10 23:55:51.007527+00
b31ac897-8d06-4363-875a-55408b8aa69d;4674540a-227c-4f14-aeb0-6bb4a56afff6;0.040572;0.048686;20;10000;2026-01-10 23:55:57.75401+00
6e5889a6-9c0c-4b42-ac4f-534b0e1844d3;53c14020-497f-4e70-8293-85b0d91f610d;0.000608;0.000912;50;10000;2026-01-10 23:56:01.272696+00
4e80d4e5-7aa7-47df-8d60-e04d1cecfcfd;dfb99f44-3a48-40e5-8451-4bdedcae6105;0.000334;0.000418;25;100000;2026-01-10 23:56:05.145397+00
93158961-f652-4cbf-89db-4606fbc4ec94;92a44074-431e-433a-95f9-46fd3f3cc035;0.01449;0.019562;35;100;2026-01-10 23:56:07.938919+00
f7a80288-9aa1-4853-90cd-a238688d138c;5772cba0-4bc1-4dd4-852f-3d2980d3c4f9;48.53;58.236;20;1;2026-01-10 23:56:20.307746+00
06a0b05b-ccab-4aac-9a00-021ce1f6e700;9713f243-afe6-4c88-be31-56a9e98b7c8c;0.0062;0.0093;50;1000;2026-01-10 23:56:23.655364+00
2f8bb9e5-864f-49ad-9be2-a7e369702863;9050fb69-8236-44f8-9ef8-7849dcff4209;0.000185;0.00025;35;1000000;2026-01-11 07:10:20.554426+00
7bf7e126-60ca-4374-a19f-acfdedfd94cb;4674540a-227c-4f14-aeb0-6bb4a56afff6;0.040572;0.048686;20;10000;2026-01-11 07:10:26.295314+00
b43d3384-6c9f-421c-82fc-9babbca279f6;53c14020-497f-4e70-8293-85b0d91f610d;0.000665;0.000998;50;10000;2026-01-11 07:10:31.639496+00
88ce08ce-0663-47f1-9ebb-1f937bb58537;dfb99f44-3a48-40e5-8451-4bdedcae6105;0.000347;0.000434;25;100000;2026-01-11 07:10:34.546815+00
cb30d207-0361-4f14-a5e7-aadcd26024d5;92a44074-431e-433a-95f9-46fd3f3cc035;0.0128;0.01728;35;100;2026-01-11 07:10:37.146256+00
d52c8910-613f-44f4-bb8d-fef20903d8a3;0ad63b0a-6628-4dbf-9eea-cec0fc5d9bfe;0.0469;0.05628;20;10000;2026-01-11 07:10:42.45354+00
ac003e7d-5574-4075-afcb-1f51aa38e69d;5772cba0-4bc1-4dd4-852f-3d2980d3c4f9;43.5;52.2;20;1;2026-01-11 07:10:47.702493+00
59e8bd97-e343-4d55-873c-d7e2ed2336c2;9713f243-afe6-4c88-be31-56a9e98b7c8c;0.005999;0.008999;50;1000;2026-01-11 07:10:50.761029+00
08d893d1-bde0-467f-ab49-656a0f293a70;503334bc-3906-4a2a-b98f-dd78364ee604;0.000071;0.000092;30;1000;2026-01-11 07:10:56.027952+00
58a9ce7a-0f58-4cf8-b442-4932475cf71d;4674540a-227c-4f14-aeb0-6bb4a56afff6;0.040572;0.048686;20;10000;2026-01-11 07:31:03.546207+00
678c1f84-609e-4836-99a9-2400c8d3ff29;67b9576b-44ef-449f-a56b-47732db433b2;0.067106;0.080527;20;1000;2026-01-29 19:19:43.222937+00
0e274b67-da7e-4826-86f0-5351ac829931;0ad63b0a-6628-4dbf-9eea-cec0fc5d9bfe;0.0469;0.05628;20;10000;2026-01-11 07:31:11.434049+00
dcfa4ef7-9a46-41e4-a023-779b418046c7;67b9576b-44ef-449f-a56b-47732db433b2;0.074236;0.089083;20;1000;2026-01-31 10:47:36.144711+00
09e9f9c9-bfbe-4a94-8bad-96389a7a0882;5772cba0-4bc1-4dd4-852f-3d2980d3c4f9;42.75;51.3;20;1;2026-01-11 07:31:16.711374+00
bcf6656a-9a5b-47f1-8a3d-ab616f3916f9;9713f243-afe6-4c88-be31-56a9e98b7c8c;0.0087;0.01305;50;1000;2026-01-11 07:31:19.424377+00
65d928d5-2e41-4472-bd44-8077c861ff09;503334bc-3906-4a2a-b98f-dd78364ee604;0.000071;0.000092;30;1000;2026-01-11 07:31:22.473773+00
490d75ae-9668-472a-b50a-315392a0e5a0;3af5a96a-eeea-4bed-8688-2bda2ef18607;0.037938;0.045526;20;1000;2026-01-31 10:47:44.568171+00
081d33ca-7dcc-43e2-b8d8-1fd089fb59b8;9050fb69-8236-44f8-9ef8-7849dcff4209;0.000185;0.00025;35;1000000;2026-01-11 07:31:28.364131+00
317982be-72cf-48d4-8b0d-f51e4fcec457;38882174-073e-4eef-85c8-525f53299ab6;0.001;0.00125;25;10000;2026-01-31 10:47:49.572846+00
4ea09e80-29fd-42b3-ac58-54822ec52409;53c14020-497f-4e70-8293-85b0d91f610d;0.000538;0.000807;50;10000;2026-01-11 07:31:34.206926+00
de5f6f68-b75d-4985-8df7-b32180b0b836;5772cba0-4bc1-4dd4-852f-3d2980d3c4f9;18.2489;21.89868;20;1;2026-01-31 10:47:51.339498+00
ad8fa13c-a62e-4f9a-9ff3-a7c1fd5ed2ba;dfb99f44-3a48-40e5-8451-4bdedcae6105;0.000347;0.000434;25;100000;2026-01-11 07:31:39.141701+00
c1f48560-9cbb-4049-9be1-20eb17aec659;92a44074-431e-433a-95f9-46fd3f3cc035;0.0126;0.01701;35;100;2026-01-11 07:31:41.918681+00
e0c22a2d-f2f0-4596-a04f-ca0f8887c60e;503334bc-3906-4a2a-b98f-dd78364ee604;0.000039;0.000051;30;1000;2026-01-31 10:47:54.732151+00
03a1e71a-c5a2-4144-a3fb-d3a8ba30cba5;9050fb69-8236-44f8-9ef8-7849dcff4209;0.000052;0.00007;35;1000000;2026-01-31 10:47:56.573674+00
187ae9f9-f575-4beb-9bd0-2ae1f37af5f5;ed7aa8ee-ef74-4d8e-8374-939221d4c54c;99.99;104.9895;5;1;2026-02-01 18:49:15.961967+00
8704e1e9-83e5-4c1f-bf10-f2e11eba6f9e;2e7c469c-9d92-4b30-8e63-e8bdbd097da0;0.058805;0.070566;20;1000;2026-02-05 14:57:00.07649+00
9eebd165-2c7b-4a17-a5b9-1a3a10669172;dfb99f44-3a48-40e5-8451-4bdedcae6105;0.000347;0.000434;25;100000;2026-01-11 08:20:58.246202+00
b8765075-dfd1-4e74-a04d-e1bd9aa7f2cc;4674540a-227c-4f14-aeb0-6bb4a56afff6;0.040572;0.048686;20;10000;2026-01-11 08:23:16.420659+00
4cb27297-5c2a-409b-9925-f6fdc27b5943;4674540a-227c-4f14-aeb0-6bb4a56afff6;0.037949;0.045539;20;10000;2026-01-11 08:23:59.476417+00
7b74e692-e3b8-4e0f-ad99-63963a5df675;0ad63b0a-6628-4dbf-9eea-cec0fc5d9bfe;0.0468;0.05616;20;10000;2026-01-11 08:24:22.481004+00
7fa08237-88dd-449b-b1e4-3df9856fbebf;38882174-073e-4eef-85c8-525f53299ab6;0.007409;0.009261;25;100000;2026-01-11 08:38:44.484732+00
f9eb0a1c-cf13-4457-b232-1b185ece06b2;38882174-073e-4eef-85c8-525f53299ab6;0.012;0.015;25;100000;2026-01-11 08:40:29.081638+00
e7024f77-72a6-41b5-8a0a-776de592db99;38882174-073e-4eef-85c8-525f53299ab6;0.012;0.015;25;10000;2026-01-11 08:41:15.302011+00
173da038-43f9-4b58-b8ba-a25e96bceac9;ed7aa8ee-ef74-4d8e-8374-939221d4c54c;99.99;104.9895;5;1;2026-02-07 13:31:37.400252+00
ae3b22ce-cdb3-4c33-9c9f-705ab9e6b493;40e56bf8-ba30-495b-b1f3-7b07d9e1f5e8;644.7;676.935;5;1;2026-02-07 13:32:04.932968+00
ec20ebd3-2b4a-4565-baba-190fcf02aaa6;92a44074-431e-433a-95f9-46fd3f3cc035;0.001719;0.002321;35;100;2026-02-08 15:20:24.779111+00
be8b1280-f4ff-43f9-b070-123a4cdc8f30;0895f969-6433-415b-ad38-13b0d2fa041a;0.055639;0.066767;20;1000;2026-02-09 19:31:17.813835+00
b99e0611-15b8-4be4-88b4-82d7d38b037d;1caf5709-9742-4f49-b117-5136bfbff4a1;0.049431;0.059317;20;1000;2026-02-09 19:31:20.657884+00
5f2b1416-8923-4b5b-bbaa-cd24ea9b231d;11f068a8-5b92-4f11-990a-8da981be54a6;0.013003;0.015604;20;1000;2026-02-09 19:31:23.511346+00
77904548-2a91-4fb9-9e1b-3f12c8daab34;0a17953d-5890-4503-ae00-0f2491cead4f;0.012418;0.014902;20;1000;2026-02-09 19:31:26.542342+00
b22ba5db-cae4-4a7a-a247-083b8cf7a35b;3af5a96a-eeea-4bed-8688-2bda2ef18607;0.033355;0.040026;20;1000;2026-02-09 19:31:29.6354+00
03e83d63-226d-426a-93e6-7ebff5224835;f1121f12-4b75-47f5-b86b-96ef9a03543d;0.093422;0.112106;20;1000;2026-02-09 19:31:32.95988+00
f82dd3b4-233d-4576-bff6-afa2d3d19af9;dfb99f44-3a48-40e5-8451-4bdedcae6105;0.000346;0.000433;25;100000;2026-02-09 19:31:50.90566+00
cf0382eb-d778-45ea-a57c-3f2855051508;0ad63b0a-6628-4dbf-9eea-cec0fc5d9bfe;0.0468;0.05616;20;10000;2026-01-11 16:11:11.546478+00
d4e8cfb1-57bd-4a82-afb7-2f4fc1d86c62;4674540a-227c-4f14-aeb0-6bb4a56afff6;0.037949;0.045539;20;10000;2026-01-11 16:11:13.154752+00
37508ced-0369-41b8-af36-2d357e09d334;dfb99f44-3a48-40e5-8451-4bdedcae6105;0.000347;0.000434;25;100000;2026-01-11 16:11:13.443671+00
3bfd0704-53bc-405a-a775-1868204248f8;dfb99f44-3a48-40e5-8451-4bdedcae6105;0.000346;0.000433;25;100000;2026-02-11 11:36:44.014441+00
36f0c73d-8939-4e14-864b-e9bd9f5e1e2d;5772cba0-4bc1-4dd4-852f-3d2980d3c4f9;14.9941;17.99292;20;1;2026-02-14 12:48:59.02534+00
db1f06c5-f814-4cc9-bdaa-5e342b7d27c5;dfb99f44-3a48-40e5-8451-4bdedcae6105;0.000346;0.000433;25;100000;2026-02-14 12:49:12.914559+00
a80e1ac9-1bd4-4d12-849f-8712ab94994f;5772cba0-4bc1-4dd4-852f-3d2980d3c4f9;15.810115;18.972138;20;1;2026-02-15 21:04:02.786068+00
e5516042-cafd-4712-8cf2-2ae051e16889;9713f243-afe6-4c88-be31-56a9e98b7c8c;0.004997;0.007496;50;1000;2026-01-12 07:11:12.503043+00
4721fb36-5e53-4732-8af1-1c0d1437732f;503334bc-3906-4a2a-b98f-dd78364ee604;0.000071;0.000092;30;1000;2026-01-12 07:11:15.711238+00
17f2f326-baca-4352-830c-967fd9af5c95;dfb99f44-3a48-40e5-8451-4bdedcae6105;0.000346;0.000433;25;100000;2026-02-15 21:04:13.677024+00
6b927957-5d93-4114-9060-2cbbf0e422eb;9050fb69-8236-44f8-9ef8-7849dcff4209;0.000164;0.000221;35;1000000;2026-01-12 07:11:21.14694+00
44afde25-af07-48cb-946a-1fb4e5323995;0ad63b0a-6628-4dbf-9eea-cec0fc5d9bfe;0.0468;0.05616;20;10000;2026-01-12 07:11:23.861136+00
e9fe1f28-87e1-49de-afbf-61b93eef3a38;53c14020-497f-4e70-8293-85b0d91f610d;0.000526;0.000789;50;10000;2026-01-12 07:11:26.818971+00
acc969f4-2d80-4fb7-9efd-a87b3bfb2159;5e2d090b-b019-4607-a5ee-89cd5a01ff50;239;250.95;5;1;2026-02-16 10:32:50.016641+00
8c24e80e-95e4-4ae6-90af-daeaaed13fe8;dfb99f44-3a48-40e5-8451-4bdedcae6105;0.000347;0.000434;25;100000;2026-01-12 07:11:32.849893+00
52cbb16d-c2b6-495f-a26a-b342517e066a;92a44074-431e-433a-95f9-46fd3f3cc035;0.0091;0.012285;35;100;2026-01-12 07:11:39.079303+00
4e1ee083-a960-4c4f-9380-d1acc33ebf1f;5772cba0-4bc1-4dd4-852f-3d2980d3c4f9;33;39.6;20;1;2026-01-12 07:11:42.031768+00
698ce289-7e12-423c-a3c4-755c5e0a4084;4674540a-227c-4f14-aeb0-6bb4a56afff6;0.037949;0.045539;20;10000;2026-01-12 07:11:44.789694+00
d7f24fa8-c580-445b-944f-4b6182dbd312;38882174-073e-4eef-85c8-525f53299ab6;0.017;0.02125;25;10000;2026-01-12 07:11:54.432324+00
3b265991-0577-4d4c-bf15-1e61566b4f18;9713f243-afe6-4c88-be31-56a9e98b7c8c;0.004927;0.00739;50;1000;2026-01-12 18:17:35.29392+00
66a1bdff-38f3-482f-86a8-03c8577500e7;503334bc-3906-4a2a-b98f-dd78364ee604;0.00005;0.000065;30;1000;2026-01-12 18:17:38.342985+00
ce9a6720-b4d5-47d7-a681-7cd41ee91106;9050fb69-8236-44f8-9ef8-7849dcff4209;0.000153;0.000207;35;1000000;2026-01-12 18:17:43.703693+00
64ce1123-07cd-443b-b0c2-9b1256f24ea4;0ad63b0a-6628-4dbf-9eea-cec0fc5d9bfe;0.0468;0.05616;20;10000;2026-01-12 18:17:46.725583+00
bca7ed82-583c-4101-92fd-917e91ac383f;53c14020-497f-4e70-8293-85b0d91f610d;0.000665;0.000998;50;10000;2026-01-12 18:17:49.56295+00
8d0e9b85-b7ec-47df-adee-631a7850e166;dfb99f44-3a48-40e5-8451-4bdedcae6105;0.000347;0.000434;25;100000;2026-01-12 18:17:55.768825+00
84d154a4-0bfc-424c-822f-02f35e541968;92a44074-431e-433a-95f9-46fd3f3cc035;0.00845;0.011408;35;100;2026-01-12 18:18:11.010917+00
28c93c2b-def0-4821-abde-2fc859d4e9b7;5772cba0-4bc1-4dd4-852f-3d2980d3c4f9;38.44;46.128;20;1;2026-01-12 18:18:15.511015+00
ab5e097b-842a-4689-abae-b3d77e977bc4;4674540a-227c-4f14-aeb0-6bb4a56afff6;0.037949;0.045539;20;10000;2026-01-12 18:18:20.102571+00
a5bbf476-08f8-44cc-a336-98d21e6b8854;38882174-073e-4eef-85c8-525f53299ab6;0.017;0.02125;25;10000;2026-01-12 18:18:31.1934+00
429653e2-75a5-40a8-b659-302ad8d2f2a8;503334bc-3906-4a2a-b98f-dd78364ee604;0.00005;0.000065;30;1000;2026-01-12 18:30:30.528123+00
a944c3f8-6569-4b89-9c4a-d270a99d9af1;9050fb69-8236-44f8-9ef8-7849dcff4209;0.000153;0.000207;35;1000000;2026-01-12 18:30:37.477198+00
8e697997-7652-4fb7-93a9-a5b3762e4ed7;0ad63b0a-6628-4dbf-9eea-cec0fc5d9bfe;0.0468;0.05616;20;10000;2026-01-12 18:30:40.240485+00
e5257a92-bf55-4dac-aeb5-619e559db6cd;53c14020-497f-4e70-8293-85b0d91f610d;0.000665;0.000998;50;10000;2026-01-12 18:30:43.322174+00
19eef806-8545-47c7-ac5f-80f0f9f4e697;f8aefdb4-c9ea-46e1-b8b9-301771ee5b0a;0.057718;0.069262;20;1000;2026-01-29 19:19:51.845232+00
e1da57c2-0210-4db2-b152-a06f303db035;ed7aa8ee-ef74-4d8e-8374-939221d4c54c;99.99;104.9895;5;1;2026-02-02 11:43:19.711115+00
4168c630-d6cc-47ad-bf3b-f8f6c50e63f3;c517995a-2099-499b-b0e1-ecd5f636825c;0.055646;0.066775;20;1000;2026-02-02 11:44:02.60233+00
80ba7ab1-bf4f-4dc6-94fd-abd0843d1f4e;f8aefdb4-c9ea-46e1-b8b9-301771ee5b0a;0.05899;0.070788;20;1000;2026-02-02 11:44:13.102317+00
88538f2c-f42f-47b6-b224-1ba9b36e422d;f1121f12-4b75-47f5-b86b-96ef9a03543d;0.15085;0.18102;20;1000;2026-02-02 11:44:35.556853+00
9dab9450-9131-4048-8282-348289b51571;46ab3cb0-2f39-4d0f-a307-efc4f9a8544c;0.057677;0.069212;20;1000;2026-02-05 14:57:01.442251+00
15465b03-2996-43f3-a608-05ca25f9c7d0;5e2d090b-b019-4607-a5ee-89cd5a01ff50;239;250.95;5;1;2026-02-07 13:32:05.987541+00
647ec4c5-f363-43d7-8668-a78630d6bb97;9050fb69-8236-44f8-9ef8-7849dcff4209;0.000038;0.000051;35;1000000;2026-02-08 15:20:26.351872+00
0da81cd4-52ed-44ad-824d-a0c8f38f697c;4674540a-227c-4f14-aeb0-6bb4a56afff6;0.038264;0.045917;20;10000;2026-02-08 15:20:30.227728+00
dfc3492b-ab20-4274-8f2b-6e05a961446e;38882174-073e-4eef-85c8-525f53299ab6;0.0008;0.001;25;10000;2026-02-09 19:31:37.162636+00
2076e829-afba-4726-91e9-c293f08f0c90;1caf5709-9742-4f49-b117-5136bfbff4a1;0.054162;0.064994;20;1000;2026-02-12 08:19:44.214437+00
a339862c-992a-4653-8b56-2808dfd12d53;35c4979c-3eb0-4396-b682-864b76a60bd2;0.064463;0.077356;20;1000;2026-02-12 08:19:46.751068+00
803d9552-6200-408e-b3f8-b5169c35ac6d;0895f969-6433-415b-ad38-13b0d2fa041a;0.053634;0.064361;20;1000;2026-02-12 08:19:49.555133+00
0b9734a7-c827-4483-86d7-83d3f55f040d;2e7c469c-9d92-4b30-8e63-e8bdbd097da0;0.05193;0.062316;20;1000;2026-02-12 08:19:52.435878+00
ae02a758-3567-4a99-bd05-c3388d374237;46ab3cb0-2f39-4d0f-a307-efc4f9a8544c;0.053894;0.064673;20;1000;2026-02-12 08:19:54.916111+00
01f90ee5-b4a2-459f-9a34-aac8b98009d4;0a17953d-5890-4503-ae00-0f2491cead4f;0.012545;0.015054;20;1000;2026-02-12 08:19:56.778917+00
605dad9f-259b-455a-8b9d-717fb638abc3;3af5a96a-eeea-4bed-8688-2bda2ef18607;0.03333;0.039996;20;1000;2026-02-12 08:19:58.80468+00
43e6d2a6-9c88-4af2-940a-7d5b79d19fc3;f1121f12-4b75-47f5-b86b-96ef9a03543d;0.15085;0.18102;20;1000;2026-02-12 08:20:00.828135+00
8f0dfa02-e5f9-43b7-a46f-eab492e1531d;c2121502-fe79-41e3-95b5-6997f0b9ce0a;0.006543;0.007852;20;1000;2026-02-12 08:20:06.685534+00
d789205e-8f46-42a9-8e36-808f4d136e0b;c0ec0716-6595-4d46-9c0b-18c1c3601d35;0.009573;0.011488;20;1000;2026-02-12 08:20:09.118129+00
8bde5b98-400c-4b97-b0df-5239814e1938;503334bc-3906-4a2a-b98f-dd78364ee604;0.000036;0.000047;30;1000;2026-02-12 08:20:14.58054+00
cb0a5806-7f1e-4cfc-b572-ae9c1dbc0e46;53c14020-497f-4e70-8293-85b0d91f610d;0.000335;0.000503;50;10000;2026-02-14 12:49:01.070593+00
fd24a23d-0fef-4081-84d5-d99bc55e0e0d;53c14020-497f-4e70-8293-85b0d91f610d;0.000229;0.000344;50;10000;2026-02-15 21:04:03.939718+00
a5680758-469b-4313-8eda-e57ab6fd1070;40e56bf8-ba30-495b-b1f3-7b07d9e1f5e8;644.7;676.935;5;1;2026-02-16 10:32:59.918328+00
f9155517-dbe1-40ce-b3c9-c8761611dfec;dfb99f44-3a48-40e5-8451-4bdedcae6105;0.000347;0.000434;25;100000;2026-01-12 18:30:51.453482+00
cbc9467c-50d0-4efa-b128-cdf8f92ab0c8;f8aefdb4-c9ea-46e1-b8b9-301771ee5b0a;0.05822;0.069864;20;1000;2026-01-30 11:00:44.74272+00
f1dddc9a-b671-434b-a8ea-95337e294bcb;35c4979c-3eb0-4396-b682-864b76a60bd2;0.073038;0.087646;20;1000;2026-01-30 11:00:47.646536+00
b2412b8e-e6d7-45b0-9edd-24ded2677d5e;92a44074-431e-433a-95f9-46fd3f3cc035;0.008586;0.011591;35;100;2026-01-12 18:31:07.337393+00
dc5dcf5a-52a0-4f19-9b63-4b3e97f211a1;5772cba0-4bc1-4dd4-852f-3d2980d3c4f9;38.1;45.72;20;1;2026-01-12 18:31:12.454945+00
645baea5-8feb-4d73-955e-76fc772d3299;4674540a-227c-4f14-aeb0-6bb4a56afff6;0.037949;0.045539;20;10000;2026-01-12 18:31:18.651673+00
7bb28e0b-c7dc-434d-93b9-cc2e66292b8b;2e7c469c-9d92-4b30-8e63-e8bdbd097da0;0.059119;0.070943;20;1000;2026-01-30 11:00:49.927037+00
6c1e6cdc-81c9-4f8a-9217-e2f1051f65dd;f6a03fdb-615f-4110-8757-9c3341674e5c;0.063643;0.076372;20;1000;2026-01-30 11:00:52.047204+00
1f93beae-e541-4f02-ac83-7cdc9eb074bd;c517995a-2099-499b-b0e1-ecd5f636825c;0.052547;0.063056;20;1000;2026-01-30 11:00:54.301846+00
dcf50170-865f-4b86-825b-2661263fb412;c0ec0716-6595-4d46-9c0b-18c1c3601d35;0.012058;0.01447;20;1000;2026-01-30 11:00:56.878762+00
82efff6c-e819-4bf1-baad-f05cf2517c65;11f068a8-5b92-4f11-990a-8da981be54a6;0.015257;0.018308;20;1000;2026-01-30 11:00:58.920376+00
f12a97fc-a12e-490d-b5db-c5fbd86b534a;e049d846-d38c-425e-8432-622352278f7c;0.101251;0.121501;20;1000;2026-01-30 11:01:00.785678+00
445caff2-9b88-4a68-9162-aae26f6c8dec;f1121f12-4b75-47f5-b86b-96ef9a03543d;0.15085;0.18102;20;1000;2026-01-30 11:01:03.535707+00
8d2b844a-a91b-4511-aabe-de6185b6fd4d;c2121502-fe79-41e3-95b5-6997f0b9ce0a;0.009233;0.01108;20;1000;2026-01-30 11:01:05.695043+00
581c9fd0-55df-4e9e-a506-b734302eb1ea;503334bc-3906-4a2a-b98f-dd78364ee604;0.000042;0.000055;30;1000;2026-01-30 11:01:34.42777+00
a623e9e0-e8c5-4832-b55b-4ef55a74f741;87c7e0dc-0ccd-4c95-8a52-e9bdeac572b3;199;208.95;5;1;2026-02-02 11:43:41.207512+00
b3466ffe-f221-42e9-83ec-2b1033bc86f3;e3bf677d-1feb-4f65-9cef-37a7d5324afc;0.055901;0.067081;20;1000;2026-02-02 11:44:04.171037+00
05c2dc10-87b3-4327-9330-1b4296c4cb7e;e049d846-d38c-425e-8432-622352278f7c;0.215248;0.258298;20;1000;2026-02-02 11:44:15.04998+00
92e102fa-6b11-4fbb-8114-8fbc5f8ee03f;cec79063-d154-459f-89e2-c84dbec726a9;0.005183;0.00622;20;1000;2026-02-02 11:44:31.162629+00
72cfe995-1d7a-4277-b1c9-00ed09bf71cd;38882174-073e-4eef-85c8-525f53299ab6;0.000992;0.00124;25;10000;2026-02-02 11:44:39.401058+00
31a94cdb-e4a0-47fc-b334-7060fa844827;5772cba0-4bc1-4dd4-852f-3d2980d3c4f9;16.8759;20.25108;20;1;2026-02-02 11:44:43.06112+00
0a19184e-1328-4f16-9bcf-22fbeab4cb35;503334bc-3906-4a2a-b98f-dd78364ee604;0.000038;0.000049;30;1000;2026-02-02 11:44:46.279445+00
bfb86269-89ea-4b8a-9f9b-b10c34d39b37;9050fb69-8236-44f8-9ef8-7849dcff4209;0.000048;0.000065;35;1000000;2026-02-02 11:44:48.447611+00
bfb0d2c4-6a82-47cd-9093-caf2ed541544;67b9576b-44ef-449f-a56b-47732db433b2;0.064007;0.076808;20;1000;2026-02-05 14:57:03.249745+00
e53d9d65-6482-4df6-b71d-c70bb1e9f058;dfb99f44-3a48-40e5-8451-4bdedcae6105;0.000346;0.000433;25;100000;2026-02-08 15:20:32.377668+00
0fb15dda-0b81-45ca-a760-2287abdda240;5772cba0-4bc1-4dd4-852f-3d2980d3c4f9;14.2751;17.13012;20;1;2026-02-09 19:31:39.472903+00
d2564785-6b06-45aa-b3cc-70411865ae65;92a44074-431e-433a-95f9-46fd3f3cc035;0.001628;0.002198;35;100;2026-02-09 19:31:43.441028+00
61332d37-920c-4143-bcb1-a149442e91c4;f6a03fdb-615f-4110-8757-9c3341674e5c;0.056022;0.067226;20;1000;2026-02-12 08:19:45.267655+00
b6320208-cd19-405c-9290-00c326c25fff;67b9576b-44ef-449f-a56b-47732db433b2;0.064244;0.077093;20;1000;2026-02-12 08:19:48.047262+00
4b00c397-b379-47a3-8062-2c48956349e2;e3bf677d-1feb-4f65-9cef-37a7d5324afc;0.055492;0.06659;20;1000;2026-02-12 08:19:50.967296+00
919192a9-fe91-4d26-98a3-68fe763b5bb7;c517995a-2099-499b-b0e1-ecd5f636825c;0.055372;0.066446;20;1000;2026-02-12 08:19:53.532629+00
c1e9c7dd-5d8a-4b72-bd46-f76fea4b531d;f8aefdb4-c9ea-46e1-b8b9-301771ee5b0a;0.050216;0.060259;20;1000;2026-02-12 08:19:55.798493+00
c3ddeeb2-308b-4aac-9a32-3faeef77ff7f;f7a44c82-8abe-4d43-894b-16f1cdc4e4e9;0.055784;0.066941;20;1000;2026-02-12 08:19:57.738708+00
63c15a79-e97d-4eb5-b4fd-f1c33f4ea76b;cec79063-d154-459f-89e2-c84dbec726a9;0.005783;0.00694;20;1000;2026-02-12 08:19:59.82922+00
cea28353-e5e5-4219-8c2a-089f65f16220;e049d846-d38c-425e-8432-622352278f7c;0.156428;0.187714;20;1000;2026-02-12 08:20:05.147117+00
fcde4713-5603-48ff-8513-0a38c474f238;11f068a8-5b92-4f11-990a-8da981be54a6;0.011627;0.013952;20;1000;2026-02-12 08:20:07.983544+00
d37b5be1-44e7-4b0a-a4f3-2fdd74dcaf23;0ad63b0a-6628-4dbf-9eea-cec0fc5d9bfe;0.046231;0.055477;20;10000;2026-02-14 12:49:09.604063+00
449a8ec8-2f75-4074-8757-9058aac25b6c;0ad63b0a-6628-4dbf-9eea-cec0fc5d9bfe;0.045621;0.054745;20;10000;2026-02-15 21:04:10.877304+00
51a1591d-3bee-4477-bed0-ced2edc9aeeb;c517995a-2099-499b-b0e1-ecd5f636825c;0.056996;0.065545;15;1000;2026-02-16 13:38:22.067168+00
814baace-c327-41c7-9f4d-842ce36761f1;0895f969-6433-415b-ad38-13b0d2fa041a;0.056648;0.067978;20;1000;2026-01-30 11:00:46.169796+00
70836415-4337-4683-8a17-b9ded0a69cff;38882174-073e-4eef-85c8-525f53299ab6;0.017;0.02125;25;10000;2026-01-12 18:31:29.524099+00
0594d709-dd82-425a-afe5-9432363f1ce3;67b9576b-44ef-449f-a56b-47732db433b2;0.070553;0.084664;20;1000;2026-01-30 11:00:48.802701+00
3ccc091c-0cde-4cda-b121-3d5567b210e8;46ab3cb0-2f39-4d0f-a307-efc4f9a8544c;0.06351;0.076212;20;1000;2026-01-30 11:00:51.026719+00
e67ec949-3fce-441b-a5d3-18d425237bc8;e3bf677d-1feb-4f65-9cef-37a7d5324afc;0.054298;0.065158;20;1000;2026-01-30 11:00:53.194334+00
e0a8038f-dbbf-47f8-9174-85112f573018;1caf5709-9742-4f49-b117-5136bfbff4a1;0.056956;0.068347;20;1000;2026-01-30 11:00:55.898849+00
98ddc0ad-fb29-4a98-a8d2-72e400074137;9713f243-afe6-4c88-be31-56a9e98b7c8c;0.004927;0.00739;50;1000;2026-01-12 18:31:49.324532+00
2a7660f7-103c-46b6-8fce-5680919a5a7f;3af5a96a-eeea-4bed-8688-2bda2ef18607;0.037938;0.045526;20;1000;2026-01-30 11:00:57.876932+00
2e290f2e-59af-45b0-bae2-c03279e3962d;cec79063-d154-459f-89e2-c84dbec726a9;0.005751;0.006901;20;1000;2026-01-30 11:00:59.58766+00
a4003c26-9eb5-4b02-b8f8-89ba0bd3768b;9050fb69-8236-44f8-9ef8-7849dcff4209;0.00017;0.00023;35;1000000;2026-01-13 08:37:26.771834+00
2cb0418f-31a2-4fc7-8ddd-dd20d2c772bf;0ad63b0a-6628-4dbf-9eea-cec0fc5d9bfe;0.04499;0.053988;20;10000;2026-01-13 08:37:29.642592+00
6d779f39-a1ad-4d74-bcd6-f713dc0ee7f9;53c14020-497f-4e70-8293-85b0d91f610d;0.000475;0.000713;50;10000;2026-01-13 08:37:32.510601+00
4d329c6b-e1ab-46e7-8523-030b2880b4b3;0a17953d-5890-4503-ae00-0f2491cead4f;0.012545;0.015054;20;1000;2026-01-30 11:01:02.134816+00
fc3d574d-badc-429a-9953-375a98d3498b;dfb99f44-3a48-40e5-8451-4bdedcae6105;0.000347;0.000434;25;100000;2026-01-13 08:37:38.64197+00
097e3c72-b374-4047-91c1-a46bbaffe2eb;f7a44c82-8abe-4d43-894b-16f1cdc4e4e9;0.055784;0.066941;20;1000;2026-01-30 11:01:04.583173+00
6326b573-72d0-4500-bcc2-fbb60415c2db;92a44074-431e-433a-95f9-46fd3f3cc035;0.008377;0.011309;35;100;2026-01-13 08:37:47.32964+00
9db43b72-3caf-4b47-9cbe-67314bce0705;5772cba0-4bc1-4dd4-852f-3d2980d3c4f9;38.599;46.3188;20;1;2026-01-13 08:37:50.361541+00
6d3cb362-c72b-4fae-a0bc-5b8892854a09;4674540a-227c-4f14-aeb0-6bb4a56afff6;0.037949;0.045539;20;10000;2026-01-13 08:37:53.134945+00
479834ad-59f1-4c2e-b974-6d23e9224c30;f6a03fdb-615f-4110-8757-9c3341674e5c;0.057444;0.068933;20;1000;2026-02-02 11:44:01.197954+00
318914fe-d0d1-48ad-a719-1b9f4e7ca490;38882174-073e-4eef-85c8-525f53299ab6;0.017;0.02125;25;10000;2026-01-13 08:38:06.717212+00
a3662841-c3de-49fe-b08d-6821bbcf3b7d;1caf5709-9742-4f49-b117-5136bfbff4a1;0.055603;0.066724;20;1000;2026-02-02 11:44:11.749288+00
265e60c5-9ab2-4ce2-9a36-54ce23c9201e;c2121502-fe79-41e3-95b5-6997f0b9ce0a;0.007697;0.009236;20;1000;2026-02-02 11:44:34.434256+00
61320adf-8de4-4a19-ba4b-232b7a70387b;4674540a-227c-4f14-aeb0-6bb4a56afff6;0.03776;0.045312;20;10000;2026-02-02 11:44:52.215575+00
21306d6d-763e-4312-a778-c100420c16f1;35c4979c-3eb0-4396-b682-864b76a60bd2;0.067419;0.080903;20;1000;2026-02-05 14:57:04.670927+00
858f9a0b-f062-48f5-8bfb-d7c0a582df8f;9713f243-afe6-4c88-be31-56a9e98b7c8c;0.003136;0.004704;50;1000;2026-01-13 08:38:22.1248+00
437b1323-69fb-4b42-9a4a-69d93e62d594;503334bc-3906-4a2a-b98f-dd78364ee604;0.00005;0.000065;30;1000;2026-01-13 08:38:24.744609+00
61fc16dc-660b-4cc3-8aaa-23a675f8123d;87c7e0dc-0ccd-4c95-8a52-e9bdeac572b3;199;208.95;5;1;2026-02-07 13:32:09.554228+00
b2a8434d-8b3e-4e89-9397-a1d9f561cfa0;0895f969-6433-415b-ad38-13b0d2fa041a;0.051171;0.061405;20;1000;2026-02-08 18:50:26.096598+00
7572649a-a5a5-49b9-9385-745c2791b439;9050fb69-8236-44f8-9ef8-7849dcff4209;0.000147;0.000198;35;1000000;2026-01-14 07:24:36.488878+00
c6586b16-286e-49a6-826e-4cb1bfaedc17;0ad63b0a-6628-4dbf-9eea-cec0fc5d9bfe;0.04699;0.056388;20;10000;2026-01-14 07:24:40.159033+00
b1cf6379-64a5-4f3f-85f6-3bb44e8b85a1;53c14020-497f-4e70-8293-85b0d91f610d;0.000448;0.000672;50;10000;2026-01-14 07:24:42.90856+00
03479fec-24c8-45f1-ae72-310d48d2869a;67b9576b-44ef-449f-a56b-47732db433b2;0.054443;0.065332;20;1000;2026-02-08 18:50:28.757005+00
ab3090eb-d28c-49f0-b706-98b4d8983e6d;dfb99f44-3a48-40e5-8451-4bdedcae6105;0.000347;0.000434;25;100000;2026-01-14 07:24:48.528129+00
2cb3e22b-c022-40df-bf2d-99a1a5722cc4;c517995a-2099-499b-b0e1-ecd5f636825c;0.0482;0.05784;20;1000;2026-02-08 18:50:31.94183+00
7da1aaa0-ddb1-4320-80ec-4817f6dba756;f6a03fdb-615f-4110-8757-9c3341674e5c;0.055146;0.066175;20;1000;2026-02-08 18:50:34.190758+00
8df55fe8-8b22-4ba7-bfc5-54bc2984e596;92a44074-431e-433a-95f9-46fd3f3cc035;0.0074;0.00999;35;100;2026-01-14 07:24:57.239496+00
e553a1f6-6261-4850-83c2-5f722ff668df;5772cba0-4bc1-4dd4-852f-3d2980d3c4f9;35.949;43.1388;20;1;2026-01-14 07:24:59.898874+00
a93ba28a-da49-4c3b-8aab-b5098b5aa8ed;4674540a-227c-4f14-aeb0-6bb4a56afff6;0.037949;0.045539;20;10000;2026-01-14 07:25:03.482842+00
52596409-0056-4430-a2ba-9633e91e0d0d;1caf5709-9742-4f49-b117-5136bfbff4a1;0.047844;0.057413;20;1000;2026-02-08 18:50:41.063128+00
f0801d7e-e53e-4ddf-ae16-b33457e7996b;c2121502-fe79-41e3-95b5-6997f0b9ce0a;0.007028;0.008434;20;1000;2026-02-08 18:50:44.373056+00
489903db-3c77-43aa-b06f-e943c0e0eff3;38882174-073e-4eef-85c8-525f53299ab6;0.012;0.015;25;10000;2026-01-14 07:25:11.484454+00
6948cd7f-49bc-44ca-b236-fbc881310d71;e049d846-d38c-425e-8432-622352278f7c;0.156428;0.187714;20;1000;2026-02-08 18:50:47.841228+00
d0a4efab-9437-4680-b486-46996d6ecd04;c0ec0716-6595-4d46-9c0b-18c1c3601d35;0.010464;0.012557;20;1000;2026-02-08 18:50:52.143073+00
4e9c016f-87e4-4f37-80c7-49395150808d;f7a44c82-8abe-4d43-894b-16f1cdc4e4e9;0.053062;0.063674;20;1000;2026-02-08 18:50:56.111999+00
a12d04fa-6b2a-4305-9402-0cd43ca3bcb1;9713f243-afe6-4c88-be31-56a9e98b7c8c;0.003023;0.004535;50;1000;2026-01-14 07:25:22.484284+00
9c77b80f-145a-47c7-8408-6e4110480ee3;503334bc-3906-4a2a-b98f-dd78364ee604;0.000043;0.000056;30;1000;2026-01-14 07:25:25.149764+00
895bc798-4e0d-40a6-8474-cee7349d936f;cec79063-d154-459f-89e2-c84dbec726a9;0.005396;0.006475;20;1000;2026-02-08 18:50:58.32566+00
296ca8fd-093d-4df0-9a20-560cbee73b07;503334bc-3906-4a2a-b98f-dd78364ee604;0.000038;0.000049;30;1000;2026-02-08 18:51:06.910861+00
d7199c75-4228-4c39-9f0e-4b9ed92e1f7a;92a44074-431e-433a-95f9-46fd3f3cc035;0.001741;0.00235;35;100;2026-02-08 18:51:09.887568+00
8864b898-2eed-425c-8b89-ead65390cb8d;dfb99f44-3a48-40e5-8451-4bdedcae6105;0.000346;0.000433;25;100000;2026-02-08 18:51:14.979459+00
b8d2b8c3-010b-48b5-8d32-beadcbf2e6a6;53c14020-497f-4e70-8293-85b0d91f610d;0.000179;0.000268;50;10000;2026-02-09 19:31:40.686653+00
0050599b-d39c-419c-9253-79c6a8fe1d5a;38882174-073e-4eef-85c8-525f53299ab6;0.007338;0.009173;25;10000;2026-02-12 08:20:10.297898+00
d07fd9d6-f4df-462b-938d-b1485274e115;92a44074-431e-433a-95f9-46fd3f3cc035;0.001948;0.00263;35;100;2026-02-12 08:20:15.626695+00
3130eb67-47cb-40b7-aa06-b396cea25c9b;f8aefdb4-c9ea-46e1-b8b9-301771ee5b0a;0.050956;0.058599;15;1000;2026-02-14 13:04:36.176257+00
da2dd8f8-e655-4d10-be70-997d5d2aa8a7;e3bf677d-1feb-4f65-9cef-37a7d5324afc;0.054378;0.062535;15;1000;2026-02-14 13:04:40.692657+00
61343391-7f5d-40f6-8752-eb931dee1899;dfb99f44-3a48-40e5-8451-4bdedcae6105;0.000388;0.000485;25;10000;2026-02-16 09:38:13.982657+00
84c7a4dc-d1e4-40c6-a28b-111ec6351375;e3bf677d-1feb-4f65-9cef-37a7d5324afc;0.043039;0.049495;15;1000;2026-02-16 20:09:58.252872+00
c6ea5626-d936-4f98-8628-cdd9c9783a05;67b9576b-44ef-449f-a56b-47732db433b2;0.045862;0.052741;15;1000;2026-02-16 20:10:12.836368+00
f806b23f-4ce4-43d9-8e07-a7b99ccf71a5;0ad63b0a-6628-4dbf-9eea-cec0fc5d9bfe;0.04699;0.056388;20;10000;2026-01-14 21:20:33.80073+00
e08c719b-8f86-432d-88c9-07edde699e50;53c14020-497f-4e70-8293-85b0d91f610d;0.000499;0.000749;50;10000;2026-01-14 21:20:37.246037+00
cea3e67f-7a84-4c42-be16-ef64e990e9f2;dfb99f44-3a48-40e5-8451-4bdedcae6105;0.000347;0.000434;25;100000;2026-01-14 21:20:44.56911+00
4d65ae1b-900b-4bfb-9832-40c30f38b7ab;92a44074-431e-433a-95f9-46fd3f3cc035;0.007374;0.009955;35;100;2026-01-14 21:20:53.873523+00
cbc439f7-d42e-41fa-b59b-f4aadd886449;5772cba0-4bc1-4dd4-852f-3d2980d3c4f9;35.928998;43.114798;20;1;2026-01-14 21:20:56.778855+00
58001175-6597-4fd8-ba34-9c3cbfeeb834;4674540a-227c-4f14-aeb0-6bb4a56afff6;0.037949;0.045539;20;10000;2026-01-14 21:20:59.672523+00
81a32d2e-12b2-45b5-8ce7-055ba57c6195;38882174-073e-4eef-85c8-525f53299ab6;0.012;0.015;25;10000;2026-01-14 21:21:05.862868+00
de4d0318-5e7a-4fa2-b4c5-ab777c05c05d;9050fb69-8236-44f8-9ef8-7849dcff4209;0.000144;0.000194;35;1000000;2026-01-14 21:21:11.479072+00
a487e8a2-8299-4021-b0ee-3129234e0f34;9713f243-afe6-4c88-be31-56a9e98b7c8c;0.007101;0.010652;50;1000;2026-01-14 21:21:20.965059+00
d9d3b344-578f-4785-90a2-2bf88dde5063;503334bc-3906-4a2a-b98f-dd78364ee604;0.000042;0.000055;30;1000;2026-01-14 21:21:24.500909+00
ad0b609f-8793-46fe-97bd-089949062f7a;38882174-073e-4eef-85c8-525f53299ab6;0.001;0.00125;25;10000;2026-01-30 11:01:07.145376+00
6fb85cb2-217d-4bd1-8af7-bfde41cb41c9;53c14020-497f-4e70-8293-85b0d91f610d;0.00037;0.000555;50;10000;2026-01-15 10:18:16.346192+00
574aba86-40db-45fc-b4b0-262b4ea37012;dfb99f44-3a48-40e5-8451-4bdedcae6105;0.000347;0.000434;25;100000;2026-01-15 10:18:20.368369+00
a3f5a061-ad4f-46ff-adc0-145c2b6d7f65;92a44074-431e-433a-95f9-46fd3f3cc035;0.002663;0.003595;35;100;2026-01-30 11:01:35.366696+00
e3718c3b-e820-4512-bf5c-02b772f16474;92a44074-431e-433a-95f9-46fd3f3cc035;0.007758;0.010473;35;100;2026-01-15 10:18:35.229892+00
ede897ce-4b3e-4f81-a532-e079ab1f83bd;5772cba0-4bc1-4dd4-852f-3d2980d3c4f9;37.1;44.52;20;1;2026-01-15 10:18:39.336511+00
e36f5412-6893-4b2f-94b5-9e1f2f076800;4674540a-227c-4f14-aeb0-6bb4a56afff6;0.037949;0.045539;20;10000;2026-01-15 10:18:43.584529+00
039c2637-a3ef-45b3-862a-5bb33114ff3a;0ad63b0a-6628-4dbf-9eea-cec0fc5d9bfe;0.04699;0.056388;20;10000;2026-01-15 10:18:52.960907+00
bde9f2a4-3871-42d2-9b3e-f7dbd2647039;38882174-073e-4eef-85c8-525f53299ab6;0.012;0.015;25;10000;2026-01-15 10:18:59.00281+00
62bcec3b-2e0a-4fa5-a54b-28fb70743436;9050fb69-8236-44f8-9ef8-7849dcff4209;0.000141;0.00019;35;1000000;2026-01-15 10:19:02.026873+00
a996956d-d59a-4fc5-9391-577201e815ed;2e7c469c-9d92-4b30-8e63-e8bdbd097da0;0.059656;0.071587;20;1000;2026-02-02 11:44:05.577703+00
785ce82e-c15e-4646-aa88-c871d56a892b;9713f243-afe6-4c88-be31-56a9e98b7c8c;0.006085;0.009128;50;1000;2026-01-15 10:19:17.853594+00
6fe8af84-261e-44fb-8a81-ae6379b48677;503334bc-3906-4a2a-b98f-dd78364ee604;0.000049;0.000064;30;1000;2026-01-15 10:19:23.080247+00
e5eaf4b5-610d-4d9b-92a6-c8d6727c0d1a;0a17953d-5890-4503-ae00-0f2491cead4f;0.012545;0.015054;20;1000;2026-02-02 11:44:29.064563+00
8ab3110c-8fe1-4049-b4dd-55bae5748f95;0895f969-6433-415b-ad38-13b0d2fa041a;0.063171;0.075805;20;1000;2026-02-05 14:57:05.846912+00
11a7ecdc-23ac-4627-aaa2-7dcba271bbb3;4674540a-227c-4f14-aeb0-6bb4a56afff6;0.037949;0.045539;20;10000;2026-01-15 12:43:43.682279+00
a16c53d6-f2a8-427a-b38c-d584ad7513cf;e3bf677d-1feb-4f65-9cef-37a7d5324afc;0.051037;0.061244;20;1000;2026-02-08 18:50:27.487407+00
8b09951f-3f9b-44e4-9c93-daee85dbdbb1;2e7c469c-9d92-4b30-8e63-e8bdbd097da0;0.047094;0.056513;20;1000;2026-02-08 18:50:29.932987+00
2382bde3-ea1b-43f3-9a5f-edcfa6317aa6;dfb99f44-3a48-40e5-8451-4bdedcae6105;0.000347;0.000434;25;100000;2026-01-15 21:55:58.5525+00
188ba09f-733f-490d-95a2-007f77679914;46ab3cb0-2f39-4d0f-a307-efc4f9a8544c;0.055198;0.066238;20;1000;2026-02-08 18:50:32.980074+00
dd8aec03-205a-4ac0-9ef3-2ead548142a6;5772cba0-4bc1-4dd4-852f-3d2980d3c4f9;39.99;47.988;20;1;2026-01-15 21:56:12.53279+00
f60d4f45-81f6-4d99-97a9-37ceb59f5ce1;35c4979c-3eb0-4396-b682-864b76a60bd2;0.053658;0.06439;20;1000;2026-02-08 18:50:36.099374+00
40bdfb79-9374-498a-8b99-17af3396fee2;f8aefdb4-c9ea-46e1-b8b9-301771ee5b0a;0.048834;0.058601;20;1000;2026-02-08 18:50:42.873066+00
45a3228d-86e1-425b-a410-8a2cecd87d64;0ad63b0a-6628-4dbf-9eea-cec0fc5d9bfe;0.04699;0.056388;20;10000;2026-01-15 21:56:20.50478+00
87eb514f-88aa-4366-915f-c5a12b3666df;38882174-073e-4eef-85c8-525f53299ab6;0.012;0.015;25;10000;2026-01-15 21:56:23.100218+00
23609dbc-a962-434c-8740-539f8e5299c9;9050fb69-8236-44f8-9ef8-7849dcff4209;0.000143;0.000193;35;1000000;2026-01-15 21:56:25.683769+00
71e36cb3-f066-4f6d-a779-3a06495020d3;f1121f12-4b75-47f5-b86b-96ef9a03543d;0.098036;0.117643;20;1000;2026-02-08 18:50:46.105232+00
7440d6d7-a748-412b-9da0-56a80e6d2199;9713f243-afe6-4c88-be31-56a9e98b7c8c;0.006157;0.009236;50;1000;2026-01-15 21:56:31.22812+00
fc2eee27-5692-4cca-a63d-4ad75584d582;11f068a8-5b92-4f11-990a-8da981be54a6;0.013283;0.01594;20;1000;2026-02-08 18:50:50.438513+00
16669bef-e7d9-4a16-bfc5-06043b0773c8;53c14020-497f-4e70-8293-85b0d91f610d;0.000426;0.000639;50;10000;2026-01-15 21:56:36.485168+00
e11420e9-860b-4ba9-b7ea-05258f8231b3;4674540a-227c-4f14-aeb0-6bb4a56afff6;0.037949;0.045539;20;10000;2026-01-15 21:56:39.430656+00
c97ffb17-03ec-4385-bb8d-785e267272a5;0a17953d-5890-4503-ae00-0f2491cead4f;0.012418;0.014902;20;1000;2026-02-08 18:50:54.600959+00
d725706e-d608-4c40-a6f0-4dc4b24219fb;92a44074-431e-433a-95f9-46fd3f3cc035;0.00761;0.010274;35;100;2026-01-15 21:56:44.37948+00
7fe1a5c2-2552-4e2a-82fe-45da58e9f2be;503334bc-3906-4a2a-b98f-dd78364ee604;0.000065;0.000085;30;1000;2026-01-15 21:56:47.026132+00
13177b35-c9a3-455a-916c-6bc3ccbfa27e;3af5a96a-eeea-4bed-8688-2bda2ef18607;0.033301;0.039961;20;1000;2026-02-08 18:50:57.246528+00
fa69a9bb-3a13-40c1-9ef5-9b4fdddc37b8;9050fb69-8236-44f8-9ef8-7849dcff4209;0.000041;0.000055;35;1000000;2026-02-09 19:31:44.495942+00
c32d6ba3-0291-4f34-bf75-598f48bd2690;9713f243-afe6-4c88-be31-56a9e98b7c8c;0.00414;0.00621;50;1000;2026-02-12 08:20:11.335228+00
0ebd6b0c-4421-4bd8-b1be-5c8c9ea27f59;9050fb69-8236-44f8-9ef8-7849dcff4209;0.000042;0.000057;35;1000000;2026-02-12 08:20:17.260589+00
4c50c404-3f81-462c-b656-6225f223cdb9;4674540a-227c-4f14-aeb0-6bb4a56afff6;0.040379;0.048455;20;10000;2026-02-12 08:20:19.186271+00
54986f6c-99ac-4447-b4bf-fab4a551db3d;e3bf677d-1feb-4f65-9cef-37a7d5324afc;0.054378;0.062535;15;1000;2026-02-14 13:04:36.334681+00
8e3ff5fb-b601-4fee-88f3-3ba20a0f34d9;dfb99f44-3a48-40e5-8451-4bdedcae6105;0.000388;0.000485;25;1000000;2026-02-16 09:38:29.20512+00
2d283b1c-3046-48d7-9b5f-38047200fd4d;c517995a-2099-499b-b0e1-ecd5f636825c;0.056276;0.064717;15;1000;2026-02-16 20:10:12.090815+00
f1a8b7d3-824b-4270-8482-81a4adb6ff31;0ad63b0a-6628-4dbf-9eea-cec0fc5d9bfe;0.04699;0.056388;20;10000;2026-01-16 09:38:20.999+00
f2ec3578-c14c-4871-a403-950f79808109;9050fb69-8236-44f8-9ef8-7849dcff4209;0.000139;0.000188;35;1000000;2026-01-16 09:38:28.663341+00
cda4f269-d7f4-455a-9e06-c6488c3b0424;9713f243-afe6-4c88-be31-56a9e98b7c8c;0.004712;0.007068;50;1000;2026-01-16 09:38:38.381164+00
2434f019-ff78-483a-a346-f54687c0c3b1;53c14020-497f-4e70-8293-85b0d91f610d;0.000404;0.000606;50;10000;2026-01-16 09:38:44.340957+00
aff32c58-eac4-49b9-8608-b77fb0011248;4674540a-227c-4f14-aeb0-6bb4a56afff6;0.037949;0.045539;20;10000;2026-01-16 09:38:47.458894+00
263705c9-8286-4021-a245-fb38b1957ae4;dfb99f44-3a48-40e5-8451-4bdedcae6105;0.000347;0.000434;25;100000;2026-01-16 09:38:50.641221+00
29c18feb-60c3-4491-b924-b3e504343bc7;92a44074-431e-433a-95f9-46fd3f3cc035;0.0076;0.01026;35;100;2026-01-16 09:39:06.023106+00
5aa67864-95a4-4eb4-a28d-0e0a865aa1f1;503334bc-3906-4a2a-b98f-dd78364ee604;0.000056;0.000073;30;1000;2026-01-16 09:39:10.107966+00
64cb317a-36c1-41d5-a250-3a7b8d9d230b;5772cba0-4bc1-4dd4-852f-3d2980d3c4f9;33.44;40.128;20;1;2026-01-16 09:39:18.345662+00
f9b4bc5b-dc24-4145-a7b0-31eb73044c0e;38882174-073e-4eef-85c8-525f53299ab6;0.012;0.015;25;10000;2026-01-16 09:39:21.094109+00
9169ceb3-25cc-4e78-b8f4-825421bb44a9;9050fb69-8236-44f8-9ef8-7849dcff4209;0.00014;0.000189;35;1000000;2026-01-16 17:24:17.478402+00
53a3d401-d0e8-412e-b3f0-23f8dc97ca10;9713f243-afe6-4c88-be31-56a9e98b7c8c;0.004611;0.006916;50;1000;2026-01-16 17:24:22.757382+00
a4720519-a215-4877-b8be-a496aa112cfb;53c14020-497f-4e70-8293-85b0d91f610d;0.000359;0.000539;50;10000;2026-01-16 17:24:25.439908+00
d9bde1f5-e06e-4acd-bd60-ab1d8155705f;4674540a-227c-4f14-aeb0-6bb4a56afff6;0.037949;0.045539;20;10000;2026-01-16 17:24:28.199006+00
d52ee0da-1538-4f37-a28c-6e8623c95f0f;92a44074-431e-433a-95f9-46fd3f3cc035;0.007311;0.00987;35;100;2026-01-16 17:24:36.567436+00
41581eca-78fe-404c-80d5-ef76b058a381;503334bc-3906-4a2a-b98f-dd78364ee604;0.00005;0.000065;30;1000;2026-01-16 17:24:39.140895+00
5e2fab8b-0c9e-4a91-90f5-cef7f8b7b784;5772cba0-4bc1-4dd4-852f-3d2980d3c4f9;34.860249;41.832299;20;1;2026-01-16 17:24:47.566626+00
92356529-33e8-4044-98cb-5cbc77dc3773;38882174-073e-4eef-85c8-525f53299ab6;0.012;0.015;25;10000;2026-01-16 17:24:50.146449+00
adbbf2c9-e715-4508-bc45-841913c79c47;0ad63b0a-6628-4dbf-9eea-cec0fc5d9bfe;0.04699;0.056388;20;10000;2026-01-16 17:24:56.033194+00
366328b3-a2cb-4c70-afdf-cf472e646f95;dfb99f44-3a48-40e5-8451-4bdedcae6105;0.000347;0.000434;25;100000;2026-01-16 17:25:18.667488+00
0c43af5c-6d37-4f3a-a109-1e069b499564;53c14020-497f-4e70-8293-85b0d91f610d;0.00047;0.000705;50;10000;2026-01-17 09:05:04.558884+00
0508be40-aa0c-441f-88dd-c335c21a4c7c;4674540a-227c-4f14-aeb0-6bb4a56afff6;0.037949;0.045539;20;10000;2026-01-17 09:05:08.161312+00
05bf3791-16af-4555-97e8-61fd577970d6;92a44074-431e-433a-95f9-46fd3f3cc035;0.00768;0.010368;35;100;2026-01-17 09:05:13.460017+00
913fadcc-1b92-47f8-9106-c25b0de1c95a;9713f243-afe6-4c88-be31-56a9e98b7c8c;0.002889;0.004334;50;1000;2026-01-30 11:01:08.109622+00
41040810-56b6-4079-8e86-1614b1fc30ca;9050fb69-8236-44f8-9ef8-7849dcff4209;0.000047;0.000063;35;1000000;2026-01-30 11:01:36.308941+00
0e00c471-df1e-471d-9bea-e0782292a026;4674540a-227c-4f14-aeb0-6bb4a56afff6;0.037288;0.044746;20;10000;2026-01-30 11:01:38.30812+00
4ff28a28-7d9c-474d-9dab-b6720b8adfd2;46ab3cb0-2f39-4d0f-a307-efc4f9a8544c;0.058074;0.069689;20;1000;2026-02-02 11:44:06.675934+00
764846f6-51e7-4cee-9052-67ac9c8abb9d;c0ec0716-6595-4d46-9c0b-18c1c3601d35;0.011478;0.013774;20;1000;2026-02-02 11:44:27.201699+00
34825fa4-160e-499b-8a2d-2c304f3b610f;dfb99f44-3a48-40e5-8451-4bdedcae6105;0.00032;0.0004;25;100000;2026-02-02 11:44:53.367005+00
f97f89dc-239f-4be0-b5e7-70e1dd71ae46;1caf5709-9742-4f49-b117-5136bfbff4a1;0.057899;0.069479;20;1000;2026-02-05 14:57:07.194223+00
b068db0b-1f4c-4f0c-84f0-9c9ffeba68ca;38882174-073e-4eef-85c8-525f53299ab6;0.0008;0.001;25;10000;2026-02-08 18:51:00.303732+00
b5e6ef42-63fe-4bad-8bc7-3aeffbe48365;1caf5709-9742-4f49-b117-5136bfbff4a1;0.050329;0.060395;20;1000;2026-02-10 13:18:43.545832+00
8a8353fb-6368-481b-a2f9-684fc7f8b069;46ab3cb0-2f39-4d0f-a307-efc4f9a8544c;0.054877;0.065852;20;1000;2026-02-10 13:18:49.550086+00
3d90e7b3-0c1c-47a5-b470-5c8dd0d6206f;35c4979c-3eb0-4396-b682-864b76a60bd2;0.056233;0.06748;20;1000;2026-02-10 13:18:51.815595+00
043f8faf-45f3-406b-bc17-df650164bc0f;5772cba0-4bc1-4dd4-852f-3d2980d3c4f9;14.5181;17.42172;20;1;2026-02-10 13:19:13.685462+00
50b4c075-7e44-4f66-b3cf-d4ed975fddf9;dfb99f44-3a48-40e5-8451-4bdedcae6105;0.000346;0.000433;25;100000;2026-02-10 13:19:23.127353+00
ad72f5b3-0fcb-4b0a-b778-c57fcbda2474;5772cba0-4bc1-4dd4-852f-3d2980d3c4f9;15.4241;18.50892;20;1;2026-02-12 08:20:12.36867+00
ddd19508-6986-4695-8b0e-0ed8094553f9;dfb99f44-3a48-40e5-8451-4bdedcae6105;0.000346;0.000433;25;100000;2026-02-12 08:20:20.099382+00
5870c30e-4de5-43ea-8c7b-5cc901b425a5;2e7c469c-9d92-4b30-8e63-e8bdbd097da0;0.052407;0.060268;15;1000;2026-02-14 13:04:36.986102+00
a9a89955-8945-4d40-bf51-916442ce2d50;dfb99f44-3a48-40e5-8451-4bdedcae6105;0.000388;0.000485;25;100000;2026-02-16 09:38:54.317666+00
67ef1c45-fa38-4d7b-85f0-92f7c72540e9;0895f969-6433-415b-ad38-13b0d2fa041a;0.042233;0.048568;15;1000;2026-02-16 20:10:12.334805+00
7a275080-75f9-4df3-aa76-a266ae7b5c8f;503334bc-3906-4a2a-b98f-dd78364ee604;0.000056;0.000073;30;1000;2026-01-17 09:05:16.053797+00
8a917572-6617-4f81-8b04-bb8fe2166cca;5772cba0-4bc1-4dd4-852f-3d2980d3c4f9;34.225178;41.070214;20;1;2026-01-17 09:05:24.078217+00
35acccf1-5d99-44ee-92e9-63fd28863eb3;5772cba0-4bc1-4dd4-852f-3d2980d3c4f9;18.67116;22.405392;20;1;2026-01-30 11:01:09.157326+00
59f1abcd-debc-469e-a39e-5f71ffa3857d;dfb99f44-3a48-40e5-8451-4bdedcae6105;0.00032;0.0004;25;100000;2026-01-30 11:01:39.232828+00
fbfa9571-faeb-43f8-9233-a615ac18af22;67b9576b-44ef-449f-a56b-47732db433b2;0.05557;0.066684;20;1000;2026-02-02 11:44:08.000141+00
120c25e3-000c-4a33-9135-8b1fa6e30581;11f068a8-5b92-4f11-990a-8da981be54a6;0.012347;0.014816;20;1000;2026-02-02 11:44:32.891337+00
79ef504c-aead-4d4f-aa46-b5f148b04f63;0ad63b0a-6628-4dbf-9eea-cec0fc5d9bfe;0.041918;0.050302;20;10000;2026-02-02 11:44:49.59994+00
502b5585-94b3-4ed2-8c5b-40d35b6de2a0;c0ec0716-6595-4d46-9c0b-18c1c3601d35;0.011284;0.013541;20;1000;2026-02-05 14:57:12.138735+00
381ce148-7d0c-4a66-9ef4-e9c8b495f48f;9050fb69-8236-44f8-9ef8-7849dcff4209;0.000042;0.000057;35;1000000;2026-02-05 14:57:32.035928+00
a2537471-4484-4d79-adb5-23fc3ea3023a;9713f243-afe6-4c88-be31-56a9e98b7c8c;0.005501;0.008252;50;1000;2026-02-08 18:51:02.729931+00
97b21d7e-5bb6-42ca-b586-9e42287ccbcb;9050fb69-8236-44f8-9ef8-7849dcff4209;0.000044;0.000059;35;1000000;2026-02-08 18:51:11.148494+00
f9458a24-16e0-4dd3-abcd-6f068d95ab5f;c517995a-2099-499b-b0e1-ecd5f636825c;0.053588;0.064306;20;1000;2026-02-10 13:18:48.313918+00
3a684d30-02a6-4b1a-8ab3-4a57ecd3e4e4;f6a03fdb-615f-4110-8757-9c3341674e5c;0.057319;0.068783;20;1000;2026-02-10 13:18:50.585465+00
f95460d9-5dc8-494a-acec-5a5da0cf983d;53c14020-497f-4e70-8293-85b0d91f610d;0.00032;0.00048;50;10000;2026-02-10 13:19:15.517772+00
1785e552-7823-4d5f-91c5-9c957989d7a9;53c14020-497f-4e70-8293-85b0d91f610d;0.000407;0.000611;50;10000;2026-02-12 08:20:13.573034+00
69f2c023-747b-4ae7-958b-7258ba12ba3d;c517995a-2099-499b-b0e1-ecd5f636825c;0.060339;0.06939;15;1000;2026-02-14 13:04:37.470498+00
e9535e60-866d-4f51-bbbf-05c6f05df010;f8aefdb4-c9ea-46e1-b8b9-301771ee5b0a;0.050833;0.058458;15;1000;2026-02-16 10:04:49.081905+00
67b07c6b-425e-4298-9d10-edfcc554db38;2e7c469c-9d92-4b30-8e63-e8bdbd097da0;0.050041;0.057547;15;1000;2026-02-16 10:04:51.540885+00
8ae3e37a-369a-4d2c-b3e6-eeedf6f07103;35c4979c-3eb0-4396-b682-864b76a60bd2;0.052761;0.060675;15;1000;2026-02-16 10:04:54.825992+00
10aa0292-2b68-4524-955e-f385ec68a51b;e3bf677d-1feb-4f65-9cef-37a7d5324afc;0.050615;0.058207;15;1000;2026-02-16 10:04:56.849947+00
0ffd9aad-a8a7-49a8-a1af-ecc7b5b1f4bd;0895f969-6433-415b-ad38-13b0d2fa041a;0.047992;0.055191;15;1000;2026-02-16 10:05:05.227587+00
b14f7ecf-6706-44f4-9e57-5867e23e169c;cec79063-d154-459f-89e2-c84dbec726a9;0.006187;0.007424;20;1000;2026-02-16 10:05:07.714902+00
f71e2f94-2568-4b37-9458-4c590c75e83b;c2121502-fe79-41e3-95b5-6997f0b9ce0a;0.006681;0.008017;20;1000;2026-02-16 10:05:10.306708+00
f4cf5280-2bca-43cc-8789-43b300ac690c;c0ec0716-6595-4d46-9c0b-18c1c3601d35;0.011207;0.013448;20;1000;2026-02-16 10:05:12.833174+00
3bb06f70-2bcb-4006-b7d7-65f5e8cd07df;f7a44c82-8abe-4d43-894b-16f1cdc4e4e9;0.055784;0.066941;20;1000;2026-02-16 10:05:15.634319+00
4d9515c8-1071-4461-988b-dcb033435e97;f1121f12-4b75-47f5-b86b-96ef9a03543d;0.15085;0.18102;20;1000;2026-02-16 10:05:19.329638+00
6d0a56ab-567c-46e0-ad27-53a093cf400a;46ab3cb0-2f39-4d0f-a307-efc4f9a8544c;0.054042;0.062148;15;1000;2026-02-16 20:10:13.17615+00
b18f349b-bbe8-41b4-b693-4d778718d6c6;f6a03fdb-615f-4110-8757-9c3341674e5c;0.058455;0.067223;15;1000;2026-02-16 20:10:13.822865+00
527d3233-245b-4f6c-93dd-e03c34e32736;53c14020-497f-4e70-8293-85b0d91f610d;0.000222;0.000333;50;10000;2026-01-30 11:01:33.177363+00
87045b9f-aeb3-489e-89c8-844ed5e34374;38882174-073e-4eef-85c8-525f53299ab6;0.012;0.015;25;10000;2026-01-17 09:05:26.634272+00
e638d209-cb51-43fa-b237-a53e6a409aef;0ad63b0a-6628-4dbf-9eea-cec0fc5d9bfe;0.04699;0.056388;20;10000;2026-01-17 09:05:31.924777+00
609909a7-f5b3-4ac8-8571-4bb53f36d30c;9050fb69-8236-44f8-9ef8-7849dcff4209;0.000136;0.000184;35;1000000;2026-01-17 09:05:37.548117+00
a46491a8-958e-4aaf-bfab-396a18fe5b65;dfb99f44-3a48-40e5-8451-4bdedcae6105;0.000347;0.000434;25;100000;2026-01-17 09:05:40.114877+00
d4f2818f-999b-41ee-972d-7955daeba348;9713f243-afe6-4c88-be31-56a9e98b7c8c;0.004306;0.006459;50;1000;2026-01-17 09:05:46.160524+00
34e033c4-4904-4eba-be4a-77a89ea28996;92a44074-431e-433a-95f9-46fd3f3cc035;0.0072;0.00972;35;100;2026-01-17 16:34:12.592518+00
e778dca9-dc71-40fe-8c8c-b1b938440903;503334bc-3906-4a2a-b98f-dd78364ee604;0.000056;0.000073;30;1000;2026-01-17 16:34:15.265292+00
d846c4e5-583a-48e5-a0c7-e98a58f4074f;53c14020-497f-4e70-8293-85b0d91f610d;0.00042;0.00063;50;10000;2026-01-17 16:34:18.044841+00
e95154cc-44a9-4b4a-979d-0eaadb7ef14f;35c4979c-3eb0-4396-b682-864b76a60bd2;0.061706;0.074047;20;1000;2026-02-02 11:44:09.282507+00
21e2da9c-6cff-4141-9f04-f9d51ae2349d;5772cba0-4bc1-4dd4-852f-3d2980d3c4f9;32.4;38.88;20;1;2026-01-17 16:34:23.328138+00
2cffee8b-ab36-4f98-9717-1d0678cb2281;38882174-073e-4eef-85c8-525f53299ab6;0.012;0.015;25;10000;2026-01-17 16:34:25.985551+00
b6f89b2d-88c8-4360-960a-1ddfc37990ff;3af5a96a-eeea-4bed-8688-2bda2ef18607;0.037938;0.045526;20;1000;2026-02-02 11:44:24.277696+00
37160f2d-6190-42e0-b199-e3cbcf014b97;0ad63b0a-6628-4dbf-9eea-cec0fc5d9bfe;0.04699;0.056388;20;10000;2026-01-17 16:34:31.326158+00
993d365d-8bef-4f8d-935b-bbcc0498104d;0a17953d-5890-4503-ae00-0f2491cead4f;0.012418;0.014902;20;1000;2026-02-05 14:57:13.529824+00
785fa5eb-af23-49d8-b13b-87922d0ee8aa;9050fb69-8236-44f8-9ef8-7849dcff4209;0.000121;0.000163;35;1000000;2026-01-17 16:34:36.601448+00
47a46ac6-87d4-49c9-a08f-171ad7ce281f;dfb99f44-3a48-40e5-8451-4bdedcae6105;0.000347;0.000434;25;100000;2026-01-17 16:34:39.199367+00
57825c91-abc5-467f-b0cc-468d8a967692;92a44074-431e-433a-95f9-46fd3f3cc035;0.001663;0.002245;35;100;2026-02-05 14:57:30.80722+00
86b887fc-4c13-4680-9685-e804d366d8e4;9713f243-afe6-4c88-be31-56a9e98b7c8c;0.004611;0.006916;50;1000;2026-01-17 16:34:44.431125+00
4c0d433e-42d3-4713-89f1-8b43585b0387;4674540a-227c-4f14-aeb0-6bb4a56afff6;0.037949;0.045539;20;10000;2026-01-17 16:34:47.060406+00
67f4d789-a95b-42a8-82c0-190285d35236;0ad63b0a-6628-4dbf-9eea-cec0fc5d9bfe;0.043109;0.051731;20;10000;2026-02-05 14:57:33.50786+00
39b9cfe4-ffdf-4949-9130-3d94f03494e8;dfb99f44-3a48-40e5-8451-4bdedcae6105;0.000346;0.000433;25;100000;2026-02-05 14:57:36.592935+00
7f89727d-595c-47c6-98f7-c70cb5ab45e1;e049d846-d38c-425e-8432-622352278f7c;0.3;0.36;20;1000;2026-01-17 23:55:19.212681+00
c9cba10f-5152-449d-ac95-76f4ea622e90;c0ec0716-6595-4d46-9c0b-18c1c3601d35;0.0123;0.01476;20;1000;2026-01-17 23:56:20.349377+00
52768e4a-abda-4147-a72a-81b60ac78fec;11f068a8-5b92-4f11-990a-8da981be54a6;0.032;0.0384;20;1000;2026-01-17 23:56:24.36702+00
1d88983b-916a-4127-85c8-c3d52898b9d7;cec79063-d154-459f-89e2-c84dbec726a9;0.006719;0.008063;20;1000;2026-01-17 23:56:27.607776+00
df14ad56-59cb-4ffb-bbf2-2c34399c1b22;f7a44c82-8abe-4d43-894b-16f1cdc4e4e9;0.034766;0.041719;20;1000;2026-01-17 23:56:29.131952+00
fdd58e3e-d993-45cc-ac73-d2f03f09d3e8;3af5a96a-eeea-4bed-8688-2bda2ef18607;0.036866;0.044239;20;1000;2026-01-17 23:56:30.675508+00
b5afd7cd-9aa6-4da3-b7f7-903cbd8ad1c3;f1121f12-4b75-47f5-b86b-96ef9a03543d;0.05624;0.067488;20;1000;2026-01-17 23:56:32.355909+00
6bd407b0-b0d9-429a-89aa-292d2416ac74;0a17953d-5890-4503-ae00-0f2491cead4f;0.01;0.012;20;1000;2026-01-17 23:56:34.488843+00
0e6ec68c-7958-4ecd-94b5-89e20a33dba9;c2121502-fe79-41e3-95b5-6997f0b9ce0a;0.011296;0.013555;20;1000;2026-01-17 23:56:37.314544+00
6880a2f9-0213-49f2-84b0-aa558fe7449c;5772cba0-4bc1-4dd4-852f-3d2980d3c4f9;15.317;18.3804;20;1;2026-02-08 18:51:04.033402+00
cdb7264e-269a-450d-804a-5569642e9efa;dfb99f44-3a48-40e5-8451-4bdedcae6105;0.000347;0.000434;25;100000;2026-01-18 10:25:34.795514+00
2c169b6e-04f0-4223-ade3-c2a5e48082c3;4674540a-227c-4f14-aeb0-6bb4a56afff6;0.037949;0.045539;20;10000;2026-01-18 10:25:35.303514+00
cb6dd2aa-b82a-432d-8395-a5af4a18d624;0ad63b0a-6628-4dbf-9eea-cec0fc5d9bfe;0.04699;0.056388;20;10000;2026-01-18 10:25:38.729007+00
ba066d9c-75eb-416c-afd3-0043203ab95a;4674540a-227c-4f14-aeb0-6bb4a56afff6;0.038245;0.045894;20;10000;2026-02-08 18:51:13.742172+00
4dad0ba0-cc06-4ec7-9dc8-becc1fa40eac;67b9576b-44ef-449f-a56b-47732db433b2;0.061869;0.074243;20;1000;2026-02-10 13:18:53.292517+00
345c48d5-853b-4cea-b457-615e954598da;0ad63b0a-6628-4dbf-9eea-cec0fc5d9bfe;0.042989;0.051587;20;10000;2026-02-12 08:20:18.262617+00
a663e7ae-f26c-4f86-b801-b638f8078cf4;0895f969-6433-415b-ad38-13b0d2fa041a;0.052417;0.06028;15;1000;2026-02-14 13:04:38.115899+00
f7ae6b07-0195-451d-8dcd-6e9e4b812097;9050fb69-8236-44f8-9ef8-7849dcff4209;0.000104;0.00014;35;1000000;2026-01-18 10:25:42.513269+00
06c8f040-0908-4189-86f8-885d83403944;92a44074-431e-433a-95f9-46fd3f3cc035;0.006141;0.00829;35;100;2026-01-18 10:25:42.746254+00
45717544-dcfe-4952-a2f0-6c3e6cb55185;503334bc-3906-4a2a-b98f-dd78364ee604;0.00005;0.000065;30;1000;2026-01-18 10:25:43.274665+00
d7d297f3-ede4-4365-a6e5-552fa5374c14;53c14020-497f-4e70-8293-85b0d91f610d;0.00048;0.00072;50;10000;2026-01-18 10:25:44.021799+00
8cae0ab0-ac96-4217-984d-97f88e66b0d3;5772cba0-4bc1-4dd4-852f-3d2980d3c4f9;27.48;32.976;20;1;2026-01-18 10:25:46.661986+00
d7c6d1cc-e87c-45e5-bf2e-4db2da1ba0f5;9713f243-afe6-4c88-be31-56a9e98b7c8c;0.004611;0.006916;50;1000;2026-01-18 10:25:47.250269+00
62428cae-e6db-4b0b-93b7-8710398411fe;38882174-073e-4eef-85c8-525f53299ab6;0.012;0.015;25;10000;2026-01-18 10:25:48.152118+00
55d0c876-b8e7-4ffd-9f45-f5e2b4523c33;1caf5709-9742-4f49-b117-5136bfbff4a1;0.054881;0.063113;15;1000;2026-02-14 13:04:44.487301+00
6bf59c89-ca4b-4d00-b776-e9ca74860ded;c517995a-2099-499b-b0e1-ecd5f636825c;0.059396;0.068305;15;1000;2026-02-16 10:04:50.354564+00
bfe5eaa4-1250-4611-855a-33638f6e4362;f6a03fdb-615f-4110-8757-9c3341674e5c;0.058455;0.067223;15;1000;2026-02-16 10:04:52.837976+00
fb72fabc-a2dd-4196-8130-c087262e8320;46ab3cb0-2f39-4d0f-a307-efc4f9a8544c;0.054042;0.062148;15;1000;2026-02-16 10:04:55.799009+00
080b7c35-d7ed-451b-8c2b-d4afcee58dea;67b9576b-44ef-449f-a56b-47732db433b2;0.058019;0.066722;15;1000;2026-02-16 10:04:58.029494+00
166bc8b8-a09d-475b-b4d3-52b74084319d;1caf5709-9742-4f49-b117-5136bfbff4a1;0.0523;0.060145;15;1000;2026-02-16 10:05:06.487414+00
eb314a6c-a201-4834-84b3-13625d7d39d0;e049d846-d38c-425e-8432-622352278f7c;0.312088;0.374506;20;1000;2026-01-18 21:37:16.145106+00
07434cb7-3610-412a-906c-5d59f8bb3a4d;c2121502-fe79-41e3-95b5-6997f0b9ce0a;0.01119;0.013428;20;1000;2026-01-18 21:37:16.436902+00
d21a46d5-db5c-4ede-ab61-03b983681849;0a17953d-5890-4503-ae00-0f2491cead4f;0.01;0.012;20;1000;2026-01-18 21:37:16.614716+00
4f96b961-6aaa-4e91-b276-9c42ebb5913f;cec79063-d154-459f-89e2-c84dbec726a9;0.00667;0.008004;20;1000;2026-01-18 21:37:16.729513+00
39e5d64a-ca58-44ff-bc18-22bd74b4603e;11f068a8-5b92-4f11-990a-8da981be54a6;0.034302;0.041162;20;1000;2026-01-18 21:37:16.744535+00
40ea0bc0-bcbe-40c8-94a6-14a0dceebf05;f1121f12-4b75-47f5-b86b-96ef9a03543d;0.05624;0.067488;20;1000;2026-01-18 21:37:19.59268+00
ba0b7ece-d77d-443a-96b9-f7ce54b49f96;c0ec0716-6595-4d46-9c0b-18c1c3601d35;0.0123;0.01476;20;1000;2026-01-18 21:37:19.739374+00
80286963-f9ac-4a2c-8490-e70e7edb9155;3af5a96a-eeea-4bed-8688-2bda2ef18607;0.036866;0.044239;20;1000;2026-01-18 21:37:25.452984+00
89ec3a68-7a06-4972-9967-cba5e1d66fb8;f7a44c82-8abe-4d43-894b-16f1cdc4e4e9;0.034766;0.041719;20;1000;2026-01-18 21:37:27.809017+00
642f331c-9b0e-4ac7-93fd-caa2fa7a8a29;e049d846-d38c-425e-8432-622352278f7c;0.156428;0.187714;20;1000;2026-02-16 10:05:08.789011+00
00b5b7b3-2421-41f1-8420-618123cdd163;11f068a8-5b92-4f11-990a-8da981be54a6;0.012225;0.01467;20;1000;2026-02-16 10:05:11.765704+00
135e6ce0-83dd-41fc-8b07-c220a4b5d5dd;dfb99f44-3a48-40e5-8451-4bdedcae6105;0.000347;0.000434;25;100000;2026-01-18 21:37:40.105868+00
e41810c8-2dfc-4758-bf3f-249aa4658fe1;5772cba0-4bc1-4dd4-852f-3d2980d3c4f9;27.895001;33.474001;20;1;2026-01-18 21:37:43.039403+00
5007bc42-dd8e-4705-b33a-29b9def5c044;0a17953d-5890-4503-ae00-0f2491cead4f;0.012545;0.015054;20;1000;2026-02-16 10:05:14.364283+00
5e14f188-6c79-4bc0-8acc-b0c981a5e4c3;9050fb69-8236-44f8-9ef8-7849dcff4209;0.000095;0.000128;35;1000000;2026-01-18 21:37:48.279133+00
62e829e0-0ef7-4c45-b6b0-254c0cdcab59;92a44074-431e-433a-95f9-46fd3f3cc035;0.005899;0.007964;35;100;2026-01-18 21:37:50.61173+00
8d81200c-fbef-4fe6-9b33-be381fb07b92;503334bc-3906-4a2a-b98f-dd78364ee604;0.00005;0.000065;30;1000;2026-01-18 21:37:53.47965+00
af4b791d-243c-434c-9bbc-31a4dd2a0a2e;4674540a-227c-4f14-aeb0-6bb4a56afff6;0.037949;0.045539;20;10000;2026-01-18 21:37:56.105235+00
db165047-6166-40dc-a6d2-bcf3f7c022ba;3af5a96a-eeea-4bed-8688-2bda2ef18607;0.032149;0.038579;20;1000;2026-02-16 10:05:17.039515+00
d06c9382-097a-40f6-8c39-036793b04f48;9713f243-afe6-4c88-be31-56a9e98b7c8c;0.005262;0.007893;50;1000;2026-01-18 21:38:01.510768+00
18d4fe2c-7939-4b7c-a754-b355a6e5fc47;38882174-073e-4eef-85c8-525f53299ab6;0.012;0.015;25;10000;2026-01-18 21:38:04.484217+00
d36398b3-8a1d-4364-959e-9674afae9f21;53c14020-497f-4e70-8293-85b0d91f610d;0.000429;0.000644;50;10000;2026-01-18 21:38:07.378631+00
e1b66ceb-3d6a-466e-82ac-42ebe520e8db;35c4979c-3eb0-4396-b682-864b76a60bd2;0.046477;0.053449;15;1000;2026-02-16 20:10:13.403904+00
7a58a60a-4af6-440a-bcbe-f18c99a113ef;0ad63b0a-6628-4dbf-9eea-cec0fc5d9bfe;0.04699;0.056388;20;10000;2026-01-18 21:38:12.755625+00
2d65d43a-c2c1-4a4b-ac8f-6eede618b025;c2121502-fe79-41e3-95b5-6997f0b9ce0a;0.01119;0.013428;20;1000;2026-01-18 21:38:17.747561+00
948859bf-927a-42ed-a5c8-66f984b6ced3;0a17953d-5890-4503-ae00-0f2491cead4f;0.01;0.012;20;1000;2026-01-18 21:38:20.330093+00
4025a14b-869a-414c-b32d-2bc000db7e99;cec79063-d154-459f-89e2-c84dbec726a9;0.00667;0.008004;20;1000;2026-01-18 21:38:23.286524+00
2df47371-8706-4edf-ae88-9180f70febd7;11f068a8-5b92-4f11-990a-8da981be54a6;0.034302;0.041162;20;1000;2026-01-18 21:38:25.896835+00
0425204d-568d-49bb-910a-ddb60e825ecd;f1121f12-4b75-47f5-b86b-96ef9a03543d;0.05624;0.067488;20;1000;2026-01-18 21:38:28.783659+00
d3c2391b-00b6-4fae-87e2-6ec2e58386db;c0ec0716-6595-4d46-9c0b-18c1c3601d35;0.0123;0.01476;20;1000;2026-01-18 21:38:31.413963+00
cfb2d308-ff81-42fc-81bc-81738d472c8e;3af5a96a-eeea-4bed-8688-2bda2ef18607;0.036866;0.044239;20;1000;2026-01-18 21:38:34.024386+00
02a85327-3dcd-46f4-b872-0a9f44af07c0;f7a44c82-8abe-4d43-894b-16f1cdc4e4e9;0.034766;0.041719;20;1000;2026-01-18 21:38:36.642102+00
3307bc2d-ea30-402a-8132-7dc7b69756cd;e049d846-d38c-425e-8432-622352278f7c;0.312088;0.374506;20;1000;2026-01-18 21:38:39.230814+00
ec102969-c48c-4212-88b1-d532e35360ba;0ad63b0a-6628-4dbf-9eea-cec0fc5d9bfe;0.044058;0.05287;20;10000;2026-01-30 11:01:37.227533+00
aadc7c3f-fbfe-42d1-91d9-765d8510c410;dfb99f44-3a48-40e5-8451-4bdedcae6105;0.000329;0.000411;25;100000;2026-01-19 09:56:36.655228+00
a0750c47-ff70-4ee2-890c-1c0624084c31;5772cba0-4bc1-4dd4-852f-3d2980d3c4f9;23.48;28.176;20;1;2026-01-19 09:56:39.247593+00
16dc2bbb-7e2d-4bd6-9b95-9f45f0014669;9050fb69-8236-44f8-9ef8-7849dcff4209;0.000082;0.000111;35;1000000;2026-01-19 09:56:41.829433+00
fd6f4cf2-a4fe-4893-b723-032f83997371;92a44074-431e-433a-95f9-46fd3f3cc035;0.004827;0.006516;35;100;2026-01-19 09:56:44.757548+00
03c19d7a-9cdf-481c-bedb-ae39c49e6cbd;503334bc-3906-4a2a-b98f-dd78364ee604;0.00005;0.000065;30;1000;2026-01-19 09:56:47.380116+00
110417f5-9c1f-43a5-81ac-b3c24e8785c9;4674540a-227c-4f14-aeb0-6bb4a56afff6;0.037949;0.045539;20;10000;2026-01-19 09:56:50.031735+00
1835c6c4-bfb4-4761-ba01-d1fd9119d815;9713f243-afe6-4c88-be31-56a9e98b7c8c;0.00488;0.00732;50;1000;2026-01-19 09:56:58.201615+00
13118f1f-3f24-4462-b00c-b172d209db3d;38882174-073e-4eef-85c8-525f53299ab6;0.012;0.015;25;10000;2026-01-19 09:57:00.825727+00
2dbd07a4-474e-4291-8782-a10690c75990;53c14020-497f-4e70-8293-85b0d91f610d;0.000419;0.000628;50;10000;2026-01-19 09:57:03.774043+00
60a44d45-dc2c-4c70-b1ce-5bf291db6c50;0ad63b0a-6628-4dbf-9eea-cec0fc5d9bfe;0.04699;0.056388;20;10000;2026-01-19 09:57:09.641157+00
7e977c1e-2439-481d-88dc-665731b8af9a;0a17953d-5890-4503-ae00-0f2491cead4f;0.01;0.012;20;1000;2026-01-19 09:57:18.383043+00
5190d0a8-1f9c-4ff8-960e-499e0d6a9c80;cec79063-d154-459f-89e2-c84dbec726a9;0.0066;0.00792;20;1000;2026-01-19 09:57:21.030582+00
462f50f0-9f86-40e4-9cbf-7957f7f2f132;11f068a8-5b92-4f11-990a-8da981be54a6;0.031;0.0372;20;1000;2026-01-19 09:57:23.673487+00
f067bc44-7c41-4ee7-a13e-3630f0f21530;f1121f12-4b75-47f5-b86b-96ef9a03543d;0.05624;0.067488;20;1000;2026-01-19 09:57:26.284944+00
3c927c92-05ae-4519-af9f-690d5df33788;c0ec0716-6595-4d46-9c0b-18c1c3601d35;0.012487;0.014984;20;1000;2026-01-19 09:57:28.900905+00
8592ed55-cc57-4bc7-9e72-238819604792;3af5a96a-eeea-4bed-8688-2bda2ef18607;0.036866;0.044239;20;1000;2026-01-19 09:57:31.991734+00
c75d8efe-9d45-4060-bf14-31ea797a9da6;f7a44c82-8abe-4d43-894b-16f1cdc4e4e9;0.034766;0.041719;20;1000;2026-01-19 09:57:34.915644+00
462b3c4f-0dc6-4074-90e0-c338401b43bd;e049d846-d38c-425e-8432-622352278f7c;0.312088;0.374506;20;1000;2026-01-19 09:57:37.657811+00
928bcafd-29db-4711-8a96-8eb177537904;c2121502-fe79-41e3-95b5-6997f0b9ce0a;0.011112;0.013334;20;1000;2026-01-19 09:57:40.319772+00
a15e02ca-4f37-4ea0-9213-b4160e242298;dfb99f44-3a48-40e5-8451-4bdedcae6105;0.00032;0.0004;25;100000;2026-02-01 10:50:06.365837+00
96a16a7e-0d1d-450a-8b06-2ef959118f1b;0895f969-6433-415b-ad38-13b0d2fa041a;0.058415;0.070098;20;1000;2026-02-02 11:44:10.562936+00
1cc80af0-2167-41b6-b045-e20a2f0246f8;f7a44c82-8abe-4d43-894b-16f1cdc4e4e9;0.055784;0.066941;20;1000;2026-02-02 11:44:37.013692+00
15a40442-c725-400c-8c43-34d050716c2b;9713f243-afe6-4c88-be31-56a9e98b7c8c;0.005594;0.008391;50;1000;2026-02-02 11:44:40.936791+00
faf5a054-fb9f-412d-bfab-9858fa3a8ad5;53c14020-497f-4e70-8293-85b0d91f610d;0.000249;0.000373;50;10000;2026-02-02 11:44:45.080842+00
a862041c-03ca-41a5-8aaa-a673bec6a7c4;92a44074-431e-433a-95f9-46fd3f3cc035;0.002399;0.003239;35;100;2026-02-02 11:44:47.394197+00
5b98adea-d23c-4eaf-8f1c-6640b8616480;c2121502-fe79-41e3-95b5-6997f0b9ce0a;0.007563;0.009076;20;1000;2026-02-05 14:57:15.688671+00
bdeea15e-af49-4c63-9248-ec4fe66898e2;35c4979c-3eb0-4396-b682-864b76a60bd2;0.056296;0.067555;20;1000;2026-02-07 18:22:50.538801+00
7cb50631-07e6-4ae2-91b5-3ee0518b323f;67b9576b-44ef-449f-a56b-47732db433b2;0.056838;0.068206;20;1000;2026-02-07 18:22:53.964784+00
306cec56-6878-42ec-8b52-c61fb46fca4a;92a44074-431e-433a-95f9-46fd3f3cc035;0.004346;0.005867;35;100;2026-01-20 09:25:25.085318+00
4bcbed04-3c7e-4f74-a123-2a1d2156d313;503334bc-3906-4a2a-b98f-dd78364ee604;0.00005;0.000065;30;1000;2026-01-20 09:25:27.71592+00
2a968326-be56-44dc-95b1-54839095ce4d;4674540a-227c-4f14-aeb0-6bb4a56afff6;0.037949;0.045539;20;10000;2026-01-20 09:25:30.427195+00
846e83f4-de90-466b-995c-c996fcfdaaf6;c517995a-2099-499b-b0e1-ecd5f636825c;0.036699;0.044039;20;1000;2026-02-07 18:22:59.203394+00
e0179019-8df2-4eb9-9fc0-16ba023b403f;f6a03fdb-615f-4110-8757-9c3341674e5c;0.055114;0.066137;20;1000;2026-02-07 18:23:02.085379+00
4ee3015e-0101-4f79-847b-8dac7c2bc362;9713f243-afe6-4c88-be31-56a9e98b7c8c;0.004267;0.006401;50;1000;2026-01-20 09:25:38.791653+00
3e44b8f4-22ba-4245-9ec2-5f0258753021;38882174-073e-4eef-85c8-525f53299ab6;0.012;0.015;25;10000;2026-01-20 09:25:41.800212+00
de78ee46-eb1b-4070-9280-12591c7084cd;53c14020-497f-4e70-8293-85b0d91f610d;0.00026;0.00039;50;10000;2026-01-20 09:25:44.904657+00
e3d5ae4d-ad05-4783-9803-29bdd96efb09;0ad63b0a-6628-4dbf-9eea-cec0fc5d9bfe;0.04599;0.055188;20;10000;2026-01-20 09:25:47.87852+00
f1a93f10-6f19-43ba-b063-39a6ef232d88;1caf5709-9742-4f49-b117-5136bfbff4a1;0.035151;0.042181;20;1000;2026-02-07 18:23:05.316128+00
22e20ef2-a31a-49cb-9706-d42223a1ebd5;c2121502-fe79-41e3-95b5-6997f0b9ce0a;0.007092;0.00851;20;1000;2026-02-07 18:23:08.414471+00
5dcac877-73bc-4911-8710-8165c140cb6d;11f068a8-5b92-4f11-990a-8da981be54a6;0.012997;0.015596;20;1000;2026-02-07 18:23:11.439319+00
076801e4-6977-4836-9dc8-a773be6069e7;0a17953d-5890-4503-ae00-0f2491cead4f;0.012418;0.014902;20;1000;2026-02-07 18:23:13.776085+00
f698d8f7-e3fd-481b-8cc9-86363e6502f0;dfb99f44-3a48-40e5-8451-4bdedcae6105;0.000329;0.000411;25;100000;2026-01-20 09:26:02.518052+00
46f2142a-b6ce-4e70-9f1a-b9ba536f4fdf;5772cba0-4bc1-4dd4-852f-3d2980d3c4f9;25.6367;30.76404;20;1;2026-01-20 09:26:05.70254+00
9b897f03-abd1-4040-8503-8dda9e724204;9050fb69-8236-44f8-9ef8-7849dcff4209;0.000079;0.000107;35;1000000;2026-01-20 09:26:08.327159+00
6bab3fdd-c327-48bb-93e3-40052ad4e948;cec79063-d154-459f-89e2-c84dbec726a9;0.006597;0.007916;20;1000;2026-01-20 09:26:10.929024+00
b56fad65-dc11-43ad-85e4-e6bac4cc578e;0a17953d-5890-4503-ae00-0f2491cead4f;0.01;0.012;20;1000;2026-01-20 09:26:13.647094+00
8256b609-0ea8-4cc0-b515-404a7ca0f9e1;11f068a8-5b92-4f11-990a-8da981be54a6;0.031;0.0372;20;1000;2026-01-20 09:26:16.277757+00
da7db8b7-37ac-42d5-92de-f9bb9cd0692c;f1121f12-4b75-47f5-b86b-96ef9a03543d;0.05624;0.067488;20;1000;2026-01-20 09:26:18.96421+00
3d71d804-d44a-4159-97fc-69e8b2772933;c0ec0716-6595-4d46-9c0b-18c1c3601d35;0.012579;0.015095;20;1000;2026-01-20 09:26:21.601651+00
fbe676a6-8415-4116-85f8-d2a182c9094a;3af5a96a-eeea-4bed-8688-2bda2ef18607;0.036866;0.044239;20;1000;2026-01-20 09:26:24.572768+00
01a6dee8-cc3d-4ad5-a4f3-826a9e060760;f7a44c82-8abe-4d43-894b-16f1cdc4e4e9;0.034766;0.041719;20;1000;2026-01-20 09:26:27.231947+00
aa5967cb-dd53-4460-81e0-c9fcc755f206;e049d846-d38c-425e-8432-622352278f7c;0.312088;0.374506;20;1000;2026-01-20 09:26:29.860852+00
9ec134e8-505a-45ee-8d1b-83bc8d49456a;c2121502-fe79-41e3-95b5-6997f0b9ce0a;0.0105;0.0126;20;1000;2026-01-20 09:26:32.927083+00
fdaa47fc-e1b7-4b0e-b902-ddbf2f92d96d;3af5a96a-eeea-4bed-8688-2bda2ef18607;0.033301;0.039961;20;1000;2026-02-07 18:23:16.880536+00
0798eca5-66ad-4fc9-9338-0882ad1633a3;cec79063-d154-459f-89e2-c84dbec726a9;0.005016;0.006019;20;1000;2026-02-07 18:23:19.290719+00
2bd310e4-1d66-4268-933c-688958657c5d;9713f243-afe6-4c88-be31-56a9e98b7c8c;0.004611;0.006916;50;1000;2026-01-21 18:11:37.259371+00
a65a54e0-9bc5-464a-bfc9-4c24832d7ec6;38882174-073e-4eef-85c8-525f53299ab6;0.012;0.015;25;10000;2026-01-21 18:11:39.89386+00
ae7618c3-1f31-444c-b725-53b803aa4c1e;53c14020-497f-4e70-8293-85b0d91f610d;0.00024;0.00036;50;10000;2026-01-21 18:11:42.516713+00
3eed4781-2924-4a99-a9e5-b6f2c8485b8a;0ad63b0a-6628-4dbf-9eea-cec0fc5d9bfe;0.04599;0.055188;20;10000;2026-01-21 18:11:45.172808+00
86797143-0820-43e7-ab79-7756c26fafdc;503334bc-3906-4a2a-b98f-dd78364ee604;0.000038;0.000049;30;1000;2026-02-07 18:23:24.766061+00
196c281c-f1e4-4308-bb67-30f160458e55;53c14020-497f-4e70-8293-85b0d91f610d;0.000251;0.000377;50;10000;2026-02-08 18:51:05.782906+00
d4cfb62f-a995-4dd3-ba80-871098c5b291;92a44074-431e-433a-95f9-46fd3f3cc035;0.00345;0.004658;35;100;2026-01-21 18:11:52.77332+00
fae02121-13c7-46ba-8c2f-9de6c0880cc5;0895f969-6433-415b-ad38-13b0d2fa041a;0.054559;0.065471;20;1000;2026-02-10 13:18:54.502115+00
4fc5db1a-3786-46f3-ab2b-188c84bfee27;dfb99f44-3a48-40e5-8451-4bdedcae6105;0.000329;0.000411;25;100000;2026-01-21 18:11:57.987209+00
35395f2f-c099-4179-b111-04d6fbe35ad1;5772cba0-4bc1-4dd4-852f-3d2980d3c4f9;23.99;28.788;20;1;2026-01-21 18:12:00.683112+00
685e1dc8-a935-42e8-b762-36eb59566678;9050fb69-8236-44f8-9ef8-7849dcff4209;0.000063;0.000085;35;1000000;2026-01-21 18:12:03.696359+00
1b9b3b10-2174-4989-bffd-af0a240f49f8;1caf5709-9742-4f49-b117-5136bfbff4a1;0.053951;0.064741;20;1000;2026-02-13 13:07:03.327778+00
f7907a09-91f3-4942-ab63-c939857e90d2;503334bc-3906-4a2a-b98f-dd78364ee604;0.00005;0.000065;30;1000;2026-01-21 18:12:09.110799+00
7c46caed-f57a-4868-ab61-3f1a1bec8060;4674540a-227c-4f14-aeb0-6bb4a56afff6;0.040762;0.048914;20;10000;2026-01-21 18:12:11.765973+00
0989f419-f5bf-4bba-a784-f8c9e6a8d3c4;0a17953d-5890-4503-ae00-0f2491cead4f;0.01;0.012;20;1000;2026-01-21 18:12:14.62306+00
f029d439-3a09-41ea-a6ec-49688275993f;11f068a8-5b92-4f11-990a-8da981be54a6;0.029;0.0348;20;1000;2026-01-21 18:12:18.322687+00
04f61657-8120-4786-9798-0bdded1f3104;f1121f12-4b75-47f5-b86b-96ef9a03543d;0.05624;0.067488;20;1000;2026-01-21 18:12:30.503412+00
baa4c941-b900-4de2-8052-ca2853f5bb98;c0ec0716-6595-4d46-9c0b-18c1c3601d35;0.012617;0.01514;20;1000;2026-01-21 18:12:34.038241+00
0ffd6534-84ed-484a-b517-15a267807fd8;3af5a96a-eeea-4bed-8688-2bda2ef18607;0.03511;0.042132;20;1000;2026-01-21 18:12:37.108984+00
74a00206-6337-49a0-99f2-afae71cc7850;f7a44c82-8abe-4d43-894b-16f1cdc4e4e9;0.03311;0.039732;20;1000;2026-01-21 18:12:39.882366+00
4bdd7c32-30c4-4a5e-8adc-9092a2cbd82b;e049d846-d38c-425e-8432-622352278f7c;0.311775;0.37413;20;1000;2026-01-21 18:12:42.571586+00
94753989-b99c-4023-9e6d-94bbeb520331;c2121502-fe79-41e3-95b5-6997f0b9ce0a;0.010999;0.013199;20;1000;2026-01-21 18:12:45.331223+00
7c652802-9e2e-46ec-bf38-bdc7cded9824;cec79063-d154-459f-89e2-c84dbec726a9;0.006333;0.0076;20;1000;2026-01-21 18:12:48.505142+00
6398c2c0-6ece-4372-a4bd-1d033fca70b1;67b9576b-44ef-449f-a56b-47732db433b2;0.061682;0.074018;20;1000;2026-02-13 13:07:05.624854+00
f4b571c2-d6d4-42ef-a73f-06109efe4a4e;e3bf677d-1feb-4f65-9cef-37a7d5324afc;0.053134;0.063761;20;1000;2026-02-13 13:07:09.804131+00
c619b9d4-2ffd-4760-8fef-9670e3462334;f7a44c82-8abe-4d43-894b-16f1cdc4e4e9;0.055784;0.066941;20;1000;2026-02-01 10:49:53.462087+00
5cf0e8cd-0066-494a-bbae-3d8ac23ec544;5772cba0-4bc1-4dd4-852f-3d2980d3c4f9;18.4821;22.17852;20;1;2026-02-01 10:49:56.876563+00
95bf1716-03d6-4472-a600-472d86c09409;92a44074-431e-433a-95f9-46fd3f3cc035;0.002615;0.00353;35;100;2026-02-01 10:49:59.627741+00
3a8f6a20-81c9-459d-96a2-06a93af08d91;dfb99f44-3a48-40e5-8451-4bdedcae6105;0.000329;0.000411;25;100000;2026-01-21 18:36:51.015964+00
dc1c5df8-ac99-4ba8-adc0-5c6bb7859159;c2121502-fe79-41e3-95b5-6997f0b9ce0a;0.01135;0.01362;20;1000;2026-01-21 18:37:05.444992+00
878969d6-f0a3-432d-a660-709eba5d4fd8;4674540a-227c-4f14-aeb0-6bb4a56afff6;0.0376;0.04512;20;10000;2026-02-01 10:50:05.224433+00
847779ec-2976-4983-8390-465cd3af563d;e049d846-d38c-425e-8432-622352278f7c;0.215248;0.258298;20;1000;2026-02-05 14:57:17.07105+00
767791e8-daaf-47d6-a4c7-5f3ad6c17816;5772cba0-4bc1-4dd4-852f-3d2980d3c4f9;17.1151;20.53812;20;1;2026-02-05 14:57:27.267087+00
f5d3122d-295e-45f3-baa1-0f10f06028ed;e3bf677d-1feb-4f65-9cef-37a7d5324afc;0.039049;0.046859;20;1000;2026-02-07 18:22:52.01947+00
de80ad48-a73a-48cc-b3aa-2c3f73f59d01;2e7c469c-9d92-4b30-8e63-e8bdbd097da0;0.03665;0.04398;20;1000;2026-02-07 18:22:57.205896+00
372ac444-9a33-4274-8da0-75200e38e530;0ad63b0a-6628-4dbf-9eea-cec0fc5d9bfe;0.04599;0.055188;20;10000;2026-01-21 18:48:20.406921+00
f9ffd506-00a2-427f-938b-694c4a6334d3;46ab3cb0-2f39-4d0f-a307-efc4f9a8544c;0.055182;0.066218;20;1000;2026-02-07 18:23:00.370275+00
11f24616-9c1d-48a4-b713-100f18777a95;92a44074-431e-433a-95f9-46fd3f3cc035;0.00339;0.004577;35;100;2026-01-21 18:48:25.675504+00
ffc3f5db-fa4a-42fb-b317-24584c081044;f8aefdb4-c9ea-46e1-b8b9-301771ee5b0a;0.035923;0.043108;20;1000;2026-02-07 18:23:03.478894+00
499fe9c9-8a91-4886-b2cd-88a91cfbec3b;0895f969-6433-415b-ad38-13b0d2fa041a;0.041651;0.049981;20;1000;2026-02-07 18:23:06.931934+00
b326ad90-1240-465d-9d6e-2412959ac65e;5772cba0-4bc1-4dd4-852f-3d2980d3c4f9;23.863871;28.636645;20;1;2026-01-21 18:48:33.68528+00
d7c20699-673f-42ba-aca5-7cd29dd3176f;9050fb69-8236-44f8-9ef8-7849dcff4209;0.000063;0.000085;35;1000000;2026-01-21 18:48:36.303365+00
5be76f5e-d03b-4e9e-b3b0-7362e07b6193;e049d846-d38c-425e-8432-622352278f7c;0.114115;0.136938;20;1000;2026-02-07 18:23:10.085913+00
14342f9d-c2ec-4b8e-ba8e-01aa9b3d0c6b;503334bc-3906-4a2a-b98f-dd78364ee604;0.000046;0.00006;30;1000;2026-01-21 18:48:41.532212+00
bdbe435c-3ad1-43fe-9d86-30b48fccc146;4674540a-227c-4f14-aeb0-6bb4a56afff6;0.040762;0.048914;20;10000;2026-01-21 18:48:44.210467+00
d2821a5e-c029-4bde-9228-4d4353bc9078;c0ec0716-6595-4d46-9c0b-18c1c3601d35;0.010694;0.012833;20;1000;2026-02-07 18:23:12.647117+00
a91d1cdf-ba04-4479-ae48-416be15c0433;dfb99f44-3a48-40e5-8451-4bdedcae6105;0.000329;0.000411;25;100000;2026-01-21 18:48:49.785773+00
ed4e7605-a119-4b9c-8cc4-b742ba555f49;9713f243-afe6-4c88-be31-56a9e98b7c8c;0.003991;0.005987;50;1000;2026-01-21 18:48:52.431538+00
a7976748-4580-4d15-8d9a-d6ac6034658a;38882174-073e-4eef-85c8-525f53299ab6;0.012;0.015;25;10000;2026-01-21 18:48:55.086135+00
a1554d6d-8feb-455e-9568-e987949149f2;53c14020-497f-4e70-8293-85b0d91f610d;0.000193;0.00029;50;10000;2026-01-21 18:48:57.71566+00
c3682855-ec7d-44f7-9e6e-516a7bbfa413;11f068a8-5b92-4f11-990a-8da981be54a6;0.027971;0.033565;20;1000;2026-01-21 18:49:00.420262+00
82578894-289e-4daf-9b48-495434bee456;f1121f12-4b75-47f5-b86b-96ef9a03543d;0.061661;0.073993;20;1000;2026-01-21 18:49:14.971769+00
68be56bd-1f81-496b-8fd1-e6e19ae90c36;c0ec0716-6595-4d46-9c0b-18c1c3601d35;0.012531;0.015037;20;1000;2026-01-21 18:49:17.891995+00
50d3f258-0386-42be-8196-32cb5f80f8a7;3af5a96a-eeea-4bed-8688-2bda2ef18607;0.035366;0.042439;20;1000;2026-01-21 18:49:20.577803+00
044d8ee4-7252-410b-b5cd-ef49425d2312;f7a44c82-8abe-4d43-894b-16f1cdc4e4e9;0.040013;0.048016;20;1000;2026-01-21 18:49:23.166952+00
12b78d7a-375c-4c1a-99e4-0a860a76af37;e049d846-d38c-425e-8432-622352278f7c;0.257635;0.309162;20;1000;2026-01-21 18:49:25.754645+00
9260edac-1f97-4989-8396-e3c04eb3d470;cec79063-d154-459f-89e2-c84dbec726a9;0.00635;0.00762;20;1000;2026-01-21 18:49:28.759364+00
5959623c-6af4-44fc-9a01-7b140e0681b9;c2121502-fe79-41e3-95b5-6997f0b9ce0a;0.010785;0.012942;20;1000;2026-01-21 18:49:31.449704+00
ba8c3b3f-585b-444b-a3ab-22cc2eaa865a;0a17953d-5890-4503-ae00-0f2491cead4f;0.007344;0.008813;20;1000;2026-01-21 18:49:34.138668+00
ed8436b7-1466-4fec-adc3-090615015e8d;4674540a-227c-4f14-aeb0-6bb4a56afff6;0.039141;0.046969;20;10000;2026-01-21 22:01:36.238032+00
91e0da39-7a98-4be9-ae33-b9fd22c7563f;0ad63b0a-6628-4dbf-9eea-cec0fc5d9bfe;0.042006;0.050407;20;10000;2026-01-21 22:01:36.683818+00
2f43d2c7-e29c-4e4d-a0f7-887744618470;4674540a-227c-4f14-aeb0-6bb4a56afff6;0.038334;0.046001;20;10000;2026-01-22 12:33:41.454693+00
b2e94b4b-feb9-4a0b-97f6-148e3f5727ab;92a44074-431e-433a-95f9-46fd3f3cc035;0.003228;0.004358;35;100;2026-01-22 12:33:44.363808+00
a98709a0-2041-45a3-96ed-003f82034ff5;f7a44c82-8abe-4d43-894b-16f1cdc4e4e9;0.053062;0.063674;20;1000;2026-02-07 18:23:15.143437+00
a6ff5e25-2cd4-4720-b088-b357645d6d33;f1121f12-4b75-47f5-b86b-96ef9a03543d;0.096988;0.116386;20;1000;2026-02-07 18:23:18.029924+00
d9614fa8-1472-4aae-93f3-4af4a52bf60d;5772cba0-4bc1-4dd4-852f-3d2980d3c4f9;22.17144;26.605728;20;1;2026-01-22 12:33:52.617236+00
309f1b94-277d-4ad7-acfa-41d2ebaff25b;9050fb69-8236-44f8-9ef8-7849dcff4209;0.000058;0.000078;35;1000000;2026-01-22 12:33:55.264595+00
3a2102c7-4826-4244-a0d1-69c698910bc6;0ad63b0a-6628-4dbf-9eea-cec0fc5d9bfe;0.043063;0.051676;20;10000;2026-02-08 18:51:12.605113+00
305d86e0-9712-49f3-b695-7aca5da6ae18;503334bc-3906-4a2a-b98f-dd78364ee604;0.000047;0.000061;30;1000;2026-01-22 12:34:00.791843+00
3a4f0869-b28f-4241-9421-ca89bda29439;0ad63b0a-6628-4dbf-9eea-cec0fc5d9bfe;0.041533;0.04984;20;10000;2026-01-22 12:34:03.479098+00
85210f61-8775-4f2b-8e68-52a32339be35;e3bf677d-1feb-4f65-9cef-37a7d5324afc;0.055488;0.066586;20;1000;2026-02-10 13:18:55.715503+00
5f8f7ac7-027d-493f-b099-219041df6775;dfb99f44-3a48-40e5-8451-4bdedcae6105;0.000329;0.000411;25;100000;2026-01-22 12:34:08.679165+00
e5760c2d-a2a1-4a7e-a7a8-fc08a51d8f97;9713f243-afe6-4c88-be31-56a9e98b7c8c;0.003945;0.005917;50;1000;2026-01-22 12:34:11.365207+00
620a0305-9015-4c94-be79-276cabcc555b;38882174-073e-4eef-85c8-525f53299ab6;0.012;0.015;25;10000;2026-01-22 12:34:13.958758+00
473f5fbe-e8ae-4a2e-a552-d557fe48a4d1;f8aefdb4-c9ea-46e1-b8b9-301771ee5b0a;0.049073;0.058888;20;1000;2026-02-10 13:18:58.291672+00
aa721a25-af5a-47cc-bf9d-f0276cde5445;53c14020-497f-4e70-8293-85b0d91f610d;0.000257;0.000386;50;10000;2026-01-22 12:34:19.229615+00
8b4b64cf-edb3-4355-9517-a9e542c141b1;c0ec0716-6595-4d46-9c0b-18c1c3601d35;0.009714;0.011657;20;1000;2026-02-10 13:19:00.247723+00
9fca9ef2-1bc0-47d7-97a0-42275dc9aa8f;11f068a8-5b92-4f11-990a-8da981be54a6;0.027891;0.033469;20;1000;2026-01-22 12:34:24.851497+00
cb8e3cc3-abf6-4483-a42c-88c0a17ef27d;f1121f12-4b75-47f5-b86b-96ef9a03543d;0.090679;0.108815;20;1000;2026-01-22 12:34:27.437907+00
3146f5c5-592a-48f6-83c4-85cc172d709a;c0ec0716-6595-4d46-9c0b-18c1c3601d35;0.012723;0.015268;20;1000;2026-01-22 12:34:30.062975+00
a2505527-b9e6-43b7-9d41-32d7445ab294;3af5a96a-eeea-4bed-8688-2bda2ef18607;0.037938;0.045526;20;1000;2026-01-22 12:34:33.053132+00
42237a4d-5210-43a5-8e8e-b05b8f917f6d;f7a44c82-8abe-4d43-894b-16f1cdc4e4e9;0.050734;0.060881;20;1000;2026-01-22 12:34:35.975259+00
90b4b807-b8f6-4a62-919e-3f4e8cc58652;e049d846-d38c-425e-8432-622352278f7c;0.27088;0.325056;20;1000;2026-01-22 12:34:38.60981+00
bc686762-49eb-4684-b5b2-ef80f02db36c;cec79063-d154-459f-89e2-c84dbec726a9;0.006331;0.007597;20;1000;2026-01-22 12:34:41.292769+00
ed3ac72e-4be9-4b8b-8649-bcc595153aca;c2121502-fe79-41e3-95b5-6997f0b9ce0a;0.010425;0.01251;20;1000;2026-01-22 12:34:43.97405+00
eabae5be-f4ab-45ab-bd71-470fceaa2dd6;0a17953d-5890-4503-ae00-0f2491cead4f;0.010724;0.012869;20;1000;2026-01-22 12:34:46.603052+00
72d7cdc4-8a29-407d-9c10-f8056bb6331e;f7a44c82-8abe-4d43-894b-16f1cdc4e4e9;0.055784;0.066941;20;1000;2026-02-10 13:19:02.992543+00
791e4c07-3604-467d-8c69-ffe3e11a4404;cec79063-d154-459f-89e2-c84dbec726a9;0.005539;0.006647;20;1000;2026-02-10 13:19:05.624995+00
89b73d76-9e3c-46eb-8a26-ef018c50d042;92a44074-431e-433a-95f9-46fd3f3cc035;0.003677;0.004964;35;100;2026-01-23 22:18:14.900499+00
b47b1a1a-6a8e-4d99-bd58-85bab9bf7305;5772cba0-4bc1-4dd4-852f-3d2980d3c4f9;24.937;29.9244;20;1;2026-01-23 22:18:17.540793+00
ef7fa9f1-ec75-41ec-9eb9-32ee4207a0c2;9050fb69-8236-44f8-9ef8-7849dcff4209;0.000055;0.000074;35;1000000;2026-01-23 22:18:20.134465+00
125a59e3-cd54-438a-95a2-9e57209824c8;e049d846-d38c-425e-8432-622352278f7c;0.156428;0.187714;20;1000;2026-02-10 13:19:08.357431+00
ac1df99f-fc93-4135-860f-b82d38251e10;503334bc-3906-4a2a-b98f-dd78364ee604;0.00005;0.000065;30;1000;2026-01-23 22:18:25.397432+00
20be9cb6-b8d6-403c-8e04-f60ad24091b4;0ad63b0a-6628-4dbf-9eea-cec0fc5d9bfe;0.041411;0.049693;20;10000;2026-01-23 22:18:28.067416+00
cb16e9c3-2b23-461f-8fea-facaa9ceffa8;35c4979c-3eb0-4396-b682-864b76a60bd2;0.061489;0.073787;20;1000;2026-02-13 13:07:04.571138+00
b3a9d428-05e3-492c-8076-3d1f9a3623cc;dfb99f44-3a48-40e5-8451-4bdedcae6105;0.00032;0.0004;25;100000;2026-01-23 22:18:33.71091+00
f22aacf0-4406-4c72-aa2e-f7629d62430c;9713f243-afe6-4c88-be31-56a9e98b7c8c;0.004917;0.007376;50;1000;2026-01-23 22:18:36.327161+00
8905ed01-454c-405c-9e27-07353bb9504c;38882174-073e-4eef-85c8-525f53299ab6;0.012;0.015;25;10000;2026-01-23 22:18:39.227099+00
1c17ebc3-2e59-4bd2-b6d9-1ff25611ec0c;0895f969-6433-415b-ad38-13b0d2fa041a;0.053285;0.063942;20;1000;2026-02-13 13:07:07.537165+00
3c5e5cc5-3b6a-487c-9d90-45c0adc7288d;53c14020-497f-4e70-8293-85b0d91f610d;0.000245;0.000368;50;10000;2026-01-23 22:18:44.513936+00
f30fb86b-5e0b-4ced-a0e7-8081d9d54507;2e7c469c-9d92-4b30-8e63-e8bdbd097da0;0.051116;0.061339;20;1000;2026-02-13 13:07:11.129366+00
63267654-523e-44c5-8289-885d0bb6c887;46ab3cb0-2f39-4d0f-a307-efc4f9a8544c;0.054041;0.064849;20;1000;2026-02-13 13:07:13.584437+00
e69783ca-6e54-4dfe-9fd2-206c7d942c72;f8aefdb4-c9ea-46e1-b8b9-301771ee5b0a;0.050655;0.060786;20;1000;2026-02-13 13:07:15.633212+00
7ea0f8d7-7473-4663-a3f2-3fd3e1b4bcb7;4674540a-227c-4f14-aeb0-6bb4a56afff6;0.038856;0.046627;20;10000;2026-01-23 22:18:55.93192+00
0d4e84d1-4d48-40ac-87a1-f3ce8b477f35;11f068a8-5b92-4f11-990a-8da981be54a6;0.02596;0.031152;20;1000;2026-01-23 22:18:58.733502+00
fe851be3-3e03-47bd-9ff8-ec30a1d08d55;f1121f12-4b75-47f5-b86b-96ef9a03543d;0.08976;0.107712;20;1000;2026-01-23 22:19:01.38706+00
59681665-7eda-47d5-9efc-22679c8951d7;c0ec0716-6595-4d46-9c0b-18c1c3601d35;0.012827;0.015392;20;1000;2026-01-23 22:19:04.046773+00
b6167173-58ff-4b78-b6cb-57a18454153f;3af5a96a-eeea-4bed-8688-2bda2ef18607;0.037938;0.045526;20;1000;2026-01-23 22:19:06.783128+00
2e13854e-f995-402d-b384-51507f6f8ddd;f7a44c82-8abe-4d43-894b-16f1cdc4e4e9;0.053062;0.063674;20;1000;2026-01-23 22:19:09.401467+00
d42ddc40-858b-490f-a425-778d804bceac;e049d846-d38c-425e-8432-622352278f7c;0.139554;0.167465;20;1000;2026-01-23 22:19:12.33955+00
fd431e72-299b-4ed0-9862-db90212f950b;cec79063-d154-459f-89e2-c84dbec726a9;0.006301;0.007561;20;1000;2026-01-23 22:19:14.995355+00
3cb3f6f6-09bb-4b5b-82a1-0d4bda65147e;40e56bf8-ba30-495b-b1f3-7b07d9e1f5e8;644.7;676.935;5;1;2026-01-31 09:53:42.772438+00
a42392b6-cec0-400a-bf6e-00c0c12c96bf;5e2d090b-b019-4607-a5ee-89cd5a01ff50;239;250.95;5;1;2026-02-01 10:49:15.4978+00
8651c103-9e69-4af8-ba07-600d2f73a418;11f068a8-5b92-4f11-990a-8da981be54a6;0.013823;0.016588;20;1000;2026-02-05 14:57:18.227216+00
b37a98b7-8183-44f3-921b-a675a997fd8c;503334bc-3906-4a2a-b98f-dd78364ee604;0.00004;0.000052;30;1000;2026-02-05 14:57:29.341034+00
dc81246e-400a-4bcc-b622-4456b1b9b36a;4674540a-227c-4f14-aeb0-6bb4a56afff6;0.038494;0.046193;20;10000;2026-02-05 14:57:35.247117+00
a0a301d3-536f-4670-adf9-6d4566cc1d0d;38882174-073e-4eef-85c8-525f53299ab6;0.0008;0.001;25;10000;2026-02-07 18:23:20.167815+00
3b1997f5-5df6-4a64-97f8-8a4754fe38ac;92a44074-431e-433a-95f9-46fd3f3cc035;0.001793;0.002421;35;100;2026-02-07 18:23:25.665248+00
c2904379-b5f6-4e31-bff2-16153efcd178;e3bf677d-1feb-4f65-9cef-37a7d5324afc;0.054928;0.065914;20;1000;2026-02-09 09:56:17.619867+00
76370d6e-b4ab-4c52-9a3c-45da2eb2c286;2e7c469c-9d92-4b30-8e63-e8bdbd097da0;0.050072;0.060086;20;1000;2026-02-09 09:56:19.973463+00
5984b696-10e9-43a6-940f-2936c42b67ec;46ab3cb0-2f39-4d0f-a307-efc4f9a8544c;0.055198;0.066238;20;1000;2026-02-09 09:56:22.91905+00
687dbb9d-5bb7-4399-aa9d-cb652976ef74;35c4979c-3eb0-4396-b682-864b76a60bd2;0.053019;0.063623;20;1000;2026-02-09 09:56:25.172555+00
68f3ac07-8d0f-4c79-91b5-a72ce3855d5e;1caf5709-9742-4f49-b117-5136bfbff4a1;0.048513;0.058216;20;1000;2026-02-09 09:56:27.225834+00
aec602d8-ee03-4c00-afe2-2bcdf4e4316c;c2121502-fe79-41e3-95b5-6997f0b9ce0a;0.006938;0.008326;20;1000;2026-02-09 09:56:29.89658+00
ddb75c10-adb9-4363-9e09-1401697328c2;11f068a8-5b92-4f11-990a-8da981be54a6;0.013229;0.015875;20;1000;2026-02-09 09:56:32.323289+00
d2bdadb5-08e6-479c-b7f6-93e609e3cc29;0a17953d-5890-4503-ae00-0f2491cead4f;0.012545;0.015054;20;1000;2026-02-09 09:56:34.960075+00
943993e5-e5ed-4dbc-857a-4fcb975502a6;3af5a96a-eeea-4bed-8688-2bda2ef18607;0.033322;0.039986;20;1000;2026-02-09 09:56:37.17932+00
8fb44a67-001a-4c40-8eba-76ad208825fc;f1121f12-4b75-47f5-b86b-96ef9a03543d;0.15085;0.18102;20;1000;2026-02-09 09:56:39.653673+00
3ebb3b05-8771-480d-a995-a0479217f01d;503334bc-3906-4a2a-b98f-dd78364ee604;0.000038;0.000049;30;1000;2026-02-09 09:56:47.094558+00
609b3493-ed0c-426c-a4a2-4dfd69d69191;2e7c469c-9d92-4b30-8e63-e8bdbd097da0;0.05159;0.061908;20;1000;2026-02-10 13:18:56.941607+00
1d824baa-dd63-4b45-a148-8b0dad99bbf9;11f068a8-5b92-4f11-990a-8da981be54a6;0.012218;0.014662;20;1000;2026-02-10 13:18:59.2554+00
6118deb7-5a03-479d-b3fe-82326d54be84;0a17953d-5890-4503-ae00-0f2491cead4f;0.012545;0.015054;20;1000;2026-02-10 13:19:01.707388+00
7ca8be69-b7b2-4204-90d1-0d686cd0167c;3af5a96a-eeea-4bed-8688-2bda2ef18607;0.03335;0.04002;20;1000;2026-02-10 13:19:04.419324+00
28a1b9c1-19cb-4c29-a464-e381967c6e1e;f1121f12-4b75-47f5-b86b-96ef9a03543d;0.10265;0.12318;20;1000;2026-02-10 13:19:06.899294+00
a9d32f46-185b-4062-9c08-f1e249d50f23;c2121502-fe79-41e3-95b5-6997f0b9ce0a;0.00668;0.008016;20;1000;2026-02-10 13:19:09.454211+00
0f8b52e6-c3d2-41f5-9fe8-de98559e8054;503334bc-3906-4a2a-b98f-dd78364ee604;0.000038;0.000049;30;1000;2026-02-10 13:19:16.5477+00
080b63bd-dbc5-44f4-9104-7f503e546047;c517995a-2099-499b-b0e1-ecd5f636825c;0.059502;0.071402;20;1000;2026-02-13 13:07:12.27814+00
7c3ec9f3-1391-43d2-8912-12709d01988e;f6a03fdb-615f-4110-8757-9c3341674e5c;0.05666;0.067992;20;1000;2026-02-13 13:07:14.809933+00
90d82177-2151-40d9-8fdb-b5d0149db673;f7a44c82-8abe-4d43-894b-16f1cdc4e4e9;0.055784;0.066941;20;1000;2026-02-13 13:07:16.624943+00
cd76f45d-4feb-4ad4-b9b9-ef9773c00e47;cec79063-d154-459f-89e2-c84dbec726a9;0.005783;0.00694;20;1000;2026-02-13 13:07:19.290213+00
70f8fc4b-5e3f-4a79-8fea-89c7fc44ce40;e049d846-d38c-425e-8432-622352278f7c;0.156428;0.187714;20;1000;2026-02-13 13:07:22.444769+00
70a2ca45-4dad-48e6-acdf-40e7da4010fa;11f068a8-5b92-4f11-990a-8da981be54a6;0.011328;0.013594;20;1000;2026-02-13 13:07:24.737737+00
5cbc1503-9da2-4789-af00-d19f89be9c4f;0a17953d-5890-4503-ae00-0f2491cead4f;0.012545;0.015054;20;1000;2026-02-13 13:07:26.863687+00
def7eea2-fdc7-4f6f-b3e2-e5bd32081d9f;503334bc-3906-4a2a-b98f-dd78364ee604;0.000036;0.000047;30;1000;2026-02-13 13:07:32.305717+00
9f86f24d-9aa3-4dbc-b496-0a8c0b38a081;35c4979c-3eb0-4396-b682-864b76a60bd2;0.060799;0.069919;15;1000;2026-02-14 13:04:40.012526+00
9d9580f1-17bb-49a8-84f6-92bd8c5c3acf;38882174-073e-4eef-85c8-525f53299ab6;0.01;0.0125;25;10000;2026-02-16 10:05:20.293197+00
7b970f2b-4758-43d3-a46b-2724b708452a;1caf5709-9742-4f49-b117-5136bfbff4a1;0.049445;0.056862;15;1000;2026-02-16 20:11:04.088118+00
030d5d29-cf5f-41a3-aaa3-557e4054e87a;9713f243-afe6-4c88-be31-56a9e98b7c8c;0.007819;0.011729;50;1000;2026-02-16 20:11:57.51143+00
fe781540-cc96-4c10-a2e5-be60f35d30f7;9050fb69-8236-44f8-9ef8-7849dcff4209;0.000088;0.000119;35;1000000;2026-02-16 20:12:04.094595+00
959fef04-a226-4bf2-a6bb-2f4e1d7547bd;4674540a-227c-4f14-aeb0-6bb4a56afff6;0.038291;0.045949;20;10000;2026-02-16 20:12:07.763329+00
9450fde7-1662-4566-81b7-3f8a0a787a12;c2121502-fe79-41e3-95b5-6997f0b9ce0a;0.010348;0.012418;20;1000;2026-01-23 22:19:17.964302+00
9ccb6e9d-1bc0-415f-9188-1bca168bd837;5e2d090b-b019-4607-a5ee-89cd5a01ff50;239;250.95;5;1;2026-01-31 09:57:17.973344+00
8e77b62a-7aac-40be-9a12-c5660259fd92;ed7aa8ee-ef74-4d8e-8374-939221d4c54c;0.000017;0.000018;5;1;2026-02-01 10:47:34.06437+00
ed825e2b-fb62-4ff2-9d43-437790c5b20a;503334bc-3906-4a2a-b98f-dd78364ee604;0.000039;0.000051;30;1000;2026-02-01 10:49:58.614564+00
805b555a-6198-42dc-a26a-ce8ec9800260;f7a44c82-8abe-4d43-894b-16f1cdc4e4e9;0.053062;0.063674;20;1000;2026-02-05 14:57:19.604996+00
5b35e4ed-fc2b-4b1e-b8d4-c6c2cdfc6050;53c14020-497f-4e70-8293-85b0d91f610d;0.000215;0.000323;50;10000;2026-02-05 14:57:28.260635+00
5e306586-fb88-4546-9687-9811f2afbca1;9713f243-afe6-4c88-be31-56a9e98b7c8c;0.00233;0.003495;50;1000;2026-02-07 18:23:21.294932+00
e7fcc11f-1a6a-47e4-9019-255f6f5929ce;9050fb69-8236-44f8-9ef8-7849dcff4209;0.000039;0.000053;35;1000000;2026-02-07 18:23:26.839473+00
05334a14-24c6-4586-90fb-4fb44d541821;4674540a-227c-4f14-aeb0-6bb4a56afff6;0.038742;0.04649;20;10000;2026-02-07 18:23:29.161971+00
7c0a3383-7ec8-42b2-ab5c-8274538b1aea;67b9576b-44ef-449f-a56b-47732db433b2;0.054775;0.06573;20;1000;2026-02-09 09:56:18.803739+00
60459cc8-6b73-4952-be04-dbae9ad7f889;c517995a-2099-499b-b0e1-ecd5f636825c;0.04978;0.059736;20;1000;2026-02-09 09:56:21.306199+00
b67f6108-384b-4dc2-8037-f135c228dd8f;f6a03fdb-615f-4110-8757-9c3341674e5c;0.058648;0.070378;20;1000;2026-02-09 09:56:23.974714+00
4e1e8673-5adc-4a18-b497-badd55a19a70;0895f969-6433-415b-ad38-13b0d2fa041a;0.057664;0.069197;20;1000;2026-02-09 09:56:26.197522+00
7742aa4c-f591-42db-a0c4-c7314e117574;f8aefdb4-c9ea-46e1-b8b9-301771ee5b0a;0.05033;0.060396;20;1000;2026-02-09 09:56:28.579839+00
ffa1d1dd-ad20-47c7-bcdb-d72c29f80804;e049d846-d38c-425e-8432-622352278f7c;0.156428;0.187714;20;1000;2026-02-09 09:56:31.095445+00
e8cc126b-d5b9-4d3d-bd0e-a27934bbc322;c0ec0716-6595-4d46-9c0b-18c1c3601d35;0.01026;0.012312;20;1000;2026-02-09 09:56:33.422542+00
1dbeecbf-bd17-4d8a-8019-0732acde0275;f7a44c82-8abe-4d43-894b-16f1cdc4e4e9;0.055784;0.066941;20;1000;2026-02-09 09:56:36.060201+00
5fc9aa5b-c078-4b5a-95db-c0668bf6e56c;cec79063-d154-459f-89e2-c84dbec726a9;0.005456;0.006547;20;1000;2026-02-09 09:56:38.326852+00
1ae289db-2d3e-47be-9b69-9e399a49b9a8;38882174-073e-4eef-85c8-525f53299ab6;0.0008;0.001;25;10000;2026-02-10 13:19:10.770078+00
be836c06-8d49-433a-b745-5337a7e151f8;92a44074-431e-433a-95f9-46fd3f3cc035;0.00171;0.002309;35;100;2026-02-10 13:19:18.552089+00
fb944c88-7151-4ce7-af9c-2c58313c97d4;3af5a96a-eeea-4bed-8688-2bda2ef18607;0.033324;0.039989;20;1000;2026-02-13 13:07:18.338606+00
05d7b478-3d07-4d82-a2f2-922d12a62186;f1121f12-4b75-47f5-b86b-96ef9a03543d;0.15085;0.18102;20;1000;2026-02-13 13:07:20.971676+00
2b6dcaba-9834-48b4-8817-30a3dbb6bfe7;c2121502-fe79-41e3-95b5-6997f0b9ce0a;0.006521;0.007825;20;1000;2026-02-13 13:07:23.651396+00
5ddbf1fe-0987-42e9-861c-f4fede9989b8;c0ec0716-6595-4d46-9c0b-18c1c3601d35;0.009451;0.011341;20;1000;2026-02-13 13:07:25.846113+00
ded7537c-b53e-42cc-956c-cf0c1d063710;46ab3cb0-2f39-4d0f-a307-efc4f9a8544c;0.054042;0.062148;15;1000;2026-02-14 13:04:40.358084+00
3827c43f-4e40-4f65-8e52-8a8796890616;9713f243-afe6-4c88-be31-56a9e98b7c8c;0.008118;0.012177;50;1000;2026-02-16 10:05:21.412953+00
dd970828-c039-4a61-8eb9-47924c3e5ba9;2e7c469c-9d92-4b30-8e63-e8bdbd097da0;0.048521;0.055799;15;1000;2026-02-16 20:11:07.280813+00
3f9f5bf2-4f12-4aeb-bf64-cfb22bb7b8f1;38882174-073e-4eef-85c8-525f53299ab6;0.01;0.0125;25;10000;2026-02-16 20:11:56.476891+00
c2c5d062-124b-4c8b-acfb-d7e72ab68b8d;92a44074-431e-433a-95f9-46fd3f3cc035;0.002277;0.003074;35;100;2026-02-16 20:12:02.940957+00
b44387f1-67eb-43ec-95d5-db632bfe7cdd;0a17953d-5890-4503-ae00-0f2491cead4f;0.012418;0.014902;20;1000;2026-01-23 22:19:20.698352+00
eafc75bb-5687-4fed-a413-935ee2a95314;9050fb69-8236-44f8-9ef8-7849dcff4209;0.000057;0.000077;35;1000000;2026-01-24 18:24:25.095297+00
fd49a06b-cbc7-4b95-8ace-474b7858d4cd;0ad63b0a-6628-4dbf-9eea-cec0fc5d9bfe;0.041694;0.050033;20;10000;2026-01-24 18:24:30.779977+00
276356d4-fcb4-40f8-a759-d13dcf81c1e1;dfb99f44-3a48-40e5-8451-4bdedcae6105;0.00032;0.0004;25;100000;2026-01-24 18:24:36.083894+00
8fbbd8ee-e360-4e77-9692-1db6a29265f3;9713f243-afe6-4c88-be31-56a9e98b7c8c;0.003509;0.005264;50;1000;2026-01-24 18:24:38.699442+00
440b0c70-1581-43f7-86bc-1773a481741f;38882174-073e-4eef-85c8-525f53299ab6;0.012;0.015;25;10000;2026-01-24 18:24:41.326638+00
f4c00a2c-7417-40e6-883a-aa40efa4ec54;53c14020-497f-4e70-8293-85b0d91f610d;0.000241;0.000362;50;10000;2026-01-24 18:24:46.679228+00
b8a87f23-9a15-43e4-b288-36a0e589ca91;40e56bf8-ba30-495b-b1f3-7b07d9e1f5e8;644.7;676.935;5;1;2026-02-01 10:49:32.383292+00
7eb0a0ea-e409-4814-89dd-efbb63710e4d;46ab3cb0-2f39-4d0f-a307-efc4f9a8544c;0.058894;0.070673;20;1000;2026-02-01 10:49:34.763639+00
3bfa7864-8486-4063-af2a-dff16f0360e8;e3bf677d-1feb-4f65-9cef-37a7d5324afc;0.054393;0.065272;20;1000;2026-02-01 10:49:37.237086+00
088352a3-257e-48d6-a9c7-7ec023c9945a;92a44074-431e-433a-95f9-46fd3f3cc035;0.003576;0.004828;35;100;2026-01-24 18:24:57.179866+00
67478850-9e97-4553-abe6-99406c3ae9c5;5772cba0-4bc1-4dd4-852f-3d2980d3c4f9;24.998853;29.998624;20;1;2026-01-24 18:24:59.793334+00
ffcce5fa-6979-43d1-a27e-dba6152b0a4a;4674540a-227c-4f14-aeb0-6bb4a56afff6;0.037456;0.044947;20;10000;2026-01-24 18:25:03.068533+00
3c49e8c6-6671-4061-a637-5c3d9773fdea;503334bc-3906-4a2a-b98f-dd78364ee604;0.00005;0.000065;30;1000;2026-01-24 18:25:05.976127+00
7c792cfa-0088-43eb-b71d-573c56ba500c;11f068a8-5b92-4f11-990a-8da981be54a6;0.025195;0.030234;20;1000;2026-01-24 18:25:08.588218+00
e1822745-8baf-4e07-873b-b72d5d249209;f1121f12-4b75-47f5-b86b-96ef9a03543d;0.10265;0.12318;20;1000;2026-01-24 18:25:11.216764+00
33b8e99a-12aa-4632-be2f-3d6cc329c89e;c0ec0716-6595-4d46-9c0b-18c1c3601d35;0.012586;0.015103;20;1000;2026-01-24 18:25:13.958127+00
bd36f6d2-4159-4a64-a07a-feb396950a59;3af5a96a-eeea-4bed-8688-2bda2ef18607;0.037938;0.045526;20;1000;2026-01-24 18:25:16.588664+00
b4429a85-5b98-4df4-b727-36adf8409b4c;f7a44c82-8abe-4d43-894b-16f1cdc4e4e9;0.055784;0.066941;20;1000;2026-01-24 18:25:19.221165+00
bc71c202-cd4c-4093-b4c3-223725a3982f;e049d846-d38c-425e-8432-622352278f7c;0.197886;0.237463;20;1000;2026-01-24 18:25:21.854987+00
5123cace-0e3b-4d89-9b6e-0289c9caf679;cec79063-d154-459f-89e2-c84dbec726a9;0.00616;0.007392;20;1000;2026-01-24 18:25:24.911802+00
b0db2219-aff4-418d-af80-71d6a0b91b64;c2121502-fe79-41e3-95b5-6997f0b9ce0a;0.009999;0.011999;20;1000;2026-01-24 18:25:27.576225+00
1e38d69f-9c75-4d5c-b193-1a227f133519;0a17953d-5890-4503-ae00-0f2491cead4f;0.012545;0.015054;20;1000;2026-01-24 18:25:30.205846+00
eba61244-a50f-4450-b1ba-8f9b47035113;67b9576b-44ef-449f-a56b-47732db433b2;0.061686;0.074023;20;1000;2026-02-01 10:49:39.562604+00
46e1bf16-1c23-4137-9929-1b1ab7465e7d;dfb99f44-3a48-40e5-8451-4bdedcae6105;0.00032;0.0004;25;100000;2026-01-24 18:26:36.811451+00
049caf9b-ccbe-406b-b260-a025c4e13da9;9713f243-afe6-4c88-be31-56a9e98b7c8c;0.003509;0.005264;50;1000;2026-01-24 18:26:39.532084+00
485662e0-e0be-48b6-adf3-89f4fa38ea12;38882174-073e-4eef-85c8-525f53299ab6;0.012;0.015;25;10000;2026-01-24 18:26:42.366816+00
a2baf736-47c0-4b70-848b-1554eed08853;53c14020-497f-4e70-8293-85b0d91f610d;0.000241;0.000362;50;10000;2026-01-24 18:26:45.049194+00
b2741f71-e231-41ce-ad09-737d2115accc;0895f969-6433-415b-ad38-13b0d2fa041a;0.059177;0.071012;20;1000;2026-02-01 10:49:41.515304+00
b15075ba-ecd5-4556-8854-5d9aeaf1357a;f8aefdb4-c9ea-46e1-b8b9-301771ee5b0a;0.058925;0.07071;20;1000;2026-02-01 10:49:43.769798+00
b40cce9e-de84-4b82-b5e9-70f4ca50c1b7;cec79063-d154-459f-89e2-c84dbec726a9;0.005329;0.006395;20;1000;2026-02-01 10:49:46.192649+00
a5c984ec-cda4-422b-8346-fbfa6be4f78e;92a44074-431e-433a-95f9-46fd3f3cc035;0.003595;0.004853;35;100;2026-01-24 18:26:56.005702+00
69a1d45b-d2d3-4e94-aa71-7872e462b1b2;5772cba0-4bc1-4dd4-852f-3d2980d3c4f9;24.998853;29.998624;20;1;2026-01-24 18:26:59.102421+00
d13d6deb-396e-44ef-9941-cefe6b3174a5;4674540a-227c-4f14-aeb0-6bb4a56afff6;0.037836;0.045403;20;10000;2026-01-24 18:27:02.275784+00
6183099b-6080-45fe-83a7-30c002445280;503334bc-3906-4a2a-b98f-dd78364ee604;0.00005;0.000065;30;1000;2026-01-24 18:27:04.952007+00
51e78a9b-4b06-4562-9d2a-46ca14955a01;0ad63b0a-6628-4dbf-9eea-cec0fc5d9bfe;0.041694;0.050033;20;10000;2026-01-24 18:27:07.988675+00
a7e9076a-ff75-4943-ac3f-f5bc47847c1a;9050fb69-8236-44f8-9ef8-7849dcff4209;0.000057;0.000077;35;1000000;2026-01-24 18:27:10.658877+00
07f6bc66-806e-4736-b505-b7f1f51a6e34;c0ec0716-6595-4d46-9c0b-18c1c3601d35;0.011989;0.014387;20;1000;2026-02-01 10:49:48.262585+00
b764842c-0d25-4a00-bdeb-40be7784dc0e;c2121502-fe79-41e3-95b5-6997f0b9ce0a;0.008177;0.009812;20;1000;2026-02-01 10:49:50.456492+00
9a3234f1-18dc-4089-a39b-6f3d3bbba917;11f068a8-5b92-4f11-990a-8da981be54a6;0.025195;0.030234;20;1000;2026-01-24 18:27:19.339905+00
11952c55-b1fd-4d07-8d33-ed5a7a4ccd98;f1121f12-4b75-47f5-b86b-96ef9a03543d;0.10265;0.12318;20;1000;2026-01-24 18:27:22.050316+00
286eff0c-19bc-4273-84f0-dd0162fe560d;c0ec0716-6595-4d46-9c0b-18c1c3601d35;0.012586;0.015103;20;1000;2026-01-24 18:27:24.70883+00
2ed1ca17-141e-47e6-a857-60e1b8be338d;3af5a96a-eeea-4bed-8688-2bda2ef18607;0.037938;0.045526;20;1000;2026-01-24 18:27:27.343007+00
dabedde4-d240-44c0-92db-8b702d8a8b50;f7a44c82-8abe-4d43-894b-16f1cdc4e4e9;0.055784;0.066941;20;1000;2026-01-24 18:27:29.960269+00
90f9cb38-6e66-403c-953a-b30c265cc013;e049d846-d38c-425e-8432-622352278f7c;0.197886;0.237463;20;1000;2026-01-24 18:27:32.606482+00
70e3a779-76c6-4608-ab55-fb11572778ab;cec79063-d154-459f-89e2-c84dbec726a9;0.00616;0.007392;20;1000;2026-01-24 18:27:35.317994+00
f524ea4f-4d72-427e-8ee1-9a0c974ee322;c2121502-fe79-41e3-95b5-6997f0b9ce0a;0.009996;0.011995;20;1000;2026-01-24 18:27:38.008167+00
62229ec7-305f-408f-9945-2c6fc1c83abb;0a17953d-5890-4503-ae00-0f2491cead4f;0.012545;0.015054;20;1000;2026-01-24 18:27:40.708976+00
1aff71d7-7de8-41c5-9f74-86bfbc1ac57c;38882174-073e-4eef-85c8-525f53299ab6;0.012;0.015;25;10000;2026-01-25 11:14:08.893748+00
a5a773cb-b8e2-4f2a-8886-a2dee5d865a6;53c14020-497f-4e70-8293-85b0d91f610d;0.000247;0.00037;50;10000;2026-01-25 11:14:11.653965+00
cc7d3d13-d52d-45bd-9144-7f02d75242c8;1caf5709-9742-4f49-b117-5136bfbff4a1;0.056122;0.067346;20;1000;2026-02-03 21:53:59.676594+00
6274c797-14da-4422-966a-57ae37618683;67b9576b-44ef-449f-a56b-47732db433b2;0.060635;0.072762;20;1000;2026-02-03 21:54:07.317612+00
c6da5205-c086-4371-b28c-26a3943268a7;0a17953d-5890-4503-ae00-0f2491cead4f;0.012418;0.014902;20;1000;2026-02-03 21:54:14.559211+00
3f9b1fe5-691d-4539-8e05-ce7562a9b772;92a44074-431e-433a-95f9-46fd3f3cc035;0.003415;0.00461;35;100;2026-01-25 11:14:22.799249+00
eef0c1c4-eab5-4f07-8f04-28455eb2968d;5772cba0-4bc1-4dd4-852f-3d2980d3c4f9;22.83944;27.407328;20;1;2026-01-25 11:14:25.832045+00
26f19e5e-bf97-407f-8b85-da4c4da0b8ef;4674540a-227c-4f14-aeb0-6bb4a56afff6;0.037693;0.045232;20;10000;2026-01-25 11:14:29.955489+00
98caafa8-9b11-4c18-89f8-02c1827a3909;503334bc-3906-4a2a-b98f-dd78364ee604;0.000045;0.000059;30;1000;2026-01-25 11:14:33.245931+00
b4330dac-41ed-4fe9-9b04-74a18d8bf5c9;0ad63b0a-6628-4dbf-9eea-cec0fc5d9bfe;0.040738;0.048886;20;10000;2026-01-25 11:14:36.569415+00
ecbb781c-ef19-4a50-81a7-e2921ed9b425;9050fb69-8236-44f8-9ef8-7849dcff4209;0.000058;0.000078;35;1000000;2026-01-25 11:14:39.910976+00
0d97e7fb-7a41-4f97-8a01-b614c14e262a;f1121f12-4b75-47f5-b86b-96ef9a03543d;0.089742;0.10769;20;1000;2026-02-03 21:54:21.538674+00
4f927660-1d0a-42c4-98c8-e395f7d2d9a7;5772cba0-4bc1-4dd4-852f-3d2980d3c4f9;18.0121;21.61452;20;1;2026-02-03 21:54:24.69503+00
3ff83bb0-e7e0-4753-8106-7fa5f042f492;dfb99f44-3a48-40e5-8451-4bdedcae6105;0.00032;0.0004;25;100000;2026-01-25 11:14:48.758566+00
4e13ab22-fb2d-4626-bb1e-bdd0958fd2dd;9713f243-afe6-4c88-be31-56a9e98b7c8c;0.004592;0.006888;50;1000;2026-01-25 11:14:51.815349+00
8dc2e291-7ff8-4cbb-9b76-1449dde9c739;92a44074-431e-433a-95f9-46fd3f3cc035;0.002295;0.003098;35;100;2026-02-03 21:54:27.613108+00
59d4d42d-651e-426f-b725-70b745b5d572;11f068a8-5b92-4f11-990a-8da981be54a6;0.024897;0.029876;20;1000;2026-01-25 11:14:57.11489+00
adbbe5d6-fedb-4f47-a65c-e69cbb724e74;f1121f12-4b75-47f5-b86b-96ef9a03543d;0.15085;0.18102;20;1000;2026-01-25 11:14:59.74438+00
2d612ff1-6491-461f-a219-958841d8666f;c0ec0716-6595-4d46-9c0b-18c1c3601d35;0.012577;0.015092;20;1000;2026-01-25 11:15:02.914426+00
a81be448-395f-4621-bc60-535dd5d20feb;3af5a96a-eeea-4bed-8688-2bda2ef18607;0.037938;0.045526;20;1000;2026-01-25 11:15:06.085711+00
4e0394bf-05d8-4ae0-925a-56ed74365673;f7a44c82-8abe-4d43-894b-16f1cdc4e4e9;0.055784;0.066941;20;1000;2026-01-25 11:15:09.072485+00
bc56e4b4-0eab-431c-a3a4-c543593f96f9;e049d846-d38c-425e-8432-622352278f7c;0.27088;0.325056;20;1000;2026-01-25 11:15:11.8281+00
93772c26-756f-4d9a-9e2c-4741cb34d406;cec79063-d154-459f-89e2-c84dbec726a9;0.006083;0.0073;20;1000;2026-01-25 11:15:14.818009+00
f22be541-5650-40e7-ae39-27bae7f22ff3;c2121502-fe79-41e3-95b5-6997f0b9ce0a;0.010116;0.012139;20;1000;2026-01-25 11:15:17.513875+00
abf4f0f7-96ab-4d32-b3d1-14ea042eee84;0a17953d-5890-4503-ae00-0f2491cead4f;0.012545;0.015054;20;1000;2026-01-25 11:15:20.459947+00
d50bcb60-7328-4653-8ba6-066111589acd;dfb99f44-3a48-40e5-8451-4bdedcae6105;0.00032;0.0004;25;100000;2026-02-03 21:54:31.662734+00
74003a3c-1c6c-418f-87cb-35c0ca77a410;3af5a96a-eeea-4bed-8688-2bda2ef18607;0.035943;0.043132;20;1000;2026-02-05 14:57:20.88984+00
6723368a-3a2a-4a1a-8cb9-3940ce3d285a;92a44074-431e-433a-95f9-46fd3f3cc035;0.003318;0.004479;35;100;2026-01-26 07:48:19.311512+00
7aa03913-ad05-4675-90ef-7d4e3e16c849;5772cba0-4bc1-4dd4-852f-3d2980d3c4f9;21.68144;26.017728;20;1;2026-01-26 07:48:22.283702+00
1767fd75-5150-4f3c-8e3d-4118089fe7dd;4674540a-227c-4f14-aeb0-6bb4a56afff6;0.038298;0.045958;20;10000;2026-01-26 07:48:25.31856+00
48c13798-829e-44ba-b5d0-3a6c1be1ba36;503334bc-3906-4a2a-b98f-dd78364ee604;0.000045;0.000059;30;1000;2026-01-26 07:48:27.949369+00
d1e1d679-b185-4e4b-8724-ca144932be70;0ad63b0a-6628-4dbf-9eea-cec0fc5d9bfe;0.040378;0.048454;20;10000;2026-01-26 07:48:30.974556+00
c5518d24-7e96-4cc8-a6dc-704e9f537c1e;9050fb69-8236-44f8-9ef8-7849dcff4209;0.000055;0.000074;35;1000000;2026-01-26 07:48:33.978786+00
90a1c05b-1b9e-46cf-8d09-7c69b1282653;9713f243-afe6-4c88-be31-56a9e98b7c8c;0.002754;0.004131;50;1000;2026-02-05 14:57:25.341113+00
e1df99f2-53fa-4569-bfd1-a99583d2e168;5772cba0-4bc1-4dd4-852f-3d2980d3c4f9;16.584843;19.901812;20;1;2026-02-07 18:23:22.555939+00
f6698b7e-2063-408b-b341-f12e2d12dcf6;dfb99f44-3a48-40e5-8451-4bdedcae6105;0.00032;0.0004;25;100000;2026-01-26 07:48:42.364721+00
d5aa382b-aac8-409d-bff0-3942b6bc1d99;9713f243-afe6-4c88-be31-56a9e98b7c8c;0.003386;0.005079;50;1000;2026-01-26 07:48:45.591787+00
e65be38c-ecba-42d5-b93c-a5b26fa12933;38882174-073e-4eef-85c8-525f53299ab6;0.008;0.01;25;10000;2026-01-26 07:48:50.975756+00
5553007d-cf8f-4bb3-96c4-cb69925134e5;cec79063-d154-459f-89e2-c84dbec726a9;0.005952;0.007142;20;1000;2026-01-26 07:49:17.800656+00
a814a217-c8a6-4742-8ef5-f59549ffd7ab;9713f243-afe6-4c88-be31-56a9e98b7c8c;0.002917;0.004376;50;1000;2026-02-01 10:49:55.77785+00
7a572ccb-6044-495e-afa4-4c324391328e;f6a03fdb-615f-4110-8757-9c3341674e5c;0.057592;0.06911;20;1000;2026-02-03 21:54:00.871453+00
12c51d4e-cc86-46b9-9cc8-bbd46ed8db95;35c4979c-3eb0-4396-b682-864b76a60bd2;0.060299;0.072359;20;1000;2026-02-03 21:54:08.405007+00
71bd1cc8-04b9-4998-ba6c-f654394c8ca7;c2121502-fe79-41e3-95b5-6997f0b9ce0a;0.007547;0.009056;20;1000;2026-02-03 21:54:16.300386+00
05321df9-0f7b-401f-b08e-ddf813819547;f1121f12-4b75-47f5-b86b-96ef9a03543d;0.10265;0.12318;20;1000;2026-02-05 14:57:22.243423+00
6f6a759b-20e0-46cd-8222-ed956886f3e8;38882174-073e-4eef-85c8-525f53299ab6;0.0008;0.001;25;10000;2026-02-05 14:57:24.324618+00
303cfdc2-b503-4635-b6d6-76d4f2998131;53c14020-497f-4e70-8293-85b0d91f610d;0.000248;0.000372;50;10000;2026-02-07 18:23:23.638363+00
a0b33891-4fe8-4ecb-b7a1-499fa299f097;38882174-073e-4eef-85c8-525f53299ab6;0.0008;0.001;25;10000;2026-02-09 09:56:40.918507+00
353f9e83-b5fe-4fe3-bae3-fc2dd6ac7a65;92a44074-431e-433a-95f9-46fd3f3cc035;0.001637;0.00221;35;100;2026-02-09 09:56:48.035951+00
ce8de931-2c60-4169-b721-027ca8013024;9713f243-afe6-4c88-be31-56a9e98b7c8c;0.004274;0.006411;50;1000;2026-02-10 13:19:11.967496+00
22b8e2e9-c8d0-4c10-9a69-d1ee185ef158;9050fb69-8236-44f8-9ef8-7849dcff4209;0.00004;0.000054;35;1000000;2026-02-10 13:19:19.495171+00
786fbf27-f376-4361-af60-9b4a7c02b346;4674540a-227c-4f14-aeb0-6bb4a56afff6;0.039416;0.047299;20;10000;2026-02-10 13:19:21.794444+00
ec6a146e-ab24-4497-ab0c-f70bcb22e559;38882174-073e-4eef-85c8-525f53299ab6;0.007;0.00875;25;10000;2026-02-13 13:07:27.976219+00
bad4e03e-3acd-4c14-a34d-b88d43761a65;92a44074-431e-433a-95f9-46fd3f3cc035;0.00195;0.002633;35;100;2026-02-13 13:07:33.670394+00
4e8475c7-2371-4342-a91f-082b0aeac6b8;67b9576b-44ef-449f-a56b-47732db433b2;0.060971;0.070117;15;1000;2026-02-14 13:04:42.945601+00
b27a4f1c-68dc-4f3c-acac-659d12d387d1;5772cba0-4bc1-4dd4-852f-3d2980d3c4f9;15.8421;19.01052;20;1;2026-02-16 10:05:22.429411+00
d4f8e9a1-b8c1-4cb5-8f0d-2ae2678ac9e1;f8aefdb4-c9ea-46e1-b8b9-301771ee5b0a;0.049892;0.057376;15;1000;2026-02-16 20:11:28.653063+00
b72f29dd-f5bb-4b1b-a820-d2f25cb72c97;f6a03fdb-615f-4110-8757-9c3341674e5c;0.058455;0.067223;15;1000;2026-02-16 20:11:31.603983+00
b473b76c-3821-41a5-b251-1b5606789d59;c517995a-2099-499b-b0e1-ecd5f636825c;0.056276;0.064717;15;1000;2026-02-16 20:11:35.869894+00
727f3eba-814c-477c-a200-33e714d6e0cd;67b9576b-44ef-449f-a56b-47732db433b2;0.045862;0.052741;15;1000;2026-02-16 20:11:39.20877+00
260c1227-8cdb-4840-b42c-03534d8aa766;e3bf677d-1feb-4f65-9cef-37a7d5324afc;0.043039;0.049495;15;1000;2026-02-16 20:11:41.767356+00
749501a4-be7b-45b1-8e85-d7e7129339d2;f1121f12-4b75-47f5-b86b-96ef9a03543d;0.092299;0.110759;20;1000;2026-02-16 20:11:44.104844+00
ee00d4c0-077e-48ae-aa29-7a0f100dd983;cec79063-d154-459f-89e2-c84dbec726a9;0.006195;0.007434;20;1000;2026-02-16 20:11:46.163745+00
0ac3856a-9ffb-48fb-aae2-aa41c1e234e0;11f068a8-5b92-4f11-990a-8da981be54a6;0.017139;0.020567;20;1000;2026-02-16 20:11:48.524465+00
ebee874d-eed7-4e59-b948-b44de9263657;0a17953d-5890-4503-ae00-0f2491cead4f;0.012418;0.014902;20;1000;2026-02-16 20:11:51.873456+00
db392993-a2d4-4857-aceb-68c5fac97547;3af5a96a-eeea-4bed-8688-2bda2ef18607;0.032145;0.038574;20;1000;2026-02-16 20:11:55.44068+00
737d5be1-1a2b-4322-a424-36e25a6cbecf;503334bc-3906-4a2a-b98f-dd78364ee604;0.000048;0.000062;30;1000;2026-02-16 20:12:01.187566+00
a401a3fc-b2f3-4abd-a2c6-65803a3c1b86;53c14020-497f-4e70-8293-85b0d91f610d;0.000237;0.000355;50;10000;2026-01-26 07:48:53.632994+00
5c33355d-6962-4dd0-a203-4b24bd908126;11f068a8-5b92-4f11-990a-8da981be54a6;0.023387;0.028064;20;1000;2026-01-26 07:48:59.753496+00
82c68172-e0d0-4edc-9dca-7ec651808658;e049d846-d38c-425e-8432-622352278f7c;0.215248;0.258298;20;1000;2026-01-26 07:49:14.752313+00
5ef96e25-59b8-4a0b-ac50-b27443c1663a;c2121502-fe79-41e3-95b5-6997f0b9ce0a;0.009904;0.011885;20;1000;2026-01-26 07:49:20.808226+00
09aad7ae-43c5-4bc7-aeb6-eb4fd5116bb4;38882174-073e-4eef-85c8-525f53299ab6;0.001;0.00125;25;10000;2026-02-01 10:49:54.661524+00
21f41146-7fc8-4ec7-a242-a537d3b46df4;53c14020-497f-4e70-8293-85b0d91f610d;0.000281;0.000422;50;10000;2026-02-01 10:49:57.722214+00
93599451-bb46-45f8-9eeb-898861ca8979;9050fb69-8236-44f8-9ef8-7849dcff4209;0.000048;0.000065;35;1000000;2026-02-01 10:50:00.45765+00
affb97bf-9720-4283-9128-f43a33c2c456;e3bf677d-1feb-4f65-9cef-37a7d5324afc;0.05287;0.063444;20;1000;2026-02-03 21:54:02.700293+00
a8b64855-1c71-404c-a2b3-54051cef06d2;0895f969-6433-415b-ad38-13b0d2fa041a;0.055049;0.066059;20;1000;2026-02-03 21:54:09.801053+00
4ee63ff2-8bb8-48e1-a907-a1dfecb1bc69;e049d846-d38c-425e-8432-622352278f7c;0.215248;0.258298;20;1000;2026-02-03 21:54:17.23476+00
0cf77117-68c1-448a-99fe-2af6156ab2ad;38882174-073e-4eef-85c8-525f53299ab6;0.0008;0.001;25;10000;2026-02-03 21:54:22.520922+00
827f77ac-ec00-4259-b6f1-877c04404218;53c14020-497f-4e70-8293-85b0d91f610d;0.000279;0.000419;50;10000;2026-02-03 21:54:25.569899+00
9e36ac32-e765-48ad-9e3a-4e8124ba2816;9050fb69-8236-44f8-9ef8-7849dcff4209;0.000045;0.000061;35;1000000;2026-02-03 21:54:28.765125+00
8278df89-2624-4f4e-863b-d8c283492130;cec79063-d154-459f-89e2-c84dbec726a9;0.004884;0.005861;20;1000;2026-02-05 14:57:23.225412+00
3caf25f5-68c0-4399-a35f-1c9dd2c0f578;0ad63b0a-6628-4dbf-9eea-cec0fc5d9bfe;0.043265;0.051918;20;10000;2026-02-07 18:23:27.968803+00
8ee9df1f-0f9a-44b8-b0d3-6573c7b2ff6f;9713f243-afe6-4c88-be31-56a9e98b7c8c;0.00255;0.003825;50;1000;2026-02-09 09:56:42.84083+00
e1303b06-bc13-4f4d-a17f-c6b49f72b41b;9050fb69-8236-44f8-9ef8-7849dcff4209;0.000038;0.000051;35;1000000;2026-02-09 09:56:49.724276+00
201a6112-da6d-489f-97a4-417096d62186;4674540a-227c-4f14-aeb0-6bb4a56afff6;0.038777;0.046532;20;10000;2026-02-09 09:56:52.725915+00
0bca9eb1-2876-47c2-b94e-6b59b99edd69;0ad63b0a-6628-4dbf-9eea-cec0fc5d9bfe;0.043106;0.051727;20;10000;2026-02-10 13:19:20.491043+00
6799864a-c284-4bdb-96bd-443f5cb6e667;9713f243-afe6-4c88-be31-56a9e98b7c8c;0.003598;0.005397;50;1000;2026-02-13 13:07:28.92047+00
4a2298c9-d5ed-4316-b1b1-13bbbb5ed37b;9050fb69-8236-44f8-9ef8-7849dcff4209;0.000049;0.000066;35;1000000;2026-02-13 13:07:34.643361+00
6d3821d1-013d-4a06-995d-2af344e966fe;4674540a-227c-4f14-aeb0-6bb4a56afff6;0.04008;0.048096;20;10000;2026-02-13 13:07:36.818999+00
a00d95ea-de6d-4e50-a7eb-c9c545520919;1caf5709-9742-4f49-b117-5136bfbff4a1;0.054216;0.062348;15;1000;2026-02-15 15:45:07.113343+00
a529552a-5d3d-42c4-a75b-4f963719204d;53c14020-497f-4e70-8293-85b0d91f610d;0.000354;0.000531;50;10000;2026-02-16 10:05:23.624509+00
20bab220-7072-440c-8057-621f0e3c2a5b;2e7c469c-9d92-4b30-8e63-e8bdbd097da0;0.048521;0.055799;15;1000;2026-02-16 20:11:29.637964+00
a3028611-a12c-4d2e-bd39-e72500808161;35c4979c-3eb0-4396-b682-864b76a60bd2;0.046477;0.053449;15;1000;2026-02-16 20:11:32.857417+00
ff73723d-ec58-4b3d-a80c-85cc2dfbec74;46ab3cb0-2f39-4d0f-a307-efc4f9a8544c;0.054042;0.062148;15;1000;2026-02-16 20:11:38.122578+00
97b5a72d-cabf-435e-8d62-bc0cd82b8ee4;0895f969-6433-415b-ad38-13b0d2fa041a;0.042214;0.048546;15;1000;2026-02-16 20:11:40.249911+00
2ee19ccb-2227-40ab-b6c1-5573408bedc3;1caf5709-9742-4f49-b117-5136bfbff4a1;0.049445;0.056862;15;1000;2026-02-16 20:11:42.527154+00
8485b930-ef36-4541-b109-dab77af61378;e049d846-d38c-425e-8432-622352278f7c;0.156428;0.187714;20;1000;2026-02-16 20:11:45.20351+00
552d5abf-33f0-456d-9418-6af6445d11ba;c2121502-fe79-41e3-95b5-6997f0b9ce0a;0.006634;0.007961;20;1000;2026-02-16 20:11:47.333152+00
6a6f6b9b-b857-41ca-a32e-3248837ac93c;c0ec0716-6595-4d46-9c0b-18c1c3601d35;0.011151;0.013381;20;1000;2026-02-16 20:11:50.124221+00
f5137c5a-3b37-4886-9857-b98082e57926;f7a44c82-8abe-4d43-894b-16f1cdc4e4e9;0.053062;0.063674;20;1000;2026-02-16 20:11:53.374566+00
00192233-ed4d-477b-8021-3db7a1a975d3;f1121f12-4b75-47f5-b86b-96ef9a03543d;0.15085;0.18102;20;1000;2026-01-26 07:49:02.776613+00
741b4a0f-16f4-4b4a-abc5-a21612d39a45;c0ec0716-6595-4d46-9c0b-18c1c3601d35;0.012348;0.014818;20;1000;2026-01-26 07:49:05.759678+00
7a5ad279-ab76-49d7-8043-9d9c85634758;3af5a96a-eeea-4bed-8688-2bda2ef18607;0.037938;0.045526;20;1000;2026-01-26 07:49:08.757597+00
ef7912bf-798b-40bd-be66-5cd95a490565;f7a44c82-8abe-4d43-894b-16f1cdc4e4e9;0.055784;0.066941;20;1000;2026-01-26 07:49:11.784812+00
dc87b030-d89e-444e-b4df-caf230397c9e;0a17953d-5890-4503-ae00-0f2491cead4f;0.012545;0.015054;20;1000;2026-01-26 07:49:23.854884+00
8a2436e9-8ef4-4379-a04f-a6daba4a683e;92a44074-431e-433a-95f9-46fd3f3cc035;0.003234;0.004366;35;100;2026-01-27 11:48:34.320378+00
21ef3e39-bb4f-46cd-996d-d5601d9f55c7;5772cba0-4bc1-4dd4-852f-3d2980d3c4f9;21.43144;25.717728;20;1;2026-01-27 11:48:37.389882+00
ebdd522e-36f6-445d-8ac3-fa1e7e6cb2de;503334bc-3906-4a2a-b98f-dd78364ee604;0.000043;0.000056;30;1000;2026-01-27 11:48:40.075544+00
750eef1f-27fb-4bb4-be2c-87118eff1dff;0ad63b0a-6628-4dbf-9eea-cec0fc5d9bfe;0.040275;0.04833;20;10000;2026-01-27 11:48:43.873091+00
98e8bd98-2853-4eeb-b0b8-acb7514511e1;9050fb69-8236-44f8-9ef8-7849dcff4209;0.000049;0.000066;35;1000000;2026-01-27 11:48:46.648224+00
a55fc758-3af5-4439-8649-c39c23b8f93c;dfb99f44-3a48-40e5-8451-4bdedcae6105;0.00032;0.0004;25;100000;2026-01-27 11:48:55.188637+00
f11c2971-b808-4daf-83ce-a5eb5e8dfda4;9713f243-afe6-4c88-be31-56a9e98b7c8c;0.003697;0.005546;50;1000;2026-01-27 11:48:58.213223+00
fbb26bcb-8441-4697-87a4-85ff22761814;38882174-073e-4eef-85c8-525f53299ab6;0.007;0.00875;25;10000;2026-01-27 11:49:03.600768+00
c911fdfb-2d5d-4fad-afec-b66d7b29f88d;53c14020-497f-4e70-8293-85b0d91f610d;0.000249;0.000373;50;10000;2026-01-27 11:49:06.272265+00
be1248eb-5d6e-48bd-9c57-76d6d4b726ad;c517995a-2099-499b-b0e1-ecd5f636825c;0.056868;0.068242;20;1000;2026-02-03 21:54:04.201123+00
0ba89322-81d8-415e-afa2-c0c2d07b08f4;f8aefdb4-c9ea-46e1-b8b9-301771ee5b0a;0.058862;0.070634;20;1000;2026-02-03 21:54:10.979966+00
467816c8-77f6-43e4-a814-345e05bf721b;4674540a-227c-4f14-aeb0-6bb4a56afff6;0.036454;0.043745;20;10000;2026-01-27 11:49:18.129577+00
5aec57cf-a458-460e-b4ca-2f31b786599d;11f068a8-5b92-4f11-990a-8da981be54a6;0.020495;0.024594;20;1000;2026-01-27 11:49:21.013084+00
f38d9ffe-5b96-4c1b-9d11-d9dee3da14ef;f1121f12-4b75-47f5-b86b-96ef9a03543d;0.15085;0.18102;20;1000;2026-01-27 11:49:23.888689+00
c3109f3d-cf9b-4a90-8946-9c1635b25941;c0ec0716-6595-4d46-9c0b-18c1c3601d35;0.012024;0.014429;20;1000;2026-01-27 11:49:26.73529+00
f2c3a55a-0572-409d-baff-e1a83d2d1d16;3af5a96a-eeea-4bed-8688-2bda2ef18607;0.037938;0.045526;20;1000;2026-01-27 11:49:29.50489+00
d0cd8d3b-bdf2-4e72-8f36-18e020e68cce;f7a44c82-8abe-4d43-894b-16f1cdc4e4e9;0.055784;0.066941;20;1000;2026-01-27 11:49:32.318164+00
99435d51-8ed0-406d-9130-1d586abfd94c;e049d846-d38c-425e-8432-622352278f7c;0.101215;0.121458;20;1000;2026-01-27 11:49:35.050733+00
8bd0092e-e5df-4bab-a3c1-fb89331f1872;cec79063-d154-459f-89e2-c84dbec726a9;0.005822;0.006986;20;1000;2026-01-27 11:49:37.802159+00
b3b43976-b078-4f4c-91ca-d8562206a663;c2121502-fe79-41e3-95b5-6997f0b9ce0a;0.009717;0.01166;20;1000;2026-01-27 11:49:40.577322+00
84915c78-b295-456e-b929-244a02c11ac0;0a17953d-5890-4503-ae00-0f2491cead4f;0.012545;0.015054;20;1000;2026-01-27 11:49:43.306224+00
47141336-7151-47c9-b279-f4c7cab3ccbb;f7a44c82-8abe-4d43-894b-16f1cdc4e4e9;0.055784;0.066941;20;1000;2026-01-27 15:17:42.439255+00
66403e91-4d1d-4a99-b628-af2aeee46d53;0a17953d-5890-4503-ae00-0f2491cead4f;0.012545;0.015054;20;1000;2026-01-27 15:17:43.537146+00
8d0cd86b-1405-4676-ba0f-631d9f78f5ea;c2121502-fe79-41e3-95b5-6997f0b9ce0a;0.009755;0.011706;20;1000;2026-01-27 15:17:44.716087+00
96ddacdd-f708-4fc4-bab9-538dd202eb53;cec79063-d154-459f-89e2-c84dbec726a9;0.005758;0.00691;20;1000;2026-01-27 15:17:46.31108+00
9c54f873-b6c6-4b0f-8148-b330845ba640;e049d846-d38c-425e-8432-622352278f7c;0.203741;0.244489;20;1000;2026-01-27 15:17:47.888224+00
b616294e-70b0-43a6-96a2-4a074fcf4588;11f068a8-5b92-4f11-990a-8da981be54a6;0.019875;0.02385;20;1000;2026-01-27 15:17:49.256812+00
8123b1d4-1bbd-4ca9-b82f-4b6c9a224a73;f1121f12-4b75-47f5-b86b-96ef9a03543d;0.10265;0.12318;20;1000;2026-01-27 15:17:51.813032+00
7f94207d-b0f8-4e96-a0b9-a9d4d6a3b324;c0ec0716-6595-4d46-9c0b-18c1c3601d35;0.012005;0.014406;20;1000;2026-01-27 15:17:53.56775+00
1c48c305-6509-43b8-a8b6-863d66e723d4;3af5a96a-eeea-4bed-8688-2bda2ef18607;0.037938;0.045526;20;1000;2026-01-27 15:17:54.788551+00
67e9b9af-5349-4268-ac8b-f3b387639d24;38882174-073e-4eef-85c8-525f53299ab6;0.007;0.00875;25;10000;2026-01-27 15:17:56.148083+00
fb2475b3-4e69-4fc9-b7a6-b4a33cc858a4;9713f243-afe6-4c88-be31-56a9e98b7c8c;0.003691;0.005537;50;1000;2026-01-27 15:17:58.485592+00
b45e9de8-c9e0-4b78-9b94-6e50fc03304b;5772cba0-4bc1-4dd4-852f-3d2980d3c4f9;21.51944;25.823328;20;1;2026-01-27 15:17:59.493202+00
b37945b1-55a9-438c-985c-8472ae9429c5;53c14020-497f-4e70-8293-85b0d91f610d;0.000246;0.000369;50;10000;2026-01-27 15:18:01.292386+00
290d4768-d61d-4103-9cb0-ba6f784078ee;503334bc-3906-4a2a-b98f-dd78364ee604;0.000043;0.000056;30;1000;2026-01-27 15:18:02.983138+00
442ad398-dfc6-4013-882e-4c00a2a57696;92a44074-431e-433a-95f9-46fd3f3cc035;0.003264;0.004406;35;100;2026-01-27 15:18:04.443639+00
2d7d6381-debc-4e66-bb56-ba562cdec57b;9050fb69-8236-44f8-9ef8-7849dcff4209;0.000048;0.000065;35;1000000;2026-01-27 15:18:06.172837+00
7867177c-ddf3-4a2f-90ec-526bfc67054f;f7a44c82-8abe-4d43-894b-16f1cdc4e4e9;0.053062;0.063674;20;1000;2026-02-03 21:54:18.226532+00
33db6dcd-4241-43e2-97bb-4937ec1514a3;0ad63b0a-6628-4dbf-9eea-cec0fc5d9bfe;0.042648;0.051178;20;10000;2026-02-03 21:54:29.734964+00
461e3efe-c19f-4005-a826-4117bde0d5f8;f6a03fdb-615f-4110-8757-9c3341674e5c;0.056908;0.06829;20;1000;2026-02-06 11:01:31.879126+00
42a86409-2fa3-4405-9a46-7c960b7e3209;2e7c469c-9d92-4b30-8e63-e8bdbd097da0;0.058744;0.070493;20;1000;2026-02-06 11:01:34.633213+00
c8a022cd-c0be-4bbf-b6f6-b5208ae97dcd;0ad63b0a-6628-4dbf-9eea-cec0fc5d9bfe;0.039826;0.047791;20;10000;2026-01-27 15:18:12.816283+00
98eaa203-ab0a-451a-a81e-d2fd3e0633eb;4674540a-227c-4f14-aeb0-6bb4a56afff6;0.036306;0.043567;20;10000;2026-01-27 15:18:14.12951+00
1df0a74b-887a-4b7a-abf7-d9bc6eddd148;dfb99f44-3a48-40e5-8451-4bdedcae6105;0.00032;0.0004;25;100000;2026-01-27 15:18:15.312721+00
6ce7501d-0017-4b2d-be95-1c17a3b72698;46ab3cb0-2f39-4d0f-a307-efc4f9a8544c;0.057086;0.068503;20;1000;2026-02-06 11:01:37.200569+00
fd3bc208-ca14-41bb-9826-9676f567a843;35c4979c-3eb0-4396-b682-864b76a60bd2;0.070963;0.085156;20;1000;2026-02-06 11:01:39.427386+00
e93c979b-5255-4184-8661-64444a26de08;0a17953d-5890-4503-ae00-0f2491cead4f;0.012418;0.014902;20;1000;2026-01-28 16:07:32.17733+00
66ea09ff-52b3-4093-ba85-111e599f4fb2;3af5a96a-eeea-4bed-8688-2bda2ef18607;0.037938;0.045526;20;1000;2026-01-28 16:07:33.33009+00
fafec234-fb8b-4f6d-b30e-9f77f1183278;c0ec0716-6595-4d46-9c0b-18c1c3601d35;0.011976;0.014371;20;1000;2026-01-28 16:07:34.516284+00
2189e66e-1d78-4c8a-a109-2d9037e8c806;e049d846-d38c-425e-8432-622352278f7c;0.101216;0.121459;20;1000;2026-01-28 16:07:35.598536+00
f2f3e9fb-18dc-4ec3-b732-94831b32966b;cec79063-d154-459f-89e2-c84dbec726a9;0.005772;0.006926;20;1000;2026-01-28 16:07:36.665342+00
2e03885c-0e39-4b4d-9a0f-65aa445fab42;c2121502-fe79-41e3-95b5-6997f0b9ce0a;0.009571;0.011485;20;1000;2026-01-28 16:07:38.1982+00
67233a85-ae10-4328-a909-4f44790b1f61;f7a44c82-8abe-4d43-894b-16f1cdc4e4e9;0.053062;0.063674;20;1000;2026-01-28 16:07:39.329239+00
a13a5652-9aa5-4339-a6b3-a12b1f587792;f1121f12-4b75-47f5-b86b-96ef9a03543d;0.096989;0.116387;20;1000;2026-01-28 16:07:40.742043+00
85b4537d-ca6d-4e8c-a7c1-9ecb5d861622;11f068a8-5b92-4f11-990a-8da981be54a6;0.017511;0.021013;20;1000;2026-01-28 16:07:42.225447+00
4525563c-f26c-47ae-9480-f5cef5688c35;38882174-073e-4eef-85c8-525f53299ab6;0.001567;0.001959;25;10000;2026-01-28 16:07:43.432911+00
aeb243ff-a295-4631-93d6-fa99fd8d6e32;9713f243-afe6-4c88-be31-56a9e98b7c8c;0.005628;0.008442;50;1000;2026-01-28 16:07:44.475969+00
086b445f-7a01-4540-aab6-db833976efb3;5772cba0-4bc1-4dd4-852f-3d2980d3c4f9;19.585271;23.502325;20;1;2026-01-28 16:07:45.753161+00
d8d3d268-f498-4eb0-b8fb-c85d32a680da;53c14020-497f-4e70-8293-85b0d91f610d;0.000283;0.000424;50;10000;2026-01-28 16:07:47.196491+00
5eb7e4ee-3f3b-47f4-9b69-fc4b2c5d9c3c;503334bc-3906-4a2a-b98f-dd78364ee604;0.000036;0.000047;30;1000;2026-01-28 16:07:48.090148+00
befebf04-151d-4fd3-b19a-86f3e5bc1510;92a44074-431e-433a-95f9-46fd3f3cc035;0.002814;0.003799;35;100;2026-01-28 16:07:49.662794+00
e375c320-5151-4b3b-8430-d74350898fd0;9050fb69-8236-44f8-9ef8-7849dcff4209;0.000043;0.000058;35;1000000;2026-01-28 16:07:50.703087+00
48bbb190-752d-426b-bfe8-2aa24c515be3;1caf5709-9742-4f49-b117-5136bfbff4a1;0.059303;0.071164;20;1000;2026-02-06 11:01:42.091877+00
adb3df26-fa2d-47be-ba9b-1c992cf95516;0a17953d-5890-4503-ae00-0f2491cead4f;0.012545;0.015054;20;1000;2026-02-06 11:01:45.049102+00
5a514a5f-caba-47b2-afd6-cb240663bfed;e049d846-d38c-425e-8432-622352278f7c;0.156428;0.187714;20;1000;2026-02-06 11:01:47.937521+00
0535e3e3-82f2-41db-8962-aad3058bcb8e;c0ec0716-6595-4d46-9c0b-18c1c3601d35;0.011122;0.013346;20;1000;2026-02-06 11:01:50.250513+00
fc47d6d7-8f09-47f0-a31a-b59cd68b4bb0;0ad63b0a-6628-4dbf-9eea-cec0fc5d9bfe;0.039846;0.047815;20;10000;2026-01-28 16:07:56.800946+00
323e8bab-3f67-4bb1-812b-3afaa5667292;4674540a-227c-4f14-aeb0-6bb4a56afff6;0.035341;0.042409;20;10000;2026-01-28 16:07:58.028031+00
e78c9369-c824-4f55-9e81-7e5c7d433b04;dfb99f44-3a48-40e5-8451-4bdedcae6105;0.00032;0.0004;25;100000;2026-01-28 16:07:59.410596+00
287c1d68-a25b-41b8-a992-61bb30b9d95b;3af5a96a-eeea-4bed-8688-2bda2ef18607;0.033286;0.039943;20;1000;2026-02-06 11:01:52.61707+00
25ae72df-5866-4136-ba69-45bae933fcd9;cec79063-d154-459f-89e2-c84dbec726a9;0.004994;0.005993;20;1000;2026-02-06 11:01:54.870735+00
265d706f-7d79-4f84-9921-8a4dcff1bb1e;3af5a96a-eeea-4bed-8688-2bda2ef18607;0.037938;0.045526;20;1000;2026-01-29 11:58:36.546053+00
c4fafbf2-ccdc-4fca-b360-71c7c9c98eba;11f068a8-5b92-4f11-990a-8da981be54a6;0.015941;0.019129;20;1000;2026-01-29 11:58:37.663768+00
8d630def-ed72-4280-bd5c-e2633a53603c;cec79063-d154-459f-89e2-c84dbec726a9;0.00574;0.006888;20;1000;2026-01-29 11:58:38.850107+00
c90c1df2-4138-47cc-a89e-dff3c1cbc433;e049d846-d38c-425e-8432-622352278f7c;0.215248;0.258298;20;1000;2026-01-29 11:58:40.089797+00
3a971091-996c-4b4f-a22d-53f42015f933;c0ec0716-6595-4d46-9c0b-18c1c3601d35;0.012084;0.014501;20;1000;2026-01-29 11:58:41.523221+00
ffb62574-3838-4e44-b0c0-564f6d995338;0a17953d-5890-4503-ae00-0f2491cead4f;0.012545;0.015054;20;1000;2026-01-29 11:58:42.658445+00
7e8d8c60-36b0-42e9-8a8c-b845349bba78;f1121f12-4b75-47f5-b86b-96ef9a03543d;0.15085;0.18102;20;1000;2026-01-29 11:58:43.767963+00
29fe4ec1-7687-4a90-9c0a-3d4bf546962e;f7a44c82-8abe-4d43-894b-16f1cdc4e4e9;0.055784;0.066941;20;1000;2026-01-29 11:58:44.8421+00
42f15736-36cb-4e9e-875b-497932fd2e8d;c2121502-fe79-41e3-95b5-6997f0b9ce0a;0.00947;0.011364;20;1000;2026-01-29 11:58:45.988794+00
bd6cf2c0-597e-4d15-9fa4-54dd7f8e4a05;38882174-073e-4eef-85c8-525f53299ab6;0.001;0.00125;25;10000;2026-01-29 11:58:46.956097+00
40fd0a43-5283-4fa1-ae6a-d4d4f2943133;9713f243-afe6-4c88-be31-56a9e98b7c8c;0.002904;0.004356;50;1000;2026-01-29 11:58:48.158231+00
ffbe66dc-67d6-409f-81d9-be89fc3b06d1;5772cba0-4bc1-4dd4-852f-3d2980d3c4f9;18.45744;22.148928;20;1;2026-01-29 11:58:49.114229+00
ff6db454-bfb7-4521-93db-be38b9836ac5;53c14020-497f-4e70-8293-85b0d91f610d;0.000206;0.000309;50;10000;2026-01-29 11:58:50.275589+00
53a19370-dfcf-4edf-8993-f750e1c45595;503334bc-3906-4a2a-b98f-dd78364ee604;0.00004;0.000052;30;1000;2026-01-29 11:58:51.099118+00
84ea75cd-f8db-4398-9839-d3ad8c46f48e;92a44074-431e-433a-95f9-46fd3f3cc035;0.002625;0.003544;35;100;2026-01-29 11:58:52.195998+00
9c954ba0-4efb-41de-ac1d-990e566d2afd;9050fb69-8236-44f8-9ef8-7849dcff4209;0.000037;0.00005;35;1000000;2026-01-29 11:58:53.281937+00
8fd4e9a2-c128-4d3d-896b-39667e1a08a7;0ad63b0a-6628-4dbf-9eea-cec0fc5d9bfe;0.039573;0.047488;20;10000;2026-01-29 11:58:58.544631+00
c0911081-317a-4b18-a1d1-2b36feddf86a;4674540a-227c-4f14-aeb0-6bb4a56afff6;0.036024;0.043229;20;10000;2026-01-29 11:59:00.118834+00
8777f551-0c57-4d24-b94b-d7c2e9f0a863;dfb99f44-3a48-40e5-8451-4bdedcae6105;0.00032;0.0004;25;100000;2026-01-29 11:59:02.575204+00
2b9a8837-65ea-44c4-b076-341d0845f2cf;ed7aa8ee-ef74-4d8e-8374-939221d4c54c;95;99.75;5;1;2026-01-31 10:47:13.28841+00
07001761-f86f-4e18-ad00-d899b5cbd8e0;5e2d090b-b019-4607-a5ee-89cd5a01ff50;239;250.95;5;1;2026-01-31 10:47:25.221165+00
9d37c27e-9ebb-4387-b121-dc9eae8141e9;46ab3cb0-2f39-4d0f-a307-efc4f9a8544c;0.060702;0.072842;20;1000;2026-01-31 10:47:30.976363+00
edf7ba1c-1dac-4a42-b4ff-6016d079091a;f8aefdb4-c9ea-46e1-b8b9-301771ee5b0a;0.058644;0.070373;20;1000;2026-01-31 10:47:39.302514+00
b129c826-5547-4ec0-a1e1-1095d21da32e;c0ec0716-6595-4d46-9c0b-18c1c3601d35;0.012096;0.014515;20;1000;2026-01-31 10:47:47.415522+00
cee24b51-7f0e-48ef-9ea1-e8a87e713f35;87c7e0dc-0ccd-4c95-8a52-e9bdeac572b3;199;208.95;5;1;2026-02-01 10:48:03.041015+00
b2bb1a60-854d-491a-9f4e-be74d13f3a1c;e049d846-d38c-425e-8432-622352278f7c;0.214102;0.256922;20;1000;2026-02-01 10:49:52.503859+00
012f747a-389e-4a12-9649-b520a4e19b23;0ad63b0a-6628-4dbf-9eea-cec0fc5d9bfe;0.042883;0.05146;20;10000;2026-02-01 10:50:03.871688+00
c2e5d68b-6714-486f-b747-7057b272d7d4;2e7c469c-9d92-4b30-8e63-e8bdbd097da0;0.057213;0.068656;20;1000;2026-02-03 21:54:05.177166+00
119014f1-398c-412b-88fc-17df3df24c4c;11f068a8-5b92-4f11-990a-8da981be54a6;0.013928;0.016714;20;1000;2026-02-03 21:54:12.107855+00
97e01a0e-d7f8-438f-8c19-dcfa0f9b5d38;3af5a96a-eeea-4bed-8688-2bda2ef18607;0.036136;0.043363;20;1000;2026-02-03 21:54:19.321358+00
5e722077-0902-4d91-a601-40196179139e;9713f243-afe6-4c88-be31-56a9e98b7c8c;0.002779;0.004168;50;1000;2026-02-03 21:54:23.610262+00
12f46968-92bd-442e-ac30-ce7461f403f0;503334bc-3906-4a2a-b98f-dd78364ee604;0.00006;0.000078;30;1000;2026-02-03 21:54:26.52934+00
9c749331-309c-4a88-87fe-b0db12fa616a;4674540a-227c-4f14-aeb0-6bb4a56afff6;0.039883;0.04786;20;10000;2026-02-03 21:54:30.750909+00
48309285-c7ab-4366-9e11-014171014974;e3bf677d-1feb-4f65-9cef-37a7d5324afc;0.052738;0.063286;20;1000;2026-02-06 11:01:33.257772+00
dea15b25-1ca4-4b65-8d99-daf5915ccc91;c517995a-2099-499b-b0e1-ecd5f636825c;0.05973;0.071676;20;1000;2026-02-06 11:01:35.826273+00
ea0ed1f1-83e1-4dc3-bb34-cf26ef0489a9;67b9576b-44ef-449f-a56b-47732db433b2;0.061196;0.073435;20;1000;2026-02-06 11:01:38.383534+00
bcfa837a-3c36-4af3-b787-8c79fc5d4b56;0895f969-6433-415b-ad38-13b0d2fa041a;0.05727;0.068724;20;1000;2026-02-06 11:01:40.772485+00
eba26bda-1c5c-4f32-b7d0-19ec29b5b650;f8aefdb4-c9ea-46e1-b8b9-301771ee5b0a;0.058506;0.070207;20;1000;2026-02-06 11:01:43.649886+00
9e71aaf9-d3b2-46fd-b6fc-fe7bbbf8d894;c2121502-fe79-41e3-95b5-6997f0b9ce0a;0.007339;0.008807;20;1000;2026-02-06 11:01:46.360751+00
1a7e0831-603a-4783-a7bb-4fa6793d094b;11f068a8-5b92-4f11-990a-8da981be54a6;0.013502;0.016202;20;1000;2026-02-06 11:01:49.124952+00
6d3d0462-d72f-43d0-8c6a-b260575fa11a;f7a44c82-8abe-4d43-894b-16f1cdc4e4e9;0.055784;0.066941;20;1000;2026-02-06 11:01:51.461456+00
88c72033-3313-48c9-8c71-904c5703cd24;f1121f12-4b75-47f5-b86b-96ef9a03543d;0.15085;0.18102;20;1000;2026-02-06 11:01:53.699656+00
94008b7b-2ce2-4a99-a1f1-0cf5fae2edcd;dfb99f44-3a48-40e5-8451-4bdedcae6105;0.000346;0.000433;25;100000;2026-02-07 18:23:30.538823+00
0fa5486f-8000-4552-9837-17b7353715e4;5772cba0-4bc1-4dd4-852f-3d2980d3c4f9;14.7281;17.67372;20;1;2026-02-09 09:56:44.77154+00
380d95d5-66c9-4969-a751-c05aaa17e47e;dfb99f44-3a48-40e5-8451-4bdedcae6105;0.000346;0.000433;25;100000;2026-02-09 09:56:53.65546+00
e0714127-52d7-43cb-bcd3-8048e3a02bd9;f8aefdb4-c9ea-46e1-b8b9-301771ee5b0a;0.049662;0.059594;20;1000;2026-02-11 11:36:03.167981+00
4b7d1fbb-cd8b-4921-9b2b-76c9bae04b50;f6a03fdb-615f-4110-8757-9c3341674e5c;0.056972;0.068366;20;1000;2026-02-11 11:36:05.617102+00
1394ea76-65d5-4434-bf32-8a1dbd3daba3;67b9576b-44ef-449f-a56b-47732db433b2;0.064159;0.076991;20;1000;2026-02-11 11:36:08.564276+00
23c3068d-a7c6-4c8e-b4c5-da850068a56f;e3bf677d-1feb-4f65-9cef-37a7d5324afc;0.053511;0.064213;20;1000;2026-02-11 11:36:11.586848+00
6c675fa1-deed-4b53-a3ab-c1df24c28132;c517995a-2099-499b-b0e1-ecd5f636825c;0.056059;0.067271;20;1000;2026-02-11 11:36:14.392305+00
072d8d22-badd-4993-93a5-04ec09703494;c0ec0716-6595-4d46-9c0b-18c1c3601d35;0.00957;0.011484;20;1000;2026-02-11 11:36:17.078132+00
1666f649-e99b-4405-a3c5-e2a042d3f5ba;f7a44c82-8abe-4d43-894b-16f1cdc4e4e9;0.055784;0.066941;20;1000;2026-02-11 11:36:19.628469+00
3cad853a-bdf3-4969-92fb-70bb95506ea4;cec79063-d154-459f-89e2-c84dbec726a9;0.005683;0.00682;20;1000;2026-02-11 11:36:22.403401+00
eb28a719-f6ce-462c-817f-4998bcae7f98;e049d846-d38c-425e-8432-622352278f7c;0.156428;0.187714;20;1000;2026-02-11 11:36:24.936533+00
fb905c8d-a98c-4637-904c-e26465762e9a;11f068a8-5b92-4f11-990a-8da981be54a6;0.011861;0.014233;20;1000;2026-02-11 11:36:27.013073+00
ba4a174d-0528-446d-85d6-3f0ebf1c07bc;503334bc-3906-4a2a-b98f-dd78364ee604;0.000036;0.000047;30;1000;2026-02-11 11:36:38.441099+00
69d5138c-807c-4fa1-8309-9dbb326a447a;5772cba0-4bc1-4dd4-852f-3d2980d3c4f9;15.1921;18.23052;20;1;2026-02-13 13:07:29.952911+00
0b016747-c427-4f19-8656-b6ee98ddbd7b;dfb99f44-3a48-40e5-8451-4bdedcae6105;0.000346;0.000433;25;100000;2026-02-13 13:07:37.837023+00
f9474263-0b6b-4eb5-96da-fe5f4a0bd765;0895f969-6433-415b-ad38-13b0d2fa041a;0.050348;0.0579;15;1000;2026-02-15 16:58:47.151565+00
446b7cb4-589b-4e63-a5db-631930ee2bda;503334bc-3906-4a2a-b98f-dd78364ee604;0.000046;0.00006;30;1000;2026-02-16 10:05:24.70405+00
4abb20d3-c73a-4b52-b51e-173616d97cda;5772cba0-4bc1-4dd4-852f-3d2980d3c4f9;16.7851;20.14212;20;1;2026-02-16 20:11:58.84473+00
a91a157b-03a5-4625-8d60-fcea739144e7;dfb99f44-3a48-40e5-8451-4bdedcae6105;0.000388;0.000485;25;100000;2026-02-16 20:12:09.158546+00