id;entity_type;product_id;product_option_id;option_value_label;product_slug;product_name;game_name;category_name;price;currency;last_updated;base_quantity;quantity_unit;price_per_unit
df5ecc03-117b-48b0-96c4-d4c4bdf9492f;option;3cbd020e-22ab-414d-9cd2-7b73a1dc5e3b;f06ed006-b826-4b93-beab-a05fa944db9f;Developer's Secrets Part 1;eft-mechanic-quests-boost;Mechanic Quests - Developer's Secrets;Escape From Tarkov;Quests;16;USD;2026-01-07 18:31:29.045+00;1;unit;16
7aadc48d-311d-4c19-b41a-e13880ba52e1;product;07c5a6dd-e714-4db7-92b6-54707d54921d;;;celestial-riding-ox;Celestial Riding Ox;Mists of Pandaria;Mounts;263.96;USD;2026-01-07 17:57:05.503+00;1;unit;263.96
1b5f5abc-85ec-4794-b246-ab9cf456af4a;option;4b7324c2-79f9-4502-aa15-e1528e75dae1;9ae81e9a-8ea0-4982-90b0-6c4fbfd28931;Informed Means Armed;eft-skier-quests-boost;Skier Quests  - Other Quests;Escape From Tarkov;Quests;26;USD;2026-01-07 18:31:32.69+00;1;unit;26
93b27ba9-6c01-44d4-a396-28adfa2fba6c;option;9090c2e2-8451-48a7-b9ef-60fe8eabb118;53ffaa39-f7b6-41cd-9f21-ec0eeefaf2a0;Sanitary Standards Part 2;eft-therapist-quests-boost;Therapist Quests - Sanitary Standards ;Escape From Tarkov;Quests;9;USD;2026-01-07 18:31:37.292+00;2;unit;4.5
a5095cf6-85e5-46a0-86a2-7bb7b5b9d96d;product;8f46392e-f611-4b2c-bda2-41fce49f06e5;;;glory-of-the-omega-raider-boost;Glory of the Omega Raider Boost;War Within;Achievements;96.87;USD;2026-01-07 17:57:23.114+00;1;unit;96.87
3b1ba4a0-2be9-4e76-bb53-b4ccc15037e1;option;e904fa6c-7dd8-420d-a6ba-52800480b8c0;f75a1bed-f61d-4756-aec1-a5f79fcab0d6;Honored - Revered;the-maghar;The Mag'har - Desired Reputation Level;WoW: TBC;Reputations;39;USD;2026-01-07 18:31:40.997+00;1;unit;39
fd687395-6e3a-4cf1-af63-be488bfd6aa3;product;3459e362-5cfd-4607-89a7-15b8329bfb36;;;vicious-void-creeper;Vicious Void Creeper;War Within;Mounts;50.15;USD;2026-01-07 17:57:56.155+00;1;unit;50.15
e8ebb2c0-c9d0-49d8-a15f-d457d86d1fa0;product;4b6a15b0-4764-431f-8372-6e9f180c4436;;;tier-05-set;Tier 0.5 Set;20th Anniversary WoW;Gear;167.16;USD;2026-01-07 18:12:10.546+00;1;unit;167.16
9f6b8c48-304b-489c-a312-11027c4a541a;product;006c20cd-0aa1-4429-bae9-974f3c5e4a61;;;dustback-steed;Dustback Steed;Diablo IV;Mounts;0;USD;2026-01-07 18:12:16.139+00;1;unit;0
fde71feb-3ad5-4e7a-9a6c-39f0390cd573;product;91f7fc88-3b7b-4802-9446-f9230a8b4a61;;;loremaster-of-pandaria-achievement;Loremaster of Pandaria Achievement;Mists of Pandaria;Achievements;0;USD;2026-01-07 18:12:21.314+00;1;unit;0
eb630778-c38f-42ea-a74a-257997966e81;product;12b43851-c09f-4767-913a-851984a2e5d1;;;pale-steed;Pale Steed;Diablo IV;Mounts;0;USD;2026-01-07 18:12:25.698+00;1;unit;0
e043ac49-d226-4eb4-a974-36a8985af382;option;2d246a3b-4d8e-4789-92d6-384d15904dec;09c0081a-ca1a-4bdb-bbed-82e190ccc4dd;Friendly - Honored;darkfuse-solutions-reputation-boost;Darkfuse Solutions Reputation Boost - Reputation;War Within;Reputations;13.4;USD;2026-01-07 18:32:00.891+00;1;unit;13.4
4ed74892-e388-41ae-97ce-a82dad46de50;option;7e7fb27d-27e9-4e93-bfef-dc89a31babf5;b9350cf4-0d52-4075-af9d-c8facf94410c;Pilot;glory-of-the-ulduar-raider-boost;Glory of the Ulduar Raider Boost - Boost Mode;War Within;Achievements;0;USD;2026-01-07 18:32:13.934+00;1;unit;0
f01cd5ea-f932-4f51-b083-37d3f7da18eb;option;0538bef4-3fd6-415a-814b-4a052ba7284c;d063ac64-d105-47e9-a889-d3816348bc38;Neutral - Friendly;the-tillers;The Tillers - Select Desired Reputation Level;Mists of Pandaria;Reputations;5.28;USD;2026-01-07 18:32:31.857+00;1;unit;5.28
79e634e9-3175-45fc-80bd-c22a8c30b59f;option;b6b3e826-a628-4349-b8d3-e9212236d73d;e6de4a64-5e9f-45d4-91f1-36c8143f3fc4;High Roll Unique Power;gospel-of-the-devotee-9709;Gospel of the Devotee - Extra Power ;Diablo IV;Items;8.8;USD;2026-01-07 18:32:34.806+00;1;unit;8.8
c1b3eb25-da27-45dc-92b1-7b373afa1c24;option;c44e51a6-6928-4e15-9740-8ddf01790e56;b887ad02-44bf-4073-b3ad-820ed969eef7;Mall Cop ;eft-prapor-quests-boost;Prapor Quests  - Gendamerie ;Escape From Tarkov;Quests;45;USD;2026-01-07 18:31:21.532+00;1;unit;45
dbe83b38-fc91-442b-91a3-ce30a6b2913b;option;4ce9d86c-8ab6-45f3-9de2-f58801d6e938;9afb2e62-5b00-4280-ad36-3bf54a63fef1;NA;reins-of-the-heavenly-golden-cloud-serpent;Reins of the Heavenly Golden Cloud Serpent - Region;Mists of Pandaria;Mounts;0;USD;2026-01-07 18:31:22.91+00;1;unit;0
fe7db0e9-0140-4cb3-9a66-7c4dc2e892a6;product;4352b0bd-f585-484f-a07b-930a69c720a4;;;blue-barry;Blue Barry ;War Within;Mounts;24.65;USD;2026-01-07 17:57:11.723+00;1;unit;24.65
fd317ce9-1da0-44d5-863d-bc360f579c2a;product;4986b14a-139a-469a-b851-8a625643cb94;;;full-pvp-gear;Full PvP Gear;War Within;PvP;0;USD;2026-01-07 17:57:27.33+00;1;unit;0
f6582bca-c601-45e5-a230-0a2a39746819;product;dbe52b9e-9820-4068-8c15-1a0bf89b01c3;;;blackwater-cartel-reputation-boost;Blackwater Cartel Reputation Boost;War Within;Reputations;0.81;USD;2026-01-07 17:57:41.606+00;1;unit;0.81
b0108fc5-0423-47e0-ace9-851a0f94e920;product;eb13d0c2-7165-42bb-96b9-feab8c0d92f9;;;blood-bay-steed;Blood Bay Steed;Diablo IV;Mounts;0;USD;2026-01-07 17:57:57.325+00;1;unit;0
1001c816-fc18-4eb9-8d63-0ba5febed907;option;e1d90154-c93d-48b1-9a90-817bd82de73c;bff1b4ef-9d27-47ef-aeff-d99b194d25ac;Conquest Challenge 2;battlefield-6-challenges-assignments-completion-boost;Battlefield 6 Challenges & Assignments Completion Boost  - Assignments ( Unit );Battlefield 6;Leveling;18;USD;2026-01-07 18:32:17.181+00;2;unit;9
6454b1a5-ba8b-406c-8d13-d02485161b86;option;e1d90154-c93d-48b1-9a90-817bd82de73c;bff1b4ef-9d27-47ef-aeff-d99b194d25ac;Escalation Challenge 4 ;battlefield-6-challenges-assignments-completion-boost;Battlefield 6 Challenges & Assignments Completion Boost  - Assignments ( Unit );Battlefield 6;Leveling;46;USD;2026-01-07 18:32:17.629+00;4;unit;11.5
08e9ac01-2d46-472b-abd0-9d4cf731799a;option;e1d90154-c93d-48b1-9a90-817bd82de73c;bff1b4ef-9d27-47ef-aeff-d99b194d25ac;Team Deathmatch Challenge 3 ;battlefield-6-challenges-assignments-completion-boost;Battlefield 6 Challenges & Assignments Completion Boost  - Assignments ( Unit );Battlefield 6;Leveling;27;USD;2026-01-07 18:32:18.543+00;3;unit;9
d303fb60-a349-476e-8a56-5c3260113c31;product;7e760c51-3a4b-4d8c-b960-d3ba80378862;;;striped-steppe-steed;Striped Steppe Steed;Diablo IV;Mounts;0;USD;2026-01-07 18:12:34.291+00;1;unit;0
39618534-6793-46e6-902b-8734f7e37e1d;option;e1d90154-c93d-48b1-9a90-817bd82de73c;8463fa5f-8430-4530-834c-ed01f7c26daf;Recon Challenge 3;battlefield-6-challenges-assignments-completion-boost;Battlefield 6 Challenges & Assignments Completion Boost  - Assignments ( Class );Battlefield 6;Leveling;18;USD;2026-01-07 18:32:16.264+00;3;unit;6
2f4725ae-a703-4810-ba2f-f42b967bd7f0;option;e1d90154-c93d-48b1-9a90-817bd82de73c;0ea5c975-bdba-450c-9920-2528959f7ab0;Large Modes Challenge 2;battlefield-6-challenges-assignments-completion-boost;Battlefield 6 Challenges & Assignments Completion Boost  - Assignments ( Initiation );Battlefield 6;Leveling;8;USD;2026-01-07 18:32:16.736+00;2;unit;4
3c02a110-530f-4192-ae3a-4255a3a6d545;option;c44e51a6-6928-4e15-9740-8ddf01790e56;18335bbe-aea3-4031-a8da-8426560bb236;Easy Job Part 2 ;eft-prapor-quests-boost;Prapor Quests  - Easy Job ;Escape From Tarkov;Quests;35;USD;2026-01-07 18:31:21.398+00;2;unit;17.5
d1a50728-996a-41b6-a1e7-aea9a6033cb7;product;e7f01c5e-6dc3-45e7-b07c-7b098ca4078d;;;delvers-mana-skimmer-schematic-hyperdrive;Delver’s Mana-Skimmer Schematic: Hyperdrive;War Within;Delves;35.5;USD;2026-01-07 17:56:57.664+00;1;unit;35.5
90780dfb-0411-4660-b57b-1a5473752ecf;product;b4916168-ad35-4b85-80b2-63a12bfc3c9a;;;chariot-mount;Chariot Mount ;War Within;Mounts;126.65;USD;2026-01-07 17:57:14.9+00;1;unit;126.65
f8aa056e-cd13-45af-815e-499c72e90d3a;option;c44e51a6-6928-4e15-9740-8ddf01790e56;5dd276fa-6f5e-4791-ae6b-2b72166f2b7e;Test Drive Part 4 ;eft-prapor-quests-boost;Prapor Quests  - Test Drive ;Escape From Tarkov;Quests;85;USD;2026-01-07 18:31:21.861+00;4;unit;21.25
dea43639-5b28-4e11-96c8-b180fc20f32b;product;b8847db0-d41c-4d30-a37c-f98e0362e04a;;;the-arena-master;The Arena Master;Mists of Pandaria;PvP;1039.96;USD;2026-01-07 17:57:54.424+00;1;unit;1039.96
d6b8bb93-21ae-492e-b2da-8c8a0f3e7c81;option;839d5181-03fd-455d-9822-7532ff7d23ab;e18d66f5-afef-4ffc-932e-b7800e76babf;Neutral - Friendly;zandalar-tribe-reputation;Zandalar Tribe Reputation - Select Desired Reputation Level;20th Anniversary WoW;Reputations;4.18;USD;2026-01-07 18:31:56.719+00;1;unit;4.18
740eb8de-35bd-4d64-985c-712d576bb4b6;option;2d246a3b-4d8e-4789-92d6-384d15904dec;09c0081a-ca1a-4bdb-bbed-82e190ccc4dd;Revered - Exalted;darkfuse-solutions-reputation-boost;Darkfuse Solutions Reputation Boost - Reputation;War Within;Reputations;49.74;USD;2026-01-07 18:32:00.971+00;1;unit;49.74
a592d0ae-d430-40e8-8e17-b1c2bd778446;option;ecaa627a-7887-4a43-98c8-c24e21c74498;8027a1bd-0c53-48f7-ab9d-a09f58874cbd;Pilot;trappers-steed;Trapper’s Steed - Boost Mode;Diablo IV;Mounts;0;USD;2026-01-07 18:32:01.426+00;1;unit;0
6667b5aa-f153-43ec-8cca-bbf6c824da34;option;601e7f90-15ba-4fa0-842b-64615e995892;b9496a1c-c80e-4a2f-9396-98c49ea32867;EU;thorium-brotherhood-reputation;Thorium Brotherhood Reputation - Region;20th Anniversary WoW;Reputations;0;USD;2026-01-07 18:32:01.873+00;1;unit;0
fa21d90e-82e2-4b7c-8924-7790ebcf5cb6;option;e1d90154-c93d-48b1-9a90-817bd82de73c;0ea5c975-bdba-450c-9920-2528959f7ab0;Teamplay Challenge 2;battlefield-6-challenges-assignments-completion-boost;Battlefield 6 Challenges & Assignments Completion Boost  - Assignments ( Initiation );Battlefield 6;Leveling;14;USD;2026-01-07 18:32:16.594+00;2;unit;7
b2459175-e837-4c1d-831d-035dd399e810;option;c44e51a6-6928-4e15-9740-8ddf01790e56;b887ad02-44bf-4073-b3ad-820ed969eef7;Tickets Please ;eft-prapor-quests-boost;Prapor Quests  - Gendamerie ;Escape From Tarkov;Quests;60;USD;2026-01-07 18:31:21.441+00;1;unit;60
d868dce3-1bd2-472b-8194-c1b0fdad0722;product;e904fa6c-7dd8-420d-a6ba-52800480b8c0;;;the-maghar;The Mag'har;WoW: TBC;Reputations;0;USD;2026-01-07 17:57:18.263+00;1;unit;0
640a40bd-38bc-4914-89ff-e5a906eca134;product;3579dc12-1020-4d7b-aa21-0edd298059d8;;;granite-coat-steed;Granite-coat Steed;Diablo IV;Mounts;0;USD;2026-01-07 17:57:19.736+00;1;unit;0
ca9eebea-8eaf-4eae-b60d-94146dc2cce2;product;16e87875-03f2-4eee-ad7f-64f14d5dfe3f;;;swift-zulian-tiger;Swift Zulian Tiger;20th Anniversary WoW;Mounts;1170.36;USD;2026-01-07 17:57:27.765+00;1;unit;1170.36
f7692ab1-4af2-469f-a4bd-d8112a9e8522;product;508c21cb-fdf6-4d24-9401-48293946102d;;;translocated-gorger;Translocated Gorger;War Within;Mounts;17;USD;2026-01-07 17:57:29.29+00;1;unit;17
9274393c-6936-47eb-9e4a-38f63558fa58;option;3cbd020e-22ab-414d-9cd2-7b73a1dc5e3b;202f1f20-2a34-4f8a-b615-33d418576134;Farming Part 2;eft-mechanic-quests-boost;Mechanic Quests - Farming;Escape From Tarkov;Quests;9;USD;2026-01-07 18:31:29.166+00;2;unit;4.5
6cc235b2-7df0-44cc-bcd5-cc3cbf18b1e4;option;9090c2e2-8451-48a7-b9ef-60fe8eabb118;882f44ba-361c-442c-85ec-3ced85b38dbc;A Healthy Alternative;eft-therapist-quests-boost;Therapist Quests - Quests;Escape From Tarkov;Quests;9;USD;2026-01-07 18:31:37.005+00;1;unit;9
954794ff-11d3-4cec-b32c-9ccc92b24a30;option;aba8d745-7aaa-415e-a0b3-58fdb08b2c81;aae81f96-678c-4559-a10d-93613ba5f46f;4/8 Bosses;manaforge-omega-mythic;Manaforge Omega Mythic - Full Loot Prio;War Within;Raids;60.34;USD;2026-01-07 18:31:45.709+00;4;unit;15.085
68948dc9-c573-4eb9-a8a7-d4ec49a13f0e;option;c6558645-2b8b-455d-a6e1-ee4ab5f66612;c03ba077-ac73-4a30-b8ec-21ba5fde066b;Crushing Hands;spiritborn-builds;Spiritborn Builds - Select Build;Diablo IV;Builds;0;USD;2026-01-07 18:31:53.108+00;1;unit;0
9d992e44-afd6-4631-a5ea-405a5a4c90b4;option;2ada37a3-0f5e-4aed-aa4b-0ba47d4aac46;ff7a562c-35d3-46d8-bfd4-cbaf743138d2;EU;alterac-valley-reputation;Alterac Valley Reputation - Region;20th Anniversary WoW;Reputations;0;USD;2026-01-07 18:31:53.516+00;1;unit;0
082df03c-f10d-4f1e-8f19-1267a089b02c;option;e5e103b4-194e-43e6-9f7b-74001bdb9928;ec15d684-f528-44c1-a755-e3ecede28cbd;Seasonal;shroud-of-false-death;Shroud of False Death - Select World - Softcore;Diablo IV;Items;0;USD;2026-01-07 18:32:00.184+00;1;unit;0
49bebd69-c2fc-4809-a931-cf8612824240;option;ecaa627a-7887-4a43-98c8-c24e21c74498;8027a1bd-0c53-48f7-ab9d-a09f58874cbd;Remote;trappers-steed;Trapper’s Steed - Boost Mode;Diablo IV;Mounts;15;USD;2026-01-07 18:32:01.468+00;1;unit;15
25166a6e-e7f5-429f-9daf-b48f5d992e53;option;96d1bf21-faa1-49bc-82a4-961746875bde;9d0ef143-7f6e-44d3-a3ef-6825f774633b;Neutral - Friendly;emperor-shaohao;Emperor Shaohao  - Select Desired Reputation Level;Mists of Pandaria;Reputations;10.52;USD;2026-01-07 18:32:14.922+00;1;unit;10.52
596bd06a-4078-451e-aaa9-0589b5cb9d2a;option;e1d90154-c93d-48b1-9a90-817bd82de73c;0ea5c975-bdba-450c-9920-2528959f7ab0;Teamplay Challenge 3;battlefield-6-challenges-assignments-completion-boost;Battlefield 6 Challenges & Assignments Completion Boost  - Assignments ( Initiation );Battlefield 6;Leveling;18;USD;2026-01-07 18:32:16.64+00;3;unit;6
d03d1c6c-ce27-49a1-ab19-22cbbf8ba58c;product;9090c2e2-8451-48a7-b9ef-60fe8eabb118;;;eft-therapist-quests-boost;Therapist Quests;Escape From Tarkov;Quests;1.99;USD;2026-01-07 17:57:12.591+00;1;unit;1.99
9e0358e8-66b8-4d3d-9691-d03db3cf5d18;product;6ce13ea2-9987-4960-86d7-76a30d2ca832;;;tyrannotort;Tyrannotort;War Within;Mounts;33.15;USD;2026-01-07 17:57:26.818+00;1;unit;33.15
44805e9a-192a-447e-8581-373b26c45ef0;option;c44e51a6-6928-4e15-9740-8ddf01790e56;b887ad02-44bf-4073-b3ad-820ed969eef7;District Patrol ;eft-prapor-quests-boost;Prapor Quests  - Gendamerie ;Escape From Tarkov;Quests;70;USD;2026-01-07 18:31:21.482+00;1;unit;70
bff8c1b4-d498-4879-9655-f8da3ed05e9c;option;c44e51a6-6928-4e15-9740-8ddf01790e56;5dd276fa-6f5e-4791-ae6b-2b72166f2b7e;Test Drive Part 6;eft-prapor-quests-boost;Prapor Quests  - Test Drive ;Escape From Tarkov;Quests;65;USD;2026-01-07 18:31:21.954+00;6;unit;10.833333333333334
db2b4901-42c2-4f6c-94d9-73cf736e1bde;product;3df88a4e-282d-4fc6-90ca-60f8ebb2dad1;;;skull-torch;Skull Torch;Diablo IV;Cosmetics;0;USD;2026-01-07 17:57:47.213+00;1;unit;0
a59da0df-16ec-432c-bca1-dfa3fd60b1a8;option;58004f5d-799a-43da-92d7-23994c13f4ff;fd1aae00-d68f-40b6-b0a1-b58d845f8102;Sew it Good Part 4;eft-ragman-quests-boost;Ragman Quests - Sew it Good;Escape From Tarkov;Quests;19;USD;2026-01-07 18:31:30.401+00;4;unit;4.75
729ae5c0-1abc-4753-ac4b-185185679c53;option;9090c2e2-8451-48a7-b9ef-60fe8eabb118;1b87267f-09a7-4c47-b3be-7db9e12305df;Operation Aquarius  Part 1 ;eft-therapist-quests-boost;Therapist Quests - Operation Aquarius ;Escape From Tarkov;Quests;7;USD;2026-01-07 18:31:37.044+00;1;unit;7
7db29deb-267a-4988-aaae-0d8984f58bdd;option;9090c2e2-8451-48a7-b9ef-60fe8eabb118;26d4807a-86d3-4844-989c-754ac5f23801;Colleagues Part 2;eft-therapist-quests-boost;Therapist Quests - Colleagues;Escape From Tarkov;Quests;25;USD;2026-01-07 18:31:37.451+00;2;unit;12.5
c467d4d7-8c5c-4ea2-8506-d99b95e1600a;option;601e7f90-15ba-4fa0-842b-64615e995892;53b4324d-118a-4aa5-8984-ba230fbbde41;Neutral - Friendly;thorium-brotherhood-reputation;Thorium Brotherhood Reputation - Select Desired Reputation Level;20th Anniversary WoW;Reputations;12.54;USD;2026-01-07 18:32:01.956+00;1;unit;12.54
6e34a937-4e51-474e-ba56-c52bafc38ada;option;e1d90154-c93d-48b1-9a90-817bd82de73c;0ea5c975-bdba-450c-9920-2528959f7ab0;Large Modes Challenge 1;battlefield-6-challenges-assignments-completion-boost;Battlefield 6 Challenges & Assignments Completion Boost  - Assignments ( Initiation );Battlefield 6;Leveling;8;USD;2026-01-07 18:32:16.692+00;1;unit;8
fbb3ebbc-aecd-4d80-86ac-bbf4cd6f340f;product;129cb066-df05-4625-a9de-2619472e26a6;;;the-golden-lotus;The Golden Lotus;Mists of Pandaria;Reputations;0;USD;2026-01-07 18:12:56.971+00;1;unit;0
cb133874-0b23-43de-b83c-823130e5fc4e;option;646cb4f6-404c-47e9-b2e5-36b9d5bd4eed;26f16356-da2d-4c4b-a2a5-c113bc63aaf7;2nd Ascendancy Trial +4 Ascendancy Points;poe-2-ascension-trials-boost;Ascension Trials Boost - Choose Trial;Path of Exile 2;Leveling;6;USD;2026-01-07 18:31:41.157+00;2;nd;3
8e619a8a-6d6a-475a-a2d2-17e22278a754;option;e131fa68-934a-45cf-bc3a-e5f0abcabe8a;6a570306-686e-48ab-87de-b3ef5c068b7c;Remote;taiga-roan-steed;Taiga Roan Steed - Boost Mode;Diablo IV;Mounts;15;USD;2026-01-07 18:31:46.959+00;1;unit;15
ef10caea-baf4-4dff-b2c0-acb2745badbe;option;b0d61777-45cd-4eae-90c7-bf70b4c04278;0d81c0ab-0a25-4d11-bf32-a886c81f33b3;Pilot;diadem-of-the-ancient;Diadem of the Ancient - Boost Mode;Diablo IV;Cosmetics;0;USD;2026-01-07 18:32:01.053+00;1;unit;0
d77c7443-3b73-4273-98a8-bc38619a0185;option;c44e51a6-6928-4e15-9740-8ddf01790e56;1c6a644e-5f0b-47e6-8b2d-c2a1f6725834;Glory CPSU Part 1 ;eft-prapor-quests-boost;Prapor Quests  - Glory CPSU ;Escape From Tarkov;Quests;15;USD;2026-01-07 18:31:21.577+00;1;unit;15
4cbbc5e8-fb39-43f7-8795-9d0619b27119;product;ae804199-da6e-424e-b21f-c3c263d2622a;;;chrono-corsair;Chrono Corsair ;War Within;Mounts;21.25;USD;2026-01-07 17:57:17.441+00;1;unit;21.25
d084f63a-c6e6-475e-97f9-0db152ad1e14;product;9d16b707-217a-41d2-973e-285352d21c4d;;;ashtongue-deathsworn;Ashtongue Deathsworn;WoW: TBC;Reputations;0;USD;2026-01-07 17:57:38.271+00;1;unit;0
4bead78d-5960-4b8a-83ae-1a6ad44998d9;option;9090c2e2-8451-48a7-b9ef-60fe8eabb118;29b6226c-e55e-459f-8da0-5701f667e1a0;Pets wont Need It Part 1 ;eft-therapist-quests-boost;Therapist Quests - Pets wont Need It ;Escape From Tarkov;Quests;17;USD;2026-01-07 18:31:37.125+00;1;unit;17
58908b4b-bb40-4987-9b65-a3c9153be928;option;9090c2e2-8451-48a7-b9ef-60fe8eabb118;a4b907ca-8ba9-4743-8f9f-aab4969c49a5;Health Care Privacy Part 1;eft-therapist-quests-boost;Therapist Quests - Health Care Privacy;Escape From Tarkov;Quests;14;USD;2026-01-07 18:31:37.551+00;1;unit;14
04c0faa7-1566-4da1-a2a8-4424724182a5;option;dc51aea4-aa84-4b8c-80ca-fd92ef06881a;42805b78-8413-4230-9e83-991e3d3838b4;Pest Control;Jaeger-quests-eft-boost;Jaeger Quests  - Acquaintance 1;Escape From Tarkov;Quests;50;USD;2026-01-07 18:31:38.381+00;1;unit;50
3bafb736-06d3-4e6b-b8ce-e27da40820c0;option;91f7fc88-3b7b-4802-9446-f9230a8b4a61;cb06ecd6-28ed-4e85-b8bd-aaf59fa3cc23;Slum It in the Summit;loremaster-of-pandaria-achievement;Loremaster of Pandaria Achievement - Choose Desired Achievements;Mists of Pandaria;Achievements;17.56;USD;2026-01-07 18:32:08.116+00;1;unit;17.56
6568ef51-49ae-4974-acc8-e2ed333c8088;option;f8bb0ea7-9c25-4f3e-a179-a5f66e26a113;bfbdb0f4-5422-4b22-b0cb-ed9b760badc4;UMG-40;battlefield-6-weapon-unlock-boost;Battlefield 6 Weapon Unlock Boost  - SMG;Battlefield 6;Leveling;58;USD;2026-01-07 18:32:09.373+00;40;unit;1.45
f17ffa97-31c2-4825-ba8b-42921bc8b4bf;product;35de5914-0bf3-4035-ac09-e3d53bacca41;;;the-shado-pan;The Shado-Pan;Mists of Pandaria;Reputations;0;USD;2026-01-07 18:13:03.786+00;1;unit;0
cc14ba24-4c18-41f5-94a5-30eceab5b044;product;25e7f944-9f6f-4da9-b9a5-18aeb7a9d100;;;the-order-of-the-cloud-serpent;The Order of the Cloud Serpent;Mists of Pandaria;Reputations;0;USD;2026-01-07 18:13:07.978+00;1;unit;0
37828c80-1be4-4e56-9565-398b83c65ba5;option;d0fe9403-122b-48c8-a9f5-56401cdc6a13;7aefe280-092d-4ad7-86a9-e97937d167cc;Selfplay;glory-of-the-dominant-raider-boost;Glory of the Dominant Raider Boost - Boost Mode;War Within;Achievements;0;USD;2026-01-07 18:31:42.898+00;1;unit;0
8bf8b38a-8f29-46f2-a153-fcc36366b7c5;product;d068a495-a305-4b90-b973-6ed3f64d2df6;;;glory-of-the-pandaria-raider;Glory of the Pandaria Raider;Mists of Pandaria;Raids;399.96;USD;2026-01-07 18:13:26.891+00;1;unit;399.96
a8fffeec-2960-4b8f-8f46-c2723861df2a;option;16fdefab-cd88-47d5-b0c6-35b9df2300eb;c716f59c-073d-4abd-af79-65498ec4e910;NA;delvers-dirigible-mount;Delver’s Dirigible Mount - Region;War Within;Delves;0;USD;2026-01-07 18:13:29.464+00;1;unit;0
1e7e48a1-4b70-4220-941c-329d397be284;option;be03d496-87d6-4219-a907-78516f4f1c50;d0c89232-819d-4163-bd2f-31673ed4e626;EU;delves-season-pass;Delves Season Pass - Region;War Within;Delves;0;USD;2026-01-07 18:13:29.915+00;1;unit;0
85860e8b-f672-40a6-9410-da38932918a5;option;2ada37a3-0f5e-4aed-aa4b-0ba47d4aac46;559a6a9c-90f2-4725-8a32-3279bde7f2d0;Friendly - Honored;alterac-valley-reputation;Alterac Valley Reputation - Select your Desired Reputation Level;20th Anniversary WoW;Reputations;15.048;USD;2026-01-07 18:31:53.632+00;1;unit;15.048
fa36a6a9-e392-4593-ae29-2f364a906fac;option;e1d90154-c93d-48b1-9a90-817bd82de73c;8463fa5f-8430-4530-834c-ed01f7c26daf;Assault Challenge 2;battlefield-6-challenges-assignments-completion-boost;Battlefield 6 Challenges & Assignments Completion Boost  - Assignments ( Class );Battlefield 6;Leveling;18;USD;2026-01-07 18:32:15.398+00;2;unit;9
5ce9e1b3-e34e-44ff-9d0e-6c2ee2c2c076;option;e56d1436-8505-4d8b-9940-c1d4a54fa2c8;07772966-5b6a-47b2-bd64-ec3851dd0da3;The Anglers (Exalted);pandaren-ambassador-achievement;Pandaren Ambassador Achievement - Boost Option;Mists of Pandaria;Achievements;42.2;USD;2026-01-07 18:32:59.903+00;1;unit;42.2
fd5d5581-7aa1-49af-9e7b-a888fc43b1a0;product;a6fe7303-6528-4b64-8eb7-d71e49dc41ff;;;resplendent-karroc;Resplendent K'arroc;War Within;Mounts;67.15;USD;2026-01-07 17:56:57.37+00;1;unit;67.15
da3f54b3-f38a-47ef-90db-4ba63e4a0956;product;3745c202-29ea-4327-98a6-090be7fa1ae1;;;glory-of-the-draenor-raider-boost;Glory of the Draenor Raider Boost;War Within;Achievements;12.04;USD;2026-01-07 17:56:58.997+00;1;unit;12.04
5ebf61ef-c5b5-49e6-bef8-d21472a8086b;option;c44e51a6-6928-4e15-9740-8ddf01790e56;1c6a644e-5f0b-47e6-8b2d-c2a1f6725834;Glory CPSU Part 2 ;eft-prapor-quests-boost;Prapor Quests  - Glory CPSU ;Escape From Tarkov;Quests;15;USD;2026-01-07 18:31:21.634+00;2;unit;7.5
f44342d6-0400-47be-9271-a12b48f49365;product;793db771-03c2-44cb-b55d-6c8b71be510b;;;tower-overwhelming;Tower Overwhelming;War Within;Legacy Content;112.24;USD;2026-01-07 17:57:02.054+00;1;unit;112.24
d764409a-f206-4b5d-a797-e841675de630;product;dc51aea4-aa84-4b8c-80ca-fd92ef06881a;;;Jaeger-quests-eft-boost;Jaeger Quests ;Escape From Tarkov;Quests;1.99;USD;2026-01-07 17:57:15.13+00;1;unit;1.99
cf8e56b2-b237-4bc8-a5d8-65a6f3c9def2;product;1212f14d-2e3d-480b-954f-64eb8757adbc;;;void-forged-stallion;Void-Forged Stallion;War Within;Mounts;4.24;USD;2026-01-07 17:57:25.369+00;1;unit;4.24
ff4eadcb-3578-4f69-8c87-a0aa93ae7332;product;f1c0275f-b890-483d-ac91-ffb13009995d;;;pre-raid-gear;Pre-Raid Gear;20th Anniversary WoW;Gear;125.36;USD;2026-01-07 17:57:32.1+00;1;unit;125.36
618b624d-9821-416e-bb40-cd6bcf8b0a73;product;c11cf2e9-7898-431e-bded-51e147bd6ed6;;;tier-14-set-boost;Tier 14 Set Boost;Mists of Pandaria;Gear;0;USD;2026-01-07 17:57:32.589+00;1;unit;0
febab2f0-7799-44e3-a06b-b95121902723;product;9aa65d73-40cc-4eec-a823-ed03c497f9a3;;;argent-dawn-reputation;Argent Dawn Reputation;20th Anniversary WoW;Reputations;0;USD;2026-01-07 17:57:35.434+00;1;unit;0
cf5e6ddf-06af-4d54-b245-436e11061268;product;839d5181-03fd-455d-9822-7532ff7d23ab;;;zandalar-tribe-reputation;Zandalar Tribe Reputation;20th Anniversary WoW;Reputations;0;USD;2026-01-07 17:57:37.332+00;1;unit;0
44102a52-a4d3-42fd-a94c-d8a5ec9767d5;option;c6558645-2b8b-455d-a6e1-ee4ab5f66612;4de1b4cc-13b7-437e-8e34-917ff1446184;PC;spiritborn-builds;Spiritborn Builds - Select Your Platform;Diablo IV;Builds;0;USD;2026-01-07 18:31:52.868+00;1;unit;0
c71cbcf5-63d1-47a7-92e0-42be9cf2ab88;option;2ada37a3-0f5e-4aed-aa4b-0ba47d4aac46;559a6a9c-90f2-4725-8a32-3279bde7f2d0;Honored - Revered;alterac-valley-reputation;Alterac Valley Reputation - Select your Desired Reputation Level;20th Anniversary WoW;Reputations;30.096;USD;2026-01-07 18:31:53.68+00;1;unit;30.096
bf9c55e6-eccc-4acf-90c3-9f0a076084fe;product;5205ce60-5f11-4af8-a652-ea3f8c717a88;;;operation-shieldwall;Operation: Shieldwall;Mists of Pandaria;Reputations;0;USD;2026-01-07 17:57:47.79+00;1;unit;0
bb964ae4-18e3-42ee-8838-9950c009794c;product;e0c73ec2-09d5-46f9-8d6a-f1560c863d15;;;mogushan-vaults;Mogu’shan Vaults;Mists of Pandaria;Raids;0;USD;2026-01-07 17:57:48.229+00;1;unit;0
a5f7b2c0-2e1f-46ea-9778-f6c71843f56f;product;ec2e5c1a-9d25-4b1d-a09c-ea500c07353f;;;terrace-of-endless-spring;Terrace of Endless Spring;Mists of Pandaria;Raids;0;USD;2026-01-07 17:57:50.135+00;1;unit;0
32465ab2-ed5d-4611-8e51-5aea2f4abb70;option;4fc7414f-477a-4395-a5ee-6909b4a1a977;f82715f1-f9c7-40c5-9aa5-66a45c05e6fb;EU;arathi-basin-reputation;Arathi Basin Reputation - Region;20th Anniversary WoW;Reputations;0;USD;2026-01-07 18:31:54.093+00;1;unit;0
e765d1ad-29a3-4b6b-88ec-c026923d2ee2;option;ee6875e6-de41-425c-b899-8b19ba9019b6;ea1f411a-86fb-4cc9-93e2-0b59eac6475e;Honored - Revered;venture-co-reputation-boost;Venture Co. Reputation Boost - Reputation;War Within;Reputations;18.48;USD;2026-01-07 18:31:54.494+00;1;unit;18.48
11c9002b-2455-434c-889f-dd0ec57ebed8;option;e1d90154-c93d-48b1-9a90-817bd82de73c;8463fa5f-8430-4530-834c-ed01f7c26daf;Recon Specialist Challenge 3;battlefield-6-challenges-assignments-completion-boost;Battlefield 6 Challenges & Assignments Completion Boost  - Assignments ( Class );Battlefield 6;Leveling;71;USD;2026-01-07 18:32:16.408+00;3;unit;23.666666666666668
c363208b-3a8d-4c86-b740-6d80f3ccda37;option;2d246a3b-4d8e-4789-92d6-384d15904dec;a4cf76d5-b510-4d44-8016-c45902e14418;Pilot;darkfuse-solutions-reputation-boost;Darkfuse Solutions Reputation Boost - Boost Mode;War Within;Reputations;0;USD;2026-01-07 18:32:00.762+00;1;unit;0
34d9d8f8-1167-4493-8a91-5f4999380d54;option;f8bb0ea7-9c25-4f3e-a179-a5f66e26a113;bfbdb0f4-5422-4b22-b0cb-ed9b760badc4;USG-90;battlefield-6-weapon-unlock-boost;Battlefield 6 Weapon Unlock Boost  - SMG;Battlefield 6;Leveling;79;USD;2026-01-07 18:32:09.412+00;90;unit;0.8777777777777778
57859550-52db-420c-8b75-e79a7c362843;option;7ed9c712-1ffc-4460-ab87-09573dd48e42;076bc07c-27bb-4315-b013-daed097ad36c;Wet Job Part 4;peacekeeper-quests;Peacekeeper Quests - Wet Job;Escape From Tarkov;Quests;19;USD;2026-01-07 18:13:23.419+00;4;unit;4.75
11608318-d8c5-4ccd-81b1-37443be2cdd8;option;28e7cc58-0b6d-474e-9d8f-e115d537fe32;e03ad817-3442-4f5b-b791-082b9140caf9;NA;glory-of-the-dragonflight-hero-boost;Glory of the Dragonflight Hero Boost - Region;War Within;Achievements;0;USD;2026-01-07 18:32:12.955+00;1;unit;0
4e5251c0-7f2b-4380-8149-b5ffc913f539;option;c44e51a6-6928-4e15-9740-8ddf01790e56;b49e6eaf-46b3-49da-bec1-b5991bc2f7bf;Postman Pat Part 1;eft-prapor-quests-boost;Prapor Quests  - Postman Pat;Escape From Tarkov;Quests;7;USD;2026-01-07 18:31:21.683+00;1;unit;7
8c9933df-f6e3-4706-8c5e-60a71e1982fc;option;3cbd020e-22ab-414d-9cd2-7b73a1dc5e3b;3a4ecd9b-b173-4821-8325-949b105eb419;Capacity Check;eft-mechanic-quests-boost;Mechanic Quests - Other Quests;Escape From Tarkov;Quests;24;USD;2026-01-07 18:31:28.558+00;1;unit;24
ed84f9ca-ceaf-4ab2-be5a-2c94e81f2974;product;0e6978bc-bb79-4f9f-95f2-1f4b64b75c30;;;vessel-of-hatred-campaign;Vessel of Hatred Campaign;Diablo IV;Leveling;22;USD;2026-01-07 17:57:40.833+00;1;unit;22
b4812695-edc0-4a20-b392-0132606004e5;product;8cf3ff9d-97a0-4c50-91b2-ebb8ab71790f;;;d4-paladin-build-season-11;Paladin Builds;Diablo IV;Builds;1.99;USD;2026-01-07 17:57:48.715+00;1;unit;1.99
e44f3213-e7ff-43fc-b0f7-e0902ff32b90;product;96d1bf21-faa1-49bc-82a4-961746875bde;;;emperor-shaohao;Emperor Shaohao ;Mists of Pandaria;Reputations;0;USD;2026-01-07 17:57:57.968+00;1;unit;0
f92cf82b-a3e3-4b8f-ab84-7aac9c23aaad;option;625d437c-a421-427d-95fd-d016707b6f1a;0ed3283f-1419-4646-b979-aeed722a97e0;Neutral - Friendly;hydraxian-waterlords-reputation;Hydraxian Waterlords Reputation - Select Desired Reputation Level;20th Anniversary WoW;Reputations;19.227999999999998;USD;2026-01-07 18:31:58.642+00;1;unit;19.227999999999998
a9fd066e-c109-420f-ad6d-9354fc6b6d16;product;312e52e5-a8e2-4517-b2b2-9631d219e8f1;;;overcharged-delver-achievement;Overcharged Delver Achievement;War Within;Delves;14.18;USD;2026-01-07 18:13:10.443+00;1;unit;14.18
f1b054f6-9af9-4fd7-8e40-b9dbaffdb3c1;option;2d246a3b-4d8e-4789-92d6-384d15904dec;a4cf76d5-b510-4d44-8016-c45902e14418;Remote;darkfuse-solutions-reputation-boost;Darkfuse Solutions Reputation Boost - Boost Mode;War Within;Reputations;12.11;USD;2026-01-07 18:32:00.806+00;1;unit;12.11
880dc6d2-5d19-4ca1-8723-33b282212fdf;option;e1d90154-c93d-48b1-9a90-817bd82de73c;8463fa5f-8430-4530-834c-ed01f7c26daf;Assault Challenge 3;battlefield-6-challenges-assignments-completion-boost;Battlefield 6 Challenges & Assignments Completion Boost  - Assignments ( Class );Battlefield 6;Leveling;18;USD;2026-01-07 18:32:15.463+00;3;unit;6
cbba48ac-f5d4-46ac-99ed-32860ce90f5f;product;0d28d96f-b65d-4a8d-b8c1-46ed852333b8;;;glory-of-the-thundering-raider-achievement;Glory of the Thundering Raider Achievement;Mists of Pandaria;Achievements;399.96;USD;2026-01-07 18:13:16.206+00;1;unit;399.96
b73ad451-0d0b-4006-8343-2bc74279cc29;product;1b411836-2748-44fb-af65-c8600385b4c5;;;mythic-dimensius;Mythic Dimensius ;War Within;Raids;136.46;USD;2026-01-07 18:13:27.581+00;1;unit;136.46
050d2f33-c519-4fec-a338-cde6ebb287d3;option;49896428-e437-4281-8799-897d2697f22a;b94ccab8-e3a6-4ecf-a08d-0bcd26b10105;NA;karazhan;Karazhan - Region;WoW: TBC;Attunements;0;USD;2026-01-07 18:13:29.693+00;1;unit;0
539a48d5-5e70-4dc4-ac12-779d6132d755;option;be03d496-87d6-4219-a907-78516f4f1c50;4eaa2e27-cf04-4b66-949e-24e7f79e07ce;4x Tier 11 Delves;delves-season-pass;Delves Season Pass - Full Season ;War Within;Delves;120.32;USD;2026-01-07 18:13:30.112+00;4;x;30.08
33c0a2e7-1397-4f13-a311-9266c0edc158;product;702edf9d-c8fe-4466-9bb8-b91313a09202;;;glory-of-the-dream-raider-boost;Glory of the Dream Raider Boost;War Within;Achievements;45.16;USD;2026-01-07 18:13:30.574+00;1;unit;45.16
2281cc71-1b06-4949-bad8-3c1dd3fcb53d;option;56893a99-db5d-44cd-ac7c-ab23dfad4f37;12b23792-f355-4e48-a5b8-12c170e3df2b;EU;glory-of-the-nathria-raider-boost;Glory of the Nathria Raider Boost - Region;War Within;Achievements;0;USD;2026-01-07 18:13:31+00;1;unit;0
11f8ee12-e498-4a92-9c0d-2a5b0f550b62;option;bfb44828-1ca0-4c07-bd47-25e46bb8b7a4;9975062f-df9d-44a7-8439-8c3733218fd7;Pilot;glory-of-the-eternal-raider-boost;Glory of the Eternal Raider Boost - Boost Mode;War Within;Achievements;0;USD;2026-01-07 18:13:31.418+00;1;unit;0
9e5794b5-5e40-4cbb-a2bc-10d01b5193dd;product;7790cce1-5286-4d60-a7fc-9a630ff71aaa;;;glory-of-the-tomb-raider-boost;Glory of the Tomb Raider Boost;War Within;Achievements;21.28;USD;2026-01-07 18:13:31.852+00;1;unit;21.28
85d1cc4d-d75a-4cbf-b48a-443f6656bf26;product;b426b5cf-dd25-4dd3-a60f-1d7ea8cc0a5b;;;glory-of-the-firelands-raider-boost;Glory of the Firelands Raider Boost;War Within;Achievements;10.63;USD;2026-01-07 18:13:32.309+00;1;unit;10.63
da42f13e-f191-4e28-b8ed-ae80a098226a;option;3a46c5ef-739d-4c07-8852-8c820964a6f2;3a9bf829-0a13-44e4-8800-d703d10823bd;NA;wow-phase-lost-slateback;WoW Phase-Lost Slateback - Region;War Within;Mounts;0;USD;2026-01-07 18:13:32.718+00;1;unit;0
05ffec0a-5a66-43bd-b0f0-85965d77dbbb;option;a14febbc-49b6-45af-bce6-f1980c081241;91bfbac4-ce33-4420-b933-4484746ede7a;NA;glory-of-the-delver;Glory of the Delver - Region;War Within;Delves;0;USD;2026-01-07 18:13:33.553+00;1;unit;0
a03d789b-2468-43ff-9cf3-af3905d54ac6;option;c44e51a6-6928-4e15-9740-8ddf01790e56;5dd276fa-6f5e-4791-ae6b-2b72166f2b7e;Test Drive Part 1 ;eft-prapor-quests-boost;Prapor Quests  - Test Drive ;Escape From Tarkov;Quests;35;USD;2026-01-07 18:31:21.724+00;1;unit;35
e47903c6-a1b4-4904-9d51-6ddd81cb150c;product;c397ed21-b281-4fe8-b57c-e92ccaa2ffd2;;;ring-of-starless-skies;Ring of Starless Skies;Diablo IV;Items;35.2;USD;2026-01-07 17:57:10.92+00;1;unit;35.2
ad0d7ef9-2391-4bc4-a2bf-c58af1c117c3;product;44d20b45-3c0a-4ead-8883-11865b42cb80;;;clutch-of-ji-kun;Clutch of Ji-Kun;Mists of Pandaria;Mounts;1202.92;USD;2026-01-07 17:57:12.36+00;1;unit;1202.92
865f6a90-a48f-4bbe-a85f-efee230e5b6b;option;e7f01c5e-6dc3-45e7-b07c-7b098ca4078d;7dd5b51a-0799-4b78-ae9c-29abb8e92a03;Brann Level 60;delvers-mana-skimmer-schematic-hyperdrive;Delver’s Mana-Skimmer Schematic: Hyperdrive - Extra Options;War Within;Delves;142.12;USD;2026-01-07 18:31:23.552+00;60;unit;2.368666666666667
2999968d-eb63-47a4-9a2a-367a5f06700d;option;9090c2e2-8451-48a7-b9ef-60fe8eabb118;53ffaa39-f7b6-41cd-9f21-ec0eeefaf2a0;Sanitary Standards Part 1;eft-therapist-quests-boost;Therapist Quests - Sanitary Standards ;Escape From Tarkov;Quests;9;USD;2026-01-07 18:31:37.247+00;1;unit;9
5b2a59d8-f1ff-4556-ba5d-10fc6517cca3;option;9090c2e2-8451-48a7-b9ef-60fe8eabb118;a4b907ca-8ba9-4743-8f9f-aab4969c49a5;Health Care Privacy Part 4;eft-therapist-quests-boost;Therapist Quests - Health Care Privacy;Escape From Tarkov;Quests;9;USD;2026-01-07 18:31:37.667+00;4;unit;2.25
2198c433-56df-4cdb-8cb4-64cba035e123;option;c6558645-2b8b-455d-a6e1-ee4ab5f66612;4de1b4cc-13b7-437e-8e34-917ff1446184;XBOX;spiritborn-builds;Spiritborn Builds - Select Your Platform;Diablo IV;Builds;0;USD;2026-01-07 18:31:52.945+00;1;unit;0
05eac82c-73bb-4a29-ae07-5458e1905f69;option;c6558645-2b8b-455d-a6e1-ee4ab5f66612;e04f6b4d-e4f0-4647-b776-99be2bec6288;Tormented;spiritborn-builds;Spiritborn Builds - Select Build Level;Diablo IV;Builds;396;USD;2026-01-07 18:31:53.35+00;1;unit;396
e97b98fa-2cad-4f32-b3e3-7bd55617c58f;option;2d246a3b-4d8e-4789-92d6-384d15904dec;09c0081a-ca1a-4bdb-bbed-82e190ccc4dd;Neutral - Friendly;darkfuse-solutions-reputation-boost;Darkfuse Solutions Reputation Boost - Reputation;War Within;Reputations;7.11;USD;2026-01-07 18:32:00.853+00;1;unit;7.11
ba4d1b80-252f-4d28-8e28-cf8b6421f2b0;product;7e7fb27d-27e9-4e93-bfef-dc89a31babf5;;;glory-of-the-ulduar-raider-boost;Glory of the Ulduar Raider Boost;War Within;Achievements;13.05;USD;2026-01-07 17:57:57.002+00;1;unit;13.05
9dcde3e9-4782-44de-8f01-10b07559ec48;option;e1d90154-c93d-48b1-9a90-817bd82de73c;0ea5c975-bdba-450c-9920-2528959f7ab0;Squadplay Challenge;battlefield-6-challenges-assignments-completion-boost;Battlefield 6 Challenges & Assignments Completion Boost  - Assignments ( Initiation );Battlefield 6;Leveling;9;USD;2026-01-07 18:32:16.464+00;1;unit;9
93682fad-5862-43cc-8801-7ba845bd53f3;option;e1d90154-c93d-48b1-9a90-817bd82de73c;0ea5c975-bdba-450c-9920-2528959f7ab0;Small Modes Challenge 2 ;battlefield-6-challenges-assignments-completion-boost;Battlefield 6 Challenges & Assignments Completion Boost  - Assignments ( Initiation );Battlefield 6;Leveling;8;USD;2026-01-07 18:32:16.908+00;2;unit;4
266021a0-c59b-4f9f-a955-7f18ae918892;option;3be9a498-673f-4ad1-91c5-7cf8416ac7b1;fda2456a-863e-40fb-9e1c-8f23a39ed9d1;Dread Pirate Ring;heirloom-gear;Heirloom Gear - Gear Options;Mists of Pandaria;Gear;79.16;USD;2026-01-07 18:32:56.701+00;1;unit;79.16
d1be70c9-bf04-4e80-a08f-03859a6c00bf;product;4ce5c5bd-e753-4347-b963-ae664d0bb4ea;;;proving-grounds;Proving Grounds;Mists of Pandaria;Challenge Mode;0;USD;2026-01-07 17:56:59.73+00;1;unit;0
78375ee5-8ec5-433a-b66d-89588d08635c;product;4c970447-5caa-47d5-b1f5-3bdbb157c541;;;eft-btr-driver-quests-boost;BTR Driver Quests;Escape From Tarkov;Quests;1.99;USD;2026-01-07 17:57:01.25+00;1;unit;1.99
bc9eb46d-4b56-498b-bb22-bea901a2b251;option;4ce5c5bd-e753-4347-b963-ae664d0bb4ea;691c0c82-6528-4702-9563-e6fb2e5369a8;Gold;proving-grounds;Proving Grounds - Select Trial Difficulty;Mists of Pandaria;Challenge Mode;13.56;USD;2026-01-07 18:31:25.333+00;1;unit;13.56
4371191e-3337-412c-86ab-7723e69d3938;option;9090c2e2-8451-48a7-b9ef-60fe8eabb118;1116b5f7-f350-4e9d-a358-cf2ada8a50f7;Echo;eft-therapist-quests-boost;Therapist Quests - Thirsty;Escape From Tarkov;Quests;11;USD;2026-01-07 18:31:37.337+00;1;unit;11
1efaffd8-61ca-4c25-8420-eff9b3926610;option;c6558645-2b8b-455d-a6e1-ee4ab5f66612;8aef5aa8-060f-4a93-a70e-9ce8ca4c1a0c;Eternal;spiritborn-builds;Spiritborn Builds - Select World - Softcore;Diablo IV;Builds;50;USD;2026-01-07 18:31:53.033+00;1;unit;50
d2bab861-170b-4ef0-a6aa-67e47b0d2e4c;product;91c957d5-def7-4cf8-9fe2-e65fa1a9ca55;;;the-big-g-mount;The Big G Mount ;War Within;Mounts;33.15;USD;2026-01-07 17:57:21.201+00;1;unit;33.15
8d10734d-0b3e-4e03-a1e4-4d659d6c9cbb;option;2ada37a3-0f5e-4aed-aa4b-0ba47d4aac46;13897454-c4ab-47f1-b5a9-bf16190e935d;Pilot;alterac-valley-reputation;Alterac Valley Reputation - Boost Mode;20th Anniversary WoW;Reputations;0;USD;2026-01-07 18:31:53.438+00;1;unit;0
5d4e85ab-f59c-4855-8dbd-fdf9ce8afacd;option;625d437c-a421-427d-95fd-d016707b6f1a;0ed3283f-1419-4646-b979-aeed722a97e0;Revered - Exalted;hydraxian-waterlords-reputation;Hydraxian Waterlords Reputation - Select Desired Reputation Level;20th Anniversary WoW;Reputations;134.596;USD;2026-01-07 18:31:58.779+00;1;unit;134.596
e4baa5bd-1c59-41f0-b291-4dbd421a9f6c;product;602c3b75-2253-443c-a2f4-7c790c7aa52b;;;incognitro-the-indecipherable-felcycle;Incognitro, the Indecipherable Felcycle;War Within;Mounts;67.15;USD;2026-01-07 17:57:38.038+00;1;unit;67.15
41eb4668-8a2e-4788-8735-284cb9087d0d;option;2d246a3b-4d8e-4789-92d6-384d15904dec;09c0081a-ca1a-4bdb-bbed-82e190ccc4dd;Honored - Revered;darkfuse-solutions-reputation-boost;Darkfuse Solutions Reputation Boost - Reputation;War Within;Reputations;28.42;USD;2026-01-07 18:32:00.929+00;1;unit;28.42
fa857742-1dc3-42bf-8356-30b8b511784f;option;601e7f90-15ba-4fa0-842b-64615e995892;f0a57a62-f5df-4ce5-83f6-fef1d764f6d9;Remote ;thorium-brotherhood-reputation;Thorium Brotherhood Reputation - Boost Mode;20th Anniversary WoW;Reputations;14.25;USD;2026-01-07 18:32:01.814+00;1;unit;14.25
f79ac767-9945-4c9e-adb4-6b949a646db8;product;ce498e92-cf8d-4029-915a-12b05073e14c;;;manaforge-omega-heroic-lootshare;Manaforge Omega Heroic Lootshare;War Within;Raids;0;USD;2026-01-07 17:57:45.259+00;1;unit;0
d8a94390-2437-4d59-8c08-03bf40ba7aad;product;c2968b4f-5210-4a42-bc48-cfdde59e9b17;;;celestial-riding-tiger;Celestial Riding Tiger;Mists of Pandaria;Mounts;699;USD;2026-01-07 18:13:28.541+00;1;unit;699
d4326094-ca36-4948-8e13-8bd9b3034bcd;option;be03d496-87d6-4219-a907-78516f4f1c50;f42fb892-1adb-4a92-a3cd-9a069187f796;Pilot;delves-season-pass;Delves Season Pass - Boost Mode;War Within;Delves;0;USD;2026-01-07 18:13:29.825+00;1;unit;0
1016b0aa-2ee9-435d-8ac0-d8cf0aa5083d;option;a970438b-d289-408b-8099-b73ad6604a98;5940f85b-66ab-4872-9467-5aa268de831c;Remote;shatari-skyguard;Sha'tari Skyguard - Boost Method;WoW: TBC;Reputations;30;USD;2026-01-07 18:13:30.271+00;1;unit;30
910d9650-fa75-4887-bd89-f771c1afe8dc;option;702edf9d-c8fe-4466-9bb8-b91313a09202;1ad47d27-0ab5-4668-90be-30b431fb342c;Selfplay;glory-of-the-dream-raider-boost;Glory of the Dream Raider Boost - Boost Mode;War Within;Achievements;0;USD;2026-01-07 18:13:30.697+00;1;unit;0
5faad250-e758-4390-affb-a5ad331e191b;option;0de747e0-aa48-44b8-8578-5f5b3cff3cb9;95fa7e94-9dcb-45f2-be75-cd0172ca798e;Selfplay;glory-of-the-thundering-raider-boost;Glory of the Thundering Raider Boost - Boost Mode;War Within;Achievements;0;USD;2026-01-07 18:13:31.135+00;1;unit;0
94afb7c3-676c-46ae-ad05-a9252afc02b9;option;e1d90154-c93d-48b1-9a90-817bd82de73c;8463fa5f-8430-4530-834c-ed01f7c26daf;Assault Expert Challenge 3;battlefield-6-challenges-assignments-completion-boost;Battlefield 6 Challenges & Assignments Completion Boost  - Assignments ( Class );Battlefield 6;Leveling;37;USD;2026-01-07 18:32:15.602+00;3;unit;12.333333333333334
2d180ea1-1d6e-4004-bced-687da345045c;product;cd0edc07-ad7c-43a4-816c-b868a02c5648;;;ghastly-reins;Ghastly Reins;Diablo IV;Mounts;0;USD;2026-01-07 17:58:16.627+00;1;unit;0
fe4680a8-7c83-48ea-a20f-a9df2f2c7f44;product;2dec039d-20db-4e0e-be07-f4de8cdc9d24;;;diablo-4-season-of-divine-intervention-campaign;Divine Intervention Campaign;Diablo IV;Season of Divine Intervention;19;USD;2026-01-07 17:58:25.045+00;1;unit;19
eeb5821c-3ca9-45da-bcd9-658445de58b5;product;4c45788c-07fc-45e7-882b-a13d0604448a;;;glory-of-the-sepulcher-raider-boost;Glory of the Sepulcher Raider Boost;War Within;Achievements;56.81;USD;2026-01-07 17:58:27.549+00;1;unit;56.81
d540979b-3ef8-43bd-bc0d-12b3ba744484;product;4eb1a3da-7a2e-4bff-abdb-40a88090ea52;;;spawn-of-horridon;Spawn of Horridon;Mists of Pandaria;Mounts;1202.92;USD;2026-01-07 17:58:32.102+00;1;unit;1202.92
faf33de8-9e65-4820-ae3b-896ac5a7f4ad;product;3f4dc1d2-8650-46a2-9fca-80c38e038f5c;;;binding-the-fell;Binding the Fell;Diablo IV;Cosmetics;0;USD;2026-01-07 17:58:45.41+00;1;unit;0
bd18d159-ad2d-4487-a2c4-af1d019ef04c;product;ec7d33a3-7a83-46b2-8040-27f5bd519d4e;;;glory-of-the-thundering-raider;Glory of the Thundering Raider;Mists of Pandaria;Raids;399.96;USD;2026-01-07 17:58:49.359+00;1;unit;399.96
5f823721-a6ac-4835-98b4-73a35721b300;option;21f74dc8-a1aa-4a32-a11d-79799bec0da6;41ad618d-38ce-4f01-831b-2a9fbcab60c9;Remote;darkfuse-spy-eye;Darkfuse Spy-Eye - Boost Method;War Within;Mounts;25.5;USD;2026-01-07 18:32:57.2+00;1;unit;25.5
e1ef3f41-be50-428c-b1b4-0fe10e18cd0d;option;85cb5f96-d256-4a8f-805d-875c263d1bd3;5196e01a-b138-42c9-be40-4ced2d467561;NA;unbound-star-eater;Unbound Star-Eater - Region;War Within;Mounts;0;USD;2026-01-07 18:33:00.736+00;1;unit;0
83d81fbb-af15-4253-a6f1-3e51d818f099;option;0d28d96f-b65d-4a8d-b8c1-46ed852333b8;4284ae2d-f095-448f-a7b1-0dafa652ae3d;EU;glory-of-the-thundering-raider-achievement;Glory of the Thundering Raider Achievement - Region;Mists of Pandaria;Achievements;0;USD;2026-01-07 18:33:01.195+00;1;unit;0
b03275a2-9612-464f-ba74-538772811cd8;option;d7712523-0788-477e-a050-7621bf9ea5de;9a2d0f7d-efa8-4059-82cc-c7bc2c0a729c;Tribute to Toledo;arc-raiders-quests-completion-boost;Quests - Celeste Trader;Arc Raiders;Leveling;10;USD;2026-01-07 18:33:01.699+00;1;unit;10
c7bb5764-2235-412c-adfa-c9b7f55bf61b;option;d7712523-0788-477e-a050-7621bf9ea5de;9a2d0f7d-efa8-4059-82cc-c7bc2c0a729c;Bees!;arc-raiders-quests-completion-boost;Quests - Celeste Trader;Arc Raiders;Leveling;9;USD;2026-01-07 18:33:02.157+00;1;unit;9
8dfe079e-a648-4458-bf5a-84dad89aeecf;option;d7712523-0788-477e-a050-7621bf9ea5de;1d42ad71-b9ec-4eca-bed3-f11b06a01626;Broken Monument;arc-raiders-quests-completion-boost;Quests - Tian Wen;Arc Raiders;Leveling;16;USD;2026-01-07 18:33:02.637+00;1;unit;16
d6800e3a-5f29-4865-a9f1-fb0cf1b4e56f;option;d7712523-0788-477e-a050-7621bf9ea5de;71b49ade-e69b-4013-b25b-78facf1b4ffd;What Goes Around ;arc-raiders-quests-completion-boost;Quests - Apollo;Arc Raiders;Leveling;6;USD;2026-01-07 18:33:03.114+00;1;unit;6
5d956450-4691-42ba-9e03-bca3d34f0bad;option;d7712523-0788-477e-a050-7621bf9ea5de;47bd9bba-495f-413f-b8a7-8c25bc94e0f2;Picking Up The Pieces;arc-raiders-quests-completion-boost;Quests - Shani;Arc Raiders;Leveling;6;USD;2026-01-07 18:33:03.577+00;1;unit;6
ebb4c26b-22f0-49c2-b5a5-67295e8ef0eb;option;d7712523-0788-477e-a050-7621bf9ea5de;47bd9bba-495f-413f-b8a7-8c25bc94e0f2;Out Of The Shadows ;arc-raiders-quests-completion-boost;Quests - Shani;Arc Raiders;Leveling;24;USD;2026-01-07 18:33:04.01+00;1;unit;24
75dc166f-a60b-4ca4-b693-91ceec79e7d2;option;d7712523-0788-477e-a050-7621bf9ea5de;2025bf55-918d-410f-9dae-e48dcb22039c;Medical Merchandise ;arc-raiders-quests-completion-boost;Quests - Lance;Arc Raiders;Leveling;12;USD;2026-01-07 18:33:04.474+00;1;unit;12
f83af8eb-de75-4fdf-8c9f-de9d903660cb;option;9f115b8a-64b4-45a5-95f9-85aea7558495;3915f12f-2e01-4d11-b8d9-c02bc03beccf;XBOX;expedition-project-boost;Expedition Project - Platform;Arc Raiders;Leveling;0;USD;2026-01-07 18:33:04.907+00;1;unit;0
75cb1659-bac9-42ab-a6d5-b976261819a6;option;9f115b8a-64b4-45a5-95f9-85aea7558495;f95dc7fc-f639-42c7-8b30-faaaa7db3685;Light Bulb x 5;expedition-project-boost;Expedition Project - Items;Arc Raiders;Leveling;4;USD;2026-01-07 18:33:05.344+00;5;unit;0.8
bec97baf-6871-4138-9cd8-fe1ccb75ad94;option;9f115b8a-64b4-45a5-95f9-85aea7558495;2908275e-f1cb-4759-91aa-232770dc1359;Stage 3 - Framework;expedition-project-boost;Expedition Project - Specific Stage;Arc Raiders;Leveling;10;USD;2026-01-07 18:33:05.779+00;3;unit;3.3333333333333335
09f6d419-7825-4314-85ae-0b195a1cd658;option;7ed9c712-1ffc-4460-ab87-09573dd48e42;d46210d8-03b0-494d-aebc-af25e6edade7;TerraGroup Employee;peacekeeper-quests;Peacekeeper Quests - Fishing Gear;Escape From Tarkov;Quests;19;USD;2026-01-07 18:33:06.701+00;1;unit;19
e6048347-162a-4af2-a9ce-6b070de45b52;option;7ed9c712-1ffc-4460-ab87-09573dd48e42;d46210d8-03b0-494d-aebc-af25e6edade7;Insomnia;peacekeeper-quests;Peacekeeper Quests - Fishing Gear;Escape From Tarkov;Quests;59;USD;2026-01-07 18:33:07.109+00;1;unit;59
9e7f1e76-3fa7-4f94-9634-7dc0d59f1447;option;7ed9c712-1ffc-4460-ab87-09573dd48e42;8bf4649a-016d-4aed-8736-1ae0eae4eb6a;SPA Tour Part 3;peacekeeper-quests;Peacekeeper Quests - SPA Tour;Escape From Tarkov;Quests;29;USD;2026-01-07 18:33:07.513+00;3;unit;9.666666666666666
102e4576-a87c-4023-8708-47c16551763e;option;50edf0f7-cfba-4beb-a5e0-472bf98c86a2;168374cb-7b0a-4fa1-a4db-48301d8ee357;Gate of the Setting Sun;heroic-dungeon;Heroic Dungeon - Boost Option;Mists of Pandaria;Dungeons;4.36;USD;2026-01-07 18:32:57.628+00;1;unit;4.36
b1cd1045-1e80-499d-a565-db1eb30c2925;option;2e469156-f4c0-48f2-b3c6-47f848847631;aedd0ef6-d3ae-4b3c-b750-1c536b8268eb;Pilot;seal-brown-steed;Seal Brown Steed - Boost Mode;Diablo IV;Mounts;0;USD;2026-01-07 18:32:58.094+00;1;unit;0
524591c8-f42c-4b7c-b23d-983367992501;option;99699378-67fc-41e5-8e6c-3420334b1796;dd851c7b-cd2d-415b-b9db-b99edabf1904;Both Continents;flight-paths-unlock-boost;Flightpaths  - Zone;20th Anniversary WoW;Leveling;35;USD;2026-01-07 18:32:58.543+00;1;unit;35
d16af90f-e8f8-4066-9eea-ddcaf7079cd5;option;2d14e561-2c90-4878-8d10-b200a7324347;82235e2e-dc97-449c-a390-b36cccaf10ae;NA;glory-of-the-orgrimmar-raider;Glory of the Orgrimmar Raider - Region;Mists of Pandaria;Raids;0;USD;2026-01-07 18:32:59.003+00;1;unit;0
c17424d2-7a30-4b37-8ea0-a095e99ab737;option;9ead5799-a511-4254-852e-b324f26b01f6;c147bda6-0381-4fa0-9e58-d150849064d3;Aeoronautic Camps;destiny-rising-zone-exploration;Destiny Rising Zone Exploration - Jiangshi Metro;Destiny: Rising;Leveling;24;USD;2026-01-07 18:32:59.441+00;1;unit;24
3863f123-e778-485f-b8df-9e75f4d0703f;option;e56d1436-8505-4d8b-9940-c1d4a54fa2c8;4f3264b5-401f-42c0-a74c-4f43ace784ce;NA;pandaren-ambassador-achievement;Pandaren Ambassador Achievement - Region;Mists of Pandaria;Achievements;0;USD;2026-01-07 18:32:59.86+00;1;unit;0
f8120c55-1e17-4d9e-a28a-0a3e9d00f859;product;9691f18a-f7dd-4dab-a8d9-212be4b9faa1;;;challenge-mode;Challenge Mode;Mists of Pandaria;Challenge Mode;0;USD;2026-01-07 17:58:14.935+00;1;unit;0
fbd395d6-c80f-447a-ab68-17ed68f022d8;product;58710ab8-a29e-4f2a-82a7-867f664c50f0;;;celestial-riding-crane;Celestial Riding Crane;Mists of Pandaria;Mounts;263.96;USD;2026-01-07 17:58:26.338+00;1;unit;263.96
23034876-c311-4194-a194-b2a7e9a7a9ae;option;f7f969eb-23c0-4e7f-8b66-560ff336cb31;4c8570fd-812a-4caf-8110-aa32ef0454aa;Pilot;heir-of-perdition;Heir of Perdition - Boost Mode;Diablo IV;Items;0;USD;2026-01-07 18:32:32.129+00;1;unit;0
5e29f430-4f6f-4fa8-b76e-5b0a18f5f8a1;option;b6b3e826-a628-4349-b8d3-e9212236d73d;861839b1-1f59-4da0-90c2-cf58b4b96c86;XBOX;gospel-of-the-devotee-9709;Gospel of the Devotee - Select Your Platform;Diablo IV;Items;0;USD;2026-01-07 18:32:34.488+00;1;unit;0
f58ec19e-c0e9-4417-b29d-9d84618c33f5;product;e56d1436-8505-4d8b-9940-c1d4a54fa2c8;;;pandaren-ambassador-achievement;Pandaren Ambassador Achievement;Mists of Pandaria;Achievements;0;USD;2026-01-07 17:58:48.637+00;1;unit;0
d42a3091-1f19-4763-a9f6-1dbaec5bc84a;product;85cb5f96-d256-4a8f-805d-875c263d1bd3;;;unbound-star-eater;Unbound Star-Eater;War Within;Mounts;136;USD;2026-01-07 17:58:49.632+00;1;unit;136
49ce4780-06a1-40e2-bc17-72a7bf3e99c4;option;2d14e561-2c90-4878-8d10-b200a7324347;66acaa18-107d-41b5-9a37-8b84f2c71267;Pilot;glory-of-the-orgrimmar-raider;Glory of the Orgrimmar Raider - Boost Mode;Mists of Pandaria;Raids;0;USD;2026-01-07 18:32:58.797+00;1;unit;0
d759dcf9-94b6-4191-a266-19227ad26c59;option;e56d1436-8505-4d8b-9940-c1d4a54fa2c8;07772966-5b6a-47b2-bd64-ec3851dd0da3;Tushui/Huojin Pandaren (Exalted);pandaren-ambassador-achievement;Pandaren Ambassador Achievement - Boost Option;Mists of Pandaria;Achievements;87.96;USD;2026-01-07 18:33:00.123+00;1;unit;87.96
4c123168-7161-4932-8223-9ec0ee5198e7;option;d7712523-0788-477e-a050-7621bf9ea5de;9a2d0f7d-efa8-4059-82cc-c7bc2c0a729c;A Bad Feeling ;arc-raiders-quests-completion-boost;Quests - Celeste Trader;Arc Raiders;Leveling;6;USD;2026-01-07 18:33:01.509+00;1;unit;6
bd796c5e-8059-4ec0-917f-12abb7f34b2f;option;d7712523-0788-477e-a050-7621bf9ea5de;47bd9bba-495f-413f-b8a7-8c25bc94e0f2;Down To Earth;arc-raiders-quests-completion-boost;Quests - Shani;Arc Raiders;Leveling;6;USD;2026-01-07 18:33:03.835+00;1;unit;6
28d3e47f-ec62-4e69-aa28-147832d2b84f;option;d7712523-0788-477e-a050-7621bf9ea5de;2025bf55-918d-410f-9dae-e48dcb22039c;A Reveal in Ruins;arc-raiders-quests-completion-boost;Quests - Lance;Arc Raiders;Leveling;12;USD;2026-01-07 18:33:04.292+00;1;unit;12
13c96b9d-a580-4632-bea0-de5e8268daee;option;fe2c4393-8783-4518-bb86-e6e95bc18db4;89a16cd8-9baf-494a-9d9e-4d328d12de49;NA;serpentshrine-cavern-attunement;Serpentshrine Cavern Attunement - Region;WoW: TBC;Attunements;0;USD;2026-01-07 18:33:04.727+00;1;unit;0
1f1d0e30-dbe8-4c7c-a60a-0e822f8a76fb;option;9f115b8a-64b4-45a5-95f9-85aea7558495;f95dc7fc-f639-42c7-8b30-faaaa7db3685;Durable Cloth x 35;expedition-project-boost;Expedition Project - Items;Arc Raiders;Leveling;4;USD;2026-01-07 18:33:05.179+00;35;unit;0.11428571428571428
c9e69f38-16db-4c91-9b4a-7fd228517179;option;9f115b8a-64b4-45a5-95f9-85aea7558495;f95dc7fc-f639-42c7-8b30-faaaa7db3685;Magnetic Accelerator x 3;expedition-project-boost;Expedition Project - Items;Arc Raiders;Leveling;4;USD;2026-01-07 18:33:05.601+00;3;unit;1.3333333333333333
54c33d8d-69d8-468a-a1ee-523d12e5a0da;option;7ed9c712-1ffc-4460-ab87-09573dd48e42;20e53947-2073-478c-9d3b-53faaac45161;Pilot;peacekeeper-quests;Peacekeeper Quests - Boost Method;Escape From Tarkov;Quests;0;USD;2026-01-07 18:33:06.133+00;1;unit;0
697a4076-fb46-4ea4-9b1f-6a8ac07390f5;option;7ed9c712-1ffc-4460-ab87-09573dd48e42;d46210d8-03b0-494d-aebc-af25e6edade7;Eagle Eye;peacekeeper-quests;Peacekeeper Quests - Fishing Gear;Escape From Tarkov;Quests;9;USD;2026-01-07 18:33:06.453+00;1;unit;9
8d714924-7c76-4eae-9f8d-47b05899e83b;option;3be9a498-673f-4ad1-91c5-7cf8416ac7b1;fda2456a-863e-40fb-9e1c-8f23a39ed9d1;2H Weapon;heirloom-gear;Heirloom Gear - Gear Options;Mists of Pandaria;Gear;28.12;USD;2026-01-07 18:32:56.567+00;2;h;14.06
2941030c-bb1e-4997-b56f-0fdd793c87e4;option;3f4dc1d2-8650-46a2-9fca-80c38e038f5c;8de9f027-27e7-48e9-a4d2-9182969fa6ed;Seasonal - Softcore;binding-the-fell;Binding the Fell - Select World;Diablo IV;Cosmetics;87.56;USD;2026-01-07 18:32:57.025+00;1;unit;87.56
fccc80a8-3e8f-466d-826a-02ab984ec393;option;50edf0f7-cfba-4beb-a5e0-472bf98c86a2;523e3fe8-29b4-4cff-aae1-bee7d77019a8;Remote;heroic-dungeon;Heroic Dungeon - Boost Mode;Mists of Pandaria;Dungeons;15;USD;2026-01-07 18:32:57.462+00;1;unit;15
0c97fa93-81d1-421f-ae62-b47e39432a5b;option;50edf0f7-cfba-4beb-a5e0-472bf98c86a2;168374cb-7b0a-4fa1-a4db-48301d8ee357;Siege of Niuzao Temple;heroic-dungeon;Heroic Dungeon - Boost Option;Mists of Pandaria;Dungeons;4.36;USD;2026-01-07 18:32:57.912+00;1;unit;4.36
0b85bb92-b8e8-4fef-9d25-bbd333106923;option;2e469156-f4c0-48f2-b3c6-47f848847631;28acd2f6-fcfa-4359-83b1-b1786f37c2c4;Eternal - Softcore;seal-brown-steed;Seal Brown Steed - Select World;Diablo IV;Mounts;39.53;USD;2026-01-07 18:32:58.361+00;1;unit;39.53
96822152-dfd0-4e66-a27a-b401bf123019;option;d7712523-0788-477e-a050-7621bf9ea5de;9a2d0f7d-efa8-4059-82cc-c7bc2c0a729c;Switching The Supply;arc-raiders-quests-completion-boost;Quests - Celeste Trader;Arc Raiders;Leveling;8;USD;2026-01-07 18:33:01.971+00;1;unit;8
73e442c1-b029-4257-abdc-289d49579450;option;d7712523-0788-477e-a050-7621bf9ea5de;1d42ad71-b9ec-4eca-bed3-f11b06a01626;Unexpected Initiative;arc-raiders-quests-completion-boost;Quests - Tian Wen;Arc Raiders;Leveling;19;USD;2026-01-07 18:33:02.443+00;1;unit;19
5a3bc79b-b3a1-4fc0-a11b-d71281759cb2;option;d7712523-0788-477e-a050-7621bf9ea5de;1d42ad71-b9ec-4eca-bed3-f11b06a01626;The Major's Footlocker;arc-raiders-quests-completion-boost;Quests - Tian Wen;Arc Raiders;Leveling;9;USD;2026-01-07 18:33:02.936+00;1;unit;9
a3335f00-c135-46bb-8894-2d253f04fbef;option;d7712523-0788-477e-a050-7621bf9ea5de;47bd9bba-495f-413f-b8a7-8c25bc94e0f2;Hatch Repairs;arc-raiders-quests-completion-boost;Quests - Shani;Arc Raiders;Leveling;9;USD;2026-01-07 18:33:03.393+00;1;unit;9
2d9d0e08-6cd1-42c4-bf02-6ddbb8f9708c;option;304d1194-987a-464c-8906-24e44831f0e1;5e7bb757-41d4-4acf-8a7e-9e9419483bc0;Pilot;kurenai;Kurenai - Boost Method;WoW: TBC;Reputations;0;USD;2026-01-07 18:32:32.52+00;1;unit;0
d2194329-f7e5-40d8-9462-eedc74de775e;product;02d6f9ea-cb93-40bc-a87d-9d2e36fc715e;;;the-kirin-tor-offensive;The Kirin Tor Offensive;Mists of Pandaria;Reputations;0;USD;2026-01-07 17:58:32.34+00;1;unit;0
888794e0-479e-4a34-a620-321d33c18ed1;product;11bcebb3-dcc6-468a-810a-b387769c68a5;;;crimson-armored-growler;Crimson Armored Growler;War Within;Mounts;50.15;USD;2026-01-07 17:58:33.977+00;1;unit;50.15
a2bbec03-6a56-4ea3-921d-efec19273edb;option;14e372f8-76d7-4ea8-a348-54c2343632d9;11786a74-ea77-49c5-a6fe-491dce070bfa;Pilot;pvp-gear;PvP Gear - Boost Mode;Mists of Pandaria;PvP;0;USD;2026-01-07 18:32:32.913+00;1;unit;0
97b6aa3c-203e-46c7-a3b1-9307026a03ea;option;b6b3e826-a628-4349-b8d3-e9212236d73d;861839b1-1f59-4da0-90c2-cf58b4b96c86;PSN;gospel-of-the-devotee-9709;Gospel of the Devotee - Select Your Platform;Diablo IV;Items;0;USD;2026-01-07 18:32:34.442+00;1;unit;0
db4d489c-6fc6-443c-a5b8-95def5383fed;product;3be9a498-673f-4ad1-91c5-7cf8416ac7b1;;;heirloom-gear;Heirloom Gear;Mists of Pandaria;Gear;0;USD;2026-01-07 17:58:44.665+00;1;unit;0
d2bb842c-44e7-414e-ab9d-fa85b898f7ce;product;2d14e561-2c90-4878-8d10-b200a7324347;;;glory-of-the-orgrimmar-raider;Glory of the Orgrimmar Raider;Mists of Pandaria;Raids;399.96;USD;2026-01-07 17:58:47.504+00;1;unit;399.96
77b07cab-1cb6-46b0-9fbc-e997e61c5145;option;3be9a498-673f-4ad1-91c5-7cf8416ac7b1;fda2456a-863e-40fb-9e1c-8f23a39ed9d1;Helmet;heirloom-gear;Heirloom Gear - Gear Options;Mists of Pandaria;Gear;13.16;USD;2026-01-07 18:32:56.372+00;1;unit;13.16
aa6acfed-517d-4ae8-96a7-80cdef59e4e8;option;50edf0f7-cfba-4beb-a5e0-472bf98c86a2;168374cb-7b0a-4fa1-a4db-48301d8ee357;Shado-Pan Monastery;heroic-dungeon;Heroic Dungeon - Boost Option;Mists of Pandaria;Dungeons;4.36;USD;2026-01-07 18:32:57.865+00;1;unit;4.36
92963c70-b2cd-4741-8c0f-e5d0e35e54b0;option;2e469156-f4c0-48f2-b3c6-47f848847631;28acd2f6-fcfa-4359-83b1-b1786f37c2c4;Seasonal - Softcore;seal-brown-steed;Seal Brown Steed - Select World;Diablo IV;Mounts;26.36;USD;2026-01-07 18:32:58.318+00;1;unit;26.36
7e76bcf6-198e-43eb-bab3-450cb4b3533e;option;e40979d8-31c7-41b2-8138-19d7ba873404;2fd882b8-d5f8-41d4-b2f7-05d4f36f6e86;NA;celestial-riding-serpent;Celestial Riding Serpent - Region;Mists of Pandaria;Mounts;0;USD;2026-01-07 18:32:59.218+00;1;unit;0
7cf3269b-d29b-448a-b635-4e75486ea95f;option;e56d1436-8505-4d8b-9940-c1d4a54fa2c8;07772966-5b6a-47b2-bd64-ec3851dd0da3;The Tillers (Exalted);pandaren-ambassador-achievement;Pandaren Ambassador Achievement - Boost Option;Mists of Pandaria;Achievements;87.96;USD;2026-01-07 18:33:00.08+00;1;unit;87.96
a24bcf41-71b4-4b0b-bc9b-82f4e9de797f;option;ec7d33a3-7a83-46b2-8040-27f5bd519d4e;843f845c-25a0-411e-a077-a9893afa61e3;NA;glory-of-the-thundering-raider;Glory of the Thundering Raider - Region;Mists of Pandaria;Raids;0;USD;2026-01-07 18:33:00.514+00;1;unit;0
a35fb649-3354-49eb-9e5a-cd2912b3f558;option;87657d33-4d94-46e8-8394-040fc4f0d6dc;be334ba1-4002-4fa3-ada1-eb97e2aee5fb;NA;glory-of-the-pandaria-hero-achievement;Glory of the Pandaria Hero Achievement - Region;Mists of Pandaria;Achievements;0;USD;2026-01-07 18:33:00.973+00;1;unit;0
9abee9d3-4c4b-4281-a78c-4d446433e79d;option;d7712523-0788-477e-a050-7621bf9ea5de;f23ccb27-e970-4b40-8420-fdfc9adbd30d;XBOX;arc-raiders-quests-completion-boost;Quests - Platform;Arc Raiders;Leveling;0;USD;2026-01-07 18:33:01.456+00;1;unit;0
8da24916-d7cd-424f-93c0-c5c22f8fab97;option;d7712523-0788-477e-a050-7621bf9ea5de;9a2d0f7d-efa8-4059-82cc-c7bc2c0a729c;Source Of The Contamination;arc-raiders-quests-completion-boost;Quests - Celeste Trader;Arc Raiders;Leveling;6;USD;2026-01-07 18:33:01.918+00;1;unit;6
c27120a5-76bb-45be-8f03-f0fd9765ad56;option;d7712523-0788-477e-a050-7621bf9ea5de;9a2d0f7d-efa8-4059-82cc-c7bc2c0a729c;Straight Record;arc-raiders-quests-completion-boost;Quests - Celeste Trader;Arc Raiders;Leveling;10;USD;2026-01-07 18:33:02.39+00;1;unit;10
0458313a-21a9-4e75-a769-5faad24278a4;option;d7712523-0788-477e-a050-7621bf9ea5de;71b49ade-e69b-4013-b25b-78facf1b4ffd;A First Foothold;arc-raiders-quests-completion-boost;Quests - Apollo;Arc Raiders;Leveling;16;USD;2026-01-07 18:33:03.351+00;1;unit;16
0d4affde-38cb-47d9-ac40-a0846716956b;option;d7712523-0788-477e-a050-7621bf9ea5de;47bd9bba-495f-413f-b8a7-8c25bc94e0f2;Communication Hideout;arc-raiders-quests-completion-boost;Quests - Shani;Arc Raiders;Leveling;12;USD;2026-01-07 18:33:03.794+00;1;unit;12
4322761e-924f-4a67-8abb-7920f57647f5;option;d7712523-0788-477e-a050-7621bf9ea5de;2025bf55-918d-410f-9dae-e48dcb22039c;A New Type Of Plant;arc-raiders-quests-completion-boost;Quests - Lance;Arc Raiders;Leveling;9;USD;2026-01-07 18:33:04.249+00;1;unit;9
aed0d15c-5020-427d-8cd4-1a52b659b462;option;fe2c4393-8783-4518-bb86-e6e95bc18db4;89a16cd8-9baf-494a-9d9e-4d328d12de49;EU;serpentshrine-cavern-attunement;Serpentshrine Cavern Attunement - Region;WoW: TBC;Attunements;0;USD;2026-01-07 18:33:04.684+00;1;unit;0
e92fdf25-d2b8-46fc-8f1b-64101d0f496c;option;9f115b8a-64b4-45a5-95f9-85aea7558495;f95dc7fc-f639-42c7-8b30-faaaa7db3685;Advanced Electrical Component x 5;expedition-project-boost;Expedition Project - Items;Arc Raiders;Leveling;4;USD;2026-01-07 18:33:05.552+00;5;unit;0.8
e31f5f8e-c276-447a-9b69-b59856894fe3;option;7ed9c712-1ffc-4460-ab87-09573dd48e42;e6ab832f-a10f-4857-ba0c-95bafe5d60b5;PvE;peacekeeper-quests;Peacekeeper Quests - Server;Escape From Tarkov;Quests;0;USD;2026-01-07 18:33:06.093+00;1;unit;0
d712068a-e875-4614-8fc6-5ff79e2a0dd6;option;7ed9c712-1ffc-4460-ab87-09573dd48e42;d46210d8-03b0-494d-aebc-af25e6edade7;Scrap Metal;peacekeeper-quests;Peacekeeper Quests - Fishing Gear;Escape From Tarkov;Quests;12;USD;2026-01-07 18:33:06.412+00;1;unit;12
7d0ce9a3-8d0d-4ee1-82e4-a66b21bb84b8;option;3be9a498-673f-4ad1-91c5-7cf8416ac7b1;fda2456a-863e-40fb-9e1c-8f23a39ed9d1;1H Weapon;heirloom-gear;Heirloom Gear - Gear Options;Mists of Pandaria;Gear;12.28;USD;2026-01-07 18:32:56.516+00;1;h;12.28
90098a25-b510-41e3-85b7-cac2b4427377;option;3f4dc1d2-8650-46a2-9fca-80c38e038f5c;2e17a8c1-bde1-4942-bb8f-8df265b5d069;XBOX;binding-the-fell;Binding the Fell - Select Your Platform;Diablo IV;Cosmetics;0;USD;2026-01-07 18:32:56.98+00;1;unit;0
70253ac5-761a-4be8-ba5b-b3b2de63d4a1;option;50edf0f7-cfba-4beb-a5e0-472bf98c86a2;523e3fe8-29b4-4cff-aae1-bee7d77019a8;Selfplay;heroic-dungeon;Heroic Dungeon - Boost Mode;Mists of Pandaria;Dungeons;15;USD;2026-01-07 18:32:57.419+00;1;unit;15
be583248-5472-4e90-a19b-a210c5f6cd31;option;9ead5799-a511-4254-852e-b324f26b01f6;baa2119b-a2d9-4c14-a5c2-c648774c89e1;Firebase Minos;destiny-rising-zone-exploration;Destiny Rising Zone Exploration - Red Sea Rift;Destiny: Rising;Leveling;24;USD;2026-01-07 18:32:59.654+00;1;unit;24
590e704a-24c1-4b7d-ad6a-f77299cc8ea8;option;d7712523-0788-477e-a050-7621bf9ea5de;1d42ad71-b9ec-4eca-bed3-f11b06a01626;The Right Tool ;arc-raiders-quests-completion-boost;Quests - Tian Wen;Arc Raiders;Leveling;9;USD;2026-01-07 18:33:02.891+00;1;unit;9
6670f2c7-c070-4131-a9cf-4df36c3e2c47;option;9f115b8a-64b4-45a5-95f9-85aea7558495;f95dc7fc-f639-42c7-8b30-faaaa7db3685;Steel Spring x 15;expedition-project-boost;Expedition Project - Items;Arc Raiders;Leveling;4;USD;2026-01-07 18:33:05.132+00;15;unit;0.26666666666666666
cea4fcd6-e04e-4dc3-870f-a410acb9cfb0;product;671844da-ab74-4e73-b258-f88f3ad11411;;;glory-of-the-orgrimmar-raider-achievement;Glory of the Orgrimmar Raider Achievement;Mists of Pandaria;Achievements;399.96;USD;2026-01-07 17:58:08.184+00;1;unit;399.96
824f40f6-2597-4775-9fdb-6b0c4242c12e;option;0538bef4-3fd6-415a-814b-4a052ba7284c;d063ac64-d105-47e9-a889-d3816348bc38;Friendly - Honored;the-tillers;The Tillers - Select Desired Reputation Level;Mists of Pandaria;Reputations;10.56;USD;2026-01-07 18:32:31.944+00;1;unit;10.56
9500ba6a-a52b-4433-9f35-685763cb9c8c;option;f7f969eb-23c0-4e7f-8b66-560ff336cb31;8fc11e94-77ba-4c70-b788-311df6556d86;Eternal;heir-of-perdition;Heir of Perdition - Select World - Softcore;Diablo IV;Items;50;USD;2026-01-07 18:32:32.425+00;1;unit;50
f54d788a-256e-48ff-ad72-834e2dcab2b3;option;304d1194-987a-464c-8906-24e44831f0e1;361930e1-b072-417e-aa6c-6a196263cbbb;Friendly - Honored;kurenai;Kurenai - Desired Reputation Level;WoW: TBC;Reputations;25;USD;2026-01-07 18:32:32.731+00;1;unit;25
742cbd91-60e7-4dc8-b1fe-a05ae19b0fda;product;fe2c4393-8783-4518-bb86-e6e95bc18db4;;;serpentshrine-cavern-attunement;Serpentshrine Cavern Attunement;WoW: TBC;Attunements;141.9;USD;2026-01-07 17:58:53.7+00;1;unit;141.9
2d1130df-ee25-4e95-93b9-fa42d5339380;option;3f4dc1d2-8650-46a2-9fca-80c38e038f5c;97a721f0-5365-456e-91e2-bd04db65eaa6;Remote;binding-the-fell;Binding the Fell - Boost Mode;Diablo IV;Cosmetics;15;USD;2026-01-07 18:32:56.846+00;1;unit;15
2834c370-34bf-4605-bf37-58db0766c1c9;option;99699378-67fc-41e5-8e6c-3420334b1796;328dad84-8509-47b5-b6e1-cb10e55c4c50;NA;flight-paths-unlock-boost;Flightpaths  - Region;20th Anniversary WoW;Leveling;0;USD;2026-01-07 18:32:58.629+00;1;unit;0
bdc5874e-8a1b-486c-9031-12e5f11f2b6f;option;e40979d8-31c7-41b2-8138-19d7ba873404;ba99b2b9-0bf2-4b0a-8f21-6e8cc631e3d3;Pilot;celestial-riding-serpent;Celestial Riding Serpent - Boost Mode;Mists of Pandaria;Mounts;0;USD;2026-01-07 18:32:59.089+00;1;unit;0
687b3bd6-84f5-49d4-a2dd-8b20bcddf1e2;option;9ead5799-a511-4254-852e-b324f26b01f6;c147bda6-0381-4fa0-9e58-d150849064d3;Ice Field;destiny-rising-zone-exploration;Destiny Rising Zone Exploration - Jiangshi Metro;Destiny: Rising;Leveling;24;USD;2026-01-07 18:32:59.528+00;1;unit;24
0035d606-e32a-4456-b008-f6f6cb9e7659;option;e56d1436-8505-4d8b-9940-c1d4a54fa2c8;07772966-5b6a-47b2-bd64-ec3851dd0da3;Golden Lotus (Exalted);pandaren-ambassador-achievement;Pandaren Ambassador Achievement - Boost Option;Mists of Pandaria;Achievements;87.96;USD;2026-01-07 18:32:59.944+00;1;unit;87.96
a63d6f07-bb9c-40de-9324-4aeaaa4d1973;option;ec7d33a3-7a83-46b2-8040-27f5bd519d4e;3c293079-811c-40b4-98a0-de13160f5502;Selfplay;glory-of-the-thundering-raider;Glory of the Thundering Raider - Boost Mode;Mists of Pandaria;Raids;0;USD;2026-01-07 18:33:00.384+00;1;unit;0
15db0c4a-2a6f-4a8a-8962-b2985cb5b231;option;87657d33-4d94-46e8-8394-040fc4f0d6dc;c9d3c6b1-61f3-4dc5-a2af-fc8963d4c5fd;Pilot;glory-of-the-pandaria-hero-achievement;Glory of the Pandaria Hero Achievement - Boost Mode;Mists of Pandaria;Achievements;0;USD;2026-01-07 18:33:00.843+00;1;unit;0
7b4938c1-4c02-4302-a97b-49eb695a4a5f;option;d7712523-0788-477e-a050-7621bf9ea5de;9a2d0f7d-efa8-4059-82cc-c7bc2c0a729c;Turnabout;arc-raiders-quests-completion-boost;Quests - Celeste Trader;Arc Raiders;Leveling;6;USD;2026-01-07 18:33:01.791+00;1;unit;6
ed0874ef-b421-4d4c-917a-6bc56813a399;option;d7712523-0788-477e-a050-7621bf9ea5de;9a2d0f7d-efa8-4059-82cc-c7bc2c0a729c;Echoes Of Victory Ridge ;arc-raiders-quests-completion-boost;Quests - Celeste Trader;Arc Raiders;Leveling;10;USD;2026-01-07 18:33:02.249+00;1;unit;10
f929f3fa-8072-4e21-a32e-88f55d580d2b;option;d7712523-0788-477e-a050-7621bf9ea5de;1d42ad71-b9ec-4eca-bed3-f11b06a01626;Industrial Espionage;arc-raiders-quests-completion-boost;Quests - Tian Wen;Arc Raiders;Leveling;9;USD;2026-01-07 18:33:02.752+00;1;unit;9
323cc4c4-395b-4016-8838-7324623e34a9;option;d7712523-0788-477e-a050-7621bf9ea5de;71b49ade-e69b-4013-b25b-78facf1b4ffd;A Warm Place To Rest ;arc-raiders-quests-completion-boost;Quests - Apollo;Arc Raiders;Leveling;12;USD;2026-01-07 18:33:03.201+00;1;unit;12
fd7cc3fc-770f-4dab-92ab-764347968c66;option;d7712523-0788-477e-a050-7621bf9ea5de;47bd9bba-495f-413f-b8a7-8c25bc94e0f2;Clearer Skies;arc-raiders-quests-completion-boost;Quests - Shani;Arc Raiders;Leveling;6;USD;2026-01-07 18:33:03.669+00;1;unit;6
0aafe976-c45f-4e83-bbe3-26ade11c14dc;option;d7712523-0788-477e-a050-7621bf9ea5de;47bd9bba-495f-413f-b8a7-8c25bc94e0f2;Reduced to Rubble;arc-raiders-quests-completion-boost;Quests - Shani;Arc Raiders;Leveling;19;USD;2026-01-07 18:33:04.099+00;1;unit;19
76ed57ba-ad97-4aa9-8c3d-d8485575b12d;option;9f115b8a-64b4-45a5-95f9-85aea7558495;f95dc7fc-f639-42c7-8b30-faaaa7db3685;Metal Parts x 150;expedition-project-boost;Expedition Project - Items;Arc Raiders;Leveling;4;USD;2026-01-07 18:33:04.993+00;150;unit;0.02666666666666667
3a053ea5-e73f-4821-b8ad-e340e9beee6e;option;9f115b8a-64b4-45a5-95f9-85aea7558495;f95dc7fc-f639-42c7-8b30-faaaa7db3685;Sensors x 20;expedition-project-boost;Expedition Project - Items;Arc Raiders;Leveling;4;USD;2026-01-07 18:33:05.424+00;20;unit;0.2
48270df3-a1d0-4e37-b9b3-40f863d1b729;option;9f115b8a-64b4-45a5-95f9-85aea7558495;2908275e-f1cb-4759-91aa-232770dc1359;Stage 5 - Loading Phase;expedition-project-boost;Expedition Project - Specific Stage;Arc Raiders;Leveling;30;USD;2026-01-07 18:33:05.906+00;5;unit;6
1d77b21c-14eb-441f-89c0-aa932f3350ec;option;7ed9c712-1ffc-4460-ab87-09573dd48e42;668f87ea-0f59-44c1-a837-1db8df1ce2f8;Lighthouse;peacekeeper-quests;Peacekeeper Quests - Revision;Escape From Tarkov;Quests;29;USD;2026-01-07 18:33:06.295+00;1;unit;29
a5c2f929-d53b-4074-b39f-f2b61914fc9f;option;7ed9c712-1ffc-4460-ab87-09573dd48e42;d46210d8-03b0-494d-aebc-af25e6edade7;Samples;peacekeeper-quests;Peacekeeper Quests - Fishing Gear;Escape From Tarkov;Quests;79;USD;2026-01-07 18:33:06.663+00;1;unit;79
26ec54e8-03ab-4c69-972a-56fe935b75c4;option;7ed9c712-1ffc-4460-ab87-09573dd48e42;d46210d8-03b0-494d-aebc-af25e6edade7;The Cleaner;peacekeeper-quests;Peacekeeper Quests - Fishing Gear;Escape From Tarkov;Quests;219;USD;2026-01-07 18:33:07.07+00;1;unit;219
ac1b26ad-4109-47eb-b0a4-0bdf094cac3d;option;7ed9c712-1ffc-4460-ab87-09573dd48e42;8bf4649a-016d-4aed-8736-1ae0eae4eb6a;SPA Tour Part 2;peacekeeper-quests;Peacekeeper Quests - SPA Tour;Escape From Tarkov;Quests;12;USD;2026-01-07 18:33:07.473+00;2;unit;6
040032bc-ba6e-4eab-a9f7-44c5d4f21252;option;7ed9c712-1ffc-4460-ab87-09573dd48e42;076bc07c-27bb-4315-b013-daed097ad36c;Wet Job Part 3;peacekeeper-quests;Peacekeeper Quests - Wet Job;Escape From Tarkov;Quests;12;USD;2026-01-07 18:33:07.913+00;3;unit;4
a59f24f0-7164-4684-8c32-3142e78aa9b2;option;129cb066-df05-4625-a9de-2619472e26a6;ec92cee6-100e-4033-a36e-6fc2f7775aa0;Friendly - Honored;the-golden-lotus;The Golden Lotus - Select Desired Reputation Level;Mists of Pandaria;Reputations;10.56;USD;2026-01-07 18:32:43.136+00;1;unit;10.56
989217cb-1c67-4417-9e4a-6e2c32c31320;option;21f74dc8-a1aa-4a32-a11d-79799bec0da6;52b2eba7-9cea-4810-94b7-65c6d3d69de8;NA;darkfuse-spy-eye;Darkfuse Spy-Eye - Region;War Within;Mounts;0;USD;2026-01-07 18:32:57.289+00;1;unit;0
60c7a719-fe21-4c38-a3a5-42c74cac54de;option;50edf0f7-cfba-4beb-a5e0-472bf98c86a2;168374cb-7b0a-4fa1-a4db-48301d8ee357;Scarlet Halls;heroic-dungeon;Heroic Dungeon - Boost Option;Mists of Pandaria;Dungeons;4.36;USD;2026-01-07 18:32:57.722+00;1;unit;4.36
2f09ff8b-71bd-49f0-a35e-38933eef8e2d;option;2e469156-f4c0-48f2-b3c6-47f848847631;da0426d6-ab23-4c8e-8616-8f6677a49e8f;PC;seal-brown-steed;Seal Brown Steed - Select Your Platform;Diablo IV;Mounts;0;USD;2026-01-07 18:32:58.184+00;1;unit;0
a633e738-4842-40fd-ae47-95ffe435644d;option;2dec039d-20db-4e0e-be07-f4de8cdc9d24;cfbd65d0-3cd1-4934-aa61-76a9d428c230;PSN;diablo-4-season-of-divine-intervention-campaign;Divine Intervention Campaign - Platform;Diablo IV;Season of Divine Intervention;0;USD;2026-01-07 18:32:38.75+00;1;unit;0
897580a0-3817-4d59-a868-92fa0c69acb1;product;398cc7e4-d58e-4ad7-8f9a-e0b56ed8347f;;;galvanic-azurite;Galvanic Azurite;Diablo IV;Items;5.72;USD;2026-01-07 17:58:08.759+00;1;unit;5.72
baadc573-15bb-4d13-9b57-765240061fad;product;936a554d-3345-4011-b141-7fea391fe3a7;;;dungeons-unlock;Dungeons Unlock;WoW: TBC;Attunements;0;USD;2026-01-07 17:58:30.747+00;1;unit;0
a4908d13-28f8-4227-8ae3-ffcd75c3492f;product;50edf0f7-cfba-4beb-a5e0-472bf98c86a2;;;heroic-dungeon;Heroic Dungeon;Mists of Pandaria;Dungeons;0;USD;2026-01-07 17:58:46.02+00;1;unit;0
0dbea715-e15d-43c0-bfa2-1e57e5e4bcfc;option;3be9a498-673f-4ad1-91c5-7cf8416ac7b1;fda2456a-863e-40fb-9e1c-8f23a39ed9d1;Cloak;heirloom-gear;Heirloom Gear - Gear Options;Mists of Pandaria;Gear;9.64;USD;2026-01-07 18:32:56.416+00;1;unit;9.64
8f84ace2-0d91-4ca1-bf42-26362ea379a9;option;3f4dc1d2-8650-46a2-9fca-80c38e038f5c;2e17a8c1-bde1-4942-bb8f-8df265b5d069;PC;binding-the-fell;Binding the Fell - Select Your Platform;Diablo IV;Cosmetics;0;USD;2026-01-07 18:32:56.888+00;1;unit;0
14342d23-1a07-4b3c-89d9-f3ac343e6606;option;50edf0f7-cfba-4beb-a5e0-472bf98c86a2;168374cb-7b0a-4fa1-a4db-48301d8ee357;Scarlet Monastery;heroic-dungeon;Heroic Dungeon - Boost Option;Mists of Pandaria;Dungeons;4.36;USD;2026-01-07 18:32:57.765+00;1;unit;4.36
7a935f35-b7b0-41cc-950a-9dca2299a06b;option;e40979d8-31c7-41b2-8138-19d7ba873404;ba99b2b9-0bf2-4b0a-8f21-6e8cc631e3d3;Remote;celestial-riding-serpent;Celestial Riding Serpent - Boost Mode;Mists of Pandaria;Mounts;15;USD;2026-01-07 18:32:59.133+00;1;unit;15
f8396ab2-ca54-4713-ae86-d4cecb0793fc;option;9ead5799-a511-4254-852e-b324f26b01f6;baa2119b-a2d9-4c14-a5c2-c648774c89e1;Full Completition;destiny-rising-zone-exploration;Destiny Rising Zone Exploration - Red Sea Rift;Destiny: Rising;Leveling;45;USD;2026-01-07 18:32:59.571+00;1;unit;45
f0c056d2-4589-4bfc-af06-a92c2067a022;option;e56d1436-8505-4d8b-9940-c1d4a54fa2c8;07772966-5b6a-47b2-bd64-ec3851dd0da3;Shado-Pan (Exalted);pandaren-ambassador-achievement;Pandaren Ambassador Achievement - Boost Option;Mists of Pandaria;Achievements;87.96;USD;2026-01-07 18:32:59.986+00;1;unit;87.96
f3412207-3663-44a5-a8ae-b7246daccc52;option;ec7d33a3-7a83-46b2-8040-27f5bd519d4e;3c293079-811c-40b4-98a0-de13160f5502;Remote;glory-of-the-thundering-raider;Glory of the Thundering Raider - Boost Mode;Mists of Pandaria;Raids;15;USD;2026-01-07 18:33:00.431+00;1;unit;15
3f51b2ee-d797-4813-8c11-b90bae4d5ff9;option;87657d33-4d94-46e8-8394-040fc4f0d6dc;c9d3c6b1-61f3-4dc5-a2af-fc8963d4c5fd;Remote;glory-of-the-pandaria-hero-achievement;Glory of the Pandaria Hero Achievement - Boost Mode;Mists of Pandaria;Achievements;15;USD;2026-01-07 18:33:00.886+00;1;unit;15
88a7deca-e116-43ad-8ab2-b299d607a7b0;option;d7712523-0788-477e-a050-7621bf9ea5de;f23ccb27-e970-4b40-8420-fdfc9adbd30d;PC;arc-raiders-quests-completion-boost;Quests - Platform;Arc Raiders;Leveling;0;USD;2026-01-07 18:33:01.361+00;1;unit;0
f819b747-71b7-4f94-9e14-f2750615e703;option;d7712523-0788-477e-a050-7621bf9ea5de;9a2d0f7d-efa8-4059-82cc-c7bc2c0a729c;After Rain Comes;arc-raiders-quests-completion-boost;Quests - Celeste Trader;Arc Raiders;Leveling;18;USD;2026-01-07 18:33:01.835+00;1;unit;18
09470798-7798-4332-854f-5e8bc6b5d636;option;d7712523-0788-477e-a050-7621bf9ea5de;9a2d0f7d-efa8-4059-82cc-c7bc2c0a729c;Greasing Her Palms;arc-raiders-quests-completion-boost;Quests - Celeste Trader;Arc Raiders;Leveling;16;USD;2026-01-07 18:33:02.291+00;1;unit;16
c09db3f1-f670-4168-95b2-813a497a0190;option;d7712523-0788-477e-a050-7621bf9ea5de;1d42ad71-b9ec-4eca-bed3-f11b06a01626;Marked For Death;arc-raiders-quests-completion-boost;Quests - Tian Wen;Arc Raiders;Leveling;16;USD;2026-01-07 18:33:02.794+00;1;unit;16
48e29c6e-0fb5-4a79-87d1-347da98c82a1;option;d7712523-0788-477e-a050-7621bf9ea5de;71b49ade-e69b-4013-b25b-78facf1b4ffd;Building A Library;arc-raiders-quests-completion-boost;Quests - Apollo;Arc Raiders;Leveling;16;USD;2026-01-07 18:33:03.252+00;1;unit;16
e2e5cc27-ee55-4bf9-b6fe-72c6403dc3bc;option;d7712523-0788-477e-a050-7621bf9ea5de;47bd9bba-495f-413f-b8a7-8c25bc94e0f2;Off The Radar ;arc-raiders-quests-completion-boost;Quests - Shani;Arc Raiders;Leveling;6;USD;2026-01-07 18:33:03.709+00;1;unit;6
44d8f638-0633-456f-a7d8-2a748b3f90b8;option;d7712523-0788-477e-a050-7621bf9ea5de;47bd9bba-495f-413f-b8a7-8c25bc94e0f2;With A Trace;arc-raiders-quests-completion-boost;Quests - Shani;Arc Raiders;Leveling;12;USD;2026-01-07 18:33:04.148+00;1;unit;12
789eb5f0-239d-4744-8a99-4cb064e0ec52;option;fe2c4393-8783-4518-bb86-e6e95bc18db4;c93adb36-fb0f-49db-8a0c-d2234d3b3cdd;Pilot;serpentshrine-cavern-attunement;Serpentshrine Cavern Attunement - Boost Method;WoW: TBC;Attunements;0;USD;2026-01-07 18:33:04.603+00;1;unit;0
e7267e90-b9b1-430b-974e-3e25f22664b3;option;9f115b8a-64b4-45a5-95f9-85aea7558495;f95dc7fc-f639-42c7-8b30-faaaa7db3685;Rubber Parts x 200;expedition-project-boost;Expedition Project - Items;Arc Raiders;Leveling;4;USD;2026-01-07 18:33:05.04+00;200;unit;0.02
a0f1f2e7-f58f-4531-ad66-48a0165495d7;option;9f115b8a-64b4-45a5-95f9-85aea7558495;f95dc7fc-f639-42c7-8b30-faaaa7db3685;Exodus Modules x 1;expedition-project-boost;Expedition Project - Items;Arc Raiders;Leveling;4;USD;2026-01-07 18:33:05.469+00;1;unit;4
5826325e-2501-4503-a4d2-bb5b84554cbc;option;7ed9c712-1ffc-4460-ab87-09573dd48e42;d46210d8-03b0-494d-aebc-af25e6edade7;Fishing Gear;peacekeeper-quests;Peacekeeper Quests - Fishing Gear;Escape From Tarkov;Quests;12;USD;2026-01-07 18:33:06.334+00;1;unit;12
e659b133-6dc9-4e4b-8556-53306ab2ef26;option;7ed9c712-1ffc-4460-ab87-09573dd48e42;d46210d8-03b0-494d-aebc-af25e6edade7;Counteraction;peacekeeper-quests;Peacekeeper Quests - Fishing Gear;Escape From Tarkov;Quests;89;USD;2026-01-07 18:33:06.742+00;1;unit;89
c0e40755-e338-4fe0-bb38-3be7b27e3539;option;7ed9c712-1ffc-4460-ab87-09573dd48e42;d46210d8-03b0-494d-aebc-af25e6edade7;One Less Loose End;peacekeeper-quests;Peacekeeper Quests - Fishing Gear;Escape From Tarkov;Quests;12;USD;2026-01-07 18:33:07.148+00;1;unit;12
617d102c-549d-4418-83d7-2ffa3236ca9a;option;7ed9c712-1ffc-4460-ab87-09573dd48e42;8bf4649a-016d-4aed-8736-1ae0eae4eb6a;SPA Tour Part 4;peacekeeper-quests;Peacekeeper Quests - SPA Tour;Escape From Tarkov;Quests;14;USD;2026-01-07 18:33:07.554+00;4;unit;3.5
894c8bb3-c03e-4dab-ae55-da1bfcb90598;option;e1d90154-c93d-48b1-9a90-817bd82de73c;bff1b4ef-9d27-47ef-aeff-d99b194d25ac;Adaptable Challenge 1 ;battlefield-6-challenges-assignments-completion-boost;Battlefield 6 Challenges & Assignments Completion Boost  - Assignments ( Unit );Battlefield 6;Leveling;84;USD;2026-01-07 18:32:19.71+00;1;unit;84
50a8bca7-471c-49a5-8786-9fafecf47d64;option;02d6f9ea-cb93-40bc-a87d-9d2e36fc715e;b01b863f-bf9b-409d-bc3f-db1c2a354fae;Revered - Exalted;the-kirin-tor-offensive;The Kirin Tor Offensive - Select Desired Reputation Level;Mists of Pandaria;Reputations;70.4;USD;2026-01-07 18:32:45.453+00;1;unit;70.4
367782cb-79a2-45b6-839a-6436c63a6fa2;option;2e469156-f4c0-48f2-b3c6-47f848847631;da0426d6-ab23-4c8e-8616-8f6677a49e8f;PSN;seal-brown-steed;Seal Brown Steed - Select Your Platform;Diablo IV;Mounts;0;USD;2026-01-07 18:32:58.226+00;1;unit;0
621a506b-f7af-4378-990f-58f2ce3c5431;product;453b3b37-afbe-4a4d-bcfc-a0fa4ae3202f;;;legendary-cloak;Legendary Cloak;Mists of Pandaria;Gear;0;USD;2026-01-07 17:58:11.037+00;1;unit;0
eb5be19e-5dfd-4ff5-9c5a-2cf677379693;product;550da282-b569-42a0-b579-957d0fff7e54;;;tempest-keep-attunement;Tempest Keep Attunement;WoW: TBC;Attunements;141.9;USD;2026-01-07 17:58:39.392+00;1;unit;141.9
9c1fa087-2c3b-4aa3-ba37-9bb480d2a31a;product;21f74dc8-a1aa-4a32-a11d-79799bec0da6;;;darkfuse-spy-eye;Darkfuse Spy-Eye;War Within;Mounts;58.65;USD;2026-01-07 17:58:45.781+00;1;unit;58.65
9bebbc11-55c6-4356-9af8-c976a8e2156a;option;3be9a498-673f-4ad1-91c5-7cf8416ac7b1;fda2456a-863e-40fb-9e1c-8f23a39ed9d1;Brawler's Razor Claws;heirloom-gear;Heirloom Gear - Gear Options;Mists of Pandaria;Gear;117.88;USD;2026-01-07 18:32:56.659+00;1;unit;117.88
d0899265-910e-4b36-864a-00a6ba08e43a;option;50edf0f7-cfba-4beb-a5e0-472bf98c86a2;85b052e4-c363-46b5-b3e0-774311cbf7ea;NA;heroic-dungeon;Heroic Dungeon - Region;Mists of Pandaria;Dungeons;0;USD;2026-01-07 18:32:57.545+00;1;unit;0
9bf1a13c-bed2-4d2f-b8f1-8c957b21e033;option;50edf0f7-cfba-4beb-a5e0-472bf98c86a2;168374cb-7b0a-4fa1-a4db-48301d8ee357;Temple of the Jade Serpent;heroic-dungeon;Heroic Dungeon - Boost Option;Mists of Pandaria;Dungeons;4.36;USD;2026-01-07 18:32:58.008+00;1;unit;4.36
c2044055-7c22-4813-91cf-2431901e4456;option;99699378-67fc-41e5-8e6c-3420334b1796;dd851c7b-cd2d-415b-b9db-b99edabf1904;Eastern Kingdoms;flight-paths-unlock-boost;Flightpaths  - Zone;20th Anniversary WoW;Leveling;20;USD;2026-01-07 18:32:58.457+00;1;unit;20
b6703601-7a3c-4eb3-9c64-06d7e3d646ac;option;2d14e561-2c90-4878-8d10-b200a7324347;66acaa18-107d-41b5-9a37-8b84f2c71267;Remote;glory-of-the-orgrimmar-raider;Glory of the Orgrimmar Raider - Boost Mode;Mists of Pandaria;Raids;15;USD;2026-01-07 18:32:58.892+00;1;unit;15
3d039248-12c1-48ea-ab84-9dd81ef6f6fb;option;9ead5799-a511-4254-852e-b324f26b01f6;beaf2a45-9109-4fdf-8fa9-f460752cacee;Android;destiny-rising-zone-exploration;Destiny Rising Zone Exploration - Platform;Destiny: Rising;Leveling;0;USD;2026-01-07 18:32:59.35+00;1;unit;0
5e8ef504-891c-430e-a8f5-004c656854a4;option;e56d1436-8505-4d8b-9940-c1d4a54fa2c8;376a160a-e194-441e-97dc-4cdca99301c3;Remote;pandaren-ambassador-achievement;Pandaren Ambassador Achievement - Boost Mode;Mists of Pandaria;Achievements;15;USD;2026-01-07 18:32:59.774+00;1;unit;15
cf13342e-3614-446a-b353-ef06f39ff188;option;e56d1436-8505-4d8b-9940-c1d4a54fa2c8;07772966-5b6a-47b2-bd64-ec3851dd0da3;The Klaxxi (Exalted);pandaren-ambassador-achievement;Pandaren Ambassador Achievement - Boost Option;Mists of Pandaria;Achievements;87.96;USD;2026-01-07 18:33:00.212+00;1;unit;87.96
52a18dd3-60f0-4d91-88e1-d059b3bf3bba;option;85cb5f96-d256-4a8f-805d-875c263d1bd3;4e492a2c-77cc-4a95-84f8-9f8cecee3815;Remote;unbound-star-eater;Unbound Star-Eater - Boost Method;War Within;Mounts;25.5;USD;2026-01-07 18:33:00.645+00;1;unit;25.5
192b4b0a-cf2e-4156-bdee-ddbb783dd0e0;option;0d28d96f-b65d-4a8d-b8c1-46ed852333b8;b7fa9653-50c5-490e-8d74-9ae7566fb9ad;Selfplay;glory-of-the-thundering-raider-achievement;Glory of the Thundering Raider Achievement - Boost Mode;Mists of Pandaria;Achievements;0;USD;2026-01-07 18:33:01.108+00;1;unit;0
b4d46d48-ccca-4b9c-813b-2a35c552bd46;option;d7712523-0788-477e-a050-7621bf9ea5de;9a2d0f7d-efa8-4059-82cc-c7bc2c0a729c;Untended Garden;arc-raiders-quests-completion-boost;Quests - Celeste Trader;Arc Raiders;Leveling;6;USD;2026-01-07 18:33:01.606+00;1;unit;6
9d32c28f-1065-423b-ae05-c726cc642af7;option;d7712523-0788-477e-a050-7621bf9ea5de;9a2d0f7d-efa8-4059-82cc-c7bc2c0a729c;Flickering Threat;arc-raiders-quests-completion-boost;Quests - Celeste Trader;Arc Raiders;Leveling;6;USD;2026-01-07 18:33:02.058+00;1;unit;6
502ca31d-73f1-4e62-9d99-e47f307c7f5f;option;d7712523-0788-477e-a050-7621bf9ea5de;1d42ad71-b9ec-4eca-bed3-f11b06a01626;Armored Transports;arc-raiders-quests-completion-boost;Quests - Tian Wen;Arc Raiders;Leveling;29;USD;2026-01-07 18:33:02.542+00;1;unit;29
728a2be3-c316-43d6-adc2-f53303b156be;option;d7712523-0788-477e-a050-7621bf9ea5de;1d42ad71-b9ec-4eca-bed3-f11b06a01626;Snap And Salvage ;arc-raiders-quests-completion-boost;Quests - Tian Wen;Arc Raiders;Leveling;24;USD;2026-01-07 18:33:03.028+00;1;unit;24
58f518e9-6570-45e5-9e0d-123a2692be4b;option;d7712523-0788-477e-a050-7621bf9ea5de;47bd9bba-495f-413f-b8a7-8c25bc94e0f2;Our Presence Up There;arc-raiders-quests-completion-boost;Quests - Shani;Arc Raiders;Leveling;12;USD;2026-01-07 18:33:03.485+00;1;unit;12
1c02640c-b84a-4a41-b6dd-1d4b75e302c3;option;d7712523-0788-477e-a050-7621bf9ea5de;47bd9bba-495f-413f-b8a7-8c25bc94e0f2;Into The Fray;arc-raiders-quests-completion-boost;Quests - Shani;Arc Raiders;Leveling;24;USD;2026-01-07 18:33:03.92+00;1;unit;24
c26db7e3-8f2b-458b-8192-5728a69361aa;option;d7712523-0788-477e-a050-7621bf9ea5de;2025bf55-918d-410f-9dae-e48dcb22039c;Life Of A Pharmacist ;arc-raiders-quests-completion-boost;Quests - Lance;Arc Raiders;Leveling;16;USD;2026-01-07 18:33:04.388+00;1;unit;16
6663848f-3cb0-4871-879f-ffc89858c723;option;9f115b8a-64b4-45a5-95f9-85aea7558495;3915f12f-2e01-4d11-b8d9-c02bc03beccf;PC;expedition-project-boost;Expedition Project - Platform;Arc Raiders;Leveling;0;USD;2026-01-07 18:33:04.826+00;1;unit;0
0cd9d16a-ebd7-4913-bc44-d312fd50c04a;option;9f115b8a-64b4-45a5-95f9-85aea7558495;f95dc7fc-f639-42c7-8b30-faaaa7db3685;Electrical Components x 30;expedition-project-boost;Expedition Project - Items;Arc Raiders;Leveling;4;USD;2026-01-07 18:33:05.263+00;30;unit;0.13333333333333333
4d395db7-f393-4ff7-b4fd-98ffeb251e1d;option;9f115b8a-64b4-45a5-95f9-85aea7558495;2908275e-f1cb-4759-91aa-232770dc1359;Stage 1 - Foundation;expedition-project-boost;Expedition Project - Specific Stage;Arc Raiders;Leveling;10;USD;2026-01-07 18:33:05.691+00;1;unit;10
258f1ac3-4282-4101-8265-cb2b358285ba;option;7ed9c712-1ffc-4460-ab87-09573dd48e42;668f87ea-0f59-44c1-a837-1db8df1ce2f8;Reserve;peacekeeper-quests;Peacekeeper Quests - Revision;Escape From Tarkov;Quests;29;USD;2026-01-07 18:33:06.211+00;1;unit;29
385e5939-6b7c-4b2c-8040-7cf7c7ec9479;option;7ed9c712-1ffc-4460-ab87-09573dd48e42;d46210d8-03b0-494d-aebc-af25e6edade7;The Guide;peacekeeper-quests;Peacekeeper Quests - Fishing Gear;Escape From Tarkov;Quests;79;USD;2026-01-07 18:33:06.537+00;1;unit;79
91edc81e-bf90-4ab7-be84-fbf693f1fb08;option;7ed9c712-1ffc-4460-ab87-09573dd48e42;d46210d8-03b0-494d-aebc-af25e6edade7;Road Closed;peacekeeper-quests;Peacekeeper Quests - Fishing Gear;Escape From Tarkov;Quests;19;USD;2026-01-07 18:33:06.944+00;1;unit;19
cf261aed-0491-4602-9d89-d7e921128800;option;7ed9c712-1ffc-4460-ab87-09573dd48e42;bbf25862-ce89-4c28-8b35-7383b4d878d9;Lend Lease Part 1;peacekeeper-quests;Peacekeeper Quests - Lend Lease;Escape From Tarkov;Quests;29;USD;2026-01-07 18:33:07.349+00;1;unit;29
ef41bea3-81ef-448e-b5fd-a2646e2ead26;option;7ed9c712-1ffc-4460-ab87-09573dd48e42;7947c984-d678-49cd-bdbe-94f0b5a560ff;The Cult Part 2;peacekeeper-quests;Peacekeeper Quests - The Cult;Escape From Tarkov;Quests;39;USD;2026-01-07 18:33:07.788+00;2;unit;19.5
b10c7f79-bc15-49d9-a8d6-9d963f34732e;option;b5ed8c1c-0913-43d1-b145-36ad910dcc4c;c44ea116-2455-4442-99e1-b82135c2ad6a;EU;glory-of-the-pandaria-raider-achievement;Glory of the Pandaria Raider Achievement - Region;Mists of Pandaria;Achievements;0;USD;2026-01-07 18:13:23.716+00;1;unit;0
c792b476-68ab-457e-9a99-8776296785ef;option;8c08ce5c-a5d4-4e5a-8d9d-b1ddc6545415;acf268bf-9c5b-4137-94b0-84a6b90e0ec1;EU;prototype-asmr;Prototype A.S.M.R. - Region;War Within;Mounts;0;USD;2026-01-07 18:13:24.237+00;1;unit;0
efd9cb0d-b6ef-4361-a413-ad592bf037a8;option;3394c522-8d04-4e09-bcee-060ee937b52b;6892f67c-0462-47af-8869-1576075a98d5;First Time Always Hurts;escape-from-tarkov-achievements-boost;EFT Achievements - Common Achievements;Escape From Tarkov;Leveling;12;USD;2026-01-07 18:13:24.676+00;1;unit;12
78e9d588-cb47-4e0c-a264-50037d3edf2f;option;3394c522-8d04-4e09-bcee-060ee937b52b;b93cf105-577f-4f15-81ed-c76b6513b755;Another Cold Case;escape-from-tarkov-achievements-boost;EFT Achievements - Rare Achievements;Escape From Tarkov;Leveling;129;USD;2026-01-07 18:13:25.183+00;1;unit;129
ca990e8e-2903-4003-b182-288a0c6e30ff;product;c223e4f3-8b67-4a3a-a0a3-ad5eec5df727;;;glory-of-the-orgrimmar-raider-boost;Glory of the Orgrimmar Raider Boost;War Within;Achievements;15.6;USD;2026-01-07 17:58:26.991+00;1;unit;15.6
f3dad6ae-5993-4987-81b3-28f39ec090e5;product;ba6025ed-7681-4d28-8aa3-06c474fde6c7;;;eft-hideout-upgrade-boost;Hideout Upgrades ;Escape From Tarkov;Leveling;1;USD;2026-01-07 17:58:33.17+00;1;unit;1
ed8e6e75-41bf-431a-9fcd-fe24111f4754;product;f54f6fca-3d74-4288-a4cc-8f17227cb239;;;the-shado-pan-assault;The Shado-Pan Assault;Mists of Pandaria;Reputations;0;USD;2026-01-07 17:58:38.887+00;1;unit;0
ce9f44ab-fb04-4ffd-bb52-1af91d7bb21c;product;1d983d26-029d-47a6-b8a6-b96e2b80b380;;;main-story-quest-boost; Main Story Quest Boost;Destiny: Rising; Main Story Quests;0;USD;2026-01-07 17:58:42.472+00;1;unit;0
cec029b3-7b4e-4093-b713-e976a2f9f11d;product;2e469156-f4c0-48f2-b3c6-47f848847631;;;seal-brown-steed;Seal Brown Steed;Diablo IV;Mounts;0;USD;2026-01-07 17:58:46.73+00;1;unit;0
7e2367a2-cc6c-41b3-9b14-ac5738bb011e;option;21f74dc8-a1aa-4a32-a11d-79799bec0da6;41ad618d-38ce-4f01-831b-2a9fbcab60c9;Pilot;darkfuse-spy-eye;Darkfuse Spy-Eye - Boost Method;War Within;Mounts;0;USD;2026-01-07 18:32:57.16+00;1;unit;0
72b7b5c5-7178-4225-8e60-2c7bdee399ff;option;2d14e561-2c90-4878-8d10-b200a7324347;82235e2e-dc97-449c-a390-b36cccaf10ae;EU;glory-of-the-orgrimmar-raider;Glory of the Orgrimmar Raider - Region;Mists of Pandaria;Raids;0;USD;2026-01-07 18:32:58.962+00;1;unit;0
10e29fa2-48d9-4118-a38f-cba7dc657570;option;9ead5799-a511-4254-852e-b324f26b01f6;c147bda6-0381-4fa0-9e58-d150849064d3;Full Completition;destiny-rising-zone-exploration;Destiny Rising Zone Exploration - Jiangshi Metro;Destiny: Rising;Leveling;59;USD;2026-01-07 18:32:59.4+00;1;unit;59
fe89ad7c-02d8-4a4e-8bc4-73e877d405b8;option;e56d1436-8505-4d8b-9940-c1d4a54fa2c8;4f3264b5-401f-42c0-a74c-4f43ace784ce;EU;pandaren-ambassador-achievement;Pandaren Ambassador Achievement - Region;Mists of Pandaria;Achievements;0;USD;2026-01-07 18:32:59.816+00;1;unit;0
a587fbe3-5050-432c-a2f6-61fd1bfd2dd0;option;e56d1436-8505-4d8b-9940-c1d4a54fa2c8;07772966-5b6a-47b2-bd64-ec3851dd0da3;Order of the Cloud Serpent (Exalted);pandaren-ambassador-achievement;Pandaren Ambassador Achievement - Boost Option;Mists of Pandaria;Achievements;87.96;USD;2026-01-07 18:33:00.255+00;1;unit;87.96
3a8900c1-d22c-4300-9b7f-a525e78d181a;option;85cb5f96-d256-4a8f-805d-875c263d1bd3;5196e01a-b138-42c9-be40-4ced2d467561;EU;unbound-star-eater;Unbound Star-Eater - Region;War Within;Mounts;0;USD;2026-01-07 18:33:00.689+00;1;unit;0
66d3c058-a8b8-4bb3-9c6e-12e0b3f10fd6;option;0d28d96f-b65d-4a8d-b8c1-46ed852333b8;b7fa9653-50c5-490e-8d74-9ae7566fb9ad;Remote;glory-of-the-thundering-raider-achievement;Glory of the Thundering Raider Achievement - Boost Mode;Mists of Pandaria;Achievements;15;USD;2026-01-07 18:33:01.15+00;1;unit;15
d309c088-a588-49b1-8f24-41af4e990e12;option;d7712523-0788-477e-a050-7621bf9ea5de;9a2d0f7d-efa8-4059-82cc-c7bc2c0a729c;The Root Of The Matter;arc-raiders-quests-completion-boost;Quests - Celeste Trader;Arc Raiders;Leveling;10;USD;2026-01-07 18:33:01.65+00;1;unit;10
7a810894-fad6-4cec-9e2c-5559463967e8;option;d7712523-0788-477e-a050-7621bf9ea5de;9a2d0f7d-efa8-4059-82cc-c7bc2c0a729c;A Symbol Of Unification;arc-raiders-quests-completion-boost;Quests - Celeste Trader;Arc Raiders;Leveling;6;USD;2026-01-07 18:33:02.102+00;1;unit;6
cb3c4bcc-89e2-48bc-a1ca-4d3327363ad2;option;d7712523-0788-477e-a050-7621bf9ea5de;1d42ad71-b9ec-4eca-bed3-f11b06a01626;Back On Top;arc-raiders-quests-completion-boost;Quests - Tian Wen;Arc Raiders;Leveling;19;USD;2026-01-07 18:33:02.591+00;1;unit;19
9412a0dd-ec93-4462-8978-406e20d5111d;option;d7712523-0788-477e-a050-7621bf9ea5de;71b49ade-e69b-4013-b25b-78facf1b4ffd;Safe Passage;arc-raiders-quests-completion-boost;Quests - Apollo;Arc Raiders;Leveling;6;USD;2026-01-07 18:33:03.07+00;1;unit;6
7adc5868-2a06-475c-8706-cf1055819cb8;option;d7712523-0788-477e-a050-7621bf9ea5de;47bd9bba-495f-413f-b8a7-8c25bc94e0f2;Mixed Signals;arc-raiders-quests-completion-boost;Quests - Shani;Arc Raiders;Leveling;12;USD;2026-01-07 18:33:03.535+00;1;unit;12
4af2ed90-eabd-4e6b-9152-360328cd12aa;option;d7712523-0788-477e-a050-7621bf9ea5de;47bd9bba-495f-413f-b8a7-8c25bc94e0f2;Lost In Transmission;arc-raiders-quests-completion-boost;Quests - Shani;Arc Raiders;Leveling;12;USD;2026-01-07 18:33:03.969+00;1;unit;12
525edeb4-4ba0-4b09-b660-d86660b77484;option;d7712523-0788-477e-a050-7621bf9ea5de;2025bf55-918d-410f-9dae-e48dcb22039c;Doctor's Orders ;arc-raiders-quests-completion-boost;Quests - Lance;Arc Raiders;Leveling;12;USD;2026-01-07 18:33:04.434+00;1;unit;12
329b216a-aef0-4e49-b2b0-a5aecdba46cd;option;9f115b8a-64b4-45a5-95f9-85aea7558495;3915f12f-2e01-4d11-b8d9-c02bc03beccf;PSN;expedition-project-boost;Expedition Project - Platform;Arc Raiders;Leveling;0;USD;2026-01-07 18:33:04.866+00;1;unit;0
2c54ff74-4d54-4743-a001-ff144b1650d5;option;9f115b8a-64b4-45a5-95f9-85aea7558495;f95dc7fc-f639-42c7-8b30-faaaa7db3685;Cooling Fan x 5;expedition-project-boost;Expedition Project - Items;Arc Raiders;Leveling;4;USD;2026-01-07 18:33:05.304+00;5;unit;0.8
d209eea4-6818-4b21-846c-90906ba834d5;option;9f115b8a-64b4-45a5-95f9-85aea7558495;2908275e-f1cb-4759-91aa-232770dc1359;Stage 2 - Core Systems;expedition-project-boost;Expedition Project - Specific Stage;Arc Raiders;Leveling;10;USD;2026-01-07 18:33:05.736+00;2;unit;5
f0ab749e-62dc-4084-865c-b1d89bf2eb3d;option;7ed9c712-1ffc-4460-ab87-09573dd48e42;668f87ea-0f59-44c1-a837-1db8df1ce2f8;Streets of Tarkov;peacekeeper-quests;Peacekeeper Quests - Revision;Escape From Tarkov;Quests;29;USD;2026-01-07 18:33:06.252+00;1;unit;29
90fc12e3-9948-4893-ad34-330526f12a35;option;7ed9c712-1ffc-4460-ab87-09573dd48e42;d46210d8-03b0-494d-aebc-af25e6edade7;Peacekeeping Mission;peacekeeper-quests;Peacekeeper Quests - Fishing Gear;Escape From Tarkov;Quests;69;USD;2026-01-07 18:33:06.576+00;1;unit;69
6a191f37-4edc-423a-9760-61ca622ee224;option;7ed9c712-1ffc-4460-ab87-09573dd48e42;d46210d8-03b0-494d-aebc-af25e6edade7;Special Equipment;peacekeeper-quests;Peacekeeper Quests - Fishing Gear;Escape From Tarkov;Quests;159;USD;2026-01-07 18:33:06.984+00;1;unit;159
adb3a656-f086-4957-aa0c-0cb2fb89e6da;option;7ed9c712-1ffc-4460-ab87-09573dd48e42;bbf25862-ce89-4c28-8b35-7383b4d878d9;Lend Lease Part 2;peacekeeper-quests;Peacekeeper Quests - Lend Lease;Escape From Tarkov;Quests;39;USD;2026-01-07 18:33:07.391+00;2;unit;19.5
cc0ef3c8-43ec-47c6-a465-45784ef03d13;option;7ed9c712-1ffc-4460-ab87-09573dd48e42;076bc07c-27bb-4315-b013-daed097ad36c;Wet Job Part 1;peacekeeper-quests;Peacekeeper Quests - Wet Job;Escape From Tarkov;Quests;19;USD;2026-01-07 18:33:07.829+00;1;unit;19
5f503560-da0c-49f9-afa4-75c5b1fb4e0b;option;b5ed8c1c-0913-43d1-b145-36ad910dcc4c;c44ea116-2455-4442-99e1-b82135c2ad6a;NA;glory-of-the-pandaria-raider-achievement;Glory of the Pandaria Raider Achievement - Region;Mists of Pandaria;Achievements;0;USD;2026-01-07 18:13:23.761+00;1;unit;0
56670aa0-c7f9-4936-82a5-e5dd0e0b0f7c;option;8c08ce5c-a5d4-4e5a-8d9d-b1ddc6545415;acf268bf-9c5b-4137-94b0-84a6b90e0ec1;NA;prototype-asmr;Prototype A.S.M.R. - Region;War Within;Mounts;0;USD;2026-01-07 18:13:24.286+00;1;unit;0
faf82b56-0994-458d-8418-a6df134c06ca;option;50edf0f7-cfba-4beb-a5e0-472bf98c86a2;168374cb-7b0a-4fa1-a4db-48301d8ee357;9/9 World Tour;heroic-dungeon;Heroic Dungeon - Boost Option;Mists of Pandaria;Dungeons;33.56;USD;2026-01-07 18:32:57.587+00;9;unit;3.728888888888889
6e6c09cf-b805-4622-af87-6ec5fc5cdc7b;option;99699378-67fc-41e5-8e6c-3420334b1796;dd851c7b-cd2d-415b-b9db-b99edabf1904;Kalimdor;flight-paths-unlock-boost;Flightpaths  - Zone;20th Anniversary WoW;Leveling;20;USD;2026-01-07 18:32:58.5+00;1;unit;20
b7f0bdac-e3a9-4a07-875a-35ac936de40b;product;a10917d0-4b63-4009-8f54-ae2e874f13d3;;;reins-of-the-thundering-onyx-cloud-serpent;Reins of the Thundering Onyx Cloud Serpent;Mists of Pandaria;Mounts;263.96;USD;2026-01-07 17:58:11.655+00;1;unit;263.96
00235af7-e1f8-4fab-85f3-e910738efdc4;option;3be9a498-673f-4ad1-91c5-7cf8416ac7b1;fda2456a-863e-40fb-9e1c-8f23a39ed9d1;Shoulders;heirloom-gear;Heirloom Gear - Gear Options;Mists of Pandaria;Gear;17.56;USD;2026-01-07 18:32:56.328+00;1;unit;17.56
06161d28-affb-4c6d-a1f0-22f2001c53e0;option;3f4dc1d2-8650-46a2-9fca-80c38e038f5c;97a721f0-5365-456e-91e2-bd04db65eaa6;Pilot;binding-the-fell;Binding the Fell - Boost Mode;Diablo IV;Cosmetics;0;USD;2026-01-07 18:32:56.806+00;1;unit;0
b1738d04-1745-42ea-9bf5-99ee5f97abbf;option;21f74dc8-a1aa-4a32-a11d-79799bec0da6;52b2eba7-9cea-4810-94b7-65c6d3d69de8;EU;darkfuse-spy-eye;Darkfuse Spy-Eye - Region;War Within;Mounts;0;USD;2026-01-07 18:32:57.248+00;1;unit;0
b6ee72a7-b7b3-41b6-b5ed-2599f58e4197;product;8641a229-a57e-4df3-b1ed-241abffa89f4;;;hesha-e-kesungi;Hesha e Kesungi;Diablo IV;Items;5.72;USD;2026-01-07 17:58:29.124+00;1;unit;5.72
fdd67df3-7470-4cd2-b4ae-1eae28e30a28;option;50edf0f7-cfba-4beb-a5e0-472bf98c86a2;168374cb-7b0a-4fa1-a4db-48301d8ee357;Mogu'shan Palace;heroic-dungeon;Heroic Dungeon - Boost Option;Mists of Pandaria;Dungeons;4.36;USD;2026-01-07 18:32:57.675+00;1;unit;4.36
62d52f43-3a55-447c-a932-41d8d96c7e12;product;b76dc564-49cc-48ef-bf65-8b995fea95f8;;;the-sunreaver-onslaught;The Sunreaver Onslaught;Mists of Pandaria;Reputations;0;USD;2026-01-07 17:58:40.044+00;1;unit;0
a2c90387-b835-410d-89d1-9f1ce449bc58;product;e5761804-c753-4b93-9a5b-7bb55ad5d50c;;;nesekem-the-herald;Nesekem, the Herald;Diablo IV;Items;35.2;USD;2026-01-07 17:58:41.984+00;1;unit;35.2
3c94ec5c-f512-46f6-b635-f74729fc4491;product;e40979d8-31c7-41b2-8138-19d7ba873404;;;celestial-riding-serpent;Celestial Riding Serpent;Mists of Pandaria;Mounts;999;USD;2026-01-07 17:58:47.852+00;1;unit;999
e6d977d8-8275-404e-afc4-82536289a554;product;87657d33-4d94-46e8-8394-040fc4f0d6dc;;;glory-of-the-pandaria-hero-achievement;Glory of the Pandaria Hero Achievement;Mists of Pandaria;Achievements;143.96;USD;2026-01-07 17:58:49.868+00;1;unit;143.96
d8ffeaa7-2e94-4fcf-9101-5a1b03a144c7;option;2e469156-f4c0-48f2-b3c6-47f848847631;aedd0ef6-d3ae-4b3c-b750-1c536b8268eb;Remote;seal-brown-steed;Seal Brown Steed - Boost Mode;Diablo IV;Mounts;15;USD;2026-01-07 18:32:58.141+00;1;unit;15
25ca395d-8b1f-4ac2-9b5e-a6d63c7a25a8;option;9ead5799-a511-4254-852e-b324f26b01f6;c147bda6-0381-4fa0-9e58-d150849064d3;Station;destiny-rising-zone-exploration;Destiny Rising Zone Exploration - Jiangshi Metro;Destiny: Rising;Leveling;24;USD;2026-01-07 18:32:59.485+00;1;unit;24
a8ac5128-8dfb-49d5-bbe1-736cbdc7626b;option;ec7d33a3-7a83-46b2-8040-27f5bd519d4e;3c293079-811c-40b4-98a0-de13160f5502;Pilot;glory-of-the-thundering-raider;Glory of the Thundering Raider - Boost Mode;Mists of Pandaria;Raids;0;USD;2026-01-07 18:33:00.342+00;1;unit;0
f9fc4bbd-b78d-46ec-8053-bbe821e90a4b;option;0d28d96f-b65d-4a8d-b8c1-46ed852333b8;4284ae2d-f095-448f-a7b1-0dafa652ae3d;NA;glory-of-the-thundering-raider-achievement;Glory of the Thundering Raider Achievement - Region;Mists of Pandaria;Achievements;0;USD;2026-01-07 18:33:01.242+00;1;unit;0
dff52fcd-d8d1-413c-8a0e-4d34f71530f9;option;d7712523-0788-477e-a050-7621bf9ea5de;9a2d0f7d-efa8-4059-82cc-c7bc2c0a729c;Digging Up Dirt;arc-raiders-quests-completion-boost;Quests - Celeste Trader;Arc Raiders;Leveling;6;USD;2026-01-07 18:33:01.751+00;1;unit;6
d91aeaf2-3fdb-452c-8cc2-cd6c73d433a6;option;d7712523-0788-477e-a050-7621bf9ea5de;1d42ad71-b9ec-4eca-bed3-f11b06a01626;Eyes On The Prize;arc-raiders-quests-completion-boost;Quests - Tian Wen;Arc Raiders;Leveling;9;USD;2026-01-07 18:33:02.7+00;1;unit;9
44841dc6-8b57-4c62-b470-683d113ed9fa;option;d7712523-0788-477e-a050-7621bf9ea5de;71b49ade-e69b-4013-b25b-78facf1b4ffd;Sparks Fly;arc-raiders-quests-completion-boost;Quests - Apollo;Arc Raiders;Leveling;9;USD;2026-01-07 18:33:03.159+00;1;unit;9
01574b37-561f-4575-9340-0ca16f8d6219;option;d7712523-0788-477e-a050-7621bf9ea5de;47bd9bba-495f-413f-b8a7-8c25bc94e0f2;Trash Into Treasure;arc-raiders-quests-completion-boost;Quests - Shani;Arc Raiders;Leveling;6;USD;2026-01-07 18:33:03.616+00;1;unit;6
4ec4ce0b-d6d7-4ba9-99bc-73903bc0cea1;option;d7712523-0788-477e-a050-7621bf9ea5de;47bd9bba-495f-413f-b8a7-8c25bc94e0f2;The Trifecta ;arc-raiders-quests-completion-boost;Quests - Shani;Arc Raiders;Leveling;12;USD;2026-01-07 18:33:04.053+00;1;unit;12
f4550ed3-0fe3-4834-8426-af07c096b8bf;option;d7712523-0788-477e-a050-7621bf9ea5de;2025bf55-918d-410f-9dae-e48dcb22039c;In My Image;arc-raiders-quests-completion-boost;Quests - Lance;Arc Raiders;Leveling;12;USD;2026-01-07 18:33:04.516+00;1;unit;12
34c0315a-3528-4aa1-bd09-a84e186dff51;option;9f115b8a-64b4-45a5-95f9-85aea7558495;f95dc7fc-f639-42c7-8b30-faaaa7db3685;Battery x 30;expedition-project-boost;Expedition Project - Items;Arc Raiders;Leveling;4;USD;2026-01-07 18:33:05.385+00;30;unit;0.13333333333333333
5503bafa-d82e-43f9-8e03-d601e7a7e3c8;option;9f115b8a-64b4-45a5-95f9-85aea7558495;2908275e-f1cb-4759-91aa-232770dc1359;Stage 4 - Outfitting;expedition-project-boost;Expedition Project - Specific Stage;Arc Raiders;Leveling;10;USD;2026-01-07 18:33:05.829+00;4;unit;2.5
91271bea-619b-4db3-8493-b31bbaf990e1;option;7ed9c712-1ffc-4460-ab87-09573dd48e42;d46210d8-03b0-494d-aebc-af25e6edade7;Mentor;peacekeeper-quests;Peacekeeper Quests - Fishing Gear;Escape From Tarkov;Quests;59;USD;2026-01-07 18:33:06.619+00;1;unit;59
2148313a-00ff-4ced-830a-38ea3d8b9fdb;option;7ed9c712-1ffc-4460-ab87-09573dd48e42;d46210d8-03b0-494d-aebc-af25e6edade7;Classified Technologies;peacekeeper-quests;Peacekeeper Quests - Fishing Gear;Escape From Tarkov;Quests;12;USD;2026-01-07 18:33:07.022+00;1;unit;12
19d07ed9-5f9c-43db-83be-f6a6cad58bec;option;7ed9c712-1ffc-4460-ab87-09573dd48e42;8bf4649a-016d-4aed-8736-1ae0eae4eb6a;SPA Tour Part 1;peacekeeper-quests;Peacekeeper Quests - SPA Tour;Escape From Tarkov;Quests;19;USD;2026-01-07 18:33:07.431+00;1;unit;19
08cbbf6a-c810-4d90-a11b-9ecb8f937c2f;option;7ed9c712-1ffc-4460-ab87-09573dd48e42;076bc07c-27bb-4315-b013-daed097ad36c;Wet Job Part 2;peacekeeper-quests;Peacekeeper Quests - Wet Job;Escape From Tarkov;Quests;12;USD;2026-01-07 18:33:07.868+00;2;unit;6
1d563709-509f-4892-867b-4d90f30167af;option;99699378-67fc-41e5-8e6c-3420334b1796;328dad84-8509-47b5-b6e1-cb10e55c4c50;EU;flight-paths-unlock-boost;Flightpaths  - Region;20th Anniversary WoW;Leveling;0;USD;2026-01-07 18:32:58.586+00;1;unit;0
01aa2a5f-400b-40e4-b391-a3b2586d8dc1;option;d7712523-0788-477e-a050-7621bf9ea5de;9a2d0f7d-efa8-4059-82cc-c7bc2c0a729c;Celeste's Journals;arc-raiders-quests-completion-boost;Quests - Celeste Trader;Arc Raiders;Leveling;10;USD;2026-01-07 18:33:02.206+00;1;unit;10
dac75e9d-2e4b-410d-9953-ee34b2a28162;option;9f115b8a-64b4-45a5-95f9-85aea7558495;5fffac12-5d2e-48b9-b491-b82b2f0cc9dd;Pilot;expedition-project-boost;Expedition Project - Boost Method;Arc Raiders;Leveling;0;USD;2026-01-07 18:33:04.949+00;1;unit;0
f0eb9ffa-bf13-4050-b68d-397da58b97b4;product;492e6763-5aa9-4fc4-bc2c-675b7a1f7eb0;;;heart-of-fear;Heart of Fear;Mists of Pandaria;Raids;0;USD;2026-01-07 17:58:14.415+00;1;unit;0
aef8f8fe-f60a-45ff-8271-42591ed87d03;option;3be9a498-673f-4ad1-91c5-7cf8416ac7b1;fda2456a-863e-40fb-9e1c-8f23a39ed9d1;Chest;heirloom-gear;Heirloom Gear - Gear Options;Mists of Pandaria;Gear;17.56;USD;2026-01-07 18:32:56.275+00;1;unit;17.56
bd8b0f20-b8b6-4917-8a48-b8b987cfdc39;product;f7f969eb-23c0-4e7f-8b66-560ff336cb31;;;heir-of-perdition;Heir of Perdition;Diablo IV;Items;35.2;USD;2026-01-07 17:58:18.028+00;1;unit;35.2
de24958f-9d2a-4d1b-b9de-68de90f3d058;option;3f4dc1d2-8650-46a2-9fca-80c38e038f5c;2e17a8c1-bde1-4942-bb8f-8df265b5d069;PSN;binding-the-fell;Binding the Fell - Select Your Platform;Diablo IV;Cosmetics;0;USD;2026-01-07 18:32:56.931+00;1;unit;0
80720925-e824-436a-973c-76b7cd597ab2;option;50edf0f7-cfba-4beb-a5e0-472bf98c86a2;523e3fe8-29b4-4cff-aae1-bee7d77019a8;Pilot;heroic-dungeon;Heroic Dungeon - Boost Mode;Mists of Pandaria;Dungeons;0;USD;2026-01-07 18:32:57.375+00;1;unit;0
5042fbb7-68f0-4786-b9c0-46252f5c4b96;option;50edf0f7-cfba-4beb-a5e0-472bf98c86a2;168374cb-7b0a-4fa1-a4db-48301d8ee357;Scholomance;heroic-dungeon;Heroic Dungeon - Boost Option;Mists of Pandaria;Dungeons;4.36;USD;2026-01-07 18:32:57.814+00;1;unit;4.36
7d346fb6-64db-4606-9857-492adc416d46;option;2e469156-f4c0-48f2-b3c6-47f848847631;da0426d6-ab23-4c8e-8616-8f6677a49e8f;XBOX;seal-brown-steed;Seal Brown Steed - Select Your Platform;Diablo IV;Mounts;0;USD;2026-01-07 18:32:58.267+00;1;unit;0
5bc2a3a6-9864-405a-97f6-d436b40559f5;option;99699378-67fc-41e5-8e6c-3420334b1796;e1622626-95ae-46bd-9251-7cb91aded5e2;Yes;flight-paths-unlock-boost;Flightpaths  - Hardcore Realms?;20th Anniversary WoW;Leveling;100;USD;2026-01-07 18:32:58.712+00;1;unit;100
517df667-cc94-42b1-873a-f43755185f9f;option;e40979d8-31c7-41b2-8138-19d7ba873404;2fd882b8-d5f8-41d4-b2f7-05d4f36f6e86;EU;celestial-riding-serpent;Celestial Riding Serpent - Region;Mists of Pandaria;Mounts;0;USD;2026-01-07 18:32:59.177+00;1;unit;0
5a4adcc0-f4ed-453c-af9b-7b081413c589;option;9ead5799-a511-4254-852e-b324f26b01f6;baa2119b-a2d9-4c14-a5c2-c648774c89e1;Veridia Forest;destiny-rising-zone-exploration;Destiny Rising Zone Exploration - Red Sea Rift;Destiny: Rising;Leveling;24;USD;2026-01-07 18:32:59.613+00;1;unit;24
c612b75c-3537-4b48-a2a9-ba690ebc0ba9;option;e56d1436-8505-4d8b-9940-c1d4a54fa2c8;07772966-5b6a-47b2-bd64-ec3851dd0da3;The Lorewalkers (Exalted);pandaren-ambassador-achievement;Pandaren Ambassador Achievement - Boost Option;Mists of Pandaria;Achievements;26.36;USD;2026-01-07 18:33:00.036+00;1;unit;26.36
8e473b02-70d8-4d3f-be48-69a7f6a130af;option;ec7d33a3-7a83-46b2-8040-27f5bd519d4e;843f845c-25a0-411e-a077-a9893afa61e3;EU;glory-of-the-thundering-raider;Glory of the Thundering Raider - Region;Mists of Pandaria;Raids;0;USD;2026-01-07 18:33:00.471+00;1;unit;0
108d0859-e989-4676-be96-8245b53e155a;option;87657d33-4d94-46e8-8394-040fc4f0d6dc;be334ba1-4002-4fa3-ada1-eb97e2aee5fb;EU;glory-of-the-pandaria-hero-achievement;Glory of the Pandaria Hero Achievement - Region;Mists of Pandaria;Achievements;0;USD;2026-01-07 18:33:00.934+00;1;unit;0
212bd873-5700-4a68-94d7-c2c83fe2651c;option;d7712523-0788-477e-a050-7621bf9ea5de;f23ccb27-e970-4b40-8420-fdfc9adbd30d;PSN;arc-raiders-quests-completion-boost;Quests - Platform;Arc Raiders;Leveling;0;USD;2026-01-07 18:33:01.408+00;1;unit;0
bb4bfdd2-29e9-4cbb-8e79-730922499ab1;option;d7712523-0788-477e-a050-7621bf9ea5de;9a2d0f7d-efa8-4059-82cc-c7bc2c0a729c;Water Troubles;arc-raiders-quests-completion-boost;Quests - Celeste Trader;Arc Raiders;Leveling;10;USD;2026-01-07 18:33:01.876+00;1;unit;10
e9db11a6-13cc-4a57-b19a-42b8e9b0c79b;option;d7712523-0788-477e-a050-7621bf9ea5de;9a2d0f7d-efa8-4059-82cc-c7bc2c0a729c;Keeping The Memory;arc-raiders-quests-completion-boost;Quests - Celeste Trader;Arc Raiders;Leveling;15;USD;2026-01-07 18:33:02.334+00;1;unit;15
34cd0e57-85c6-4f93-bf2d-527f4404d98e;option;d7712523-0788-477e-a050-7621bf9ea5de;1d42ad71-b9ec-4eca-bed3-f11b06a01626;Market Correction;arc-raiders-quests-completion-boost;Quests - Tian Wen;Arc Raiders;Leveling;9;USD;2026-01-07 18:33:02.85+00;1;unit;9
0199d2c6-374d-49ce-9a7a-1e081a2bec36;option;d7712523-0788-477e-a050-7621bf9ea5de;71b49ade-e69b-4013-b25b-78facf1b4ffd;Espresso;arc-raiders-quests-completion-boost;Quests - Apollo;Arc Raiders;Leveling;19;USD;2026-01-07 18:33:03.297+00;1;unit;19
22742cda-10ec-4d41-9054-4c1c910592f9;option;d7712523-0788-477e-a050-7621bf9ea5de;47bd9bba-495f-413f-b8a7-8c25bc94e0f2;A Lay Of The Land ;arc-raiders-quests-completion-boost;Quests - Shani;Arc Raiders;Leveling;16;USD;2026-01-07 18:33:03.75+00;1;unit;16
c08a08de-7595-4a17-863a-548e8f7eda52;option;d7712523-0788-477e-a050-7621bf9ea5de;47bd9bba-495f-413f-b8a7-8c25bc94e0f2;Cold Storage;arc-raiders-quests-completion-boost;Quests - Shani;Arc Raiders;Leveling;15;USD;2026-01-07 18:33:04.204+00;1;unit;15
786b6102-840a-4a91-8cee-86fe6faf8de9;option;fe2c4393-8783-4518-bb86-e6e95bc18db4;c93adb36-fb0f-49db-8a0c-d2234d3b3cdd;Remote;serpentshrine-cavern-attunement;Serpentshrine Cavern Attunement - Boost Method;WoW: TBC;Attunements;33;USD;2026-01-07 18:33:04.644+00;1;unit;33
f278ae44-1b17-49e6-8bb6-3eb397f9512e;option;9f115b8a-64b4-45a5-95f9-85aea7558495;f95dc7fc-f639-42c7-8b30-faaaa7db3685;ARC Alloy x 80;expedition-project-boost;Expedition Project - Items;Arc Raiders;Leveling;4;USD;2026-01-07 18:33:05.088+00;80;unit;0.05
a9f98f2f-4fc8-4776-bdea-f5b4d0341d7a;option;9f115b8a-64b4-45a5-95f9-85aea7558495;f95dc7fc-f639-42c7-8b30-faaaa7db3685;Humidifier x 5;expedition-project-boost;Expedition Project - Items;Arc Raiders;Leveling;4;USD;2026-01-07 18:33:05.51+00;5;unit;0.8
7916cf29-94e1-4c02-9d3a-4af1a4855080;option;7ed9c712-1ffc-4460-ab87-09573dd48e42;e6ab832f-a10f-4857-ba0c-95bafe5d60b5;PvP;peacekeeper-quests;Peacekeeper Quests - Server;Escape From Tarkov;Quests;0;USD;2026-01-07 18:33:06.011+00;1;unit;0
bc19ebd7-fa44-47b7-98c5-59c200c70382;option;7ed9c712-1ffc-4460-ab87-09573dd48e42;d46210d8-03b0-494d-aebc-af25e6edade7;Tiger Safari;peacekeeper-quests;Peacekeeper Quests - Fishing Gear;Escape From Tarkov;Quests;12;USD;2026-01-07 18:33:06.373+00;1;unit;12
d3998048-90d9-4074-b27d-dc8b2f27133c;option;7ed9c712-1ffc-4460-ab87-09573dd48e42;d46210d8-03b0-494d-aebc-af25e6edade7;Overpopulation;peacekeeper-quests;Peacekeeper Quests - Fishing Gear;Escape From Tarkov;Quests;39;USD;2026-01-07 18:33:06.782+00;1;unit;39
461ebf11-c46a-45aa-bac2-caad76715e98;option;7ed9c712-1ffc-4460-ab87-09573dd48e42;61e286b6-9b5c-46d2-9d1e-ac89c0237861;Cargo X Part 1;peacekeeper-quests;Peacekeeper Quests - Cargo X;Escape From Tarkov;Quests;14;USD;2026-01-07 18:33:07.186+00;1;unit;14
b9efb829-d398-4d74-b27c-7921e33edc81;option;7ed9c712-1ffc-4460-ab87-09573dd48e42;8bf4649a-016d-4aed-8736-1ae0eae4eb6a;SPA Tour Part 5;peacekeeper-quests;Peacekeeper Quests - SPA Tour;Escape From Tarkov;Quests;12;USD;2026-01-07 18:33:07.594+00;5;unit;2.4
6a09fd09-24c6-4dad-9154-76e4ced1dea1;option;7ed9c712-1ffc-4460-ab87-09573dd48e42;076bc07c-27bb-4315-b013-daed097ad36c;Wet Job Part 6;peacekeeper-quests;Peacekeeper Quests - Wet Job;Escape From Tarkov;Quests;129;USD;2026-01-07 18:13:23.526+00;6;unit;21.5
be24ea43-d187-44d3-a919-3c4bb81f9de4;option;177a0913-f605-44c7-a967-d4e433a12fd2;e8be710b-0f40-417e-90ab-28756b7b3660;NA;mount-hyjal-attunement;Mount Hyjal Attunement - Region;WoW: TBC;Attunements;0;USD;2026-01-07 18:13:24.031+00;1;unit;0
07af0854-f457-4b59-9a3c-d72210bf4b98;option;3394c522-8d04-4e09-bcee-060ee937b52b;6892f67c-0462-47af-8869-1576075a98d5;Art of Style;escape-from-tarkov-achievements-boost;EFT Achievements - Common Achievements;Escape From Tarkov;Leveling;12;USD;2026-01-07 18:13:24.512+00;1;unit;12
126478e1-eddb-4616-b51c-dabccee8d346;option;3394c522-8d04-4e09-bcee-060ee937b52b;6892f67c-0462-47af-8869-1576075a98d5;Sanatorium Orderly;escape-from-tarkov-achievements-boost;EFT Achievements - Common Achievements;Escape From Tarkov;Leveling;9;USD;2026-01-07 18:13:24.962+00;1;unit;9
d182078a-f164-4f02-8638-17bb56ec4803;option;b76dc564-49cc-48ef-bf65-8b995fea95f8;b13770d7-5f50-4e6c-a095-924671f3f681;Friendly - Honored;the-sunreaver-onslaught;The Sunreaver Onslaught - Select Desired Reputation Level;Mists of Pandaria;Reputations;17.6;USD;2026-01-07 18:32:52.059+00;1;unit;17.6
b451c36d-149f-4371-8abc-99d61d914b06;product;99699378-67fc-41e5-8e6c-3420334b1796;;;flight-paths-unlock-boost;Flightpaths ;20th Anniversary WoW;Leveling;1.99;USD;2026-01-07 17:58:47.128+00;1;unit;1.99
89f189a7-4f03-4ae4-8c29-3b95237c2752;product;9f115b8a-64b4-45a5-95f9-85aea7558495;;;expedition-project-boost;Expedition Project;Arc Raiders;Leveling;0.1;USD;2026-01-07 17:58:53.949+00;1;unit;0.1
2196ac1e-9abf-40b0-ad46-6f2cad8ecf53;product;174e5a48-de41-4350-9eae-491571e5ea1a;;;challenge-mode-silver-pack;Challenge Mode Silver Pack;Mists of Pandaria;Challenge Mode;59;USD;2026-01-07 17:59:00.432+00;1;unit;59
895d157a-9b95-4c53-880a-9961752dce7b;option;3be9a498-673f-4ad1-91c5-7cf8416ac7b1;fda2456a-863e-40fb-9e1c-8f23a39ed9d1;Trinket;heirloom-gear;Heirloom Gear - Gear Options;Mists of Pandaria;Gear;20.2;USD;2026-01-07 18:32:56.615+00;1;unit;20.2
5f202c7e-3a4a-408b-bb96-f72168bf6ff5;option;3f4dc1d2-8650-46a2-9fca-80c38e038f5c;8de9f027-27e7-48e9-a4d2-9182969fa6ed;Eternal - Softcore;binding-the-fell;Binding the Fell - Select World;Diablo IV;Cosmetics;131.34;USD;2026-01-07 18:32:57.068+00;1;unit;131.34
be926555-50ff-42c6-9f72-f48b25c893ab;option;50edf0f7-cfba-4beb-a5e0-472bf98c86a2;85b052e4-c363-46b5-b3e0-774311cbf7ea;EU;heroic-dungeon;Heroic Dungeon - Region;Mists of Pandaria;Dungeons;0;USD;2026-01-07 18:32:57.504+00;1;unit;0
39df5fe9-fc4c-48a7-a63a-fe3963f0f8b0;option;50edf0f7-cfba-4beb-a5e0-472bf98c86a2;168374cb-7b0a-4fa1-a4db-48301d8ee357;Stormstout Brewery;heroic-dungeon;Heroic Dungeon - Boost Option;Mists of Pandaria;Dungeons;4.36;USD;2026-01-07 18:32:57.96+00;1;unit;4.36
d721ff4b-62a1-4e35-bb9a-618087753217;option;2d14e561-2c90-4878-8d10-b200a7324347;66acaa18-107d-41b5-9a37-8b84f2c71267;Selfplay;glory-of-the-orgrimmar-raider;Glory of the Orgrimmar Raider - Boost Mode;Mists of Pandaria;Raids;0;USD;2026-01-07 18:32:58.849+00;1;unit;0
e20a75e9-9610-42ec-a192-341c3ca3bb22;option;9ead5799-a511-4254-852e-b324f26b01f6;beaf2a45-9109-4fdf-8fa9-f460752cacee;iOS;destiny-rising-zone-exploration;Destiny Rising Zone Exploration - Platform;Destiny: Rising;Leveling;0;USD;2026-01-07 18:32:59.306+00;1;unit;0
8d8bb957-57a9-4cd2-943d-620e54b17bb4;option;e56d1436-8505-4d8b-9940-c1d4a54fa2c8;376a160a-e194-441e-97dc-4cdca99301c3;Pilot;pandaren-ambassador-achievement;Pandaren Ambassador Achievement - Boost Mode;Mists of Pandaria;Achievements;0;USD;2026-01-07 18:32:59.734+00;1;unit;0
46b01e8c-c8dd-4225-a768-099a6b5913d0;option;85cb5f96-d256-4a8f-805d-875c263d1bd3;4e492a2c-77cc-4a95-84f8-9f8cecee3815;Pilot;unbound-star-eater;Unbound Star-Eater - Boost Method;War Within;Mounts;0;USD;2026-01-07 18:33:00.6+00;1;unit;0
31dce1e0-af3f-4143-8cd2-f37757e30aa5;option;0d28d96f-b65d-4a8d-b8c1-46ed852333b8;b7fa9653-50c5-490e-8d74-9ae7566fb9ad;Pilot;glory-of-the-thundering-raider-achievement;Glory of the Thundering Raider Achievement - Boost Mode;Mists of Pandaria;Achievements;0;USD;2026-01-07 18:33:01.056+00;1;unit;0
ed5179e8-e577-4fb9-95df-a4ae4337c10e;option;d7712523-0788-477e-a050-7621bf9ea5de;9a2d0f7d-efa8-4059-82cc-c7bc2c0a729c;A Balanced Harvest;arc-raiders-quests-completion-boost;Quests - Celeste Trader;Arc Raiders;Leveling;6;USD;2026-01-07 18:33:01.558+00;1;unit;6
46a6ddfb-eb25-437c-99e1-5b09c33ed722;option;d7712523-0788-477e-a050-7621bf9ea5de;9a2d0f7d-efa8-4059-82cc-c7bc2c0a729c;Power Out;arc-raiders-quests-completion-boost;Quests - Celeste Trader;Arc Raiders;Leveling;10;USD;2026-01-07 18:33:02.016+00;1;unit;10
be9d104e-e103-420a-90a1-8f4286532f71;option;d7712523-0788-477e-a050-7621bf9ea5de;1d42ad71-b9ec-4eca-bed3-f11b06a01626;A Better Use ;arc-raiders-quests-completion-boost;Quests - Tian Wen;Arc Raiders;Leveling;6;USD;2026-01-07 18:33:02.491+00;1;unit;6
441566f6-ce6a-4782-aabd-b2468df8cffc;option;d7712523-0788-477e-a050-7621bf9ea5de;1d42ad71-b9ec-4eca-bed3-f11b06a01626;What We Left Behind;arc-raiders-quests-completion-boost;Quests - Tian Wen;Arc Raiders;Leveling;16;USD;2026-01-07 18:33:02.982+00;1;unit;16
d8fc26f0-c8c9-4661-aa88-433cd14fd020;option;d7712523-0788-477e-a050-7621bf9ea5de;47bd9bba-495f-413f-b8a7-8c25bc94e0f2;Dormant Barons;arc-raiders-quests-completion-boost;Quests - Shani;Arc Raiders;Leveling;6;USD;2026-01-07 18:33:03.443+00;1;unit;6
dc2089d4-f45f-4e86-8f06-e15e6f7a0f4d;option;d7712523-0788-477e-a050-7621bf9ea5de;47bd9bba-495f-413f-b8a7-8c25bc94e0f2;Eyes In The Sky;arc-raiders-quests-completion-boost;Quests - Shani;Arc Raiders;Leveling;16;USD;2026-01-07 18:33:03.879+00;1;unit;16
08841428-c6a3-4f75-999d-62acfee55c8b;option;d7712523-0788-477e-a050-7621bf9ea5de;2025bf55-918d-410f-9dae-e48dcb22039c;Prescriptions Of The Past;arc-raiders-quests-completion-boost;Quests - Lance;Arc Raiders;Leveling;9;USD;2026-01-07 18:33:04.333+00;1;unit;9
0d4bfb70-ce98-445d-ba92-c6351c8bd258;option;9f115b8a-64b4-45a5-95f9-85aea7558495;f95dc7fc-f639-42c7-8b30-faaaa7db3685;Wires x 30;expedition-project-boost;Expedition Project - Items;Arc Raiders;Leveling;4;USD;2026-01-07 18:33:05.221+00;30;unit;0.13333333333333333
e21c4580-32dd-4cf6-9a01-0611c9004459;option;9f115b8a-64b4-45a5-95f9-85aea7558495;f95dc7fc-f639-42c7-8b30-faaaa7db3685;Leaper Pulse Unit x 3;expedition-project-boost;Expedition Project - Items;Arc Raiders;Leveling;4;USD;2026-01-07 18:33:05.651+00;3;unit;1.3333333333333333
f89cfdfd-a637-452d-8ce8-2b5b503ad64b;option;7ed9c712-1ffc-4460-ab87-09573dd48e42;20e53947-2073-478c-9d3b-53faaac45161;Selfplay;peacekeeper-quests;Peacekeeper Quests - Boost Method;Escape From Tarkov;Quests;30;USD;2026-01-07 18:33:06.173+00;1;unit;30
a9f7c9c1-beee-471d-b999-7cafc4192aaf;option;7ed9c712-1ffc-4460-ab87-09573dd48e42;d46210d8-03b0-494d-aebc-af25e6edade7;Humanitarian Supplies;peacekeeper-quests;Peacekeeper Quests - Fishing Gear;Escape From Tarkov;Quests;17;USD;2026-01-07 18:33:06.49+00;1;unit;17
71a14757-6e6f-4133-807c-7d750e247f70;option;7ed9c712-1ffc-4460-ab87-09573dd48e42;d46210d8-03b0-494d-aebc-af25e6edade7;Your Car Needs a Service;peacekeeper-quests;Peacekeeper Quests - Fishing Gear;Escape From Tarkov;Quests;29;USD;2026-01-07 18:33:06.902+00;1;unit;29
105cb768-9429-443b-a3d7-95e51b6f2187;option;7ed9c712-1ffc-4460-ab87-09573dd48e42;61e286b6-9b5c-46d2-9d1e-ac89c0237861;Cargo X Part 4;peacekeeper-quests;Peacekeeper Quests - Cargo X;Escape From Tarkov;Quests;19;USD;2026-01-07 18:33:07.311+00;4;unit;4.75
ebd95403-d25f-4ee8-a976-7ecd59bade23;option;7ed9c712-1ffc-4460-ab87-09573dd48e42;7947c984-d678-49cd-bdbe-94f0b5a560ff;The Cult Part 1;peacekeeper-quests;Peacekeeper Quests - The Cult;Escape From Tarkov;Quests;12;USD;2026-01-07 18:33:07.75+00;1;unit;12
3b4ceb30-9793-4379-83fa-4fa5fdb72dbb;option;b5ed8c1c-0913-43d1-b145-36ad910dcc4c;19cdf6c3-f4aa-4cc1-932c-8b80fe1e5765;Remote;glory-of-the-pandaria-raider-achievement;Glory of the Pandaria Raider Achievement - Boost Mode;Mists of Pandaria;Achievements;15;USD;2026-01-07 18:13:23.667+00;1;unit;15
ab369edf-394d-438e-870e-c546d7f67548;option;8c08ce5c-a5d4-4e5a-8d9d-b1ddc6545415;de588bf5-14a3-4bf2-8665-1dd89d5dc491;Remote;prototype-asmr;Prototype A.S.M.R. - Boost Method;War Within;Mounts;25.5;USD;2026-01-07 18:13:24.198+00;1;unit;25.5
fe0a4c14-bdff-4f74-af22-fe7c1427e806;option;3394c522-8d04-4e09-bcee-060ee937b52b;6892f67c-0462-47af-8869-1576075a98d5;Deal to Make;escape-from-tarkov-achievements-boost;EFT Achievements - Common Achievements;Escape From Tarkov;Leveling;10;USD;2026-01-07 18:13:24.632+00;1;unit;10
09dd430a-8f85-41e7-9a59-d14e26512dbc;option;3394c522-8d04-4e09-bcee-060ee937b52b;6892f67c-0462-47af-8869-1576075a98d5;U-SUCC;escape-from-tarkov-achievements-boost;EFT Achievements - Common Achievements;Escape From Tarkov;Leveling;9;USD;2026-01-07 18:13:25.141+00;1;unit;9
d704549a-546d-4193-b407-4acb12cab26f;option;4de0d82a-dffd-4fed-9a9b-7f4ce6dbda6d;4a7c9252-b2f3-4d77-82e9-6787ca0a792d;Pilot;challenge-mode-bronze-pack;Challenge Mode Bronze Pack - Boost Mode;Mists of Pandaria;Challenge Mode;0;USD;2026-01-07 18:13:25.899+00;1;unit;0
2e1806ae-a615-4340-949b-7a5404c5ad3e;option;f8768457-209c-490d-9fcf-82041dc85e16;ddff3f34-591b-4086-85e5-82cafea153a6;EU;wow-gladiator;WoW Gladiator - Region;War Within;PvP;0;USD;2026-01-07 18:13:26.757+00;1;unit;0
9f5f8753-5315-467c-b997-ac92861c2981;option;42fbdc9c-2eb3-4eb1-99bb-69fba01de791;9c18b3e7-af6c-453b-b6dc-1804e3273ded;Naxxramas Attunement;attunements;Attunements - Select Attunement;20th Anniversary WoW;Attunements;57.684;USD;2026-01-07 18:13:27.331+00;1;unit;57.684
8bf7f4a5-b561-486d-a2c2-ee15cf3fe986;option;3be9a498-673f-4ad1-91c5-7cf8416ac7b1;fda2456a-863e-40fb-9e1c-8f23a39ed9d1;Legs;heirloom-gear;Heirloom Gear - Gear Options;Mists of Pandaria;Gear;9.64;USD;2026-01-07 18:32:56.475+00;1;unit;9.64
d1a48474-fa22-4d3a-85c2-3b5582cc403c;product;c1b13a67-4286-4c3e-8420-5cfc7ebcf466;;;andariel;Andariel;Diablo IV;Bosses;0;USD;2026-01-07 18:13:09.952+00;1;unit;0
9b4dd565-29e7-4178-a7de-6494e0dbdecf;product;9ead5799-a511-4254-852e-b324f26b01f6;;;destiny-rising-zone-exploration;Destiny Rising Zone Exploration;Destiny: Rising;Leveling;0;USD;2026-01-07 18:13:14.236+00;1;unit;0
df14ce5b-4812-4289-9678-dcab5201ea03;product;d7712523-0788-477e-a050-7621bf9ea5de;;;arc-raiders-quests-completion-boost;Quests;Arc Raiders;Leveling;1.99;USD;2026-01-07 18:13:16.468+00;1;unit;1.99
55c2f5ce-4a1d-41a3-8977-7d0ad69f7820;option;b5ed8c1c-0913-43d1-b145-36ad910dcc4c;19cdf6c3-f4aa-4cc1-932c-8b80fe1e5765;Pilot;glory-of-the-pandaria-raider-achievement;Glory of the Pandaria Raider Achievement - Boost Mode;Mists of Pandaria;Achievements;0;USD;2026-01-07 18:13:23.624+00;1;unit;0
c4d7d893-82f4-4e35-98df-f39798538062;product;177a0913-f605-44c7-a967-d4e433a12fd2;;;mount-hyjal-attunement;Mount Hyjal Attunement;WoW: TBC;Attunements;141.9;USD;2026-01-07 18:13:23.811+00;1;unit;141.9
2f4f5947-b3ef-4d01-a65d-23e543d529fe;option;8c08ce5c-a5d4-4e5a-8d9d-b1ddc6545415;de588bf5-14a3-4bf2-8665-1dd89d5dc491;Pilot;prototype-asmr;Prototype A.S.M.R. - Boost Method;War Within;Mounts;0;USD;2026-01-07 18:13:24.152+00;1;unit;0
96c3ccbb-faa0-4850-b3ab-df815167aaca;product;3394c522-8d04-4e09-bcee-060ee937b52b;;;escape-from-tarkov-achievements-boost;EFT Achievements;Escape From Tarkov;Leveling;1;USD;2026-01-07 18:13:24.332+00;1;unit;1
05cb14f3-c8d7-481f-9165-36f8150edf14;option;3394c522-8d04-4e09-bcee-060ee937b52b;6892f67c-0462-47af-8869-1576075a98d5;Call Your Brother;escape-from-tarkov-achievements-boost;EFT Achievements - Common Achievements;Escape From Tarkov;Leveling;12;USD;2026-01-07 18:13:24.592+00;1;unit;12
98a3899e-6cb9-4e22-86f8-f15d187b0871;option;3394c522-8d04-4e09-bcee-060ee937b52b;6892f67c-0462-47af-8869-1576075a98d5;Traveler;escape-from-tarkov-achievements-boost;EFT Achievements - Common Achievements;Escape From Tarkov;Leveling;49;USD;2026-01-07 18:13:25.096+00;1;unit;49
e24a51d7-89f2-427f-bed3-c53e9cf4a312;option;3394c522-8d04-4e09-bcee-060ee937b52b;b93cf105-577f-4f15-81ed-c76b6513b755;Who Called the Doctor?;escape-from-tarkov-achievements-boost;EFT Achievements - Rare Achievements;Escape From Tarkov;Leveling;119;USD;2026-01-07 18:13:25.741+00;1;unit;119
b1436f7e-fde4-459b-acb7-6dc943a4e7b8;product;a1e0aff6-9564-4018-9de6-06cc389889c0;;;corruption-of-the-aspects;Corruption of the Aspects;War Within;Mounts;24.65;USD;2026-01-07 18:13:26.107+00;1;unit;24.65
d8ac4aa4-8196-4a13-b66a-37d009ab8d82;option;a1e0aff6-9564-4018-9de6-06cc389889c0;8e802c76-a82e-4585-86fc-f5d3a8c87d1b;Pilot;corruption-of-the-aspects;Corruption of the Aspects - Boost Method;War Within;Mounts;0;USD;2026-01-07 18:13:26.145+00;1;unit;0
96b408bf-477f-44d5-b355-7244d1510445;option;d068a495-a305-4b90-b973-6ed3f64d2df6;c3578d24-6706-4d3f-aec0-ed88e59f2424;NA;glory-of-the-pandaria-raider;Glory of the Pandaria Raider - Region;Mists of Pandaria;Raids;0;USD;2026-01-07 18:13:27.114+00;1;unit;0
c1b84642-b914-4fe4-80d4-cb702fc3cf7c;option;49896428-e437-4281-8799-897d2697f22a;22a44053-7b97-4874-ab3f-41d0d16f2844;Pilot;karazhan;Karazhan - Boost Method;WoW: TBC;Attunements;0;USD;2026-01-07 18:13:29.564+00;1;unit;0
cefb3c7a-4f78-4346-8fa9-e43885570983;option;be03d496-87d6-4219-a907-78516f4f1c50;beb11f72-706d-48e6-9c50-89f8e6c3dacf;4x Tier 8 Delves;delves-season-pass;Delves Season Pass - One Month;War Within;Delves;29.04;USD;2026-01-07 18:13:29.994+00;4;x;7.26
a31ce371-2246-4d1c-b1fb-5633218921d7;option;a970438b-d289-408b-8099-b73ad6604a98;5060e71f-c1ca-4825-89fd-355a08be55e8;Friendly - Honored;shatari-skyguard;Sha'tari Skyguard - Desired Reputation Level;WoW: TBC;Reputations;25;USD;2026-01-07 18:13:30.441+00;1;unit;25
be818632-8d49-4284-9e8b-839a3720fc02;option;56893a99-db5d-44cd-ac7c-ab23dfad4f37;4f0a08f3-fadc-4fcb-b7cb-ef59601b60ae;Selfplay;glory-of-the-nathria-raider-boost;Glory of the Nathria Raider Boost - Boost Mode;War Within;Achievements;0;USD;2026-01-07 18:13:30.872+00;1;unit;0
d7bc49ec-5c16-450f-87cb-226069b77550;option;0de747e0-aa48-44b8-8578-5f5b3cff3cb9;df2fe1de-b561-4b85-83f9-2bc6e3505864;NA;glory-of-the-thundering-raider-boost;Glory of the Thundering Raider Boost - Region;War Within;Achievements;0;USD;2026-01-07 18:13:31.295+00;1;unit;0
2a000cae-7a19-4c45-a69a-ce7b38d0a437;option;33596845-629a-47aa-b638-a5c522783716;6d035117-ef14-49df-be8c-c59c11f752cc;Remote;glory-of-the-nerubar-raider-boost;Glory of the Nerub’ar Raider Boost - Boost Mode;War Within;Achievements;12.11;USD;2026-01-07 18:13:31.734+00;1;unit;12.11
d07dfbbb-9f69-4e25-bb3e-9fd6dc02d886;option;c846f905-7533-4c33-8ff2-ddaca3dae9eb;33487be8-455d-494b-8157-4d556490dc35;Remote;lavender-karroc;Lavender K'arroc - Boost Method;War Within;Mounts;25.5;USD;2026-01-07 18:13:32.193+00;1;unit;25.5
e0c93b35-8092-4ae4-a134-f0630250fe7d;option;3a46c5ef-739d-4c07-8852-8c820964a6f2;cf761218-6fd5-414f-9fef-9ba787631199;Pilot;wow-phase-lost-slateback;WoW Phase-Lost Slateback - Boost Method;War Within;Mounts;0;USD;2026-01-07 18:13:32.594+00;1;unit;0
41f38e16-a712-4dab-94f3-57110b5e075f;option;aafb9fb1-42ef-4de4-9058-96da93e0e0b7;a26dcab5-f58e-4b6d-9b7d-290160eb024d;Friendly - Honored;the-consortium;The Consortium - Desired Reputation Level;WoW: TBC;Reputations;25;USD;2026-01-07 18:13:33.01+00;1;unit;25
69fb6318-25b1-43db-9f18-09671492d52d;option;7ed9c712-1ffc-4460-ab87-09573dd48e42;d46210d8-03b0-494d-aebc-af25e6edade7;Trophies;peacekeeper-quests;Peacekeeper Quests - Fishing Gear;Escape From Tarkov;Quests;159;USD;2026-01-07 18:33:06.865+00;1;unit;159
9bf94304-4d20-44bc-b340-1701dbca0e33;option;7ed9c712-1ffc-4460-ab87-09573dd48e42;61e286b6-9b5c-46d2-9d1e-ac89c0237861;Cargo X Part 3;peacekeeper-quests;Peacekeeper Quests - Cargo X;Escape From Tarkov;Quests;14;USD;2026-01-07 18:33:07.273+00;3;unit;4.666666666666667
6c9abeea-6e1c-4221-ac10-412dec9133a9;option;7ed9c712-1ffc-4460-ab87-09573dd48e42;8bf4649a-016d-4aed-8736-1ae0eae4eb6a;SPA Tour Part 7;peacekeeper-quests;Peacekeeper Quests - SPA Tour;Escape From Tarkov;Quests;39;USD;2026-01-07 18:33:07.705+00;7;unit;5.571428571428571
d0167d31-b15c-4234-8f2a-4ef88297df59;product;b5ed8c1c-0913-43d1-b145-36ad910dcc4c;;;glory-of-the-pandaria-raider-achievement;Glory of the Pandaria Raider Achievement;Mists of Pandaria;Achievements;399;USD;2026-01-07 17:58:57.6+00;1;unit;399
d5053d3a-ffdb-42d2-8083-336fcd91ac25;option;7ed9c712-1ffc-4460-ab87-09573dd48e42;61e286b6-9b5c-46d2-9d1e-ac89c0237861;Cargo X Part 2;peacekeeper-quests;Peacekeeper Quests - Cargo X;Escape From Tarkov;Quests;14;USD;2026-01-07 18:33:07.224+00;2;unit;7
030461f0-39d6-42cb-93d6-55b590da2463;option;7ed9c712-1ffc-4460-ab87-09573dd48e42;8bf4649a-016d-4aed-8736-1ae0eae4eb6a;SPA Tour Part 6;peacekeeper-quests;Peacekeeper Quests - SPA Tour;Escape From Tarkov;Quests;12;USD;2026-01-07 18:33:07.666+00;6;unit;2
859552da-6c00-4d41-b5ca-865ef421f9a7;option;3394c522-8d04-4e09-bcee-060ee937b52b;6892f67c-0462-47af-8869-1576075a98d5;BEAR With Me;escape-from-tarkov-achievements-boost;EFT Achievements - Common Achievements;Escape From Tarkov;Leveling;12;USD;2026-01-07 18:13:24.55+00;1;unit;12
59846cad-5dd5-413b-b252-45eb978eb872;option;3394c522-8d04-4e09-bcee-060ee937b52b;6892f67c-0462-47af-8869-1576075a98d5;Silence of the Sawmill;escape-from-tarkov-achievements-boost;EFT Achievements - Common Achievements;Escape From Tarkov;Leveling;9;USD;2026-01-07 18:13:25.039+00;1;unit;9
c515dc4f-f6f3-4d57-af96-e4b6d063cae8;option;3394c522-8d04-4e09-bcee-060ee937b52b;b93cf105-577f-4f15-81ed-c76b6513b755;What Not To Wear;escape-from-tarkov-achievements-boost;EFT Achievements - Rare Achievements;Escape From Tarkov;Leveling;159;USD;2026-01-07 18:13:25.701+00;1;unit;159
58efd1b9-68de-4c44-8f65-49de2bad7d4d;option;174e5a48-de41-4350-9eae-491571e5ea1a;03e3d6ee-c828-46c2-b7cf-71e8e7664bdb;NA;challenge-mode-silver-pack;Challenge Mode Silver Pack - Region;Mists of Pandaria;Challenge Mode;0;USD;2026-01-07 18:13:26.555+00;1;unit;0
b0928deb-eccf-4893-b4ff-b3ce4389718a;option;d068a495-a305-4b90-b973-6ed3f64d2df6;c3578d24-6706-4d3f-aec0-ed88e59f2424;EU;glory-of-the-pandaria-raider;Glory of the Pandaria Raider - Region;Mists of Pandaria;Raids;0;USD;2026-01-07 18:13:27.071+00;1;unit;0
6419c10e-e2ec-4b00-b1fd-674b8eea7efb;option;16fdefab-cd88-47d5-b0c6-35b9df2300eb;c716f59c-073d-4abd-af79-65498ec4e910;EU;delvers-dirigible-mount;Delver’s Dirigible Mount - Region;War Within;Delves;0;USD;2026-01-07 18:13:29.423+00;1;unit;0
b501677d-620e-4379-b898-0c6e38368a51;option;be03d496-87d6-4219-a907-78516f4f1c50;f42fb892-1adb-4a92-a3cd-9a069187f796;Remote Control;delves-season-pass;Delves Season Pass - Boost Mode;War Within;Delves;12.11;USD;2026-01-07 18:13:29.878+00;1;unit;12.11
c8c30f25-85b4-426b-83cf-a7359bad36ec;option;a970438b-d289-408b-8099-b73ad6604a98;ad298576-3c48-4be9-8b16-14e7358c31a8;EU;shatari-skyguard;Sha'tari Skyguard - Region;WoW: TBC;Reputations;0;USD;2026-01-07 18:13:30.313+00;1;unit;0
fbacd253-01dd-46b0-aef0-ac7b1d911882;option;702edf9d-c8fe-4466-9bb8-b91313a09202;1ad47d27-0ab5-4668-90be-30b431fb342c;Pilot;glory-of-the-dream-raider-boost;Glory of the Dream Raider Boost - Boost Mode;War Within;Achievements;0;USD;2026-01-07 18:13:30.747+00;1;unit;0
4e7ed9f0-6f76-4004-bf10-ee5e8160b6d0;option;0de747e0-aa48-44b8-8578-5f5b3cff3cb9;95fa7e94-9dcb-45f2-be75-cd0172ca798e;Pilot;glory-of-the-thundering-raider-boost;Glory of the Thundering Raider Boost - Boost Mode;War Within;Achievements;0;USD;2026-01-07 18:13:31.176+00;1;unit;0
252e4055-384a-47e8-bc95-14104c9b850d;product;33596845-629a-47aa-b638-a5c522783716;;;glory-of-the-nerubar-raider-boost;Glory of the Nerub’ar Raider Boost;War Within;Achievements;64.57;USD;2026-01-07 18:13:31.6+00;1;unit;64.57
af5071c0-5733-4708-b1a6-a2c4b58e97a2;option;7790cce1-5286-4d60-a7fc-9a630ff71aaa;53dc4813-609c-4062-ad89-e7fcfd5e71df;NA;glory-of-the-tomb-raider-boost;Glory of the Tomb Raider Boost - Region;War Within;Achievements;0;USD;2026-01-07 18:13:32.051+00;1;unit;0
125d39ad-f7b2-43fb-a551-a7021f3718ae;option;b426b5cf-dd25-4dd3-a60f-1d7ea8cc0a5b;d9652562-7450-4cdc-bcfa-8bc60972b15d;EU;glory-of-the-firelands-raider-boost;Glory of the Firelands Raider Boost - Region;War Within;Achievements;0;USD;2026-01-07 18:13:32.469+00;1;unit;0
ea96ccaf-5897-48f7-9818-546fc59f4bd6;option;aafb9fb1-42ef-4de4-9058-96da93e0e0b7;fd6baeb4-5748-4995-aa73-2e754f941fac;EU;the-consortium;The Consortium - Region;WoW: TBC;Reputations;0;USD;2026-01-07 18:13:32.892+00;1;unit;0
144be350-6d30-4ba1-bf52-b35bf5ade51e;option;a14febbc-49b6-45af-bce6-f1980c081241;76fa7602-53f1-45cc-b0f3-777fa76888dc;Delve Loremaster: War Within;glory-of-the-delver;Glory of the Delver - Select Achievements;War Within;Delves;32.3;USD;2026-01-07 18:13:33.715+00;1;unit;32.3
404dc9ef-d0bb-47b6-86a4-ae7e27cc68af;option;816b7cb7-c24f-41a6-9012-bd2ae43c1925;d3d08d2a-92c0-4d87-9d96-07847b97c150;EU;keepers-of-time;Keepers of Time - Region;WoW: TBC;Reputations;0;USD;2026-01-07 18:13:34.515+00;1;unit;0
1e1cc619-b556-4701-a4b0-2907b6f1718b;option;b5c2e65c-503c-423a-8133-717fd3d667af;54207bc7-b82f-46f0-8582-73e2007ce92f;NA;nyalothan-shadow;Ny'alothan Shadow - Region;War Within;Mounts;0;USD;2026-01-07 18:13:34.922+00;1;unit;0
62acb9ed-e08c-4400-b81e-52b88b3bfa96;option;3cc781e9-227f-429c-966d-afef353e3ff0;511beef2-7c56-46cc-95ab-cc742d4dbfdc;Selfplay;glory-of-the-vault-raider-boost;Glory of the Vault Raider Boost - Boost Mode;War Within;Achievements;0;USD;2026-01-07 18:13:35.331+00;1;unit;0
ec5e9735-0169-44a5-8141-47bdf344f604;option;923bb47a-49e7-4b86-becc-6dbdb343374b;ab3f21bd-3bfb-40a2-9d6f-5cb7157b598b;Honored - Revered;thrallmar;Thrallmar - Desired Reputation Level;WoW: TBC;Reputations;39;USD;2026-01-07 18:13:35.736+00;1;unit;39
1967b5c3-37f6-469f-be7a-54df883cf04f;option;2ef5bde2-77cb-4541-9895-3290a352ca35;ef238ff9-2614-4076-8f37-4e3fc3c8d3dc;Selfplay;glory-of-the-pandaria-hero-boost-3291;Glory of the Pandaria Hero Boost - Boost Mode;War Within;Achievements;0;USD;2026-01-07 18:13:36.15+00;1;unit;0
7c824cfd-110a-40a3-bfab-4cbd2fb375c5;option;41acfe8d-9252-435d-a7c3-6284171a684f;b85074a0-7440-4f71-8df1-81637ff3c7dc;Remote;hateforged-blazecycle;Hateforged Blazecycle  - Boost Method;War Within;Mounts;25.5;USD;2026-01-07 18:13:36.594+00;1;unit;25.5
d1027954-0d15-4999-985f-5f990752616d;option;7ed9c712-1ffc-4460-ab87-09573dd48e42;076bc07c-27bb-4315-b013-daed097ad36c;Wet Job Part 5;peacekeeper-quests;Peacekeeper Quests - Wet Job;Escape From Tarkov;Quests;19;USD;2026-01-07 18:13:23.474+00;5;unit;3.8
9c371b98-050e-469d-aaeb-481ca03069c7;option;177a0913-f605-44c7-a967-d4e433a12fd2;e8be710b-0f40-417e-90ab-28756b7b3660;EU;mount-hyjal-attunement;Mount Hyjal Attunement - Region;WoW: TBC;Attunements;0;USD;2026-01-07 18:13:23.984+00;1;unit;0
d3e676ed-2df1-400a-90d5-7d582ae8634c;option;3394c522-8d04-4e09-bcee-060ee937b52b;36a0539d-10d1-481c-adb1-f248bc1a8136;Snowball;escape-from-tarkov-achievements-boost;EFT Achievements - Legendary Achievements;Escape From Tarkov;Leveling;299;USD;2026-01-07 18:13:24.474+00;1;unit;299
db5fda75-d339-4089-ab41-b4a6790fb3ef;option;3394c522-8d04-4e09-bcee-060ee937b52b;6892f67c-0462-47af-8869-1576075a98d5;PMC's Best Friend;escape-from-tarkov-achievements-boost;EFT Achievements - Common Achievements;Escape From Tarkov;Leveling;9;USD;2026-01-07 18:13:24.923+00;1;unit;9
6b575275-6c26-4b2e-925c-ca51ec89ee6c;option;3394c522-8d04-4e09-bcee-060ee937b52b;b93cf105-577f-4f15-81ed-c76b6513b755;Long Live the King!;escape-from-tarkov-achievements-boost;EFT Achievements - Rare Achievements;Escape From Tarkov;Leveling;159;USD;2026-01-07 18:13:25.405+00;1;unit;159
7ce37945-b2e0-4bf7-a411-1446a6cf782e;option;3394c522-8d04-4e09-bcee-060ee937b52b;b93cf105-577f-4f15-81ed-c76b6513b755;The Red Book;escape-from-tarkov-achievements-boost;EFT Achievements - Rare Achievements;Escape From Tarkov;Leveling;109;USD;2026-01-07 18:13:25.623+00;1;unit;109
a1eb4ff0-4d93-4005-bfe0-96947648d6dd;option;4de0d82a-dffd-4fed-9a9b-7f4ce6dbda6d;fbc2c0a8-1fac-4fca-9a7f-e6f23281fdb9;EU;challenge-mode-bronze-pack;Challenge Mode Bronze Pack - Region;Mists of Pandaria;Challenge Mode;0;USD;2026-01-07 18:13:26.021+00;1;unit;0
aed18986-f29a-4403-a782-483ccda55b6b;option;174e5a48-de41-4350-9eae-491571e5ea1a;d9b98493-2cde-4470-a9fe-213f6498a3e1;Remote;challenge-mode-silver-pack;Challenge Mode Silver Pack - Boost Mode;Mists of Pandaria;Challenge Mode;15;USD;2026-01-07 18:13:26.481+00;1;unit;15
97bba3bb-ec95-4b88-a427-65188112370f;product;f8768457-209c-490d-9fcf-82041dc85e16;;;wow-gladiator;WoW Gladiator;War Within;PvP;545.06;USD;2026-01-07 18:13:26.596+00;1;unit;545.06
76e5caef-d436-48fa-8523-777c84e88ea8;option;f8768457-209c-490d-9fcf-82041dc85e16;0fb4f2f6-cf8c-4dd6-b94a-543559481d45;Conquest 723 ilvl Gear;wow-gladiator;WoW Gladiator - Extra options;War Within;PvP;79.94;USD;2026-01-07 18:13:26.843+00;723;ilvl;0.11056708160442599
62b9fac1-5f5b-4cc6-aa00-f490b7937b09;option;d068a495-a305-4b90-b973-6ed3f64d2df6;1fdb5407-d5cc-45a7-b6ad-74d46e8972fd;Remote;glory-of-the-pandaria-raider;Glory of the Pandaria Raider - Boost Mode;Mists of Pandaria;Raids;15;USD;2026-01-07 18:13:27.031+00;1;unit;15
90075c1b-2834-404b-a6a7-02377a4e9cb3;product;4a47d637-ebb6-4913-b546-8061acff7ab4;;;escape-from-tarkov-bitcoin-farm-boost;Bitcoin Farm;Escape From Tarkov;Leveling;29;USD;2026-01-07 18:13:28.76+00;1;unit;29
e2febc32-2a86-46c8-aec3-18e5d8e7e76a;option;49896428-e437-4281-8799-897d2697f22a;22a44053-7b97-4874-ab3f-41d0d16f2844;Remote;karazhan;Karazhan - Boost Method;WoW: TBC;Attunements;33;USD;2026-01-07 18:13:29.605+00;1;unit;33
e537c18e-73ee-4dcb-ab20-e7c77b75ec53;option;be03d496-87d6-4219-a907-78516f4f1c50;beb11f72-706d-48e6-9c50-89f8e6c3dacf;4x Tier 11 Delves;delves-season-pass;Delves Season Pass - One Month;War Within;Delves;74.26;USD;2026-01-07 18:13:30.029+00;4;x;18.565
f7f8efe9-8921-4c97-bbcd-1f2ae7f95577;option;a970438b-d289-408b-8099-b73ad6604a98;5060e71f-c1ca-4825-89fd-355a08be55e8;Honored - Revered;shatari-skyguard;Sha'tari Skyguard - Desired Reputation Level;WoW: TBC;Reputations;39;USD;2026-01-07 18:13:30.485+00;1;unit;39
8c8102b7-c2d5-4043-8674-17cba4e3f19e;option;56893a99-db5d-44cd-ac7c-ab23dfad4f37;4f0a08f3-fadc-4fcb-b7cb-ef59601b60ae;Pilot;glory-of-the-nathria-raider-boost;Glory of the Nathria Raider Boost - Boost Mode;War Within;Achievements;0;USD;2026-01-07 18:13:30.913+00;1;unit;0
36b75432-29b2-4bdb-9869-4f871d2d001f;product;bfb44828-1ca0-4c07-bd47-25e46bb8b7a4;;;glory-of-the-eternal-raider-boost;Glory of the Eternal Raider Boost;War Within;Achievements;31.94;USD;2026-01-07 18:13:31.336+00;1;unit;31.94
a2216279-1322-4bf5-95e2-953e2dd1c6b5;option;33596845-629a-47aa-b638-a5c522783716;3537d8c7-1d5d-41ed-a633-5f3d6cfb2fbb;EU;glory-of-the-nerubar-raider-boost;Glory of the Nerub’ar Raider Boost - Region;War Within;Achievements;0;USD;2026-01-07 18:13:31.775+00;1;unit;0
bedca22e-2590-4860-a62a-347aa08d841b;option;c846f905-7533-4c33-8ff2-ddaca3dae9eb;70a86878-3f07-408e-acbf-d5c3cf3cd997;EU;lavender-karroc;Lavender K'arroc - Region;War Within;Mounts;0;USD;2026-01-07 18:13:32.23+00;1;unit;0
4cbab1ee-3548-497b-a8d5-2615fbf58e5b;option;3a46c5ef-739d-4c07-8852-8c820964a6f2;cf761218-6fd5-414f-9fef-9ba787631199;Remote;wow-phase-lost-slateback;WoW Phase-Lost Slateback - Boost Method;War Within;Mounts;25.5;USD;2026-01-07 18:13:32.636+00;1;unit;25.5
68969c09-bcca-4fb2-9476-f32cb9934975;option;aafb9fb1-42ef-4de4-9058-96da93e0e0b7;a26dcab5-f58e-4b6d-9b7d-290160eb024d;Honored - Revered;the-consortium;The Consortium - Desired Reputation Level;WoW: TBC;Reputations;39;USD;2026-01-07 18:13:33.061+00;1;unit;39
fef16709-8262-42a1-8e97-27856425bcbb;option;a14febbc-49b6-45af-bce6-f1980c081241;00e2aa07-f8d9-40b4-a5d2-44a7314b13b2;Remote;glory-of-the-delver;Glory of the Delver - Boost Mode;War Within;Delves;0;USD;2026-01-07 18:13:33.469+00;1;unit;0
1d96d767-b6bf-4a96-9826-10df373fe52e;option;a14febbc-49b6-45af-bce6-f1980c081241;76fa7602-53f1-45cc-b0f3-777fa76888dc;Brann Development;glory-of-the-delver;Glory of the Delver - Select Achievements;War Within;Delves;25.84;USD;2026-01-07 18:13:33.87+00;1;unit;25.84
41b6d210-8f60-434b-bef4-52a5bd519b74;option;816b7cb7-c24f-41a6-9012-bd2ae43c1925;059ac6fd-dd16-4fc2-ab9e-b4426c0f30be;Honored - Revered;keepers-of-time;Keepers of Time - Desired Reputation Level;WoW: TBC;Reputations;39;USD;2026-01-07 18:13:34.674+00;1;unit;39
cf2b9650-115f-4b5c-a04b-b2989f0fd6b3;option;3dbc4652-8386-4a3e-868b-a026f7f8c7aa;366712c4-5000-4934-8789-e47120eb548c;Remote;glory-of-the-hero-boost;Glory of the Hero Boost - Boost Mode;War Within;Achievements;12.11;USD;2026-01-07 18:13:35.09+00;1;unit;12.11
1da4379d-23dc-4099-a5b7-15dba0c0de7e;option;3394c522-8d04-4e09-bcee-060ee937b52b;6892f67c-0462-47af-8869-1576075a98d5;Grouse Hunting;escape-from-tarkov-achievements-boost;EFT Achievements - Common Achievements;Escape From Tarkov;Leveling;10;USD;2026-01-07 18:13:24.784+00;1;unit;10
da50aa8e-33b3-451f-b00c-da210c4b6167;option;3394c522-8d04-4e09-bcee-060ee937b52b;b93cf105-577f-4f15-81ed-c76b6513b755;Hammer and Scythe;escape-from-tarkov-achievements-boost;EFT Achievements - Rare Achievements;Escape From Tarkov;Leveling;119;USD;2026-01-07 18:13:25.281+00;1;unit;119
5a2b554a-19b3-4d46-848c-1bc260382405;option;3394c522-8d04-4e09-bcee-060ee937b52b;b93cf105-577f-4f15-81ed-c76b6513b755;PMC;escape-from-tarkov-achievements-boost;EFT Achievements - Rare Achievements;Escape From Tarkov;Leveling;1650;USD;2026-01-07 18:13:25.492+00;1;unit;1650
17683104-7fe6-42d0-90b9-8bca1abd4fe8;option;3394c522-8d04-4e09-bcee-060ee937b52b;11855147-fa7a-4165-bf63-b8392566eb8d;Normal;escape-from-tarkov-achievements-boost;EFT Achievements - Delivery Speed;Escape From Tarkov;Leveling;0;USD;2026-01-07 18:13:25.778+00;1;unit;0
46b264a6-c60b-465f-b38c-478614721d60;option;a1e0aff6-9564-4018-9de6-06cc389889c0;8e802c76-a82e-4585-86fc-f5d3a8c87d1b;Remote;corruption-of-the-aspects;Corruption of the Aspects - Boost Method;War Within;Mounts;25.5;USD;2026-01-07 18:13:26.184+00;1;unit;25.5
decd6686-f3b9-4887-886b-ed3c44a11d9a;option;f8768457-209c-490d-9fcf-82041dc85e16;83519bc2-92e5-4c79-b95e-3387572d3224;Selfplay;wow-gladiator;WoW Gladiator - Boost Method;War Within;PvP;24.23;USD;2026-01-07 18:13:26.635+00;1;unit;24.23
a6dbea8b-b7c6-4e0f-98ff-40746dfb12b3;option;42fbdc9c-2eb3-4eb1-99bb-69fba01de791;9c18b3e7-af6c-453b-b6dc-1804e3273ded;Molten Core Attunement;attunements;Attunements - Select Attunement;20th Anniversary WoW;Attunements;15;USD;2026-01-07 18:13:27.205+00;1;unit;15
673e8616-399a-4b9f-a7c1-f27a9d410100;product;49896428-e437-4281-8799-897d2697f22a;;;karazhan;Karazhan;WoW: TBC;Attunements;196.9;USD;2026-01-07 18:13:29.516+00;1;unit;196.9
35cd024f-4200-45f0-9c8d-00ea765f082d;option;be03d496-87d6-4219-a907-78516f4f1c50;d0c89232-819d-4163-bd2f-31673ed4e626;NA;delves-season-pass;Delves Season Pass - Region;War Within;Delves;0;USD;2026-01-07 18:13:29.953+00;1;unit;0
c530af6f-9c74-4b5c-b796-c6b589063dac;option;a970438b-d289-408b-8099-b73ad6604a98;5060e71f-c1ca-4825-89fd-355a08be55e8;Neutral - Friendly;shatari-skyguard;Sha'tari Skyguard - Desired Reputation Level;WoW: TBC;Reputations;15;USD;2026-01-07 18:13:30.402+00;1;unit;15
d2f2f8fc-fc4d-4ab7-a129-262c049838ff;product;56893a99-db5d-44cd-ac7c-ab23dfad4f37;;;glory-of-the-nathria-raider-boost;Glory of the Nathria Raider Boost;War Within;Achievements;56.81;USD;2026-01-07 18:13:30.828+00;1;unit;56.81
47a9609f-3434-4f72-a3b9-f96a6ac4a94a;option;0de747e0-aa48-44b8-8578-5f5b3cff3cb9;df2fe1de-b561-4b85-83f9-2bc6e3505864;EU;glory-of-the-thundering-raider-boost;Glory of the Thundering Raider Boost - Region;War Within;Achievements;0;USD;2026-01-07 18:13:31.256+00;1;unit;0
29ac47f2-3b50-4fbe-b62c-547908dd8953;option;33596845-629a-47aa-b638-a5c522783716;6d035117-ef14-49df-be8c-c59c11f752cc;Pilot;glory-of-the-nerubar-raider-boost;Glory of the Nerub’ar Raider Boost - Boost Mode;War Within;Achievements;0;USD;2026-01-07 18:13:31.691+00;1;unit;0
ff62b6cf-6cce-4632-ba34-f03340d2190d;option;c846f905-7533-4c33-8ff2-ddaca3dae9eb;33487be8-455d-494b-8157-4d556490dc35;Pilot;lavender-karroc;Lavender K'arroc - Boost Method;War Within;Mounts;0;USD;2026-01-07 18:13:32.153+00;1;unit;0
85474566-68ed-4dba-9275-17185ca7a594;product;3a46c5ef-739d-4c07-8852-8c820964a6f2;;;wow-phase-lost-slateback;WoW Phase-Lost Slateback;War Within;Mounts;16.15;USD;2026-01-07 18:13:32.551+00;1;unit;16.15
eb4fc1f8-1891-4416-bb8d-ae0726a3a858;option;aafb9fb1-42ef-4de4-9058-96da93e0e0b7;a26dcab5-f58e-4b6d-9b7d-290160eb024d;Neutral - Friendly;the-consortium;The Consortium - Desired Reputation Level;WoW: TBC;Reputations;15;USD;2026-01-07 18:13:32.969+00;1;unit;15
bb763d56-de51-404c-8622-8eded7a2fe9e;product;a14febbc-49b6-45af-bce6-f1980c081241;;;glory-of-the-delver;Glory of the Delver;War Within;Delves;0;USD;2026-01-07 18:13:33.391+00;1;unit;0
db74b0e9-b786-48f8-9083-be5238b040bd;option;a14febbc-49b6-45af-bce6-f1980c081241;76fa7602-53f1-45cc-b0f3-777fa76888dc;Nemesis;glory-of-the-delver;Glory of the Delver - Select Achievements;War Within;Delves;9.04;USD;2026-01-07 18:13:33.791+00;1;unit;9.04
f98a4f94-8ff8-4c77-b47e-c07c3e868a16;option;816b7cb7-c24f-41a6-9012-bd2ae43c1925;059ac6fd-dd16-4fc2-ab9e-b4426c0f30be;Neutral - Friendly;keepers-of-time;Keepers of Time - Desired Reputation Level;WoW: TBC;Reputations;15;USD;2026-01-07 18:13:34.59+00;1;unit;15
a6ce3952-5556-4760-9a9c-0651896e5d69;option;3dbc4652-8386-4a3e-868b-a026f7f8c7aa;366712c4-5000-4934-8789-e47120eb548c;Selfplay;glory-of-the-hero-boost;Glory of the Hero Boost - Boost Mode;War Within;Achievements;0;USD;2026-01-07 18:13:35.011+00;1;unit;0
88c00a21-fcd8-4414-80f3-c210a64e5bce;option;3cc781e9-227f-429c-966d-afef353e3ff0;511beef2-7c56-46cc-95ab-cc742d4dbfdc;Remote;glory-of-the-vault-raider-boost;Glory of the Vault Raider Boost - Boost Mode;War Within;Achievements;12.11;USD;2026-01-07 18:13:35.409+00;1;unit;12.11
6b45e389-0d3b-4a06-91c3-0d54f688e965;product;ec7c0035-3647-4344-9e92-cc479e3fbfa6;;;ruby-void-creeper;Ruby Void Creeper;War Within;Mounts;41.65;USD;2026-01-07 18:13:35.822+00;1;unit;41.65
1522caed-8077-4b94-bbd7-8c2285cc372a;option;2ef5bde2-77cb-4541-9895-3290a352ca35;ef238ff9-2614-4076-8f37-4e3fc3c8d3dc;Remote;glory-of-the-pandaria-hero-boost-3291;Glory of the Pandaria Hero Boost - Boost Mode;War Within;Achievements;12.11;USD;2026-01-07 18:13:36.236+00;1;unit;12.11
715ea0dc-9b86-4b66-a924-6b24cd805654;option;41acfe8d-9252-435d-a7c3-6284171a684f;123d41b9-be29-48cf-8a5e-f47bd6aae90d;NA;hateforged-blazecycle;Hateforged Blazecycle  - Region;War Within;Mounts;0;USD;2026-01-07 18:13:36.682+00;1;unit;0
197dbbca-60e6-4bd7-9e28-c5602ac6bb60;option;f317f870-e9fe-42ed-bf99-3e344e1e15cc;e267f747-48a4-4355-97b0-822728850c87;Remote;glory-of-the-draenor-hero-boost;Glory of the Draenor Hero Boost - Boost Mode;War Within;Achievements;12.11;USD;2026-01-07 18:13:37.1+00;1;unit;12.11
b8e89fb9-7875-431c-b013-c88c71e75b3e;option;e56d1436-8505-4d8b-9940-c1d4a54fa2c8;07772966-5b6a-47b2-bd64-ec3851dd0da3;The August Celestials (Exalted);pandaren-ambassador-achievement;Pandaren Ambassador Achievement - Boost Option;Mists of Pandaria;Achievements;87.96;USD;2026-01-07 18:33:00.164+00;1;unit;87.96
8f34dde4-a666-4f09-ab8a-a1694b713fb0;option;177a0913-f605-44c7-a967-d4e433a12fd2;3ec69abb-5f8b-44b1-8c1a-a3b7965216ee;Pilot;mount-hyjal-attunement;Mount Hyjal Attunement - Boost Method;WoW: TBC;Attunements;0;USD;2026-01-07 18:13:23.882+00;1;unit;0
e140a64a-fe5b-411c-b03a-18e7eb37fe42;option;3394c522-8d04-4e09-bcee-060ee937b52b;36a0539d-10d1-481c-adb1-f248bc1a8136;Firefly;escape-from-tarkov-achievements-boost;EFT Achievements - Legendary Achievements;Escape From Tarkov;Leveling;19;USD;2026-01-07 18:13:24.385+00;1;unit;19
0567f727-1b65-44ec-bf52-db54bc9d91d7;option;3394c522-8d04-4e09-bcee-060ee937b52b;6892f67c-0462-47af-8869-1576075a98d5;Make a Notch;escape-from-tarkov-achievements-boost;EFT Achievements - Common Achievements;Escape From Tarkov;Leveling;12;USD;2026-01-07 18:13:24.825+00;1;unit;12
9bfdfc43-a1bd-4edf-b0d3-b7c4bcd38fe3;option;3394c522-8d04-4e09-bcee-060ee937b52b;b93cf105-577f-4f15-81ed-c76b6513b755;I Hear the Voice of Darkness;escape-from-tarkov-achievements-boost;EFT Achievements - Rare Achievements;Escape From Tarkov;Leveling;99;USD;2026-01-07 18:13:25.321+00;1;unit;99
e0810d99-d11d-484c-962a-81ef6fe758bc;option;3394c522-8d04-4e09-bcee-060ee937b52b;b93cf105-577f-4f15-81ed-c76b6513b755;Ready for Anything;escape-from-tarkov-achievements-boost;EFT Achievements - Rare Achievements;Escape From Tarkov;Leveling;59;USD;2026-01-07 18:13:25.538+00;1;unit;59
100ac976-5761-4083-a3a8-d36ee42c6762;option;4de0d82a-dffd-4fed-9a9b-7f4ce6dbda6d;4a7c9252-b2f3-4d77-82e9-6787ca0a792d;Selfplay;challenge-mode-bronze-pack;Challenge Mode Bronze Pack - Boost Mode;Mists of Pandaria;Challenge Mode;0;USD;2026-01-07 18:13:25.942+00;1;unit;0
d33601a5-1426-4a23-b1e3-a64ad89b068f;option;174e5a48-de41-4350-9eae-491571e5ea1a;d9b98493-2cde-4470-a9fe-213f6498a3e1;Pilot;challenge-mode-silver-pack;Challenge Mode Silver Pack - Boost Mode;Mists of Pandaria;Challenge Mode;0;USD;2026-01-07 18:13:26.379+00;1;unit;0
3acd05db-9b89-4b4d-8864-0375ef26bc5d;option;d068a495-a305-4b90-b973-6ed3f64d2df6;1fdb5407-d5cc-45a7-b6ad-74d46e8972fd;Pilot;glory-of-the-pandaria-raider;Glory of the Pandaria Raider - Boost Mode;Mists of Pandaria;Raids;0;USD;2026-01-07 18:13:26.932+00;1;unit;0
c229544e-502f-49b5-9305-fc6a4d0a0614;option;42fbdc9c-2eb3-4eb1-99bb-69fba01de791;9c18b3e7-af6c-453b-b6dc-1804e3273ded;Blackwing Lair Attunement;attunements;Attunements - Select Attunement;20th Anniversary WoW;Attunements;15;USD;2026-01-07 18:13:27.291+00;1;unit;15
b9cf93c4-1b75-4953-9b07-8096131d3b4f;product;be03d496-87d6-4219-a907-78516f4f1c50;;;delves-season-pass;Delves Season Pass;War Within;Delves;0;USD;2026-01-07 18:13:29.734+00;1;unit;0
3537cb26-3260-4ce2-a341-5b4fd0f2382d;product;a970438b-d289-408b-8099-b73ad6604a98;;;shatari-skyguard;Sha'tari Skyguard;WoW: TBC;Reputations;0;USD;2026-01-07 18:13:30.161+00;1;unit;0
17033a8b-9842-4c24-acfe-e6ff2b95ec3e;option;702edf9d-c8fe-4466-9bb8-b91313a09202;c9ec4c93-5b6e-484f-874e-5d7f9f1d5aca;EU;glory-of-the-dream-raider-boost;Glory of the Dream Raider Boost - Region;War Within;Achievements;0;USD;2026-01-07 18:13:30.617+00;1;unit;0
1e85185f-83f8-458f-bac9-45b00ea9e65a;option;56893a99-db5d-44cd-ac7c-ab23dfad4f37;12b23792-f355-4e48-a5b8-12c170e3df2b;NA;glory-of-the-nathria-raider-boost;Glory of the Nathria Raider Boost - Region;War Within;Achievements;0;USD;2026-01-07 18:13:31.04+00;1;unit;0
04ff3936-6433-46bb-8eea-4780a6764aa9;option;bfb44828-1ca0-4c07-bd47-25e46bb8b7a4;9975062f-df9d-44a7-8439-8c3733218fd7;Remote;glory-of-the-eternal-raider-boost;Glory of the Eternal Raider Boost - Boost Mode;War Within;Achievements;0;USD;2026-01-07 18:13:31.457+00;1;unit;0
e3b5989d-6c9d-461a-8df9-9fd7c80ee640;option;7790cce1-5286-4d60-a7fc-9a630ff71aaa;21ca58d8-e3bb-4c2c-9d95-4b97416a8083;EU;glory-of-the-tomb-raider-boost;Glory of the Tomb Raider Boost - Boost Mode;War Within;Achievements;0;USD;2026-01-07 18:13:31.892+00;1;unit;0
b1501b1c-6be5-4ef0-b38a-5b6ab2256a29;option;b426b5cf-dd25-4dd3-a60f-1d7ea8cc0a5b;aae35610-61ac-45ae-a860-491b22ec63fa;Selfplay;glory-of-the-firelands-raider-boost;Glory of the Firelands Raider Boost - Boost Mode;War Within;Achievements;0;USD;2026-01-07 18:13:32.348+00;1;unit;0
8ed70489-70d3-4534-a394-e4fc428a3fe2;product;aafb9fb1-42ef-4de4-9058-96da93e0e0b7;;;the-consortium;The Consortium;WoW: TBC;Reputations;0;USD;2026-01-07 18:13:32.755+00;1;unit;0
295bb090-f265-44f4-898b-d469ba64f5b3;option;a14febbc-49b6-45af-bce6-f1980c081241;76fa7602-53f1-45cc-b0f3-777fa76888dc;Full Achievement (-30% Discount);glory-of-the-delver;Glory of the Delver - Select Achievements;War Within;Delves;71.03;USD;2026-01-07 18:13:33.594+00;30;unit;2.3676666666666666
6b894473-d18b-4034-9834-345268faa2b2;product;816b7cb7-c24f-41a6-9012-bd2ae43c1925;;;keepers-of-time;Keepers of Time;WoW: TBC;Reputations;0;USD;2026-01-07 18:13:34.4+00;1;unit;0
d13cf194-5812-4127-b870-386ad37c704f;option;b5c2e65c-503c-423a-8133-717fd3d667af;08b3b150-8882-4866-bc78-642aef7a0de8;Pilot;nyalothan-shadow;Ny'alothan Shadow - Boost Method;War Within;Mounts;0;USD;2026-01-07 18:13:34.799+00;1;unit;0
50105946-c22a-4a2c-a8a8-a8f5aa4bdfa3;product;3cc781e9-227f-429c-966d-afef353e3ff0;;;glory-of-the-vault-raider-boost;Glory of the Vault Raider Boost;War Within;Achievements;58.11;USD;2026-01-07 18:13:35.211+00;1;unit;58.11
8ef4c8ba-e305-4335-8fce-ed5d23623316;option;923bb47a-49e7-4b86-becc-6dbdb343374b;7bd2cd08-8a98-4a25-812e-4863d6902472;NA;thrallmar;Thrallmar - Region;WoW: TBC;Reputations;0;USD;2026-01-07 18:13:35.616+00;1;unit;0
d2c9fbcb-fa09-4266-b0c7-abb5dd4a5b42;option;97edaff8-0530-4de2-adec-7e1dfed78beb;ae1ae49e-f166-427e-8844-0a12fe067972;PC;lilith;Lilith - Select Your Platform;Diablo IV;Bosses;0;USD;2026-01-07 18:32:49.567+00;1;unit;0
c792628d-2f83-48af-9141-34449b5a4eb4;option;7ed9c712-1ffc-4460-ab87-09573dd48e42;d46210d8-03b0-494d-aebc-af25e6edade7;Worst Job in the World;peacekeeper-quests;Peacekeeper Quests - Fishing Gear;Escape From Tarkov;Quests;59;USD;2026-01-07 18:33:06.828+00;1;unit;59
620ee992-7c53-4a0c-af10-b5fec7c398aa;product;7ed9c712-1ffc-4460-ab87-09573dd48e42;;;peacekeeper-quests;Peacekeeper Quests;Escape From Tarkov;Quests;1.99;USD;2026-01-07 18:13:21.209+00;1;unit;1.99
42c70b05-2b07-4869-a0d8-2c8b58af0680;option;177a0913-f605-44c7-a967-d4e433a12fd2;3ec69abb-5f8b-44b1-8c1a-a3b7965216ee;Remote;mount-hyjal-attunement;Mount Hyjal Attunement - Boost Method;WoW: TBC;Attunements;33;USD;2026-01-07 18:13:23.94+00;1;unit;33
f844c4d7-37fc-4b70-99f9-b6b3f920d698;product;8c08ce5c-a5d4-4e5a-8d9d-b1ddc6545415;;;prototype-asmr;Prototype A.S.M.R.;War Within;Mounts;254.15;USD;2026-01-07 18:13:24.108+00;1;unit;254.15
822d3127-326c-409e-bb95-6fc5a82d910b;option;3394c522-8d04-4e09-bcee-060ee937b52b;36a0539d-10d1-481c-adb1-f248bc1a8136;Master of ULTRA;escape-from-tarkov-achievements-boost;EFT Achievements - Legendary Achievements;Escape From Tarkov;Leveling;999;USD;2026-01-07 18:13:24.433+00;1;unit;999
374dc509-fdd8-4050-a12d-63b75066b9ae;option;3394c522-8d04-4e09-bcee-060ee937b52b;6892f67c-0462-47af-8869-1576075a98d5;Now There Are Three of Them!;escape-from-tarkov-achievements-boost;EFT Achievements - Common Achievements;Escape From Tarkov;Leveling;19;USD;2026-01-07 18:13:24.882+00;1;unit;19
f0c6791f-90af-4db1-b20e-49145d40fe2c;option;3394c522-8d04-4e09-bcee-060ee937b52b;b93cf105-577f-4f15-81ed-c76b6513b755;King of the Sawmill;escape-from-tarkov-achievements-boost;EFT Achievements - Rare Achievements;Escape From Tarkov;Leveling;119;USD;2026-01-07 18:13:25.359+00;1;unit;119
1385b2aa-5fdb-4741-aa0a-20619ecf0c30;option;3394c522-8d04-4e09-bcee-060ee937b52b;b93cf105-577f-4f15-81ed-c76b6513b755;Smoke the Peace Pipe;escape-from-tarkov-achievements-boost;EFT Achievements - Rare Achievements;Escape From Tarkov;Leveling;109;USD;2026-01-07 18:13:25.584+00;1;unit;109
94cc6773-6158-4a0b-9842-601d35f082f9;option;4de0d82a-dffd-4fed-9a9b-7f4ce6dbda6d;4a7c9252-b2f3-4d77-82e9-6787ca0a792d;Remote;challenge-mode-bronze-pack;Challenge Mode Bronze Pack - Boost Mode;Mists of Pandaria;Challenge Mode;15;USD;2026-01-07 18:13:25.983+00;1;unit;15
38adfda2-f402-47aa-88b4-0bd5f7e7c278;option;174e5a48-de41-4350-9eae-491571e5ea1a;d9b98493-2cde-4470-a9fe-213f6498a3e1;Selfplay;challenge-mode-silver-pack;Challenge Mode Silver Pack - Boost Mode;Mists of Pandaria;Challenge Mode;0;USD;2026-01-07 18:13:26.42+00;1;unit;0
fa7c0c22-0a89-461d-a2d4-45ec23ee32c8;option;f8768457-209c-490d-9fcf-82041dc85e16;ddff3f34-591b-4086-85e5-82cafea153a6;NA;wow-gladiator;WoW Gladiator - Region;War Within;PvP;16.15;USD;2026-01-07 18:13:26.798+00;1;unit;16.15
e6d60216-7627-419d-8951-8c220805e361;option;d068a495-a305-4b90-b973-6ed3f64d2df6;1fdb5407-d5cc-45a7-b6ad-74d46e8972fd;Selfplay;glory-of-the-pandaria-raider;Glory of the Pandaria Raider - Boost Mode;Mists of Pandaria;Raids;0;USD;2026-01-07 18:13:26.978+00;1;unit;0
044beafc-92ab-467b-b346-f89b2fb5b8db;option;42fbdc9c-2eb3-4eb1-99bb-69fba01de791;655271f5-4af1-4688-8d88-dfafeac88606;Pilot;attunements;Attunements - Boost Mode;20th Anniversary WoW;Attunements;0;USD;2026-01-07 18:13:27.383+00;1;unit;0
d2b72641-a5a2-40c1-b890-e64ff1940328;option;be03d496-87d6-4219-a907-78516f4f1c50;f42fb892-1adb-4a92-a3cd-9a069187f796;Selfplay;delves-season-pass;Delves Season Pass - Boost Mode;War Within;Delves;0;USD;2026-01-07 18:13:29.778+00;1;unit;0
04ef0951-9c4e-4340-adc6-790aeda4335d;option;a970438b-d289-408b-8099-b73ad6604a98;5940f85b-66ab-4872-9467-5aa268de831c;Pilot;shatari-skyguard;Sha'tari Skyguard - Boost Method;WoW: TBC;Reputations;0;USD;2026-01-07 18:13:30.23+00;1;unit;0
02fc80a7-a798-48f4-ad69-da816f03bb56;option;702edf9d-c8fe-4466-9bb8-b91313a09202;c9ec4c93-5b6e-484f-874e-5d7f9f1d5aca;NA;glory-of-the-dream-raider-boost;Glory of the Dream Raider Boost - Region;War Within;Achievements;0;USD;2026-01-07 18:13:30.658+00;1;unit;0
2ab9df21-9fbf-4f17-914b-57e3899bdc2c;product;0de747e0-aa48-44b8-8578-5f5b3cff3cb9;;;glory-of-the-thundering-raider-boost;Glory of the Thundering Raider Boost;War Within;Achievements;17.73;USD;2026-01-07 18:13:31.078+00;1;unit;17.73
97077c9e-9bec-440e-88c3-bd40831c6b60;option;bfb44828-1ca0-4c07-bd47-25e46bb8b7a4;b12d5e69-ec06-4d09-8ed1-9aa7f1087fd5;EU;glory-of-the-eternal-raider-boost;Glory of the Eternal Raider Boost - Region;War Within;Achievements;0;USD;2026-01-07 18:13:31.508+00;1;unit;0
b1efbef0-1de4-4b16-8b1a-22da3cf758c9;option;7790cce1-5286-4d60-a7fc-9a630ff71aaa;21ca58d8-e3bb-4c2c-9d95-4b97416a8083;NA;glory-of-the-tomb-raider-boost;Glory of the Tomb Raider Boost - Boost Mode;War Within;Achievements;0;USD;2026-01-07 18:13:31.936+00;1;unit;0
2d9208a4-ac71-450c-a5c6-4092d9b71bf9;option;b426b5cf-dd25-4dd3-a60f-1d7ea8cc0a5b;aae35610-61ac-45ae-a860-491b22ec63fa;Pilot;glory-of-the-firelands-raider-boost;Glory of the Firelands Raider Boost - Boost Mode;War Within;Achievements;0;USD;2026-01-07 18:13:32.39+00;1;unit;0
88a5200f-e623-4210-b3bd-e33670106b86;option;aafb9fb1-42ef-4de4-9058-96da93e0e0b7;c872d8d7-e90c-4c11-a8b6-0b2b13a9b839;Pilot;the-consortium;The Consortium - Boost Method;WoW: TBC;Reputations;0;USD;2026-01-07 18:13:32.802+00;1;unit;0
33750382-31a7-47ff-bff3-b65db3cc0b36;product;4de0d82a-dffd-4fed-9a9b-7f4ce6dbda6d;;;challenge-mode-bronze-pack;Challenge Mode Bronze Pack;Mists of Pandaria;Challenge Mode;49;USD;2026-01-07 17:58:59.917+00;1;unit;49
597c97e3-0cff-4f32-9be7-ac24a2100b97;option;3394c522-8d04-4e09-bcee-060ee937b52b;6892f67c-0462-47af-8869-1576075a98d5;Funny Graveyard Keeper;escape-from-tarkov-achievements-boost;EFT Achievements - Common Achievements;Escape From Tarkov;Leveling;12;USD;2026-01-07 18:13:24.728+00;1;unit;12
7747a8ee-3a87-4434-bcd9-50efa035b5de;option;3394c522-8d04-4e09-bcee-060ee937b52b;b93cf105-577f-4f15-81ed-c76b6513b755;Blind Fury;escape-from-tarkov-achievements-boost;EFT Achievements - Rare Achievements;Escape From Tarkov;Leveling;12;USD;2026-01-07 18:13:25.228+00;1;unit;12
67863dc1-14d2-4f4b-aee7-f9f1f4d22e27;option;a1e0aff6-9564-4018-9de6-06cc389889c0;f3ed07c6-54f7-4a0b-a0de-9d0231d5e29b;NA;corruption-of-the-aspects;Corruption of the Aspects - Region;War Within;Mounts;0;USD;2026-01-07 18:13:26.265+00;1;unit;0
156270fc-fa78-4a24-b567-4ebedb196ecf;option;f8768457-209c-490d-9fcf-82041dc85e16;83519bc2-92e5-4c79-b95e-3387572d3224;Remote;wow-gladiator;WoW Gladiator - Boost Method;War Within;PvP;24.23;USD;2026-01-07 18:13:26.717+00;1;unit;24.23
1d924f40-2765-4ee5-b6fc-d31c1f80870e;option;42fbdc9c-2eb3-4eb1-99bb-69fba01de791;9c18b3e7-af6c-453b-b6dc-1804e3273ded;Onyxia's Lair Attunement;attunements;Attunements - Select Attunement;20th Anniversary WoW;Attunements;59;USD;2026-01-07 18:13:27.252+00;1;unit;59
1fd495e8-95f0-4c43-affe-c855d275447e;option;49896428-e437-4281-8799-897d2697f22a;b94ccab8-e3a6-4ecf-a08d-0bcd26b10105;EU;karazhan;Karazhan - Region;WoW: TBC;Attunements;0;USD;2026-01-07 18:13:29.651+00;1;unit;0
57ca676f-924d-47bc-a157-6d8bf970a8d9;option;be03d496-87d6-4219-a907-78516f4f1c50;4eaa2e27-cf04-4b66-949e-24e7f79e07ce;4x Tier 8 Delves;delves-season-pass;Delves Season Pass - Full Season ;War Within;Delves;79.94;USD;2026-01-07 18:13:30.071+00;4;x;19.985
9781e349-d4b9-49f5-926a-9ecf65c99128;option;a970438b-d289-408b-8099-b73ad6604a98;5060e71f-c1ca-4825-89fd-355a08be55e8;Revered - Exalted;shatari-skyguard;Sha'tari Skyguard - Desired Reputation Level;WoW: TBC;Reputations;49;USD;2026-01-07 18:13:30.527+00;1;unit;49
40b44835-6c39-42b2-9da2-e9796d19a30c;option;56893a99-db5d-44cd-ac7c-ab23dfad4f37;4f0a08f3-fadc-4fcb-b7cb-ef59601b60ae;Remote;glory-of-the-nathria-raider-boost;Glory of the Nathria Raider Boost - Boost Mode;War Within;Achievements;12.11;USD;2026-01-07 18:13:30.955+00;1;unit;12.11
0d3591ba-9c72-4491-9f41-1487c01f1ff3;option;bfb44828-1ca0-4c07-bd47-25e46bb8b7a4;9975062f-df9d-44a7-8439-8c3733218fd7;Selfplay;glory-of-the-eternal-raider-boost;Glory of the Eternal Raider Boost - Boost Mode;War Within;Achievements;0;USD;2026-01-07 18:13:31.38+00;1;unit;0
b28824cb-1116-406d-8045-49ed766e2f3a;option;33596845-629a-47aa-b638-a5c522783716;3537d8c7-1d5d-41ed-a633-5f3d6cfb2fbb;NA;glory-of-the-nerubar-raider-boost;Glory of the Nerub’ar Raider Boost - Region;War Within;Achievements;0;USD;2026-01-07 18:13:31.812+00;1;unit;0
3078ef53-69e2-4e5e-ac60-578a857369f5;option;c846f905-7533-4c33-8ff2-ddaca3dae9eb;70a86878-3f07-408e-acbf-d5c3cf3cd997;NA;lavender-karroc;Lavender K'arroc - Region;War Within;Mounts;0;USD;2026-01-07 18:13:32.268+00;1;unit;0
4b22a205-bd15-4269-a608-19ce7e9917fa;option;3a46c5ef-739d-4c07-8852-8c820964a6f2;3a9bf829-0a13-44e4-8800-d703d10823bd;EU;wow-phase-lost-slateback;WoW Phase-Lost Slateback - Region;War Within;Mounts;0;USD;2026-01-07 18:13:32.677+00;1;unit;0
fce7ee3a-37f7-4585-a1d8-a7c6fe775305;option;aafb9fb1-42ef-4de4-9058-96da93e0e0b7;a26dcab5-f58e-4b6d-9b7d-290160eb024d;Revered - Exalted;the-consortium;The Consortium - Desired Reputation Level;WoW: TBC;Reputations;49;USD;2026-01-07 18:13:33.102+00;1;unit;49
506fe670-2351-4b47-bac6-cec34410a1c5;option;a14febbc-49b6-45af-bce6-f1980c081241;91bfbac4-ce33-4420-b933-4484746ede7a;EU;glory-of-the-delver;Glory of the Delver - Region;War Within;Delves;0;USD;2026-01-07 18:13:33.511+00;1;unit;0
ea7663ba-fd5a-4baa-b38b-f24692d143a6;option;816b7cb7-c24f-41a6-9012-bd2ae43c1925;059ac6fd-dd16-4fc2-ab9e-b4426c0f30be;Revered - Exalted;keepers-of-time;Keepers of Time - Desired Reputation Level;WoW: TBC;Reputations;49;USD;2026-01-07 18:13:34.72+00;1;unit;49
48841bb7-78b6-43ab-868f-c19dc930e22c;option;3dbc4652-8386-4a3e-868b-a026f7f8c7aa;d1cf760c-c61c-493f-8a2d-f9e2d500773f;EU;glory-of-the-hero-boost;Glory of the Hero Boost - Region;War Within;Achievements;0;USD;2026-01-07 18:13:35.132+00;1;unit;0
4c27143e-7dd1-4039-a54b-f4edd507ad66;option;923bb47a-49e7-4b86-becc-6dbdb343374b;44b37021-4c4e-4700-88eb-e83b63051349;Remote;thrallmar;Thrallmar - Boost Method;WoW: TBC;Reputations;30;USD;2026-01-07 18:13:35.533+00;1;unit;30
70e5ac92-112d-41fa-9386-750b91d31b24;option;ec7c0035-3647-4344-9e92-cc479e3fbfa6;46ff898a-4184-4c25-b1d6-167e3a254ea7;EU;ruby-void-creeper;Ruby Void Creeper - Region;War Within;Mounts;0;USD;2026-01-07 18:13:35.946+00;1;unit;0
8007f39d-58c6-4fb9-a950-124cef9f6af1;option;3b01367d-c749-4e22-b42f-b8f65a853a47;bfb3feb5-42b1-4c8c-96a4-ea271b8fbcf8;Remote;oc91-chariot-mount;OC91 Chariot Mount  - Boost Mode;War Within;Delves;12.11;USD;2026-01-07 18:13:36.376+00;1;unit;12.11
ef3e5a3a-d3ff-4172-85b9-9905e1043cee;option;ad78315b-111b-4627-8d53-f8e3a28b4966;1a3ccbd9-9f8e-4e75-9f73-d364d5ed7361;Pilot;glory-of-the-icecrown-raider-25-boost;Glory of the Icecrown Raider 25 Boost - Boost Mode;War Within;Achievements;0;USD;2026-01-07 18:13:36.805+00;1;unit;0
3302118a-49cf-4744-a8a9-14b06a261215;product;20eb0c59-9bda-4990-a73e-3d7278adfb2e;;;throne-of-thunder;Throne of Thunder;Mists of Pandaria;Raids;0;USD;2026-01-07 18:13:37.228+00;1;unit;0
2e4219bb-1aab-415d-a257-4e23913356bb;option;20eb0c59-9bda-4990-a73e-3d7278adfb2e;117c65fd-f409-4931-ba4c-1671087a8dd2;6+ Items loot run;throne-of-thunder;Throne of Thunder - Loot Option;Mists of Pandaria;Raids;599;USD;2026-01-07 18:13:37.658+00;6;unit;99.83333333333333
4306efc0-0a58-4186-b435-a30d2aeb4be1;option;893dfdf9-192b-4e74-85b1-446f23288a7f;5f90eb68-16e5-4111-8afa-dc6e126ccd32;Pilot;glory-of-the-dazaralor-raider-boost;Glory of the Dazar’alor Raider Boost - Boost Mode;War Within;Achievements;0;USD;2026-01-07 18:13:38.075+00;1;unit;0
a3e5287d-419e-4fab-9ba2-b9bed36859b0;option;aada2351-3a05-498e-b4a5-79f4686996f9;606c3eaa-03f5-41b0-8865-3952ec41dfe3;Pilot;soaring-spelltome;Soaring Spelltome - Boost Method;War Within;Legacy Content;0;USD;2026-01-07 18:13:38.502+00;1;unit;0
57f5a31d-a810-4509-b646-b8b56027dd03;option;aada2351-3a05-498e-b4a5-79f4686996f9;e3d832d8-a6ed-4731-9987-3cd22fa1a04c;Twarthing the Twins;soaring-spelltome;Soaring Spelltome - Specific Challenges;War Within;Legacy Content;6.46;USD;2026-01-07 18:13:38.912+00;1;unit;6.46
9008e25a-24a5-4fc7-b8ad-052e32218191;option;e6400ff2-a75f-4faf-9e19-04ba53b08ef6;6316cf07-49e5-4da0-8279-9252bb07fd51;EU;glory-of-the-shadowlands-hero-boost;Glory of the Shadowlands Hero Boost - Region;War Within;Achievements;0;USD;2026-01-07 18:13:39.322+00;1;unit;0
ae195809-6004-4dfa-b4b6-8cd0633d8b80;product;1c0d4167-86ac-4731-99c7-45d784ea4d4f;;;venture-co-ordinator;Venture Co-ordinator ;War Within;Mounts;160.65;USD;2026-01-07 18:13:39.741+00;1;unit;160.65
fa1d625a-bcbd-4456-a4b2-168182bdc88a;product;42fbdc9c-2eb3-4eb1-99bb-69fba01de791;;;attunements;Attunements;20th Anniversary WoW;Attunements;0.95;USD;2026-01-07 17:59:01.303+00;1;unit;0.95
0397ba6a-2747-469d-a3cc-d35359c9ef57;option;3394c522-8d04-4e09-bcee-060ee937b52b;b93cf105-577f-4f15-81ed-c76b6513b755;Old Dog With Old Tricks;escape-from-tarkov-achievements-boost;EFT Achievements - Rare Achievements;Escape From Tarkov;Leveling;159;USD;2026-01-07 18:13:25.45+00;1;unit;159
59d55548-4411-4a26-8a9c-385cc1085fa7;option;3394c522-8d04-4e09-bcee-060ee937b52b;b93cf105-577f-4f15-81ed-c76b6513b755;This Is a Tarkov Showdown;escape-from-tarkov-achievements-boost;EFT Achievements - Rare Achievements;Escape From Tarkov;Leveling;159;USD;2026-01-07 18:13:25.661+00;1;unit;159
6d4eb6bd-b18b-400f-b450-5e22d82ac512;option;4de0d82a-dffd-4fed-9a9b-7f4ce6dbda6d;fbc2c0a8-1fac-4fca-9a7f-e6f23281fdb9;NA;challenge-mode-bronze-pack;Challenge Mode Bronze Pack - Region;Mists of Pandaria;Challenge Mode;0;USD;2026-01-07 18:13:26.065+00;1;unit;0
c2beeafe-f366-4b8c-bcd5-df8d5e6ec724;option;174e5a48-de41-4350-9eae-491571e5ea1a;03e3d6ee-c828-46c2-b7cf-71e8e7664bdb;EU;challenge-mode-silver-pack;Challenge Mode Silver Pack - Region;Mists of Pandaria;Challenge Mode;0;USD;2026-01-07 18:13:26.519+00;1;unit;0
de4d1ecd-cf16-4e88-92c0-5ffa04e0753c;option;a970438b-d289-408b-8099-b73ad6604a98;ad298576-3c48-4be9-8b16-14e7358c31a8;US;shatari-skyguard;Sha'tari Skyguard - Region;WoW: TBC;Reputations;0;USD;2026-01-07 18:13:30.36+00;1;unit;0
f9d6a255-2528-4602-b7fd-a18f30dca832;option;702edf9d-c8fe-4466-9bb8-b91313a09202;1ad47d27-0ab5-4668-90be-30b431fb342c;Remote;glory-of-the-dream-raider-boost;Glory of the Dream Raider Boost - Boost Mode;War Within;Achievements;12.11;USD;2026-01-07 18:13:30.786+00;1;unit;12.11
589cde36-5806-4643-8d7a-83b2f4cd4b1b;option;0de747e0-aa48-44b8-8578-5f5b3cff3cb9;95fa7e94-9dcb-45f2-be75-cd0172ca798e;Remote;glory-of-the-thundering-raider-boost;Glory of the Thundering Raider Boost - Boost Mode;War Within;Achievements;12.11;USD;2026-01-07 18:13:31.214+00;1;unit;12.11
c70bda16-fa8d-4ac0-9fb1-68cd7a8a781f;option;33596845-629a-47aa-b638-a5c522783716;6d035117-ef14-49df-be8c-c59c11f752cc;Selfplay;glory-of-the-nerubar-raider-boost;Glory of the Nerub’ar Raider Boost - Boost Mode;War Within;Achievements;0;USD;2026-01-07 18:13:31.649+00;1;unit;0
3b8ca77e-7f82-492f-a6ec-fa5bd09a5214;product;c846f905-7533-4c33-8ff2-ddaca3dae9eb;;;lavender-karroc;Lavender K'arroc;War Within;Mounts;12.75;USD;2026-01-07 18:13:32.105+00;1;unit;12.75
160a8777-b974-47bc-bb89-832f70bfaec6;option;b426b5cf-dd25-4dd3-a60f-1d7ea8cc0a5b;d9652562-7450-4cdc-bcfa-8bc60972b15d;NA;glory-of-the-firelands-raider-boost;Glory of the Firelands Raider Boost - Region;War Within;Achievements;0;USD;2026-01-07 18:13:32.509+00;1;unit;0
0a760c32-37c2-4570-9f84-e8063a281892;option;aafb9fb1-42ef-4de4-9058-96da93e0e0b7;fd6baeb4-5748-4995-aa73-2e754f941fac;NA;the-consortium;The Consortium - Region;WoW: TBC;Reputations;0;USD;2026-01-07 18:13:32.932+00;1;unit;0
e01a7f01-a808-408d-aa68-00e129262f7b;option;a14febbc-49b6-45af-bce6-f1980c081241;76fa7602-53f1-45cc-b0f3-777fa76888dc;Daystormer;glory-of-the-delver;Glory of the Delver - Select Achievements;War Within;Delves;4.52;USD;2026-01-07 18:13:33.752+00;1;unit;4.52
a69410ad-4cc7-40f4-9e5c-171897d2efb9;option;816b7cb7-c24f-41a6-9012-bd2ae43c1925;d3d08d2a-92c0-4d87-9d96-07847b97c150;NA;keepers-of-time;Keepers of Time - Region;WoW: TBC;Reputations;0;USD;2026-01-07 18:13:34.553+00;1;unit;0
63658911-6bdb-4ab1-a6fd-75627e12cd21;product;3dbc4652-8386-4a3e-868b-a026f7f8c7aa;;;glory-of-the-hero-boost;Glory of the Hero Boost;War Within;Achievements;13.47;USD;2026-01-07 18:13:34.96+00;1;unit;13.47
5f8f1c5d-4395-49be-a57c-d2e4fa36f93a;option;3cc781e9-227f-429c-966d-afef353e3ff0;511beef2-7c56-46cc-95ab-cc742d4dbfdc;Pilot;glory-of-the-vault-raider-boost;Glory of the Vault Raider Boost - Boost Mode;War Within;Achievements;0;USD;2026-01-07 18:13:35.371+00;1;unit;0
080ea8c6-5374-4610-a407-2048adf57f69;option;923bb47a-49e7-4b86-becc-6dbdb343374b;ab3f21bd-3bfb-40a2-9d6f-5cb7157b598b;Revered - Exalted;thrallmar;Thrallmar - Desired Reputation Level;WoW: TBC;Reputations;49;USD;2026-01-07 18:13:35.779+00;1;unit;49
8f3568e6-b5eb-444f-8ce3-cd3662fccb36;option;2ef5bde2-77cb-4541-9895-3290a352ca35;ef238ff9-2614-4076-8f37-4e3fc3c8d3dc;Pilot;glory-of-the-pandaria-hero-boost-3291;Glory of the Pandaria Hero Boost - Boost Mode;War Within;Achievements;0;USD;2026-01-07 18:13:36.19+00;1;unit;0
baef556b-0352-448a-948b-90eeb0a63452;option;41acfe8d-9252-435d-a7c3-6284171a684f;123d41b9-be29-48cf-8a5e-f47bd6aae90d;EU;hateforged-blazecycle;Hateforged Blazecycle  - Region;War Within;Mounts;0;USD;2026-01-07 18:13:36.638+00;1;unit;0
52bd264b-d9ce-48ce-92fc-5eb3d13648af;option;f317f870-e9fe-42ed-bf99-3e344e1e15cc;e267f747-48a4-4355-97b0-822728850c87;Pilot;glory-of-the-draenor-hero-boost;Glory of the Draenor Hero Boost - Boost Mode;War Within;Achievements;0;USD;2026-01-07 18:13:37.054+00;1;unit;0
146655c5-2b07-408e-91b6-3d1c042d7e58;option;20eb0c59-9bda-4990-a73e-3d7278adfb2e;baa104d9-2715-49ff-9790-58d1648ff84c;Normal;throne-of-thunder;Throne of Thunder - Difficulty;Mists of Pandaria;Raids;0;USD;2026-01-07 18:13:37.495+00;1;unit;0
8c691c62-aa58-41d4-a507-39c5caf11bdf;option;b2042581-ae8b-4414-8870-f279824ee51e;6a4d300e-68ef-49b8-a623-dac12e083bb1;EU;voidfire-deathcycle-mount;Voidfire Deathcycle Mount - Region;War Within;Mounts;0;USD;2026-01-07 18:13:37.917+00;1;unit;0
58171db7-0af6-4d47-96f4-d807c13ba4d8;option;5640330b-402f-408e-b192-a1d3c287532e;0473dd63-73be-4ca4-b803-ab1e129ffe51;Remote;void-scarred-pack-mother;Void-Scarred Pack Mother - Boost Method;War Within;Mounts;25.5;USD;2026-01-07 18:13:38.341+00;1;unit;25.5
38c43e0e-9f86-44eb-b41a-b42fdec3f9cd;option;aada2351-3a05-498e-b4a5-79f4686996f9;e3d832d8-a6ed-4731-9987-3cd22fa1a04c;End of the Risen Threat;soaring-spelltome;Soaring Spelltome - Specific Challenges;War Within;Legacy Content;6.46;USD;2026-01-07 18:13:38.754+00;1;unit;6.46
f4956336-0af2-4dfb-b648-279699e99d1e;product;e6400ff2-a75f-4faf-9e19-04ba53b08ef6;;;glory-of-the-shadowlands-hero-boost;Glory of the Shadowlands Hero Boost;War Within;Achievements;51.68;USD;2026-01-07 18:13:39.146+00;1;unit;51.68
de3cdb7d-6055-4759-8f78-240847ca8528;option;3394c522-8d04-4e09-bcee-060ee937b52b;11855147-fa7a-4165-bf63-b8392566eb8d;30% Faster;escape-from-tarkov-achievements-boost;EFT Achievements - Delivery Speed;Escape From Tarkov;Leveling;30;USD;2026-01-07 18:13:25.82+00;30;unit;1
2879b249-a85d-44a8-a1cc-66fac50848c8;option;a1e0aff6-9564-4018-9de6-06cc389889c0;f3ed07c6-54f7-4a0b-a0de-9d0231d5e29b;EU;corruption-of-the-aspects;Corruption of the Aspects - Region;War Within;Mounts;0;USD;2026-01-07 18:13:26.225+00;1;unit;0
a27584f8-fc5e-46b7-aa1d-a001062931e0;option;f8768457-209c-490d-9fcf-82041dc85e16;83519bc2-92e5-4c79-b95e-3387572d3224;Pilot;wow-gladiator;WoW Gladiator - Boost Method;War Within;PvP;0;USD;2026-01-07 18:13:26.676+00;1;unit;0
b16deeb5-7dcd-4e7c-8af0-52e9f9a5a537;option;bfb44828-1ca0-4c07-bd47-25e46bb8b7a4;b12d5e69-ec06-4d09-8ed1-9aa7f1087fd5;NA;glory-of-the-eternal-raider-boost;Glory of the Eternal Raider Boost - Region;War Within;Achievements;0;USD;2026-01-07 18:13:31.548+00;1;unit;0
19a64439-5da9-4f4c-a8d6-2c86b42d43fa;option;7790cce1-5286-4d60-a7fc-9a630ff71aaa;53dc4813-609c-4062-ad89-e7fcfd5e71df;EU;glory-of-the-tomb-raider-boost;Glory of the Tomb Raider Boost - Region;War Within;Achievements;0;USD;2026-01-07 18:13:31.981+00;1;unit;0
235170dc-6d4a-4f4e-84dc-8acfa346d641;option;b426b5cf-dd25-4dd3-a60f-1d7ea8cc0a5b;aae35610-61ac-45ae-a860-491b22ec63fa;Remote;glory-of-the-firelands-raider-boost;Glory of the Firelands Raider Boost - Boost Mode;War Within;Achievements;12.11;USD;2026-01-07 18:13:32.429+00;1;unit;12.11
4a2e4a5d-1ac6-4075-8f65-da338e6c71d6;option;aafb9fb1-42ef-4de4-9058-96da93e0e0b7;c872d8d7-e90c-4c11-a8b6-0b2b13a9b839;Remote;the-consortium;The Consortium - Boost Method;WoW: TBC;Reputations;30;USD;2026-01-07 18:13:32.843+00;1;unit;30
28a1f42c-9082-4385-8158-3e7acf224262;option;a14febbc-49b6-45af-bce6-f1980c081241;76fa7602-53f1-45cc-b0f3-777fa76888dc;Spider Senses;glory-of-the-delver;Glory of the Delver - Select Achievements;War Within;Delves;4.52;USD;2026-01-07 18:13:33.678+00;1;unit;4.52
0f95f41c-54a5-4ca7-99bf-bd743a9acbfa;option;816b7cb7-c24f-41a6-9012-bd2ae43c1925;79c5e4df-4e15-4346-898e-9e13fba68de5;Remote;keepers-of-time;Keepers of Time - Boost Method;WoW: TBC;Reputations;30;USD;2026-01-07 18:13:34.476+00;1;unit;30
1b1fbafa-96df-4bd1-afdb-0d7ecfb78635;option;b5c2e65c-503c-423a-8133-717fd3d667af;54207bc7-b82f-46f0-8582-73e2007ce92f;EU;nyalothan-shadow;Ny'alothan Shadow - Region;War Within;Mounts;0;USD;2026-01-07 18:13:34.883+00;1;unit;0
4d46f349-2601-455b-8bc4-fe71ecc657a1;option;3cc781e9-227f-429c-966d-afef353e3ff0;09e437c6-4667-49f6-b5d5-4d26a63264bc;NA;glory-of-the-vault-raider-boost;Glory of the Vault Raider Boost - Region;War Within;Achievements;0;USD;2026-01-07 18:13:35.291+00;1;unit;0
9761538e-3030-40d1-a69a-2e41a1e066da;option;923bb47a-49e7-4b86-becc-6dbdb343374b;ab3f21bd-3bfb-40a2-9d6f-5cb7157b598b;Friendly - Honored;thrallmar;Thrallmar - Desired Reputation Level;WoW: TBC;Reputations;25;USD;2026-01-07 18:13:35.695+00;1;unit;25
626e8201-bf46-4c62-9544-3af1c0d4d250;option;2ef5bde2-77cb-4541-9895-3290a352ca35;9867e5a4-e0c9-4c91-ac61-e05bb3d002fe;NA;glory-of-the-pandaria-hero-boost-3291;Glory of the Pandaria Hero Boost - Region;War Within;Achievements;0;USD;2026-01-07 18:13:36.104+00;1;unit;0
3646d799-25d3-47bd-a620-e53b43f0b829;option;41acfe8d-9252-435d-a7c3-6284171a684f;b85074a0-7440-4f71-8df1-81637ff3c7dc;Pilot;hateforged-blazecycle;Hateforged Blazecycle  - Boost Method;War Within;Mounts;0;USD;2026-01-07 18:13:36.552+00;1;unit;0
fb92c3bc-bb8e-46ef-a5d8-97d747ee725f;product;f317f870-e9fe-42ed-bf99-3e344e1e15cc;;;glory-of-the-draenor-hero-boost;Glory of the Draenor Hero Boost;War Within;Achievements;13.47;USD;2026-01-07 18:13:36.977+00;1;unit;13.47
27e62fac-3083-4f91-8c4b-ec592a544748;option;20eb0c59-9bda-4990-a73e-3d7278adfb2e;af0a05be-d6e4-4f6c-a583-4a5ecff3e336;EU;throne-of-thunder;Throne of Thunder - Region;Mists of Pandaria;Raids;0;USD;2026-01-07 18:13:37.412+00;1;unit;0
a8298a04-ea51-49b5-b788-1ccf189afe8e;option;b2042581-ae8b-4414-8870-f279824ee51e;ac77d434-30e3-4082-9e71-a4a8a011a4db;Pilot;voidfire-deathcycle-mount;Voidfire Deathcycle Mount - Boost Method;War Within;Mounts;0;USD;2026-01-07 18:13:37.837+00;1;unit;0
936e1799-ce73-45c1-96de-e7f4a615b544;product;5640330b-402f-408e-b192-a1d3c287532e;;;void-scarred-pack-mother;Void-Scarred Pack Mother;War Within;Mounts;4.24;USD;2026-01-07 18:13:38.257+00;1;unit;4.24
35238e5b-cd20-43e3-8484-936625694b29;option;aada2351-3a05-498e-b4a5-79f4686996f9;e3d832d8-a6ed-4731-9987-3cd22fa1a04c;An Impossible Foe;soaring-spelltome;Soaring Spelltome - Specific Challenges;War Within;Legacy Content;6.46;USD;2026-01-07 18:13:38.662+00;1;unit;6.46
7b0c3f52-f14e-4690-8264-868cc32f2ea0;option;766242ab-5167-4079-aa7b-46a5a5f45790;737f906c-dedb-4a24-9bac-530e13078a6c;EU;vandals-gearglider;Vandal's Gearglider - Region;War Within;Mounts;0;USD;2026-01-07 18:13:39.072+00;1;unit;0
3f85eb9a-4d54-43fb-8229-7292ad65d9d6;option;42fbdc9c-2eb3-4eb1-99bb-69fba01de791;655271f5-4af1-4688-8d88-dfafeac88606;Remote Control;attunements;Attunements - Boost Mode;20th Anniversary WoW;Attunements;0;USD;2026-01-07 18:13:27.424+00;1;unit;0
edddc301-5e95-4d01-9f49-ecb9fe914707;option;c2968b4f-5210-4a42-bc48-cfdde59e9b17;907e5056-8074-4f59-ae3b-297468f782e8;NA;celestial-riding-tiger;Celestial Riding Tiger - Region;Mists of Pandaria;Mounts;0;USD;2026-01-07 18:13:28.724+00;1;unit;0
e2edb46e-94bb-4a35-b4e3-866e5652e15c;option;4a47d637-ebb6-4913-b546-8061acff7ab4;91b3636a-ce15-4b3a-b2d6-b9931da498fb;9 Cards;escape-from-tarkov-bitcoin-farm-boost;Bitcoin Farm - Cards;Escape From Tarkov;Leveling;27;USD;2026-01-07 18:13:29.14+00;9;cards;3
6189b8a0-4f2c-4554-9c5c-45203afe83ef;option;a14febbc-49b6-45af-bce6-f1980c081241;00e2aa07-f8d9-40b4-a5d2-44a7314b13b2;Pilot;glory-of-the-delver;Glory of the Delver - Boost Mode;War Within;Delves;0;USD;2026-01-07 18:13:33.431+00;1;unit;0
672086eb-9522-42fd-91fa-921c1c2d1abe;option;a14febbc-49b6-45af-bce6-f1980c081241;76fa7602-53f1-45cc-b0f3-777fa76888dc;Sporesweeper;glory-of-the-delver;Glory of the Delver - Select Achievements;War Within;Delves;4.52;USD;2026-01-07 18:13:33.832+00;1;unit;4.52
353f1f42-a8c8-40bd-b9e5-3e30259e5e06;option;816b7cb7-c24f-41a6-9012-bd2ae43c1925;059ac6fd-dd16-4fc2-ab9e-b4426c0f30be;Friendly - Honored;keepers-of-time;Keepers of Time - Desired Reputation Level;WoW: TBC;Reputations;25;USD;2026-01-07 18:13:34.631+00;1;unit;25
add89a65-1a8f-4da3-a218-e88daac3a3c7;option;3dbc4652-8386-4a3e-868b-a026f7f8c7aa;366712c4-5000-4934-8789-e47120eb548c;Pilot;glory-of-the-hero-boost;Glory of the Hero Boost - Boost Mode;War Within;Achievements;0;USD;2026-01-07 18:13:35.05+00;1;unit;0
fe1f5208-eea7-4a45-84e1-db6f0efb37d3;product;923bb47a-49e7-4b86-becc-6dbdb343374b;;;thrallmar;Thrallmar;WoW: TBC;Reputations;0;USD;2026-01-07 18:13:35.454+00;1;unit;0
7d574306-61d6-4a84-8183-51fbeee9f642;option;ec7c0035-3647-4344-9e92-cc479e3fbfa6;f4cf8a8e-b84c-4dc2-ac22-097627609272;Pilot;ruby-void-creeper;Ruby Void Creeper - Boost Method;War Within;Mounts;0;USD;2026-01-07 18:13:35.869+00;1;unit;0
074895e7-4e75-4610-bb98-bfc3f6d19253;product;3b01367d-c749-4e22-b42f-b8f65a853a47;;;oc91-chariot-mount;OC91 Chariot Mount ;War Within;Delves;127.87;USD;2026-01-07 18:13:36.273+00;1;unit;127.87
a598d246-cc19-42ba-9295-b48b1aab9369;product;ad78315b-111b-4627-8d53-f8e3a28b4966;;;glory-of-the-icecrown-raider-25-boost;Glory of the Icecrown Raider 25 Boost;War Within;Achievements;10.63;USD;2026-01-07 18:13:36.72+00;1;unit;10.63
13ddc7d5-f16a-402f-af71-881e733c13f9;option;f317f870-e9fe-42ed-bf99-3e344e1e15cc;3c578261-759d-4604-8811-f1fc4cc16401;EU;glory-of-the-draenor-hero-boost;Glory of the Draenor Hero Boost - Region;War Within;Achievements;0;USD;2026-01-07 18:13:37.142+00;1;unit;0
2661ae45-f365-4cbc-ae68-86988ae76c56;option;20eb0c59-9bda-4990-a73e-3d7278adfb2e;baa104d9-2715-49ff-9790-58d1648ff84c;Heroic 13/13;throne-of-thunder;Throne of Thunder - Difficulty;Mists of Pandaria;Raids;400;USD;2026-01-07 18:13:37.573+00;13;unit;30.76923076923077
ef8cae8a-a11b-4ecb-9a43-11022f06ca34;product;893dfdf9-192b-4e74-85b1-446f23288a7f;;;glory-of-the-dazaralor-raider-boost;Glory of the Dazar’alor Raider Boost;War Within;Achievements;31.94;USD;2026-01-07 18:13:37.995+00;1;unit;31.94
eee61280-f5e3-4dba-a60f-c590880e0bb5;option;5640330b-402f-408e-b192-a1d3c287532e;d796fa5a-4069-4aa9-a91d-23c9b31f70f6;NA;void-scarred-pack-mother;Void-Scarred Pack Mother - Region;War Within;Mounts;0;USD;2026-01-07 18:13:38.422+00;1;unit;0
cae4da98-bbd0-4cd5-aea9-3717ef1e94ab;option;aada2351-3a05-498e-b4a5-79f4686996f9;e3d832d8-a6ed-4731-9987-3cd22fa1a04c;The God's-Queen Fury;soaring-spelltome;Soaring Spelltome - Specific Challenges;War Within;Legacy Content;6.46;USD;2026-01-07 18:13:38.834+00;1;unit;6.46
75f15168-adc5-43b1-b0a2-ed9731317f38;option;e6400ff2-a75f-4faf-9e19-04ba53b08ef6;1f38a641-965b-4cf0-a480-780d5afe7d5a;Pilot;glory-of-the-shadowlands-hero-boost;Glory of the Shadowlands Hero Boost - Boost Mode;War Within;Achievements;0;USD;2026-01-07 18:13:39.227+00;1;unit;0
bdbdf791-a7d2-4b3e-b1a4-b1506c5cb1e9;option;42fbdc9c-2eb3-4eb1-99bb-69fba01de791;61ab9ffe-70b6-4742-9a92-48480c214613;EU;attunements;Attunements - Region;20th Anniversary WoW;Attunements;0;USD;2026-01-07 18:13:27.468+00;1;unit;0
87b7ecd0-a978-4411-875c-73ebb507e162;option;4a47d637-ebb6-4913-b546-8061acff7ab4;91b3636a-ce15-4b3a-b2d6-b9931da498fb;10 Cards;escape-from-tarkov-bitcoin-farm-boost;Bitcoin Farm - Cards;Escape From Tarkov;Leveling;30;USD;2026-01-07 18:13:29.179+00;10;cards;3
a8df0a53-e22f-4c79-90df-299fc317c783;option;a14febbc-49b6-45af-bce6-f1980c081241;76fa7602-53f1-45cc-b0f3-777fa76888dc;Leave No Treasure Unfound;glory-of-the-delver;Glory of the Delver - Select Achievements;War Within;Delves;19.38;USD;2026-01-07 18:13:33.638+00;1;unit;19.38
bd6062c6-5f96-43e5-952b-46ff04cdf4e4;option;816b7cb7-c24f-41a6-9012-bd2ae43c1925;79c5e4df-4e15-4346-898e-9e13fba68de5;Pilot;keepers-of-time;Keepers of Time - Boost Method;WoW: TBC;Reputations;0;USD;2026-01-07 18:13:34.439+00;1;unit;0
9f6c2810-9baa-435b-8119-06cb91cc0b06;option;b5c2e65c-503c-423a-8133-717fd3d667af;08b3b150-8882-4866-bc78-642aef7a0de8;Remote;nyalothan-shadow;Ny'alothan Shadow - Boost Method;War Within;Mounts;25.5;USD;2026-01-07 18:13:34.842+00;1;unit;25.5
b2aa5646-6779-42df-9e9c-d03e97dfccef;option;3cc781e9-227f-429c-966d-afef353e3ff0;09e437c6-4667-49f6-b5d5-4d26a63264bc;EU;glory-of-the-vault-raider-boost;Glory of the Vault Raider Boost - Region;War Within;Achievements;0;USD;2026-01-07 18:13:35.25+00;1;unit;0
e6330eac-f600-4975-8ebc-bb06c76bd130;option;923bb47a-49e7-4b86-becc-6dbdb343374b;ab3f21bd-3bfb-40a2-9d6f-5cb7157b598b;Neutral - Friendly;thrallmar;Thrallmar - Desired Reputation Level;WoW: TBC;Reputations;15;USD;2026-01-07 18:13:35.654+00;1;unit;15
2072861d-d0ca-4c50-95c1-44f2248aab1c;option;2ef5bde2-77cb-4541-9895-3290a352ca35;9867e5a4-e0c9-4c91-ac61-e05bb3d002fe;EU;glory-of-the-pandaria-hero-boost-3291;Glory of the Pandaria Hero Boost - Region;War Within;Achievements;0;USD;2026-01-07 18:13:36.065+00;1;unit;0
4241f8fb-223e-420f-9fe1-61ef8cbc178d;product;41acfe8d-9252-435d-a7c3-6284171a684f;;;hateforged-blazecycle;Hateforged Blazecycle ;War Within;Mounts;16.15;USD;2026-01-07 18:13:36.511+00;1;unit;16.15
2c48cea8-2374-49c0-aa04-94c90d1c00da;option;ad78315b-111b-4627-8d53-f8e3a28b4966;e739cd34-1d79-47e8-af23-450e9106d6e0;NA;glory-of-the-icecrown-raider-25-boost;Glory of the Icecrown Raider 25 Boost - Region;War Within;Achievements;0;USD;2026-01-07 18:13:36.935+00;1;unit;0
bc55e556-d560-4fd5-8e99-836f28117eb9;option;20eb0c59-9bda-4990-a73e-3d7278adfb2e;d45b9870-ddef-4b28-9d40-74f71aa7d383;Remote;throne-of-thunder;Throne of Thunder - Boost Mode;Mists of Pandaria;Raids;15;USD;2026-01-07 18:13:37.369+00;1;unit;15
c20f237d-f494-4f3f-8f7b-8f6ff1ca4e56;product;b2042581-ae8b-4414-8870-f279824ee51e;;;voidfire-deathcycle-mount;Voidfire Deathcycle Mount;War Within;Mounts;24.65;USD;2026-01-07 18:13:37.792+00;1;unit;24.65
aa060baa-b10a-400d-87a9-94c9527dc3c4;option;893dfdf9-192b-4e74-85b1-446f23288a7f;b2720741-2ce7-4d63-872c-988c38b8f400;NA;glory-of-the-dazaralor-raider-boost;Glory of the Dazar’alor Raider Boost - Region;War Within;Achievements;0;USD;2026-01-07 18:13:38.216+00;1;unit;0
7a4a0730-08aa-4e16-a9de-b1232c03e650;option;aada2351-3a05-498e-b4a5-79f4686996f9;98355afa-589f-45fc-b89f-c94196889432;Specific Challenges;soaring-spelltome;Soaring Spelltome - Challenges;War Within;Legacy Content;0;USD;2026-01-07 18:13:38.62+00;1;unit;0
085076ea-c715-44c0-bcb8-01abf465af49;option;766242ab-5167-4079-aa7b-46a5a5f45790;f006566d-8803-46ea-86cf-c74f4b8e5b04;Remote;vandals-gearglider;Vandal's Gearglider - Boost Method;War Within;Mounts;25.5;USD;2026-01-07 18:13:39.029+00;1;unit;25.5
121b0298-280e-4096-a124-ae90d8430273;option;42fbdc9c-2eb3-4eb1-99bb-69fba01de791;61ab9ffe-70b6-4742-9a92-48480c214613;NA;attunements;Attunements - Region;20th Anniversary WoW;Attunements;0;USD;2026-01-07 18:13:27.52+00;1;unit;0
0f733f72-7199-4562-bf7f-27557f7aae54;option;4a47d637-ebb6-4913-b546-8061acff7ab4;91b3636a-ce15-4b3a-b2d6-b9931da498fb;1 Card;escape-from-tarkov-bitcoin-farm-boost;Bitcoin Farm - Cards;Escape From Tarkov;Leveling;3;USD;2026-01-07 18:13:28.801+00;1;card;3
46920194-7dda-4807-8444-05e14a815c45;option;4a47d637-ebb6-4913-b546-8061acff7ab4;9dbfc091-7cd0-4e6b-af0a-6775b3c503f9;Normal;escape-from-tarkov-bitcoin-farm-boost;Bitcoin Farm - Delivery Speed;Escape From Tarkov;Leveling;0;USD;2026-01-07 18:13:29.217+00;1;unit;0
6cef0354-72f8-4f00-bfd5-e4e06afa1fd9;product;b5c2e65c-503c-423a-8133-717fd3d667af;;;nyalothan-shadow;Ny'alothan Shadow;War Within;Mounts;24.65;USD;2026-01-07 18:13:34.762+00;1;unit;24.65
3a7584b7-6692-4dd9-9c00-7938ae4cf0c7;option;3dbc4652-8386-4a3e-868b-a026f7f8c7aa;d1cf760c-c61c-493f-8a2d-f9e2d500773f;NA;glory-of-the-hero-boost;Glory of the Hero Boost - Region;War Within;Achievements;0;USD;2026-01-07 18:13:35.17+00;1;unit;0
c104598a-4127-4873-beb8-00188ed52478;option;923bb47a-49e7-4b86-becc-6dbdb343374b;7bd2cd08-8a98-4a25-812e-4863d6902472;EU;thrallmar;Thrallmar - Region;WoW: TBC;Reputations;0;USD;2026-01-07 18:13:35.57+00;1;unit;0
a697694f-9702-4cf5-8037-e765cf1c9c5f;option;ec7c0035-3647-4344-9e92-cc479e3fbfa6;46ff898a-4184-4c25-b1d6-167e3a254ea7;NA;ruby-void-creeper;Ruby Void Creeper - Region;War Within;Mounts;0;USD;2026-01-07 18:13:35.985+00;1;unit;0
45222b62-b25a-4479-bf06-4c3086a73b19;option;3b01367d-c749-4e22-b42f-b8f65a853a47;5b471138-7bb3-4374-bcd2-3cc62e9a1955;EU;oc91-chariot-mount;OC91 Chariot Mount  - Region;War Within;Delves;0;USD;2026-01-07 18:13:36.42+00;1;unit;0
899f6257-ffc5-4231-b2a5-8f4b203ec943;option;ad78315b-111b-4627-8d53-f8e3a28b4966;1a3ccbd9-9f8e-4e75-9f73-d364d5ed7361;Remote;glory-of-the-icecrown-raider-25-boost;Glory of the Icecrown Raider 25 Boost - Boost Mode;War Within;Achievements;12.11;USD;2026-01-07 18:13:36.843+00;1;unit;12.11
3dd50d19-2d69-4999-ab94-e59ae7eb077e;option;20eb0c59-9bda-4990-a73e-3d7278adfb2e;d45b9870-ddef-4b28-9d40-74f71aa7d383;Pilot;throne-of-thunder;Throne of Thunder - Boost Mode;Mists of Pandaria;Raids;0;USD;2026-01-07 18:13:37.275+00;1;unit;0
1c1915dc-e754-4ece-8d4f-aea974c2a88c;option;20eb0c59-9bda-4990-a73e-3d7278adfb2e;117c65fd-f409-4931-ba4c-1671087a8dd2;8+ Items loot run;throne-of-thunder;Throne of Thunder - Loot Option;Mists of Pandaria;Raids;799;USD;2026-01-07 18:13:37.698+00;8;unit;99.875
a9ab572e-ecf9-4e3a-a0ea-05524bbdd3ae;option;893dfdf9-192b-4e74-85b1-446f23288a7f;5f90eb68-16e5-4111-8afa-dc6e126ccd32;Remote;glory-of-the-dazaralor-raider-boost;Glory of the Dazar’alor Raider Boost - Boost Mode;War Within;Achievements;12.11;USD;2026-01-07 18:13:38.129+00;1;unit;12.11
474529b2-a51a-43d8-87af-31910275a322;option;aada2351-3a05-498e-b4a5-79f4686996f9;606c3eaa-03f5-41b0-8865-3952ec41dfe3;Remote;soaring-spelltome;Soaring Spelltome - Boost Method;War Within;Legacy Content;16.15;USD;2026-01-07 18:13:38.544+00;1;unit;16.15
6916d6aa-9550-4417-9591-777bb7d28914;product;766242ab-5167-4079-aa7b-46a5a5f45790;;;vandals-gearglider;Vandal's Gearglider;War Within;Mounts;16.15;USD;2026-01-07 18:13:38.953+00;1;unit;16.15
5b28b73c-f85c-4ab7-a6a3-f6f3ceff3959;option;e6400ff2-a75f-4faf-9e19-04ba53b08ef6;6316cf07-49e5-4da0-8279-9252bb07fd51;NA;glory-of-the-shadowlands-hero-boost;Glory of the Shadowlands Hero Boost - Region;War Within;Achievements;0;USD;2026-01-07 18:13:39.359+00;1;unit;0
44f5b9e9-5080-46ce-8a8d-4a4a7ad09a95;option;1c0d4167-86ac-4731-99c7-45d784ea4d4f;187ef58d-57cb-4c90-ae4a-f69fdb971a77;Pilot;venture-co-ordinator;Venture Co-ordinator  - Boost Method;War Within;Mounts;0;USD;2026-01-07 18:13:39.782+00;1;unit;0
67981b57-45e2-42ff-8c59-00a1ed420dc5;option;4a47d637-ebb6-4913-b546-8061acff7ab4;91b3636a-ce15-4b3a-b2d6-b9931da498fb;2 Cards;escape-from-tarkov-bitcoin-farm-boost;Bitcoin Farm - Cards;Escape From Tarkov;Leveling;6;USD;2026-01-07 18:13:28.838+00;2;cards;3
ecb8adce-d67d-4bfb-9bea-58eac15388a9;option;4a47d637-ebb6-4913-b546-8061acff7ab4;9dbfc091-7cd0-4e6b-af0a-6775b3c503f9;30% Faster;escape-from-tarkov-bitcoin-farm-boost;Bitcoin Farm - Delivery Speed;Escape From Tarkov;Leveling;30;USD;2026-01-07 18:13:29.253+00;30;unit;1
67c5f5ca-b4b2-40d0-acaf-53db763a1bcc;option;923bb47a-49e7-4b86-becc-6dbdb343374b;44b37021-4c4e-4700-88eb-e83b63051349;Pilot;thrallmar;Thrallmar - Boost Method;WoW: TBC;Reputations;0;USD;2026-01-07 18:13:35.496+00;1;unit;0
8e94266b-3e1d-40e6-a815-29f2dc9b5c3a;option;ec7c0035-3647-4344-9e92-cc479e3fbfa6;f4cf8a8e-b84c-4dc2-ac22-097627609272;Remote;ruby-void-creeper;Ruby Void Creeper - Boost Method;War Within;Mounts;25.5;USD;2026-01-07 18:13:35.907+00;1;unit;25.5
4cded956-991a-4873-909a-197447b88981;option;3b01367d-c749-4e22-b42f-b8f65a853a47;bfb3feb5-42b1-4c8c-96a4-ea271b8fbcf8;Pilot;oc91-chariot-mount;OC91 Chariot Mount  - Boost Mode;War Within;Delves;0;USD;2026-01-07 18:13:36.31+00;1;unit;0
ff6600a8-c04e-4c67-98c3-16784dbe9353;option;ad78315b-111b-4627-8d53-f8e3a28b4966;1a3ccbd9-9f8e-4e75-9f73-d364d5ed7361;Selfplay;glory-of-the-icecrown-raider-25-boost;Glory of the Icecrown Raider 25 Boost - Boost Mode;War Within;Achievements;0;USD;2026-01-07 18:13:36.762+00;1;unit;0
c3ac31e2-0c75-47ff-b1db-7d774b359365;option;f317f870-e9fe-42ed-bf99-3e344e1e15cc;3c578261-759d-4604-8811-f1fc4cc16401;NA;glory-of-the-draenor-hero-boost;Glory of the Draenor Hero Boost - Region;War Within;Achievements;0;USD;2026-01-07 18:13:37.189+00;1;unit;0
df76d596-10c7-4740-8fa7-83e18493b6ea;option;20eb0c59-9bda-4990-a73e-3d7278adfb2e;117c65fd-f409-4931-ba4c-1671087a8dd2;4+ Items loot run;throne-of-thunder;Throne of Thunder - Loot Option;Mists of Pandaria;Raids;259;USD;2026-01-07 18:13:37.615+00;4;unit;64.75
4f615b2c-e004-4d65-879f-c562373b7f55;option;893dfdf9-192b-4e74-85b1-446f23288a7f;5f90eb68-16e5-4111-8afa-dc6e126ccd32;Selfplay;glory-of-the-dazaralor-raider-boost;Glory of the Dazar’alor Raider Boost - Boost Mode;War Within;Achievements;0;USD;2026-01-07 18:13:38.033+00;1;unit;0
11694db3-7461-47b4-a7bc-f55572b42b81;product;aada2351-3a05-498e-b4a5-79f4686996f9;;;soaring-spelltome;Soaring Spelltome;War Within;Legacy Content;0;USD;2026-01-07 18:13:38.463+00;1;unit;0
c349fd42-463a-4dcb-b611-da4cf7b6fd5d;option;aada2351-3a05-498e-b4a5-79f4686996f9;e3d832d8-a6ed-4731-9987-3cd22fa1a04c;The Highlord's Return;soaring-spelltome;Soaring Spelltome - Specific Challenges;War Within;Legacy Content;6.46;USD;2026-01-07 18:13:38.873+00;1;unit;6.46
b193008c-fbaa-4fcb-acca-d056ab31ffd1;option;e6400ff2-a75f-4faf-9e19-04ba53b08ef6;1f38a641-965b-4cf0-a480-780d5afe7d5a;Remote;glory-of-the-shadowlands-hero-boost;Glory of the Shadowlands Hero Boost - Boost Mode;War Within;Achievements;12.11;USD;2026-01-07 18:13:39.285+00;1;unit;12.11
2e1e1e9c-578c-4725-a494-b94481019af7;product;16fdefab-cd88-47d5-b0c6-35b9df2300eb;;;delvers-dirigible-mount;Delver’s Dirigible Mount;War Within;Delves;4.94;USD;2026-01-07 17:59:03.902+00;1;unit;4.94
5cde45a2-80f1-46ab-a602-748aa5ee4179;option;1b411836-2748-44fb-af65-c8600385b4c5;eb22255b-769f-4f40-a6c7-9a147c557126;EU;mythic-dimensius;Mythic Dimensius  - Region;War Within;Raids;0;USD;2026-01-07 18:13:27.619+00;1;unit;0
09ff7fc0-718e-4ffd-97bb-769cdbf84612;option;4a47d637-ebb6-4913-b546-8061acff7ab4;91b3636a-ce15-4b3a-b2d6-b9931da498fb;3 Cards;escape-from-tarkov-bitcoin-farm-boost;Bitcoin Farm - Cards;Escape From Tarkov;Leveling;9;USD;2026-01-07 18:13:28.879+00;3;cards;3
d987bed3-3458-4681-a204-283d8aae24a9;product;2ef5bde2-77cb-4541-9895-3290a352ca35;;;glory-of-the-pandaria-hero-boost-3291;Glory of the Pandaria Hero Boost;War Within;Achievements;13.47;USD;2026-01-07 18:13:36.028+00;1;unit;13.47
eb3b17db-2940-437a-994d-635b4c27d22c;option;3b01367d-c749-4e22-b42f-b8f65a853a47;5b471138-7bb3-4374-bcd2-3cc62e9a1955;NA;oc91-chariot-mount;OC91 Chariot Mount  - Region;War Within;Delves;0;USD;2026-01-07 18:13:36.458+00;1;unit;0
e9339b25-0984-4c81-aab8-fdd7834db171;option;ad78315b-111b-4627-8d53-f8e3a28b4966;e739cd34-1d79-47e8-af23-450e9106d6e0;EU;glory-of-the-icecrown-raider-25-boost;Glory of the Icecrown Raider 25 Boost - Region;War Within;Achievements;0;USD;2026-01-07 18:13:36.896+00;1;unit;0
2810e499-ee01-4f63-82cc-d173b8d23e74;option;20eb0c59-9bda-4990-a73e-3d7278adfb2e;d45b9870-ddef-4b28-9d40-74f71aa7d383;Selfplay;throne-of-thunder;Throne of Thunder - Boost Mode;Mists of Pandaria;Raids;30;USD;2026-01-07 18:13:37.318+00;1;unit;30
133552b2-1829-4774-9275-9a7eef36c582;option;20eb0c59-9bda-4990-a73e-3d7278adfb2e;117c65fd-f409-4931-ba4c-1671087a8dd2;Full priority loot run;throne-of-thunder;Throne of Thunder - Loot Option;Mists of Pandaria;Raids;999;USD;2026-01-07 18:13:37.746+00;1;unit;999
30c5f8af-a53f-4e7f-940a-41b19c091d1b;option;893dfdf9-192b-4e74-85b1-446f23288a7f;b2720741-2ce7-4d63-872c-988c38b8f400;EU;glory-of-the-dazaralor-raider-boost;Glory of the Dazar’alor Raider Boost - Region;War Within;Achievements;0;USD;2026-01-07 18:13:38.172+00;1;unit;0
05db0b97-aa29-47bb-a4ae-a06006061951;option;aada2351-3a05-498e-b4a5-79f4686996f9;98355afa-589f-45fc-b89f-c94196889432;All 7 Challenges;soaring-spelltome;Soaring Spelltome - Challenges;War Within;Legacy Content;31.49;USD;2026-01-07 18:13:38.582+00;7;challenges;4.498571428571428
2718ed00-050e-4c34-b8b4-c8825c48685b;option;766242ab-5167-4079-aa7b-46a5a5f45790;f006566d-8803-46ea-86cf-c74f4b8e5b04;Pilot;vandals-gearglider;Vandal's Gearglider - Boost Method;War Within;Mounts;0;USD;2026-01-07 18:13:38.99+00;1;unit;0
d9ae3695-72fe-4538-abc8-0b4ebe65e89b;option;1b411836-2748-44fb-af65-c8600385b4c5;eb22255b-769f-4f40-a6c7-9a147c557126;NA;mythic-dimensius;Mythic Dimensius  - Region;War Within;Raids;17.14;USD;2026-01-07 18:13:27.659+00;1;unit;17.14
f45e11d1-8ebb-4614-8805-71ac2dc41040;option;4a47d637-ebb6-4913-b546-8061acff7ab4;91b3636a-ce15-4b3a-b2d6-b9931da498fb;4 Cards;escape-from-tarkov-bitcoin-farm-boost;Bitcoin Farm - Cards;Escape From Tarkov;Leveling;12;USD;2026-01-07 18:13:28.92+00;4;cards;3
b8d24dd0-1db6-4b78-8cd4-4ae5c65df366;option;16fdefab-cd88-47d5-b0c6-35b9df2300eb;3f749dbf-4472-4c0c-9f81-b2f0f5d75579;Pilot;delvers-dirigible-mount;Delver’s Dirigible Mount - Boost Mode;War Within;Delves;0;USD;2026-01-07 18:13:29.338+00;1;unit;0
d68a81e9-29bf-4065-b3cb-f668ea05a3fe;option;f317f870-e9fe-42ed-bf99-3e344e1e15cc;e267f747-48a4-4355-97b0-822728850c87;Selfplay;glory-of-the-draenor-hero-boost;Glory of the Draenor Hero Boost - Boost Mode;War Within;Achievements;0;USD;2026-01-07 18:13:37.017+00;1;unit;0
c9ac2861-ddfc-4910-a2e6-2e6bac54297e;option;20eb0c59-9bda-4990-a73e-3d7278adfb2e;af0a05be-d6e4-4f6c-a583-4a5ecff3e336;NA;throne-of-thunder;Throne of Thunder - Region;Mists of Pandaria;Raids;30;USD;2026-01-07 18:13:37.456+00;1;unit;30
a759f0b5-51de-4ae4-b644-e465339992bc;option;b2042581-ae8b-4414-8870-f279824ee51e;ac77d434-30e3-4082-9e71-a4a8a011a4db;Remote;voidfire-deathcycle-mount;Voidfire Deathcycle Mount - Boost Method;War Within;Mounts;25.5;USD;2026-01-07 18:13:37.878+00;1;unit;25.5
77687a5a-0da8-41da-ac80-63e3a7651e5b;option;5640330b-402f-408e-b192-a1d3c287532e;0473dd63-73be-4ca4-b803-ab1e129ffe51;Pilot;void-scarred-pack-mother;Void-Scarred Pack Mother - Boost Method;War Within;Mounts;0;USD;2026-01-07 18:13:38.297+00;1;unit;0
cb1007ca-b27f-4d36-8902-51f3d6aa20cb;option;aada2351-3a05-498e-b4a5-79f4686996f9;e3d832d8-a6ed-4731-9987-3cd22fa1a04c;Closing the Eye;soaring-spelltome;Soaring Spelltome - Specific Challenges;War Within;Legacy Content;6.46;USD;2026-01-07 18:13:38.698+00;1;unit;6.46
25cad5f4-0859-4cce-8571-64ede3fb81ab;option;766242ab-5167-4079-aa7b-46a5a5f45790;737f906c-dedb-4a24-9bac-530e13078a6c;NA;vandals-gearglider;Vandal's Gearglider - Region;War Within;Mounts;0;USD;2026-01-07 18:13:39.108+00;1;unit;0
31090702-1819-4837-a9d6-9ee3fb067b6c;option;1b411836-2748-44fb-af65-c8600385b4c5;5df577cc-8d2f-43df-9598-8ebc944e5b39;Add Nexus-King Saladahaar Mythic;mythic-dimensius;Mythic Dimensius  - Extra options;War Within;Raids;67.89;USD;2026-01-07 18:13:27.707+00;1;unit;67.89
e1880799-3b22-4686-bd35-e20f757ea7bb;option;4a47d637-ebb6-4913-b546-8061acff7ab4;91b3636a-ce15-4b3a-b2d6-b9931da498fb;5 Cards;escape-from-tarkov-bitcoin-farm-boost;Bitcoin Farm - Cards;Escape From Tarkov;Leveling;15;USD;2026-01-07 18:13:28.965+00;5;cards;3
dc6465ba-c2e1-4694-94d1-58dcf8f5ac7c;option;16fdefab-cd88-47d5-b0c6-35b9df2300eb;3f749dbf-4472-4c0c-9f81-b2f0f5d75579;Selfplay;delvers-dirigible-mount;Delver’s Dirigible Mount - Boost Mode;War Within;Delves;12.11;USD;2026-01-07 18:13:29.382+00;1;unit;12.11
609ed11a-e4ca-4dd5-b900-aa6d1bd63f3d;option;20eb0c59-9bda-4990-a73e-3d7278adfb2e;baa104d9-2715-49ff-9790-58d1648ff84c;Heroic 12/13;throne-of-thunder;Throne of Thunder - Difficulty;Mists of Pandaria;Raids;350;USD;2026-01-07 18:13:37.535+00;12;unit;29.166666666666668
1eab21a5-7b37-437e-9b66-6570d07f669a;option;b2042581-ae8b-4414-8870-f279824ee51e;6a4d300e-68ef-49b8-a623-dac12e083bb1;NA;voidfire-deathcycle-mount;Voidfire Deathcycle Mount - Region;War Within;Mounts;0;USD;2026-01-07 18:13:37.958+00;1;unit;0
721e845b-e573-47c5-a899-51120101c372;option;5640330b-402f-408e-b192-a1d3c287532e;d796fa5a-4069-4aa9-a91d-23c9b31f70f6;EU;void-scarred-pack-mother;Void-Scarred Pack Mother - Region;War Within;Mounts;0;USD;2026-01-07 18:13:38.381+00;1;unit;0
e1ebe7f9-7ae3-4456-b1ff-b146cfb7f7c8;option;aada2351-3a05-498e-b4a5-79f4686996f9;e3d832d8-a6ed-4731-9987-3cd22fa1a04c;Feltotem's Threat;soaring-spelltome;Soaring Spelltome - Specific Challenges;War Within;Legacy Content;6.46;USD;2026-01-07 18:13:38.794+00;1;unit;6.46
55ba9b4f-6738-4048-81b2-def9c74e392b;option;e6400ff2-a75f-4faf-9e19-04ba53b08ef6;1f38a641-965b-4cf0-a480-780d5afe7d5a;Selfplay;glory-of-the-shadowlands-hero-boost;Glory of the Shadowlands Hero Boost - Boost Mode;War Within;Achievements;0;USD;2026-01-07 18:13:39.186+00;1;unit;0
fdbccd52-a29b-4654-8427-3af3467699e5;option;1b411836-2748-44fb-af65-c8600385b4c5;5e2586df-c037-447f-af97-54acc13767f8;Selfplay;mythic-dimensius;Mythic Dimensius  - Boost Method;War Within;Raids;0;USD;2026-01-07 18:13:27.746+00;1;unit;0
50509d5c-605d-4ddb-bace-838c3f23c32d;option;c2968b4f-5210-4a42-bc48-cfdde59e9b17;c0599b27-ce36-46e9-ae0a-9c8398b492a2;Pilot;celestial-riding-tiger;Celestial Riding Tiger - Region;Mists of Pandaria;Mounts;0;USD;2026-01-07 18:13:28.584+00;1;unit;0
ff4a87f9-f290-446a-aa8e-aa73be5e4fbb;option;4a47d637-ebb6-4913-b546-8061acff7ab4;91b3636a-ce15-4b3a-b2d6-b9931da498fb;6 Cards;escape-from-tarkov-bitcoin-farm-boost;Bitcoin Farm - Cards;Escape From Tarkov;Leveling;18;USD;2026-01-07 18:13:29.014+00;6;cards;3
0fd3a83d-152c-43bb-9376-1bd1ed542002;option;1b411836-2748-44fb-af65-c8600385b4c5;5e2586df-c037-447f-af97-54acc13767f8;Pilot;mythic-dimensius;Mythic Dimensius  - Boost Method;War Within;Raids;0;USD;2026-01-07 18:13:27.785+00;1;unit;0
1a9bac2a-da63-4517-9df4-1b9f52f2c7c2;option;c2968b4f-5210-4a42-bc48-cfdde59e9b17;c0599b27-ce36-46e9-ae0a-9c8398b492a2;Remote;celestial-riding-tiger;Celestial Riding Tiger - Region;Mists of Pandaria;Mounts;15;USD;2026-01-07 18:13:28.64+00;1;unit;15
cfe194e0-f892-4428-b9ea-69c0cf39c83a;option;4a47d637-ebb6-4913-b546-8061acff7ab4;91b3636a-ce15-4b3a-b2d6-b9931da498fb;7 Cards;escape-from-tarkov-bitcoin-farm-boost;Bitcoin Farm - Cards;Escape From Tarkov;Leveling;21;USD;2026-01-07 18:13:29.054+00;7;cards;3
ca4a0d9c-3280-4e54-b3f3-9e9149e9acb6;option;c2968b4f-5210-4a42-bc48-cfdde59e9b17;907e5056-8074-4f59-ae3b-297468f782e8;EU;celestial-riding-tiger;Celestial Riding Tiger - Region;Mists of Pandaria;Mounts;0;USD;2026-01-07 18:13:28.681+00;1;unit;0
4c945b86-551e-4ebc-9151-c76964bba993;option;4a47d637-ebb6-4913-b546-8061acff7ab4;91b3636a-ce15-4b3a-b2d6-b9931da498fb;8 Cards;escape-from-tarkov-bitcoin-farm-boost;Bitcoin Farm - Cards;Escape From Tarkov;Leveling;24;USD;2026-01-07 18:13:29.094+00;8;cards;3
81658f47-2d49-4de0-a9af-1208130ee1aa;product;b3a012e1-1147-4cbc-843a-311a43375f22;;;the-shatar;The Sha'tar;WoW: TBC;Reputations;0;USD;2026-01-07 18:11:34.883+00;1;unit;0
c116e8b5-7777-45a9-92ef-fa1e58858be6;product;6197544b-5e8f-4c1a-ac65-9ea40c3f3a39;;;the-arena-master-achievement;The Arena Master Achievement;Mists of Pandaria;Achievements;1039.96;USD;2026-01-07 18:12:00.314+00;1;unit;1039.96
8d2aebb6-4470-4b21-a9e7-33421c6e4679;product;c44e51a6-6928-4e15-9740-8ddf01790e56;;;eft-prapor-quests-boost;Prapor Quests ;Escape From Tarkov;Quests;1.99;USD;2026-01-07 18:11:25.4+00;1;unit;1.99
fca1ed39-e68e-4864-9e39-8ddfb8fa446d;product;c65d6eea-d110-44ef-bd5a-ce88b9b6da89;;;acidic-void-creeper;Acidic Void Creeper;War Within;Mounts;7.65;USD;2026-01-07 18:11:38.816+00;1;unit;7.65
ad838164-01d3-448c-8af5-b132184e61cc;product;e27aa70f-b220-4727-a440-28721d60c0b4;;;terror-of-the-wastes;Terror of the Wastes;War Within;Mounts;50.15;USD;2026-01-07 18:11:41.929+00;1;unit;50.15
fab79f66-5f67-47d8-8355-ae303cf36f60;product;b89b1a3b-5679-4cc2-8ff4-372b5666ecba;;;druid-builds;Druid Builds;Diablo IV;Builds;0;USD;2026-01-07 18:11:56.236+00;1;unit;0
9c6bbe55-910c-4c07-8ffe-2653933c8b1e;product;4ce9d86c-8ab6-45f3-9de2-f58801d6e938;;;reins-of-the-heavenly-golden-cloud-serpent;Reins of the Heavenly Golden Cloud Serpent;Mists of Pandaria;Mounts;111.72;USD;2026-01-07 18:11:28.463+00;1;unit;111.72
ef1b0c93-e1ac-4dce-b073-49494f1b363b;product;646cb4f6-404c-47e9-b2e5-36b9d5bd4eed;;;poe-2-ascension-trials-boost;Ascension Trials Boost;Path of Exile 2;Leveling;1.99;USD;2026-01-07 18:11:53.393+00;1;unit;1.99
9830a108-3516-4a86-9879-63fe732e439f;product;3fa30cd5-d960-4897-ac45-b53c6e988e9c;;;void-scarred-gryphon-1227;Void-Scarred Gryphon;War Within;Mounts;5.09;USD;2026-01-07 18:11:54.039+00;1;unit;5.09
9d7234e2-7979-4867-9ce7-b82a4904dd33;product;e131fa68-934a-45cf-bc3a-e5f0abcabe8a;;;taiga-roan-steed;Taiga Roan Steed;Diablo IV;Mounts;0;USD;2026-01-07 18:11:59.975+00;1;unit;0
a7ebfee4-6c46-419d-8845-6798f101c8c6;option;e7f01c5e-6dc3-45e7-b07c-7b098ca4078d;7dd5b51a-0799-4b78-ae9c-29abb8e92a03;Unlock ?? challenge tier;delvers-mana-skimmer-schematic-hyperdrive;Delver’s Mana-Skimmer Schematic: Hyperdrive - Extra Options;War Within;Delves;18.09;USD;2026-01-07 18:31:23.467+00;1;unit;18.09
e8ad7ca3-a1fa-4738-9f9d-c5d6bf067ee9;product;f011818c-6aff-4fbd-9b03-33afe3546522;;;wow-tbc-fresh-gear-boost;Preraid Gear;WoW: TBC;Gearing;1;USD;2026-01-07 18:11:35.3+00;1;unit;1
a2fcc7aa-2905-4a7b-a4f2-a4a7013a59f5;product;8a94bd07-aa9c-42b8-844b-5fdd3a32c33d;;;flesh-weld-rod;Flesh-weld Rod;Diablo IV;Cosmetics;0;USD;2026-01-07 18:11:35.971+00;1;unit;0
c01f2db9-54ea-40b6-9e75-bf2eb9f85fbb;product;06415beb-fc6b-41b8-a3ee-89d5d2eeb991;;;lower-city;Lower City;WoW: TBC;Reputations;0;USD;2026-01-07 18:11:43.913+00;1;unit;0
d7840dff-453f-4ec9-93c1-f5d9ffe7e86a;product;6bb0517f-b301-4f70-bd4f-568cd3781277;;;cavaliers-steed;Cavalier's Steed;Diablo IV;Mounts;0;USD;2026-01-07 18:11:52.491+00;1;unit;0
d37a0c52-c3d4-48fe-b679-bf4f98d81c9e;product;8af46009-2884-407d-8943-17ae1e2ea2e3;;;the-violet-eye;The Violet Eye;WoW: TBC;Reputations;0;USD;2026-01-07 18:11:56.904+00;1;unit;0
cea0f28b-3f88-4bda-b7cd-92e0eb4ae7e8;option;c44e51a6-6928-4e15-9740-8ddf01790e56;6cad1645-e73e-4473-ba0d-114f7d8b0381;Green Corridor;eft-prapor-quests-boost;Prapor Quests  - Shooting Cans;Escape From Tarkov;Quests;10;USD;2026-01-07 18:31:21.26+00;1;unit;10
b9936308-7efe-4314-a5ff-7a343baa67d1;option;c44e51a6-6928-4e15-9740-8ddf01790e56;6cad1645-e73e-4473-ba0d-114f7d8b0381;Viewer (;eft-prapor-quests-boost;Prapor Quests  - Shooting Cans;Escape From Tarkov;Quests;17;USD;2026-01-07 18:31:21.304+00;1;unit;17
641cd243-f747-40ad-9eb2-efd3b6e8ec19;option;c44e51a6-6928-4e15-9740-8ddf01790e56;18335bbe-aea3-4031-a8da-8426560bb236;Easy Job Part 1;eft-prapor-quests-boost;Prapor Quests  - Easy Job ;Escape From Tarkov;Quests;15;USD;2026-01-07 18:31:21.353+00;1;unit;15
16dcee9d-9d95-4be5-b9aa-853f1286316f;option;c44e51a6-6928-4e15-9740-8ddf01790e56;5dd276fa-6f5e-4791-ae6b-2b72166f2b7e;Test Drive Part 2 ;eft-prapor-quests-boost;Prapor Quests  - Test Drive ;Escape From Tarkov;Quests;85;USD;2026-01-07 18:31:21.769+00;2;unit;42.5
aabf3e4f-242d-4408-9063-97bf1b4acca0;option;44d20b45-3c0a-4ead-8883-11865b42cb80;e1bfa259-182c-4a30-a1cf-c6ef2364f3c2;Pilot;clutch-of-ji-kun;Clutch of Ji-Kun - Boost Mode;Mists of Pandaria;Mounts;0;USD;2026-01-07 18:31:35.575+00;1;unit;0
abeb7fa7-0634-4fc1-bf84-e417756d60c9;option;e1d90154-c93d-48b1-9a90-817bd82de73c;bff1b4ef-9d27-47ef-aeff-d99b194d25ac;Rush Challenge 4 ;battlefield-6-challenges-assignments-completion-boost;Battlefield 6 Challenges & Assignments Completion Boost  - Assignments ( Unit );Battlefield 6;Leveling;37;USD;2026-01-07 18:32:17.809+00;4;unit;9.25
7ccd1bef-8d04-4b98-ad88-ee1dfdf8ab0c;option;f7f969eb-23c0-4e7f-8b66-560ff336cb31;8fc11e94-77ba-4c70-b788-311df6556d86;Seasonal;heir-of-perdition;Heir of Perdition - Select World - Softcore;Diablo IV;Items;0;USD;2026-01-07 18:32:32.376+00;1;unit;0
d80b2b41-e896-47f6-b850-1def2e4ffe60;product;33e3b5a1-e6f1-4c9e-b314-470b18a4f0ee;;;the-scryers;The Scryers;WoW: TBC;Reputations;0;USD;2026-01-07 18:12:04.217+00;1;unit;0
ce3b9b34-927d-4974-8f92-b0e561486650;product;e117e236-a2f2-4f4d-9a58-728c68477982;;;tier-25-set;Tier 2.5 Set;20th Anniversary WoW;Gear;384.52;USD;2026-01-07 18:12:07.216+00;1;unit;384.52
8d1913cf-9413-495b-acbf-55c1900cf03d;product;78dbfe04-41ff-4c00-a3c3-732c3bcaa4b6;;;thunderfury;Thunderfury;20th Anniversary WoW;Gear;0.95;USD;2026-01-07 18:12:08.101+00;1;unit;0.95
8e7bf4d3-f12f-4904-8511-0b514584b5b3;product;601e7f90-15ba-4fa0-842b-64615e995892;;;thorium-brotherhood-reputation;Thorium Brotherhood Reputation;20th Anniversary WoW;Reputations;0;USD;2026-01-07 18:12:15.428+00;1;unit;0
e25347f4-edc8-4e18-a583-cca42de7d00f;product;ff4634b3-edf4-4d17-8207-d39816b323b2;;;tier-3-set;Tier 3 Set;20th Anniversary WoW;Gear;1279.04;USD;2026-01-07 18:12:18.863+00;1;unit;1279.04
ebf7080a-0cf6-4b4e-a257-aaaabe94bd5b;product;28e7cc58-0b6d-474e-9d8f-e115d537fe32;;;glory-of-the-dragonflight-hero-boost;Glory of the Dragonflight Hero Boost;War Within;Achievements;47.12;USD;2026-01-07 18:12:26.641+00;1;unit;47.12
c0939aea-0965-41fb-a2c7-1e1123001989;product;e1d90154-c93d-48b1-9a90-817bd82de73c;;;battlefield-6-challenges-assignments-completion-boost;Battlefield 6 Challenges & Assignments Completion Boost ;Battlefield 6;Leveling;0;USD;2026-01-07 18:12:28.75+00;1;unit;0
ffe4c208-8648-49e8-a81d-4e512c750bdc;product;6cc3e0b2-d6f6-44c7-a33c-3bdf8b343e02;;;campaign;Campaign;Diablo IV;Leveling;13.2;USD;2026-01-07 18:12:34.907+00;1;unit;13.2
7588f12e-c437-496c-aa32-19068e98bd12;product;c74b349f-5e3d-4322-8e70-db22dfb7a98c;;;executioners-steed;Executioner's Steed;Diablo IV;Mounts;0;USD;2026-01-07 18:12:38.79+00;1;unit;0
77ec59bb-008d-4a0d-9b7f-e08b7c527c78;product;0a80a4c7-d5d0-4fea-8b7e-aeca3b977971;;;bloody-liquid-steed;Bloody Liquid Steed;Diablo IV;Mounts;0;USD;2026-01-07 18:12:44.373+00;1;unit;0
d36f73cd-757d-4308-8f65-d597b245e31f;product;30b9079b-4d9f-425c-9842-de2f76052bb4;;;barbarian-builds;Barbarian Builds;Diablo IV;Builds;0;USD;2026-01-07 18:12:53.077+00;1;unit;0
84275156-fee6-40c0-8620-0753196891f7;option;c44e51a6-6928-4e15-9740-8ddf01790e56;ada32142-389e-43e4-9627-45e7a7c8e643;The Punisher Part 3 ;eft-prapor-quests-boost;Prapor Quests  - The Punisher ;Escape From Tarkov;Quests;17;USD;2026-01-07 18:31:22.176+00;3;unit;5.666666666666667
7ed08a8a-9be8-4b52-bfad-35042e5cd93c;option;5b7a773f-10ee-4feb-8abb-56ee74a646f9;cf6d12fc-43e0-4ed4-97ff-06a4ab0b6cde;Selfplay;challenge-mode-gold-pack;Challenge Mode Gold Pack - Boost Mode;Mists of Pandaria;Challenge Mode;0;USD;2026-01-07 18:31:22.584+00;1;unit;0
753f03b3-1cd1-468d-bb63-ed92d515fb64;option;e7f01c5e-6dc3-45e7-b07c-7b098ca4078d;909a9789-7288-4c92-adb9-9c6752018484;NA;delvers-mana-skimmer-schematic-hyperdrive;Delver’s Mana-Skimmer Schematic: Hyperdrive - Region;War Within;Delves;0;USD;2026-01-07 18:31:23.412+00;1;unit;0
3bef4a01-eac1-4ca9-b708-0d3a60fdd74c;option;b3a012e1-1147-4cbc-843a-311a43375f22;a8e70753-446f-4d5b-b06f-22f1461cefc7;Neutral - Friendly;the-shatar;The Sha'tar - Select Desired Reputation Level;WoW: TBC;Reputations;15;USD;2026-01-07 18:31:23.799+00;1;unit;15
ac834948-e833-4ba9-b5ff-084dddd20e6c;product;d5e41e52-267d-4a5f-aa61-211a9eb7b06c;;;ophidian-iris;Ophidian Iris;Diablo IV;Items;5.72;USD;2026-01-07 18:12:02.507+00;1;unit;5.72
c3a8cce6-9d27-4c2c-a164-e7db2fa9199d;product;da557acb-1717-46f1-ab2e-674389ec3758;;;honor-hold;Honor Hold;WoW: TBC;Reputations;0;USD;2026-01-07 18:12:09.761+00;1;unit;0
705e858d-682c-4db5-a272-39b9aa0636f5;option;e1d90154-c93d-48b1-9a90-817bd82de73c;0ea5c975-bdba-450c-9920-2528959f7ab0;Small Modes Challenge 1;battlefield-6-challenges-assignments-completion-boost;Battlefield 6 Challenges & Assignments Completion Boost  - Assignments ( Initiation );Battlefield 6;Leveling;8;USD;2026-01-07 18:32:16.866+00;1;unit;8
8bfa3196-ebe8-4bd3-9d68-bb560aa92d81;option;e1d90154-c93d-48b1-9a90-817bd82de73c;bff1b4ef-9d27-47ef-aeff-d99b194d25ac;Headshot Expert Challenge 3 ;battlefield-6-challenges-assignments-completion-boost;Battlefield 6 Challenges & Assignments Completion Boost  - Assignments ( Unit );Battlefield 6;Leveling;70;USD;2026-01-07 18:32:19.581+00;3;unit;23.333333333333332
c38a7284-d50c-4108-9be3-cfc1dc2f867b;product;3c97b9ad-b8c8-4eda-80ec-ef44877d923f;;;buckskin-bay-steed;Buckskin Bay Steed;Diablo IV;Mounts;0;USD;2026-01-07 18:12:15.79+00;1;unit;0
ea1ffa9a-28b2-4c08-a399-48dbeb481f08;product;304d1194-987a-464c-8906-24e44831f0e1;;;kurenai;Kurenai;WoW: TBC;Reputations;0;USD;2026-01-07 18:12:46.651+00;1;unit;0
ac983c31-190e-4f7a-8360-a574704d02d3;option;96b9acc7-1af3-4add-a8e1-c5f8c87d0965;392f034b-e3cf-4b7f-b652-8745c80ca19a;Pilot;wow-xy-trustees-gearglider;WoW Xy Trustee's Gearglider - Boost Method;War Within;Mounts;0;USD;2026-01-07 18:31:19.569+00;1;unit;0
be80dd25-2bc3-4c8e-b610-521fda16fc14;option;96b9acc7-1af3-4add-a8e1-c5f8c87d0965;392f034b-e3cf-4b7f-b652-8745c80ca19a;Remote;wow-xy-trustees-gearglider;WoW Xy Trustee's Gearglider - Boost Method;War Within;Mounts;25.5;USD;2026-01-07 18:31:19.616+00;1;unit;25.5
9ff5d3e9-d82d-4c59-908c-4c9dcccae9fe;option;96b9acc7-1af3-4add-a8e1-c5f8c87d0965;739fa6b5-eec5-47a3-a59e-8114d1c03f37;EU;wow-xy-trustees-gearglider;WoW Xy Trustee's Gearglider - Region;War Within;Mounts;0;USD;2026-01-07 18:31:19.661+00;1;unit;0
f34432b9-6577-421e-8ac7-eca482826e99;option;96b9acc7-1af3-4add-a8e1-c5f8c87d0965;739fa6b5-eec5-47a3-a59e-8114d1c03f37;NA;wow-xy-trustees-gearglider;WoW Xy Trustee's Gearglider - Region;War Within;Mounts;0;USD;2026-01-07 18:31:19.703+00;1;unit;0
77e9b76e-d865-495f-924e-b3ad2377102c;option;c44e51a6-6928-4e15-9740-8ddf01790e56;de074cf9-8300-45c7-8960-d3d6474d09d7;PvP;eft-prapor-quests-boost;Prapor Quests  - Server;Escape From Tarkov;Quests;0;USD;2026-01-07 18:31:19.794+00;1;unit;0
0132e931-d67c-46af-ad15-f4e8b8e2cc88;option;b6b3e826-a628-4349-b8d3-e9212236d73d;8b23d111-1206-4d3c-8efe-0d9520a612ac;2/4 - Greater Affixes;gospel-of-the-devotee-9709;Gospel of the Devotee - Greater Affixes;Diablo IV;Items;17.6;USD;2026-01-07 18:32:34.659+00;2;unit;8.8
4fa03ebb-2870-4abe-8c42-ca21b41b2a72;product;ee6875e6-de41-425c-b899-8b19ba9019b6;;;venture-co-reputation-boost;Venture Co. Reputation Boost;War Within;Reputations;0.81;USD;2026-01-07 18:12:07.813+00;1;unit;0.81
6957c915-d9c1-4b64-8964-e49db4e1ac70;product;b9e72666-f385-422c-b1c9-44d4ea84f633;;;pearlescent-krolusk;Pearlescent Krolusk;War Within;Mounts;84.15;USD;2026-01-07 18:12:09.515+00;1;unit;84.15
ab9996f1-2523-45dd-ac40-78525656c288;product;625d437c-a421-427d-95fd-d016707b6f1a;;;hydraxian-waterlords-reputation;Hydraxian Waterlords Reputation;20th Anniversary WoW;Reputations;0;USD;2026-01-07 18:12:12.209+00;1;unit;0
edd60854-489e-4a92-aa98-902401a91e47;product;5095f11f-8528-4b84-b3d1-f5393e66f7d8;;;delvers-mana-skimmer-mount;Delver’s Mana-Skimmer Mount;War Within;Delves;4.94;USD;2026-01-07 18:12:13.04+00;1;unit;4.94
f4e92895-3bed-423e-a495-924ef2f16a40;product;b0d61777-45cd-4eae-90c7-bf70b4c04278;;;diadem-of-the-ancient;Diadem of the Ancient;Diablo IV;Cosmetics;0;USD;2026-01-07 18:12:14.77+00;1;unit;0
d4480b06-f53b-454d-981b-8a19e8b89340;product;5ad040b5-69fc-4fbd-923f-6a2bfb0cd6e2;;;brimstone-mount;Brimstone Mount;Diablo IV;Mounts;0;USD;2026-01-07 18:12:16.867+00;1;unit;0
bb60237d-5183-4781-bfff-e40c04d51f19;product;2632b6f8-a8fb-4232-87fa-c5a44372d150;;;elite-pvp-set;Elite PvP Set;Mists of Pandaria;PvP;239.96;USD;2026-01-07 18:12:18.617+00;1;unit;239.96
f52eebb2-c9b5-4b4d-ad99-ad3aba5af449;product;b6b3e826-a628-4349-b8d3-e9212236d73d;;;gospel-of-the-devotee-9709;Gospel of the Devotee;Diablo IV;Items;5.72;USD;2026-01-07 18:12:48.256+00;1;unit;5.72
cdabef47-d221-4aad-83e0-304f0ad60fa2;product;7cecef17-56b7-46fc-a318-443e53a6804b;;;korkron-juggernaut;Kor'kron Juggernaut ;Mists of Pandaria;Mounts;602.76;USD;2026-01-07 18:12:54.673+00;1;unit;602.76
9850a77a-51c3-404a-812c-cf386259fdf5;product;96b9acc7-1af3-4add-a8e1-c5f8c87d0965;;;wow-xy-trustees-gearglider;WoW Xy Trustee's Gearglider;War Within;Mounts;24.65;USD;2026-01-07 14:01:04.135+00;1;unit;24.6500000000000000
11707275-56fc-4789-b5e8-eccd911ac167;option;c44e51a6-6928-4e15-9740-8ddf01790e56;de074cf9-8300-45c7-8960-d3d6474d09d7;PvE;eft-prapor-quests-boost;Prapor Quests  - Server;Escape From Tarkov;Quests;0;USD;2026-01-07 18:31:19.839+00;1;unit;0
9dc2eaff-8cec-41ef-ab9d-bafce4fed460;option;c44e51a6-6928-4e15-9740-8ddf01790e56;04acdccd-cc63-4d57-810b-6bf0714349d5;Pilot;eft-prapor-quests-boost;Prapor Quests  - Boost Method;Escape From Tarkov;Quests;0;USD;2026-01-07 18:31:19.881+00;1;unit;0
f20656e5-83ec-4cd3-89da-017baeeb8a0b;option;c44e51a6-6928-4e15-9740-8ddf01790e56;04acdccd-cc63-4d57-810b-6bf0714349d5;Selfplay;eft-prapor-quests-boost;Prapor Quests  - Boost Method;Escape From Tarkov;Quests;30;USD;2026-01-07 18:31:19.928+00;1;unit;30
7ed63c37-1505-426b-b2d0-06ac03ebd12d;option;c44e51a6-6928-4e15-9740-8ddf01790e56;6cad1645-e73e-4473-ba0d-114f7d8b0381;Shooting Cans;eft-prapor-quests-boost;Prapor Quests  - Shooting Cans;Escape From Tarkov;Quests;7;USD;2026-01-07 18:31:19.97+00;1;unit;7
923071db-29f3-4437-a363-da0513a9fcb0;option;c44e51a6-6928-4e15-9740-8ddf01790e56;6cad1645-e73e-4473-ba0d-114f7d8b0381;Debut;eft-prapor-quests-boost;Prapor Quests  - Shooting Cans;Escape From Tarkov;Quests;7;USD;2026-01-07 18:31:20.015+00;1;unit;7
d6008680-9223-462b-87bd-17ee8f800ed7;option;c44e51a6-6928-4e15-9740-8ddf01790e56;6cad1645-e73e-4473-ba0d-114f7d8b0381;Luxurious Life;eft-prapor-quests-boost;Prapor Quests  - Shooting Cans;Escape From Tarkov;Quests;7;USD;2026-01-07 18:31:20.061+00;1;unit;7
ec244e38-a55b-44ec-af55-07fabfdd70ce;option;c44e51a6-6928-4e15-9740-8ddf01790e56;6cad1645-e73e-4473-ba0d-114f7d8b0381;Search Mission;eft-prapor-quests-boost;Prapor Quests  - Shooting Cans;Escape From Tarkov;Quests;7;USD;2026-01-07 18:31:20.104+00;1;unit;7
a7a9a32b-1e53-46f1-b737-e41745f70e88;option;c44e51a6-6928-4e15-9740-8ddf01790e56;6cad1645-e73e-4473-ba0d-114f7d8b0381;Background Check;eft-prapor-quests-boost;Prapor Quests  - Shooting Cans;Escape From Tarkov;Quests;7;USD;2026-01-07 18:31:20.149+00;1;unit;7
f2efb2b6-300a-482b-94ef-9ec57dd150b4;product;c06eb4ff-0604-43ed-8588-3cb080b5cb0c;;;warlock-epic-mount;Warlock Epic Mount;20th Anniversary WoW;Mounts;0.95;USD;2026-01-07 18:12:03.697+00;1;unit;0.95
73671d22-837a-467e-a70c-5b89990ea9ee;option;e1d90154-c93d-48b1-9a90-817bd82de73c;bff1b4ef-9d27-47ef-aeff-d99b194d25ac;Squad Deathmatch Challenge 3 ;battlefield-6-challenges-assignments-completion-boost;Battlefield 6 Challenges & Assignments Completion Boost  - Assignments ( Unit );Battlefield 6;Leveling;46;USD;2026-01-07 18:32:18.188+00;3;unit;15.333333333333334
cec272cb-7330-49fd-b7f0-f6e4b9391ed4;product;11c50335-e6b5-4704-b2bb-10663ec598a0;;;glory-of-the-aberrus-raider-boost;Glory of the Aberrus Raider Boost;War Within;Achievements;55.84;USD;2026-01-07 18:12:11.898+00;1;unit;55.84
fd3f1157-abd9-4892-a625-91c644f0ca34;product;e5e103b4-194e-43e6-9f7b-74001bdb9928;;;shroud-of-false-death;Shroud of False Death;Diablo IV;Items;35.2;USD;2026-01-07 18:12:13.686+00;1;unit;35.2
a3676e7f-1501-4251-804a-142ade6b076c;option;c44e51a6-6928-4e15-9740-8ddf01790e56;6cad1645-e73e-4473-ba0d-114f7d8b0381;Shootout Picnic;eft-prapor-quests-boost;Prapor Quests  - Shooting Cans;Escape From Tarkov;Quests;17;USD;2026-01-07 18:31:20.197+00;1;unit;17
1f1b8b0a-c1b5-425f-b5e1-325733f2b334;option;c44e51a6-6928-4e15-9740-8ddf01790e56;6cad1645-e73e-4473-ba0d-114f7d8b0381;Delivery from the Past;eft-prapor-quests-boost;Prapor Quests  - Shooting Cans;Escape From Tarkov;Quests;15;USD;2026-01-07 18:31:20.24+00;1;unit;15
c64a7578-fc97-4327-a1a7-6d3844265500;option;c44e51a6-6928-4e15-9740-8ddf01790e56;6cad1645-e73e-4473-ba0d-114f7d8b0381;BP Depot;eft-prapor-quests-boost;Prapor Quests  - Shooting Cans;Escape From Tarkov;Quests;9;USD;2026-01-07 18:31:20.285+00;1;unit;9
f5fe46a9-64db-4641-bfa6-3f9724dc01d6;option;c44e51a6-6928-4e15-9740-8ddf01790e56;6cad1645-e73e-4473-ba0d-114f7d8b0381;Bad Rep Evidence;eft-prapor-quests-boost;Prapor Quests  - Shooting Cans;Escape From Tarkov;Quests;9;USD;2026-01-07 18:31:20.327+00;1;unit;9
ad8473c3-75bc-44ab-ba57-44d12f67cec3;option;c44e51a6-6928-4e15-9740-8ddf01790e56;6cad1645-e73e-4473-ba0d-114f7d8b0381;Ice Cream Cones;eft-prapor-quests-boost;Prapor Quests  - Shooting Cans;Escape From Tarkov;Quests;17;USD;2026-01-07 18:31:20.371+00;1;unit;17
6073bd10-f816-4f32-a4d0-b0896765cce2;option;c44e51a6-6928-4e15-9740-8ddf01790e56;6cad1645-e73e-4473-ba0d-114f7d8b0381;No Place for Renegades;eft-prapor-quests-boost;Prapor Quests  - Shooting Cans;Escape From Tarkov;Quests;40;USD;2026-01-07 18:31:20.413+00;1;unit;40
94398d9e-2d4d-4d04-bff7-84c7fd62fca8;option;c44e51a6-6928-4e15-9740-8ddf01790e56;6cad1645-e73e-4473-ba0d-114f7d8b0381;Documents;eft-prapor-quests-boost;Prapor Quests  - Shooting Cans;Escape From Tarkov;Quests;12;USD;2026-01-07 18:31:20.454+00;1;unit;12
18066b94-a6f4-473b-872d-4e85806157f4;option;c44e51a6-6928-4e15-9740-8ddf01790e56;6cad1645-e73e-4473-ba0d-114f7d8b0381;Possessor;eft-prapor-quests-boost;Prapor Quests  - Shooting Cans;Escape From Tarkov;Quests;7;USD;2026-01-07 18:31:20.507+00;1;unit;7
16d44bb3-81f2-401f-a2fb-91ef29f1e875;option;e1d90154-c93d-48b1-9a90-817bd82de73c;bff1b4ef-9d27-47ef-aeff-d99b194d25ac;Escalation Challenge 3 ;battlefield-6-challenges-assignments-completion-boost;Battlefield 6 Challenges & Assignments Completion Boost  - Assignments ( Unit );Battlefield 6;Leveling;18;USD;2026-01-07 18:32:17.585+00;3;unit;6
58c1b29c-0200-4fc6-97aa-49751c3923c3;option;f7f969eb-23c0-4e7f-8b66-560ff336cb31;a5c78fce-2f28-43f4-8e5a-39b38b2f2112;PSN;heir-of-perdition;Heir of Perdition - Select Your Platform;Diablo IV;Items;0;USD;2026-01-07 18:32:32.274+00;1;unit;0
f366ae88-8af1-4c18-9f19-a46192eb177e;product;1590e3c0-c5d9-4cb5-8e67-42eb06a74f54;;;timbermaw-hold-reputation;Timbermaw Hold Reputation;20th Anniversary WoW;Reputations;0;USD;2026-01-07 18:12:16.487+00;1;unit;0
dd441ba9-1e01-43d1-97d9-632854edd64f;product;0ebcb560-f1dc-4ae6-ab70-cfd69f43b46f;;;caldeum-steed;Caldeum Steed;Diablo IV;Mounts;0;USD;2026-01-07 18:12:26.054+00;1;unit;0
e36ecea0-9a19-41e8-ae44-a994d46729c1;product;7d5f5faa-b632-4057-bb74-5c325ec1de07;;;reins-of-the-azure-water-strider;Reins of the Azure Water Strider;Mists of Pandaria;Mounts;42.2;USD;2026-01-07 18:12:37.6+00;1;unit;42.2
b0b62c0d-90fa-459d-8423-2419391cad18;product;0108fd90-cc34-4c84-b491-68d3b6b8d064;;;bilgewater-cartel-reputation;Bilgewater Cartel Reputation;War Within;Reputations;0.81;USD;2026-01-07 18:12:51.896+00;1;unit;0.81
3fdec4be-0846-4578-8977-32c170225b5d;product;65e3d3b1-46de-4c77-82da-4d5e04214cf7;;;the-august-celestials;The August Celestials;Mists of Pandaria;Reputations;0;USD;2026-01-07 18:12:55.146+00;1;unit;0
278f201e-4cb7-40d9-97e7-5b92c1e9461f;option;c44e51a6-6928-4e15-9740-8ddf01790e56;6cad1645-e73e-4473-ba0d-114f7d8b0381;Shaking up the Teller;eft-prapor-quests-boost;Prapor Quests  - Shooting Cans;Escape From Tarkov;Quests;9;USD;2026-01-07 18:31:20.557+00;1;unit;9
c393a04e-59a9-4e73-9745-f7c04858d895;option;c44e51a6-6928-4e15-9740-8ddf01790e56;6cad1645-e73e-4473-ba0d-114f7d8b0381;Anesthesia;eft-prapor-quests-boost;Prapor Quests  - Shooting Cans;Escape From Tarkov;Quests;17;USD;2026-01-07 18:31:20.613+00;1;unit;17
5b988c7c-5f00-40ec-8d57-3f7b8693e177;option;c44e51a6-6928-4e15-9740-8ddf01790e56;6cad1645-e73e-4473-ba0d-114f7d8b0381;Grenadier;eft-prapor-quests-boost;Prapor Quests  - Shooting Cans;Escape From Tarkov;Quests;39;USD;2026-01-07 18:31:20.658+00;1;unit;39
0868f641-3d78-473d-a7d2-d26d1ce2e002;option;c44e51a6-6928-4e15-9740-8ddf01790e56;6cad1645-e73e-4473-ba0d-114f7d8b0381;Polikhim Hobo;eft-prapor-quests-boost;Prapor Quests  - Shooting Cans;Escape From Tarkov;Quests;17;USD;2026-01-07 18:31:20.7+00;1;unit;17
6e5e247b-7a96-4c01-9e28-727a8bab19c5;option;c44e51a6-6928-4e15-9740-8ddf01790e56;6cad1645-e73e-4473-ba0d-114f7d8b0381;Regulated Materials;eft-prapor-quests-boost;Prapor Quests  - Shooting Cans;Escape From Tarkov;Quests;69;USD;2026-01-07 18:31:20.741+00;1;unit;69
e8206ed1-f84a-434a-9666-f2c347709186;option;c44e51a6-6928-4e15-9740-8ddf01790e56;6cad1645-e73e-4473-ba0d-114f7d8b0381;Big Customer;eft-prapor-quests-boost;Prapor Quests  - Shooting Cans;Escape From Tarkov;Quests;9;USD;2026-01-07 18:31:20.785+00;1;unit;9
386edd1a-b5af-4503-9479-ca761e2100f3;option;c44e51a6-6928-4e15-9740-8ddf01790e56;6cad1645-e73e-4473-ba0d-114f7d8b0381;No Offence;eft-prapor-quests-boost;Prapor Quests  - Shooting Cans;Escape From Tarkov;Quests;9;USD;2026-01-07 18:31:20.831+00;1;unit;9
5cad3692-13ba-4bdc-8ceb-9315739bb4d2;option;c44e51a6-6928-4e15-9740-8ddf01790e56;6cad1645-e73e-4473-ba0d-114f7d8b0381;Capturing Outposts;eft-prapor-quests-boost;Prapor Quests  - Shooting Cans;Escape From Tarkov;Quests;429;USD;2026-01-07 18:31:20.875+00;1;unit;429
d524d2eb-7c14-4bdd-a671-2e0f23146ae3;option;4fc7414f-477a-4395-a5ee-6909b4a1a977;cf38d309-8d5f-475f-ae75-f07426d22d98;Honored - Revered;arathi-basin-reputation;Arathi Basin Reputation - Select Desired Reputation Level;20th Anniversary WoW;Reputations;53.504;USD;2026-01-07 18:31:54.249+00;1;unit;53.504
82e72f37-c89a-43d6-bbca-fe07afcf95aa;product;2e71414d-d885-412d-8f8f-b72b3c8d3957;;;tier-2-set;Tier 2 Set;20th Anniversary WoW;Gear;668.76;USD;2026-01-07 18:12:14.265+00;1;unit;668.76
716055a6-ac10-467f-97ee-20b1d5c6e846;product;71f1a47a-ecc7-4576-8577-5556b5e8a86b;;;sthaarbss-last-lunch;Sthaarbs's Last Lunch ;War Within;Mounts;92.65;USD;2026-01-07 18:12:27.163+00;1;unit;92.65
81c4e463-aa0a-4a5f-9b64-b526dba16ff6;product;f4556954-c692-4bf3-b0ce-ea05b6e217b4;;;gear-boost;Gear Boost;Mists of Pandaria;Gear;0;USD;2026-01-07 18:12:40.793+00;1;unit;0
f3f549fe-0501-40b2-b326-05b170f24cde;product;0538bef4-3fd6-415a-814b-4a052ba7284c;;;the-tillers;The Tillers;Mists of Pandaria;Reputations;0;USD;2026-01-07 18:12:45.917+00;1;unit;0
4e6ed183-a269-42ff-9a3e-5ddb89a49717;option;c44e51a6-6928-4e15-9740-8ddf01790e56;6cad1645-e73e-4473-ba0d-114f7d8b0381;Intimidator;eft-prapor-quests-boost;Prapor Quests  - Shooting Cans;Escape From Tarkov;Quests;60;USD;2026-01-07 18:31:20.916+00;1;unit;60
ae76637e-a4ce-42a0-a120-a938c91581d5;option;c44e51a6-6928-4e15-9740-8ddf01790e56;6cad1645-e73e-4473-ba0d-114f7d8b0381;Escort;eft-prapor-quests-boost;Prapor Quests  - Shooting Cans;Escape From Tarkov;Quests;669;USD;2026-01-07 18:31:20.959+00;1;unit;669
f6a5dc71-b0ec-4878-9c03-7011c406d2d6;option;c44e51a6-6928-4e15-9740-8ddf01790e56;6cad1645-e73e-4473-ba0d-114f7d8b0381;Our Own Land;eft-prapor-quests-boost;Prapor Quests  - Shooting Cans;Escape From Tarkov;Quests;85;USD;2026-01-07 18:31:21.004+00;1;unit;85
7e9d49b0-d6dd-40cb-8468-bf297bbd81e2;option;c44e51a6-6928-4e15-9740-8ddf01790e56;6cad1645-e73e-4473-ba0d-114f7d8b0381;Reconnaissance;eft-prapor-quests-boost;Prapor Quests  - Shooting Cans;Escape From Tarkov;Quests;9;USD;2026-01-07 18:31:21.044+00;1;unit;9
7fb9d94a-d888-48ff-941b-1224cb9fcc9a;option;c44e51a6-6928-4e15-9740-8ddf01790e56;6cad1645-e73e-4473-ba0d-114f7d8b0381;You've got Mail;eft-prapor-quests-boost;Prapor Quests  - Shooting Cans;Escape From Tarkov;Quests;7;USD;2026-01-07 18:31:21.092+00;1;unit;7
7ab9e0f9-2a58-4d1b-992e-93855aa74dad;option;c44e51a6-6928-4e15-9740-8ddf01790e56;6cad1645-e73e-4473-ba0d-114f7d8b0381;Properties All Around;eft-prapor-quests-boost;Prapor Quests  - Shooting Cans;Escape From Tarkov;Quests;9;USD;2026-01-07 18:31:21.135+00;1;unit;9
a7f1c5f4-5f0a-4d10-bc65-ea9196ebb780;option;c44e51a6-6928-4e15-9740-8ddf01790e56;6cad1645-e73e-4473-ba0d-114f7d8b0381;Best Job in the World;eft-prapor-quests-boost;Prapor Quests  - Shooting Cans;Escape From Tarkov;Quests;45;USD;2026-01-07 18:31:21.177+00;1;unit;45
78cbca4f-d4a2-4e4c-840c-205b32145167;option;c44e51a6-6928-4e15-9740-8ddf01790e56;6cad1645-e73e-4473-ba0d-114f7d8b0381;Kings of the Rooftops;eft-prapor-quests-boost;Prapor Quests  - Shooting Cans;Escape From Tarkov;Quests;25;USD;2026-01-07 18:31:21.218+00;1;unit;25
ed20a7e2-8a05-4ac1-b54d-58e6b4a05c44;option;e1d90154-c93d-48b1-9a90-817bd82de73c;0ea5c975-bdba-450c-9920-2528959f7ab0;Vehicle Challenge 2;battlefield-6-challenges-assignments-completion-boost;Battlefield 6 Challenges & Assignments Completion Boost  - Assignments ( Initiation );Battlefield 6;Leveling;8;USD;2026-01-07 18:32:17.032+00;2;unit;4
08f49cf6-3d93-4062-b798-96c033906d8e;option;b6b3e826-a628-4349-b8d3-e9212236d73d;8b23d111-1206-4d3c-8efe-0d9520a612ac;1/4 - Greater Affixes;gospel-of-the-devotee-9709;Gospel of the Devotee - Greater Affixes;Diablo IV;Items;4.84;USD;2026-01-07 18:32:34.582+00;1;unit;4.84
7e208cd7-c4c4-47c8-b2f5-7cc40437d0e8;product;f8bb0ea7-9c25-4f3e-a179-a5f66e26a113;;;battlefield-6-weapon-unlock-boost;Battlefield 6 Weapon Unlock Boost ;Battlefield 6;Leveling;0;USD;2026-01-07 18:12:22.444+00;1;unit;0
cf8a5c14-603d-4854-949e-3c0e9e79c217;product;00a71e88-7632-4d78-b708-421317aafe14;;;mythic-unique-items;Mythic Unique Items;Diablo IV;Items;0;USD;2026-01-07 18:12:35.957+00;1;unit;0
e39129e3-cf2d-4e29-a9e8-24e0a0e94f7e;product;1f7c0235-c537-42b9-a396-c9ec9f7dfe56;;;glory-of-the-cataclysm-raider-boost;Glory of the Cataclysm Raider Boost;War Within;Achievements;10.63;USD;2026-01-07 18:12:37.009+00;1;unit;10.63
6de7dbee-c73b-44c9-a6b4-5d7e3f892c5c;product;a4cbd4fc-09ab-48a2-9b54-5d01b64b999f;;;immortal-spelunker;Immortal Spelunker;War Within;Delves;7.72;USD;2026-01-07 18:12:58.722+00;1;unit;7.72
f7b62f0b-197a-440b-af36-17f3602afa53;product;2c784d82-ea30-4860-b864-ebd32b90b9b6;;;the-cipher-of-damnation;The Cipher of Damnation;WoW: TBC;Attunements;141.9;USD;2026-01-07 18:12:59.685+00;1;unit;141.9
b8fa0893-192e-45b4-b606-737c54438f10;product;8faafe63-1b68-4165-a5af-82f0fcb5f9b8;;;orphan-maker;Orphan Maker;Diablo IV;Items;5.72;USD;2026-01-07 14:02:51.002+00;1;unit;5.7200000000000000
43c3f0f0-9a74-4d76-ba51-b7c14a9aaab5;option;c44e51a6-6928-4e15-9740-8ddf01790e56;5dd276fa-6f5e-4791-ae6b-2b72166f2b7e;Test Drive Part 3 ;eft-prapor-quests-boost;Prapor Quests  - Test Drive ;Escape From Tarkov;Quests;85;USD;2026-01-07 18:31:21.817+00;3;unit;28.333333333333332
c644e1e2-1ac7-436d-8e0a-7b7bfd232756;option;c44e51a6-6928-4e15-9740-8ddf01790e56;ada32142-389e-43e4-9627-45e7a7c8e643;The Punisher Part 4 ;eft-prapor-quests-boost;Prapor Quests  - The Punisher ;Escape From Tarkov;Quests;35;USD;2026-01-07 18:31:22.224+00;4;unit;8.75
63c881ef-1814-480d-8df1-cb3492df8a36;option;5b7a773f-10ee-4feb-8abb-56ee74a646f9;cf6d12fc-43e0-4ed4-97ff-06a4ab0b6cde;Remote;challenge-mode-gold-pack;Challenge Mode Gold Pack - Boost Mode;Mists of Pandaria;Challenge Mode;15;USD;2026-01-07 18:31:22.627+00;1;unit;15
e37ce22c-4886-4a64-9024-93aa58c25908;option;a6fe7303-6528-4b64-8eb7-d71e49dc41ff;db873a6f-9a76-482d-b294-350681d5f86d;Pilot;resplendent-karroc;Resplendent K'arroc - Boost Method;War Within;Mounts;0;USD;2026-01-07 18:31:23.065+00;1;unit;0
a98ac2ec-26bb-41a9-ace0-dea0eb336b7f;option;4ce5c5bd-e753-4347-b963-ae664d0bb4ea;49fa843e-af79-42fc-bcc2-7850f2c41836;Pilot;proving-grounds;Proving Grounds - Boost Mode;Mists of Pandaria;Challenge Mode;0;USD;2026-01-07 18:31:24.951+00;1;unit;0
ff1d7b08-7634-4556-8eb5-9f7786e037d5;option;2e200164-35dc-42df-a478-7714265fae76;84353940-d152-4dd3-8fdc-29f4f616c9c7;PC;diablo-4-divine-gifts-boost;Divine Gifts - Platform;Diablo IV;Season of Divine Intervention;0;USD;2026-01-07 18:31:25.738+00;1;unit;0
391d5ae6-81e8-4113-8cfb-58662017c403;option;2e200164-35dc-42df-a478-7714265fae76;f7bccea9-4d88-4a3b-aeaa-c4c8cdb8d9fa;Divine Grace;diablo-4-divine-gifts-boost;Divine Gifts - Divine Gifts;Diablo IV;Season of Divine Intervention;29;USD;2026-01-07 18:31:26.1+00;1;unit;29
bb7fc771-ccd0-4cdf-b966-f24441272386;option;4c970447-5caa-47d5-b1f5-3bdbb157c541;621eceb4-4b08-4717-a704-82c74d02764b;Swift Retribution;eft-btr-driver-quests-boost;BTR Driver Quests - Quests;Escape From Tarkov;Quests;12;USD;2026-01-07 18:31:26.461+00;1;unit;12
dd129c32-8b5a-4bec-a3b1-d7b30c43c1ba;option;c65d6eea-d110-44ef-bd5a-ce88b9b6da89;e50b5d05-ceed-4247-bd46-00e952658749;Pilot;acidic-void-creeper;Acidic Void Creeper - Boost Method;War Within;Mounts;0;USD;2026-01-07 18:31:27.224+00;1;unit;0
48938340-fa9e-45ee-8bb7-9d4a4353a0df;option;3cbd020e-22ab-414d-9cd2-7b73a1dc5e3b;3a4ecd9b-b173-4821-8325-949b105eb419;Bad Habit;eft-mechanic-quests-boost;Mechanic Quests - Other Quests;Escape From Tarkov;Quests;12;USD;2026-01-07 18:31:27.589+00;1;unit;12
dd533dc9-8218-47c9-a47e-8a90e7463799;option;3cbd020e-22ab-414d-9cd2-7b73a1dc5e3b;3a4ecd9b-b173-4821-8325-949b105eb419;Surplus Goods;eft-mechanic-quests-boost;Mechanic Quests - Other Quests;Escape From Tarkov;Quests;9;USD;2026-01-07 18:31:27.968+00;1;unit;9
7d0527f5-d4a0-4c28-8923-9cc04f7c146b;option;3cbd020e-22ab-414d-9cd2-7b73a1dc5e3b;3a4ecd9b-b173-4821-8325-949b105eb419;Calibration;eft-mechanic-quests-boost;Mechanic Quests - Other Quests;Escape From Tarkov;Quests;24;USD;2026-01-07 18:31:28.342+00;1;unit;24
0f8ee4b4-d02d-49a1-ae86-5b6af6d53587;option;3cbd020e-22ab-414d-9cd2-7b73a1dc5e3b;3a4ecd9b-b173-4821-8325-949b105eb419;Airmail;eft-mechanic-quests-boost;Mechanic Quests - Other Quests;Escape From Tarkov;Quests;29;USD;2026-01-07 18:31:28.722+00;1;unit;29
d53d32e9-8701-417d-bd5e-abcf74c9857c;option;3cbd020e-22ab-414d-9cd2-7b73a1dc5e3b;f06ed006-b826-4b93-beab-a05fa944db9f;Developer's Secrets Part 2;eft-mechanic-quests-boost;Mechanic Quests - Developer's Secrets;Escape From Tarkov;Quests;16;USD;2026-01-07 18:31:29.086+00;2;unit;8
c301c6c4-fa42-4b2c-801b-8ff9bd5b6d7a;option;3cbd020e-22ab-414d-9cd2-7b73a1dc5e3b;e92a6165-af13-4b27-b692-a2da2b4e4a44;Security;eft-mechanic-quests-boost;Mechanic Quests - Make Amends;Escape From Tarkov;Quests;24;USD;2026-01-07 18:31:29.445+00;1;unit;24
2563fe66-bfc3-4042-90e4-7916879e87ad;option;3cbd020e-22ab-414d-9cd2-7b73a1dc5e3b;d4704122-b712-478d-a5f9-92e54cee9e47;Signal Part 4;eft-mechanic-quests-boost;Mechanic Quests - Signal;Escape From Tarkov;Quests;9;USD;2026-01-07 18:31:29.801+00;4;unit;2.25
3a1a20cd-ef76-443e-a4fd-e5d5b4854f27;option;e27aa70f-b220-4727-a440-28721d60c0b4;3648cf7c-a8b0-4756-9a3a-4c6ffb162779;EU;terror-of-the-wastes;Terror of the Wastes - Region;War Within;Mounts;0;USD;2026-01-07 18:31:30.157+00;1;unit;0
a8651888-74ac-4720-b9fc-c623df29ded5;option;58004f5d-799a-43da-92d7-23994c13f4ff;f635f17a-bb74-41a7-8584-f52ca4b78f88;PvP;eft-ragman-quests-boost;Ragman Quests - Server;Escape From Tarkov;Quests;0;USD;2026-01-07 18:31:30.525+00;1;unit;0
8fddfb24-d9d2-4226-b82b-4518d303f3c4;option;58004f5d-799a-43da-92d7-23994c13f4ff;64c0d4a2-6997-45cd-89f4-e79785d17e3a;Charisma Brings Succes;eft-ragman-quests-boost;Ragman Quests - A Fuel Matter;Escape From Tarkov;Quests;99;USD;2026-01-07 18:31:30.897+00;1;unit;99
87112aec-c433-47ac-81b8-c20ab9815238;option;58004f5d-799a-43da-92d7-23994c13f4ff;64c0d4a2-6997-45cd-89f4-e79785d17e3a;Only Business;eft-ragman-quests-boost;Ragman Quests - A Fuel Matter;Escape From Tarkov;Quests;19;USD;2026-01-07 18:31:31.268+00;1;unit;19
419ed163-cb6c-4d32-8335-7d9e7a5f898e;option;58004f5d-799a-43da-92d7-23994c13f4ff;c2b59b8d-a32c-438f-b894-bf931e26207c;Living High is not A Crime Part 1;eft-ragman-quests-boost;Ragman Quests - Living High is not A Crime;Escape From Tarkov;Quests;19;USD;2026-01-07 18:31:31.627+00;1;unit;19
00bf0c35-bd26-4802-afaa-4f6533f1ecbb;option;06415beb-fc6b-41b8-a3ee-89d5d2eeb991;54e580f3-a2de-4d4d-9f26-aee34a1712c8;Remote;lower-city;Lower City - Boost Method;WoW: TBC;Reputations;30;USD;2026-01-07 18:31:31.991+00;1;unit;30
e9271f9c-e9ec-4e53-b1d7-cbf85f0a230d;option;4b7324c2-79f9-4502-aa15-e1528e75dae1;f2e643d0-5035-469f-9de3-5ea2c66feb75;PvE;eft-skier-quests-boost;Skier Quests  - Server;Escape From Tarkov;Quests;0;USD;2026-01-07 18:31:32.362+00;1;unit;0
e88e0eb5-0619-4132-b671-07bd2f2c83b3;option;4b7324c2-79f9-4502-aa15-e1528e75dae1;9ae81e9a-8ea0-4982-90b0-6c4fbfd28931;Pyramid Scheme;eft-skier-quests-boost;Skier Quests  - Other Quests;Escape From Tarkov;Quests;39;USD;2026-01-07 18:31:32.731+00;1;unit;39
d1ce5a58-0adb-4081-b8b9-3ec2de4c8175;option;4b7324c2-79f9-4502-aa15-e1528e75dae1;9ae81e9a-8ea0-4982-90b0-6c4fbfd28931;Exit Here;eft-skier-quests-boost;Skier Quests  - Other Quests;Escape From Tarkov;Quests;9;USD;2026-01-07 18:31:33.1+00;1;unit;9
703c2799-9c7d-4ecf-9c57-46d48eac4465;option;4b7324c2-79f9-4502-aa15-e1528e75dae1;9ae81e9a-8ea0-4982-90b0-6c4fbfd28931;Supplier;eft-skier-quests-boost;Skier Quests  - Other Quests;Escape From Tarkov;Quests;14;USD;2026-01-07 18:31:33.502+00;1;unit;14
9b8d37f9-a1a6-4cc2-908d-f00010ed3532;option;4b7324c2-79f9-4502-aa15-e1528e75dae1;4cc9b424-39e7-48ee-b345-04668f0ed72e;Chemical Part 2;eft-skier-quests-boost;Skier Quests  - Chemical;Escape From Tarkov;Quests;14;USD;2026-01-07 18:31:33.781+00;2;unit;7
c87fe7a5-014f-4e49-89a3-609289f31680;option;4b7324c2-79f9-4502-aa15-e1528e75dae1;2a2d9fb8-55bf-4188-a97d-7ba3ddc7e1d8;House Arrest Part 1;eft-skier-quests-boost;Skier Quests  - House Arrest;Escape From Tarkov;Quests;19;USD;2026-01-07 18:31:33.998+00;1;unit;19
1d2a0226-a74d-4b8a-862a-9c8074171607;option;c397ed21-b281-4fe8-b57c-e92ccaa2ffd2;4c6201b5-ffdd-4654-b60d-55e38614a7db;Pilot;ring-of-starless-skies;Ring of Starless Skies - Boost Mode;Diablo IV;Items;0;USD;2026-01-07 18:31:34.363+00;1;unit;0
b8a52f7c-ac32-4b1f-bc78-9a7e5533540a;option;0493df5e-a534-41c9-9d6e-45ef3c13b8a6;c4ecb564-7ae4-43f1-9270-2e05d3b39fd1;Remote;demonbinder-mount-armor;Demonbinder Mount Armor - Boost Mode;Diablo IV;Cosmetics;15;USD;2026-01-07 18:31:34.714+00;1;unit;15
6c84fa40-303a-46e6-823f-40979dfe43a0;option;4352b0bd-f585-484f-a07b-930a69c720a4;3633afae-073d-4d23-8f0b-985750cd40d2;EU;blue-barry;Blue Barry  - Region;War Within;Mounts;0;USD;2026-01-07 18:31:35.082+00;1;unit;0
eb4d97ec-bec6-4dfe-be8f-86c161197cdd;option;4a6f4fd7-ff05-453d-b904-113143c995be;d5866f1c-cd98-459b-a1b2-b24c969965a1;Pilot;ogrila;Ogri'la - Boost Method;WoW: TBC;Reputations;0;USD;2026-01-07 18:31:35.203+00;1;unit;0
28b8de60-dea6-4077-a533-22a480520a3e;option;4a6f4fd7-ff05-453d-b904-113143c995be;ae2f3d5c-7cf2-465b-a27c-c1c99c95c5ed;Honored - Revered;ogrila;Ogri'la - Desired Reputation Level;WoW: TBC;Reputations;39;USD;2026-01-07 18:31:35.451+00;1;unit;39
76b125b0-28b7-43a9-bc22-aeb7a665ddae;option;9090c2e2-8451-48a7-b9ef-60fe8eabb118;7de734e2-9cfa-4043-adcb-5c5c5d145a02;PvE;eft-therapist-quests-boost;Therapist Quests - Server;Escape From Tarkov;Quests;0;USD;2026-01-07 18:31:35.849+00;1;unit;0
74185350-ddd3-4933-a1fb-0e8bd24bb435;option;9090c2e2-8451-48a7-b9ef-60fe8eabb118;882f44ba-361c-442c-85ec-3ced85b38dbc;Supply Plans;eft-therapist-quests-boost;Therapist Quests - Quests;Escape From Tarkov;Quests;18;USD;2026-01-07 18:31:36.236+00;1;unit;18
a5566566-f9cb-469c-a800-d93d11897000;option;9090c2e2-8451-48a7-b9ef-60fe8eabb118;882f44ba-361c-442c-85ec-3ced85b38dbc;Seaside Vacation;eft-therapist-quests-boost;Therapist Quests - Quests;Escape From Tarkov;Quests;9;USD;2026-01-07 18:31:36.62+00;1;unit;9
dd338560-7050-48a2-934e-597602f4be3d;option;b3a012e1-1147-4cbc-843a-311a43375f22;a8e70753-446f-4d5b-b06f-22f1461cefc7;Friendly - Honored;the-shatar;The Sha'tar - Select Desired Reputation Level;WoW: TBC;Reputations;25;USD;2026-01-07 18:31:23.838+00;1;unit;25
e0a49915-9b4e-4f0d-b1e1-552baa74a017;option;8a94bd07-aa9c-42b8-844b-5fdd3a32c33d;b6f78385-f54e-47b4-a772-4a8878dc22b9;Pilot;flesh-weld-rod;Flesh-weld Rod - Boost Mode;Diablo IV;Cosmetics;0;USD;2026-01-07 18:31:24.603+00;1;unit;0
680a0b3e-83ae-4aa2-8f81-c2de8e69a1a7;option;4ce5c5bd-e753-4347-b963-ae664d0bb4ea;49fa843e-af79-42fc-bcc2-7850f2c41836;Remote;proving-grounds;Proving Grounds - Boost Mode;Mists of Pandaria;Challenge Mode;15;USD;2026-01-07 18:31:24.993+00;1;unit;15
44b31baf-6d16-4fba-8dcb-25daf0e34bd8;option;4ce5c5bd-e753-4347-b963-ae664d0bb4ea;691c0c82-6528-4702-9563-e6fb2e5369a8;Endless (Wave 10);proving-grounds;Proving Grounds - Select Trial Difficulty;Mists of Pandaria;Challenge Mode;13.56;USD;2026-01-07 18:31:25.372+00;10;unit;1.356
74808414-8c07-44ea-b232-fc84700ee56c;option;2e200164-35dc-42df-a478-7714265fae76;84353940-d152-4dd3-8fdc-29f4f616c9c7;PSN;diablo-4-divine-gifts-boost;Divine Gifts - Platform;Diablo IV;Season of Divine Intervention;0;USD;2026-01-07 18:31:25.777+00;1;unit;0
3fc25207-0932-45fe-801a-3f780e22c621;option;2e200164-35dc-42df-a478-7714265fae76;f7bccea9-4d88-4a3b-aeaa-c4c8cdb8d9fa;Divine Recovery;diablo-4-divine-gifts-boost;Divine Gifts - Divine Gifts;Diablo IV;Season of Divine Intervention;29;USD;2026-01-07 18:31:26.142+00;1;unit;29
be75952b-ec7e-4ced-a9d7-ba166b0443a8;option;4c970447-5caa-47d5-b1f5-3bdbb157c541;621eceb4-4b08-4717-a704-82c74d02764b;Inevitable Response;eft-btr-driver-quests-boost;BTR Driver Quests - Quests;Escape From Tarkov;Quests;16;USD;2026-01-07 18:31:26.505+00;1;unit;16
c8e05eee-7693-477c-9161-fdc8fda281ee;option;793db771-03c2-44cb-b55d-6c8b71be510b;cb86dbec-c392-49d3-a102-1d53999fbc20;Pilot;tower-overwhelming;Tower Overwhelming - Boost Method;War Within;Legacy Content;0;USD;2026-01-07 18:31:26.893+00;1;unit;0
53856b01-51d4-4c47-aa91-6fe9dd34ef7a;option;c65d6eea-d110-44ef-bd5a-ce88b9b6da89;e50b5d05-ceed-4247-bd46-00e952658749;Remote;acidic-void-creeper;Acidic Void Creeper - Boost Method;War Within;Mounts;25.5;USD;2026-01-07 18:31:27.268+00;1;unit;25.5
57109181-2b7f-4129-b20c-d6ea1062eda4;option;3cbd020e-22ab-414d-9cd2-7b73a1dc5e3b;3a4ecd9b-b173-4821-8325-949b105eb419;Scout;eft-mechanic-quests-boost;Mechanic Quests - Other Quests;Escape From Tarkov;Quests;9;USD;2026-01-07 18:31:27.633+00;1;unit;9
090a5934-d0fa-4b52-9714-14a4446c252f;option;3cbd020e-22ab-414d-9cd2-7b73a1dc5e3b;3a4ecd9b-b173-4821-8325-949b105eb419;Back Door;eft-mechanic-quests-boost;Mechanic Quests - Other Quests;Escape From Tarkov;Quests;9;USD;2026-01-07 18:31:28.013+00;1;unit;9
f1a2846c-18a3-487c-a4be-c319025a53e0;option;3cbd020e-22ab-414d-9cd2-7b73a1dc5e3b;3a4ecd9b-b173-4821-8325-949b105eb419;The Courier;eft-mechanic-quests-boost;Mechanic Quests - Other Quests;Escape From Tarkov;Quests;16;USD;2026-01-07 18:31:28.383+00;1;unit;16
41d5b077-5a3b-4aa3-b50b-02c7aa41227a;option;3cbd020e-22ab-414d-9cd2-7b73a1dc5e3b;3a4ecd9b-b173-4821-8325-949b105eb419;Camera, Action!;eft-mechanic-quests-boost;Mechanic Quests - Other Quests;Escape From Tarkov;Quests;39;USD;2026-01-07 18:31:28.762+00;1;unit;39
d9f1c603-ad80-48f3-8b32-f98c84f2a6d1;option;3cbd020e-22ab-414d-9cd2-7b73a1dc5e3b;202f1f20-2a34-4f8a-b615-33d418576134;Farming Part 1 ;eft-mechanic-quests-boost;Mechanic Quests - Farming;Escape From Tarkov;Quests;9;USD;2026-01-07 18:31:29.124+00;1;unit;9
0801c44b-7247-4c1e-9abc-78053f1c1de3;option;3cbd020e-22ab-414d-9cd2-7b73a1dc5e3b;e92a6165-af13-4b27-b692-a2da2b4e4a44;Sweep Up;eft-mechanic-quests-boost;Mechanic Quests - Make Amends;Escape From Tarkov;Quests;89;USD;2026-01-07 18:31:29.483+00;1;unit;89
553c7752-2367-4160-8ebb-0b3569ae9a81;option;e27aa70f-b220-4727-a440-28721d60c0b4;3648cf7c-a8b0-4756-9a3a-4c6ffb162779;NA;terror-of-the-wastes;Terror of the Wastes - Region;War Within;Mounts;0;USD;2026-01-07 18:31:30.198+00;1;unit;0
8f067f92-773d-4abd-8a2c-22b7668ff8db;option;58004f5d-799a-43da-92d7-23994c13f4ff;f635f17a-bb74-41a7-8584-f52ca4b78f88;PvE;eft-ragman-quests-boost;Ragman Quests - Server;Escape From Tarkov;Quests;0;USD;2026-01-07 18:31:30.566+00;1;unit;0
4c941b81-31e3-4cda-bf9e-88ce087f64f5;option;58004f5d-799a-43da-92d7-23994c13f4ff;64c0d4a2-6997-45cd-89f4-e79785d17e3a;Dressed to Kill;eft-ragman-quests-boost;Ragman Quests - A Fuel Matter;Escape From Tarkov;Quests;9;USD;2026-01-07 18:31:30.937+00;1;unit;9
9913a49b-31c8-4859-bf86-c85e473c9f68;option;58004f5d-799a-43da-92d7-23994c13f4ff;64c0d4a2-6997-45cd-89f4-e79785d17e3a;Out of Time;eft-ragman-quests-boost;Ragman Quests - A Fuel Matter;Escape From Tarkov;Quests;9;USD;2026-01-07 18:31:31.31+00;1;unit;9
fc07d4fe-9b23-4cfb-ad62-6a99f3339d0a;option;58004f5d-799a-43da-92d7-23994c13f4ff;c2b59b8d-a32c-438f-b894-bf931e26207c;Living High is not A Crime Part 2;eft-ragman-quests-boost;Ragman Quests - Living High is not A Crime;Escape From Tarkov;Quests;29;USD;2026-01-07 18:31:31.666+00;2;unit;14.5
05ae40ee-cd9b-4be8-a641-ece9e29a7f06;option;06415beb-fc6b-41b8-a3ee-89d5d2eeb991;0f54409c-d4cf-4c51-aa56-6c17dafb5b27;EU;lower-city;Lower City - Region;WoW: TBC;Reputations;0;USD;2026-01-07 18:31:32.029+00;1;unit;0
95954e07-22f8-40fa-b710-0843b4ccdd16;option;4b7324c2-79f9-4502-aa15-e1528e75dae1;dd26b28d-2bb0-4ee1-bcba-bb97165f5c0e;Pilot;eft-skier-quests-boost;Skier Quests  - Boost Method;Escape From Tarkov;Quests;0;USD;2026-01-07 18:31:32.403+00;1;unit;0
108dc7f5-8980-4755-800d-2e999a340bf0;option;4b7324c2-79f9-4502-aa15-e1528e75dae1;9ae81e9a-8ea0-4982-90b0-6c4fbfd28931;Kind of Sabotage;eft-skier-quests-boost;Skier Quests  - Other Quests;Escape From Tarkov;Quests;9;USD;2026-01-07 18:31:32.769+00;1;unit;9
d87bd330-a657-4d60-8b36-eb423a1e7b78;option;4b7324c2-79f9-4502-aa15-e1528e75dae1;9ae81e9a-8ea0-4982-90b0-6c4fbfd28931;Setup;eft-skier-quests-boost;Skier Quests  - Other Quests;Escape From Tarkov;Quests;29;USD;2026-01-07 18:31:33.155+00;1;unit;29
796d23fd-9315-43d0-8f1d-8e2e2d116045;option;4b7324c2-79f9-4502-aa15-e1528e75dae1;9ae81e9a-8ea0-4982-90b0-6c4fbfd28931;The Extortionist;eft-skier-quests-boost;Skier Quests  - Other Quests;Escape From Tarkov;Quests;12;USD;2026-01-07 18:31:33.542+00;1;unit;12
17b204ea-1d5b-41a4-9361-3757e0c5e4e3;option;4b7324c2-79f9-4502-aa15-e1528e75dae1;2a2d9fb8-55bf-4188-a97d-7ba3ddc7e1d8;House Arrest Part 2;eft-skier-quests-boost;Skier Quests  - House Arrest;Escape From Tarkov;Quests;19;USD;2026-01-07 18:31:34.038+00;2;unit;9.5
2f715621-08f2-43b9-925b-83dc6150733c;option;c397ed21-b281-4fe8-b57c-e92ccaa2ffd2;4c6201b5-ffdd-4654-b60d-55e38614a7db;Remote;ring-of-starless-skies;Ring of Starless Skies - Boost Mode;Diablo IV;Items;15;USD;2026-01-07 18:31:34.401+00;1;unit;15
8f7d4256-0a45-40c4-bc94-0f404379164c;option;0493df5e-a534-41c9-9d6e-45ef3c13b8a6;2304e626-9462-4933-ac7c-2f0a61bbb193;PC;demonbinder-mount-armor;Demonbinder Mount Armor - Select Your Platform;Diablo IV;Cosmetics;0;USD;2026-01-07 18:31:34.753+00;1;unit;0
840bb7a4-1d0f-4da2-8693-f410fdf00bc4;option;4352b0bd-f585-484f-a07b-930a69c720a4;3633afae-073d-4d23-8f0b-985750cd40d2;NA;blue-barry;Blue Barry  - Region;War Within;Mounts;0;USD;2026-01-07 18:31:35.123+00;1;unit;0
a50f4f29-bc21-4575-b516-c6d8111a1852;option;4a6f4fd7-ff05-453d-b904-113143c995be;ae2f3d5c-7cf2-465b-a27c-c1c99c95c5ed;Revered - Exalted;ogrila;Ogri'la - Desired Reputation Level;WoW: TBC;Reputations;49;USD;2026-01-07 18:31:35.498+00;1;unit;49
27f007a5-9ebe-48b5-93af-24ad866f1cb3;option;9090c2e2-8451-48a7-b9ef-60fe8eabb118;174229ab-b519-48d9-9d3f-45a6d814bf67;Pilot;eft-therapist-quests-boost;Therapist Quests - Boost Method;Escape From Tarkov;Quests;0;USD;2026-01-07 18:31:35.906+00;1;unit;0
88dfb5de-2d8d-43d4-87ba-fcb91e05a9ee;option;9090c2e2-8451-48a7-b9ef-60fe8eabb118;882f44ba-361c-442c-85ec-3ced85b38dbc;An Apple a Day Keeps the Doctor Away;eft-therapist-quests-boost;Therapist Quests - Quests;Escape From Tarkov;Quests;6;USD;2026-01-07 18:31:36.274+00;1;unit;6
61afc5ca-433b-4b4f-88ed-c5544ad7e8c4;option;9090c2e2-8451-48a7-b9ef-60fe8eabb118;882f44ba-361c-442c-85ec-3ced85b38dbc;Lost Contact;eft-therapist-quests-boost;Therapist Quests - Quests;Escape From Tarkov;Quests;9;USD;2026-01-07 18:31:36.66+00;1;unit;9
3f743c23-7ac3-4f1c-a662-36aa3f825d30;option;c44e51a6-6928-4e15-9740-8ddf01790e56;ada32142-389e-43e4-9627-45e7a7c8e643;The Punisher Part 5 ;eft-prapor-quests-boost;Prapor Quests  - The Punisher ;Escape From Tarkov;Quests;30;USD;2026-01-07 18:31:22.269+00;5;unit;6
a2bc56ae-134b-4eb2-ad39-c2537caaa2c7;option;5b7a773f-10ee-4feb-8abb-56ee74a646f9;9e997c14-fdf6-4ad6-96d2-5280dede12f1;EU;challenge-mode-gold-pack;Challenge Mode Gold Pack - Region;Mists of Pandaria;Challenge Mode;0;USD;2026-01-07 18:31:22.669+00;1;unit;0
65199e23-43ee-452b-8a81-5c9b8f52f626;option;a6fe7303-6528-4b64-8eb7-d71e49dc41ff;db873a6f-9a76-482d-b294-350681d5f86d;Remote;resplendent-karroc;Resplendent K'arroc - Boost Method;War Within;Mounts;25.5;USD;2026-01-07 18:31:23.111+00;1;unit;25.5
f7fc460c-822c-4c3f-acff-f71c6cdb9cc0;product;58004f5d-799a-43da-92d7-23994c13f4ff;;;eft-ragman-quests-boost;Ragman Quests;Escape From Tarkov;Quests;1.99;USD;2026-01-07 14:01:17.789+00;1;unit;1.99000000000000000000
bc557355-fcb5-46cf-88e6-38b14ae970ec;product;4a6f4fd7-ff05-453d-b904-113143c995be;;;ogrila;Ogri'la;WoW: TBC;Reputations;0;USD;2026-01-07 14:01:24.602+00;1;unit;0.00000000000000000000
fff2775f-9471-4419-90bf-ff1f5207214f;option;e7f01c5e-6dc3-45e7-b07c-7b098ca4078d;7dd5b51a-0799-4b78-ae9c-29abb8e92a03;690+ ilvl;delvers-mana-skimmer-schematic-hyperdrive;Delver’s Mana-Skimmer Schematic: Hyperdrive - Extra Options;War Within;Delves;116.28;USD;2026-01-07 18:31:23.512+00;690;unit;0.16852173913043478
211af673-c032-4415-b522-c6ae74c824e7;option;b3a012e1-1147-4cbc-843a-311a43375f22;a8e70753-446f-4d5b-b06f-22f1461cefc7;Honored - Revered;the-shatar;The Sha'tar - Select Desired Reputation Level;WoW: TBC;Reputations;39;USD;2026-01-07 18:31:23.88+00;1;unit;39
26c01f19-641a-469d-8115-c9c778fc222a;option;8a94bd07-aa9c-42b8-844b-5fdd3a32c33d;b6f78385-f54e-47b4-a772-4a8878dc22b9;Remote;flesh-weld-rod;Flesh-weld Rod - Boost Mode;Diablo IV;Cosmetics;15;USD;2026-01-07 18:31:24.642+00;1;unit;15
7864d2c7-f1ca-403c-b5e6-75744a6ed7fa;option;4ce5c5bd-e753-4347-b963-ae664d0bb4ea;34112ce8-6c32-4eba-89a5-f997d09ab32b;EU;proving-grounds;Proving Grounds - Region;Mists of Pandaria;Challenge Mode;0;USD;2026-01-07 18:31:25.035+00;1;unit;0
51fb88c8-385e-415e-929a-d9e14995c11b;option;4ce5c5bd-e753-4347-b963-ae664d0bb4ea;691c0c82-6528-4702-9563-e6fb2e5369a8;Endless (Wave 20);proving-grounds;Proving Grounds - Select Trial Difficulty;Mists of Pandaria;Challenge Mode;18.36;USD;2026-01-07 18:31:25.415+00;20;unit;0.9179999999999999
2c80e5cd-98c8-411c-b314-1630291ae207;option;2e200164-35dc-42df-a478-7714265fae76;84353940-d152-4dd3-8fdc-29f4f616c9c7;XBOX;diablo-4-divine-gifts-boost;Divine Gifts - Platform;Diablo IV;Season of Divine Intervention;0;USD;2026-01-07 18:31:25.817+00;1;unit;0
0ef9855c-2905-4b70-8168-7691ef6e9edd;option;4c970447-5caa-47d5-b1f5-3bdbb157c541;621eceb4-4b08-4717-a704-82c74d02764b;Building Foundations;eft-btr-driver-quests-boost;BTR Driver Quests - Quests;Escape From Tarkov;Quests;12;USD;2026-01-07 18:31:26.549+00;1;unit;12
4b572f5b-8cac-4ffe-ab1a-f75c34c28bd2;option;793db771-03c2-44cb-b55d-6c8b71be510b;cb86dbec-c392-49d3-a102-1d53999fbc20;Remote;tower-overwhelming;Tower Overwhelming - Boost Method;War Within;Legacy Content;12.11;USD;2026-01-07 18:31:26.933+00;1;unit;12.11
622d79f9-93f9-4847-bf7a-1d75650e6298;option;c65d6eea-d110-44ef-bd5a-ce88b9b6da89;8cc87059-6be8-4b22-bb62-aa34a544dd8b;EU;acidic-void-creeper;Acidic Void Creeper - Region;War Within;Mounts;0;USD;2026-01-07 18:31:27.307+00;1;unit;0
75f5387e-3c8c-4a9b-9b6a-1f77efb6f43c;option;3cbd020e-22ab-414d-9cd2-7b73a1dc5e3b;3a4ecd9b-b173-4821-8325-949b105eb419;Insider;eft-mechanic-quests-boost;Mechanic Quests - Other Quests;Escape From Tarkov;Quests;26;USD;2026-01-07 18:31:27.671+00;1;unit;26
6f5a3262-4fba-4c26-b5f2-5f71673fc11b;option;3cbd020e-22ab-414d-9cd2-7b73a1dc5e3b;3a4ecd9b-b173-4821-8325-949b105eb419;Energy Crisis;eft-mechanic-quests-boost;Mechanic Quests - Other Quests;Escape From Tarkov;Quests;9;USD;2026-01-07 18:31:28.061+00;1;unit;9
ab074c99-651a-47dc-9c59-418c2f005c8f;option;3cbd020e-22ab-414d-9cd2-7b73a1dc5e3b;3a4ecd9b-b173-4821-8325-949b105eb419;The Door;eft-mechanic-quests-boost;Mechanic Quests - Other Quests;Escape From Tarkov;Quests;16;USD;2026-01-07 18:31:28.432+00;1;unit;16
932a1ec6-b831-46f0-8192-37a8f141cdb3;option;3cbd020e-22ab-414d-9cd2-7b73a1dc5e3b;3a4ecd9b-b173-4821-8325-949b105eb419;Secrets of Polikhim;eft-mechanic-quests-boost;Mechanic Quests - Other Quests;Escape From Tarkov;Quests;19;USD;2026-01-07 18:31:28.806+00;1;unit;19
5a7c4346-6184-4e94-8f31-c31d4a7189a1;option;3cbd020e-22ab-414d-9cd2-7b73a1dc5e3b;e92a6165-af13-4b27-b692-a2da2b4e4a44;Software;eft-mechanic-quests-boost;Mechanic Quests - Make Amends;Escape From Tarkov;Quests;69;USD;2026-01-07 18:31:29.522+00;1;unit;69
8339a4de-7366-464c-ab97-f8ed3b906d02;option;07c5a6dd-e714-4db7-92b6-54707d54921d;8efa4786-e2ff-45c4-b0fe-c6693f83b0a3;Pilot;celestial-riding-ox;Celestial Riding Ox - Region;Mists of Pandaria;Mounts;0;USD;2026-01-07 18:31:29.878+00;1;unit;0
9d5faf29-22af-4819-8bc3-d7d72c13864a;option;58004f5d-799a-43da-92d7-23994c13f4ff;cbb891c4-1768-46ad-a00f-7231d014dba0;Pilot;eft-ragman-quests-boost;Ragman Quests - Boost Method;Escape From Tarkov;Quests;0;USD;2026-01-07 18:31:30.618+00;1;unit;0
1449885c-b9f4-4d3e-9336-dbce700b5588;option;58004f5d-799a-43da-92d7-23994c13f4ff;64c0d4a2-6997-45cd-89f4-e79785d17e3a;Gratitude;eft-ragman-quests-boost;Ragman Quests - A Fuel Matter;Escape From Tarkov;Quests;9;USD;2026-01-07 18:31:30.975+00;1;unit;9
3da763b9-2c0c-496b-a0ab-a615191ee08b;option;58004f5d-799a-43da-92d7-23994c13f4ff;64c0d4a2-6997-45cd-89f4-e79785d17e3a;Sales Night;eft-ragman-quests-boost;Ragman Quests - A Fuel Matter;Escape From Tarkov;Quests;19;USD;2026-01-07 18:31:31.351+00;1;unit;19
85e42d52-2fda-48dd-b294-3d4e0f5efc61;option;58004f5d-799a-43da-92d7-23994c13f4ff;752d2ec7-8b8f-460c-9172-10978cd2ae53;Overseas Trust Part 1;eft-ragman-quests-boost;Ragman Quests - Overseas Trust;Escape From Tarkov;Quests;19;USD;2026-01-07 18:31:31.711+00;1;unit;19
e86b9e55-df00-4a8e-9190-fa156f093df7;option;06415beb-fc6b-41b8-a3ee-89d5d2eeb991;0f54409c-d4cf-4c51-aa56-6c17dafb5b27;NA;lower-city;Lower City - Region;WoW: TBC;Reputations;0;USD;2026-01-07 18:31:32.07+00;1;unit;0
5b017376-8c18-443e-bf64-9a052a5c13a3;option;4b7324c2-79f9-4502-aa15-e1528e75dae1;dd26b28d-2bb0-4ee1-bcba-bb97165f5c0e;Selfplay;eft-skier-quests-boost;Skier Quests  - Boost Method;Escape From Tarkov;Quests;30;USD;2026-01-07 18:31:32.443+00;1;unit;30
6fc6afaf-2b92-403d-81e1-a32c0a26f578;option;4b7324c2-79f9-4502-aa15-e1528e75dae1;9ae81e9a-8ea0-4982-90b0-6c4fbfd28931;Long Road;eft-skier-quests-boost;Skier Quests  - Other Quests;Escape From Tarkov;Quests;19;USD;2026-01-07 18:31:32.826+00;1;unit;19
1b1b3b77-53d9-4012-b6d2-503a57e359e1;option;4b7324c2-79f9-4502-aa15-e1528e75dae1;9ae81e9a-8ea0-4982-90b0-6c4fbfd28931;Silent Caliber;eft-skier-quests-boost;Skier Quests  - Other Quests;Escape From Tarkov;Quests;39;USD;2026-01-07 18:31:33.199+00;1;unit;39
54c753d4-8ac0-429a-8ef9-312909052e3c;option;4b7324c2-79f9-4502-aa15-e1528e75dae1;9ae81e9a-8ea0-4982-90b0-6c4fbfd28931;Top Secret;eft-skier-quests-boost;Skier Quests  - Other Quests;Escape From Tarkov;Quests;12;USD;2026-01-07 18:31:33.58+00;1;unit;12
1aa615ef-1a45-4955-9d44-79caaf767413;option;4b7324c2-79f9-4502-aa15-e1528e75dae1;e40f1061-8a78-4606-a8be-fe793e947b3c;Lend Lease;eft-skier-quests-boost;Skier Quests  - Lend Lease;Escape From Tarkov;Quests;29;USD;2026-01-07 18:31:34.078+00;1;unit;29
f33b3bea-8cde-4cbe-b3e8-bafefe0172e3;option;c397ed21-b281-4fe8-b57c-e92ccaa2ffd2;107a08f0-1b8d-4e5a-997d-b28eee1c6016;PC;ring-of-starless-skies;Ring of Starless Skies - Select Your Platform;Diablo IV;Items;0;USD;2026-01-07 18:31:34.442+00;1;unit;0
4909f619-1612-4142-8ef8-5db7539e4c18;option;0493df5e-a534-41c9-9d6e-45ef3c13b8a6;2304e626-9462-4933-ac7c-2f0a61bbb193;PSN;demonbinder-mount-armor;Demonbinder Mount Armor - Select Your Platform;Diablo IV;Cosmetics;0;USD;2026-01-07 18:31:34.806+00;1;unit;0
f3db362f-a5a1-4705-9a79-69453cd2abbc;option;9090c2e2-8451-48a7-b9ef-60fe8eabb118;174229ab-b519-48d9-9d3f-45a6d814bf67;Selfplay;eft-therapist-quests-boost;Therapist Quests - Boost Method;Escape From Tarkov;Quests;30;USD;2026-01-07 18:31:35.95+00;1;unit;30
028389f0-c223-4b0b-bd1e-75f1d7ceb040;option;9090c2e2-8451-48a7-b9ef-60fe8eabb118;882f44ba-361c-442c-85ec-3ced85b38dbc;Athlete;eft-therapist-quests-boost;Therapist Quests - Quests;Escape From Tarkov;Quests;7;USD;2026-01-07 18:31:36.318+00;1;unit;7
7a3b8642-6ae8-4180-a1cd-3f72b5d5ab51;option;c44e51a6-6928-4e15-9740-8ddf01790e56;5dd276fa-6f5e-4791-ae6b-2b72166f2b7e;Test Drive Part 5 ;eft-prapor-quests-boost;Prapor Quests  - Test Drive ;Escape From Tarkov;Quests;65;USD;2026-01-07 18:31:21.906+00;5;unit;13
db5ba3a5-deee-48ba-8eb1-6490645e9124;option;c44e51a6-6928-4e15-9740-8ddf01790e56;ada32142-389e-43e4-9627-45e7a7c8e643;The Punisher Part 6 ;eft-prapor-quests-boost;Prapor Quests  - The Punisher ;Escape From Tarkov;Quests;40;USD;2026-01-07 18:31:22.312+00;6;unit;6.666666666666667
5505601c-8ac5-4ab4-95fc-f8a79e782418;option;5b7a773f-10ee-4feb-8abb-56ee74a646f9;9e997c14-fdf6-4ad6-96d2-5280dede12f1;NA;challenge-mode-gold-pack;Challenge Mode Gold Pack - Region;Mists of Pandaria;Challenge Mode;0;USD;2026-01-07 18:31:22.719+00;1;unit;0
9d51c793-ac3a-43cc-ab21-50ab68791f6d;product;244987e0-2f07-4fe1-8a63-37c6d7a2fd2a;;;black-temple-attunement;Black Temple Attunement;WoW: TBC;Attunements;218.9;USD;2026-01-07 14:01:13.538+00;1;unit;218.9000000000000000
a69e44a1-f0b0-4863-928c-2fae2e1232e0;option;a6fe7303-6528-4b64-8eb7-d71e49dc41ff;3bdbdebc-514d-425a-8b6c-7490be215827;EU;resplendent-karroc;Resplendent K'arroc - Region;War Within;Mounts;0;USD;2026-01-07 18:31:23.157+00;1;unit;0
20772d1c-9470-4dca-9138-31a702bbe03c;option;b3a012e1-1147-4cbc-843a-311a43375f22;a8e70753-446f-4d5b-b06f-22f1461cefc7;Revered - Exalted;the-shatar;The Sha'tar - Select Desired Reputation Level;WoW: TBC;Reputations;49;USD;2026-01-07 18:31:23.918+00;1;unit;49
143a5fe6-e8d2-4bd0-883d-be565cfcbc31;option;8a94bd07-aa9c-42b8-844b-5fdd3a32c33d;1596bebb-8ee1-45ba-91d6-489c681aedad;PC;flesh-weld-rod;Flesh-weld Rod - Select Your Platform;Diablo IV;Cosmetics;0;USD;2026-01-07 18:31:24.696+00;1;unit;0
18b1c865-dc95-4ff1-85d5-572087c27cf0;option;4ce5c5bd-e753-4347-b963-ae664d0bb4ea;34112ce8-6c32-4eba-89a5-f997d09ab32b;NA;proving-grounds;Proving Grounds - Region;Mists of Pandaria;Challenge Mode;0;USD;2026-01-07 18:31:25.081+00;1;unit;0
4e723f20-cfda-474f-8ce2-0c90c0058016;option;4ce5c5bd-e753-4347-b963-ae664d0bb4ea;691c0c82-6528-4702-9563-e6fb2e5369a8;Endless (Wave 30);proving-grounds;Proving Grounds - Select Trial Difficulty;Mists of Pandaria;Challenge Mode;23.16;USD;2026-01-07 18:31:25.455+00;30;unit;0.772
05236002-49e6-451b-b2dd-5ad5947ce689;option;2e200164-35dc-42df-a478-7714265fae76;f7bccea9-4d88-4a3b-aeaa-c4c8cdb8d9fa;Divine Bounty;diablo-4-divine-gifts-boost;Divine Gifts - Divine Gifts;Diablo IV;Season of Divine Intervention;29;USD;2026-01-07 18:31:25.863+00;1;unit;29
02f1c3c5-57e4-46b4-ae14-8861f7569589;option;4c970447-5caa-47d5-b1f5-3bdbb157c541;b83b89b5-3b37-4981-b753-ba7ec423e21a;PvP;eft-btr-driver-quests-boost;BTR Driver Quests - Server;Escape From Tarkov;Quests;0;USD;2026-01-07 18:31:26.224+00;1;unit;0
6b189572-6850-455d-91a5-6e02cf9ee71f;option;4c970447-5caa-47d5-b1f5-3bdbb157c541;621eceb4-4b08-4717-a704-82c74d02764b;Natural Exchange;eft-btr-driver-quests-boost;BTR Driver Quests - Quests;Escape From Tarkov;Quests;9;USD;2026-01-07 18:31:26.592+00;1;unit;9
14e8289d-20f5-4e72-82ef-338cbb9ad39a;option;c65d6eea-d110-44ef-bd5a-ce88b9b6da89;8cc87059-6be8-4b22-bb62-aa34a544dd8b;NA;acidic-void-creeper;Acidic Void Creeper - Region;War Within;Mounts;0;USD;2026-01-07 18:31:27.346+00;1;unit;0
e9f1eed1-147e-40ed-9d41-effb33aa8896;option;3cbd020e-22ab-414d-9cd2-7b73a1dc5e3b;3a4ecd9b-b173-4821-8325-949b105eb419;Psycho Sniper;eft-mechanic-quests-boost;Mechanic Quests - Other Quests;Escape From Tarkov;Quests;39;USD;2026-01-07 18:31:27.713+00;1;unit;39
0a36de65-bfea-4001-9480-72ce61a554db;option;3cbd020e-22ab-414d-9cd2-7b73a1dc5e3b;3a4ecd9b-b173-4821-8325-949b105eb419;Corporate Secrets;eft-mechanic-quests-boost;Mechanic Quests - Other Quests;Escape From Tarkov;Quests;9;USD;2026-01-07 18:31:28.106+00;1;unit;9
05c8bb19-29a2-47cb-9ed4-c4fa79bfb432;option;3cbd020e-22ab-414d-9cd2-7b73a1dc5e3b;3a4ecd9b-b173-4821-8325-949b105eb419;A Helping Hand;eft-mechanic-quests-boost;Mechanic Quests - Other Quests;Escape From Tarkov;Quests;24;USD;2026-01-07 18:31:28.47+00;1;unit;24
f1bb4768-6a87-46c4-b51f-0981539288e9;option;3cbd020e-22ab-414d-9cd2-7b73a1dc5e3b;ef063bfa-0437-4c06-a3f2-f8ddc1194846;Assesment Part 1;eft-mechanic-quests-boost;Mechanic Quests - Assesment;Escape From Tarkov;Quests;24;USD;2026-01-07 18:31:28.844+00;1;unit;24
d8193e59-feb4-4af1-a233-ae5db9312adc;option;3cbd020e-22ab-414d-9cd2-7b73a1dc5e3b;202f1f20-2a34-4f8a-b615-33d418576134;Farming Part 3;eft-mechanic-quests-boost;Mechanic Quests - Farming;Escape From Tarkov;Quests;9;USD;2026-01-07 18:31:29.204+00;3;unit;3
a328f072-3c28-458d-a7af-868bd70749e1;option;3cbd020e-22ab-414d-9cd2-7b73a1dc5e3b;e92a6165-af13-4b27-b692-a2da2b4e4a44;Quarantine;eft-mechanic-quests-boost;Mechanic Quests - Make Amends;Escape From Tarkov;Quests;29;USD;2026-01-07 18:31:29.56+00;1;unit;29
361f0bae-8276-4393-94fa-e411df27c232;option;07c5a6dd-e714-4db7-92b6-54707d54921d;8efa4786-e2ff-45c4-b0fe-c6693f83b0a3;Remote;celestial-riding-ox;Celestial Riding Ox - Region;Mists of Pandaria;Mounts;15;USD;2026-01-07 18:31:29.918+00;1;unit;15
e92adceb-ba66-410d-9b2a-79ccd8485a2c;option;58004f5d-799a-43da-92d7-23994c13f4ff;fd1aae00-d68f-40b6-b0a1-b58d845f8102;Sew it Good Part 1 ;eft-ragman-quests-boost;Ragman Quests - Sew it Good;Escape From Tarkov;Quests;12;USD;2026-01-07 18:31:30.28+00;1;unit;12
285548ef-1d3d-4299-b0ba-7ac054323d70;option;58004f5d-799a-43da-92d7-23994c13f4ff;cbb891c4-1768-46ad-a00f-7231d014dba0;Selfplay;eft-ragman-quests-boost;Ragman Quests - Boost Method;Escape From Tarkov;Quests;30;USD;2026-01-07 18:31:30.656+00;1;unit;30
9257f346-ef1b-4896-9923-a7fde30eb997;option;58004f5d-799a-43da-92d7-23994c13f4ff;64c0d4a2-6997-45cd-89f4-e79785d17e3a;Hot Delivery;eft-ragman-quests-boost;Ragman Quests - A Fuel Matter;Escape From Tarkov;Quests;10;USD;2026-01-07 18:31:31.017+00;1;unit;10
a88e3087-ba10-45d8-8e5f-7411c036ce75;option;58004f5d-799a-43da-92d7-23994c13f4ff;64c0d4a2-6997-45cd-89f4-e79785d17e3a;Scavenger;eft-ragman-quests-boost;Ragman Quests - A Fuel Matter;Escape From Tarkov;Quests;149;USD;2026-01-07 18:31:31.389+00;1;unit;149
cfc999cb-c695-4707-be44-df3f305e1a1c;option;58004f5d-799a-43da-92d7-23994c13f4ff;752d2ec7-8b8f-460c-9172-10978cd2ae53;Overseas Trust Part 2;eft-ragman-quests-boost;Ragman Quests - Overseas Trust;Escape From Tarkov;Quests;29;USD;2026-01-07 18:31:31.75+00;2;unit;14.5
b4e37529-3438-4520-b764-59080083f7c5;option;06415beb-fc6b-41b8-a3ee-89d5d2eeb991;2a55fd44-04b2-412f-b91f-e3fd400bab80;Neutral - Friendly;lower-city;Lower City - Desired Reputation Level;WoW: TBC;Reputations;15;USD;2026-01-07 18:31:32.111+00;1;unit;15
8198a2ef-a3a4-41ee-978e-8bf95ca0e9de;option;4b7324c2-79f9-4502-aa15-e1528e75dae1;9ae81e9a-8ea0-4982-90b0-6c4fbfd28931;Bullshit;eft-skier-quests-boost;Skier Quests  - Other Quests;Escape From Tarkov;Quests;19;USD;2026-01-07 18:31:32.485+00;1;unit;19
3d5f33af-8af5-47c8-a25c-a857eb763da0;option;4b7324c2-79f9-4502-aa15-e1528e75dae1;9ae81e9a-8ea0-4982-90b0-6c4fbfd28931;Loyalty Buyout;eft-skier-quests-boost;Skier Quests  - Other Quests;Escape From Tarkov;Quests;12;USD;2026-01-07 18:31:32.867+00;1;unit;12
53d3d87c-b3f7-46af-8eb4-bfa42ca340f4;option;4b7324c2-79f9-4502-aa15-e1528e75dae1;9ae81e9a-8ea0-4982-90b0-6c4fbfd28931;Burning Rubber;eft-skier-quests-boost;Skier Quests  - Other Quests;Escape From Tarkov;Quests;9;USD;2026-01-07 18:31:33.237+00;1;unit;9
c3b8d5f5-06fd-4561-88ec-d86c44b0e3dd;option;4b7324c2-79f9-4502-aa15-e1528e75dae1;9ae81e9a-8ea0-4982-90b0-6c4fbfd28931;What's on the Flash Drive?;eft-skier-quests-boost;Skier Quests  - Other Quests;Escape From Tarkov;Quests;19;USD;2026-01-07 18:31:33.618+00;1;unit;19
d10b5435-3c4d-476d-98ec-e00b687120a1;option;4b7324c2-79f9-4502-aa15-e1528e75dae1;90412739-45cd-4f45-9e59-582bb5fa7155;Vitamins Part 1;eft-skier-quests-boost;Skier Quests  - Vitamins;Escape From Tarkov;Quests;19;USD;2026-01-07 18:31:34.118+00;1;unit;19
15bf3b1a-a8da-4553-aac8-80cc8e8b1d5c;option;c397ed21-b281-4fe8-b57c-e92ccaa2ffd2;107a08f0-1b8d-4e5a-997d-b28eee1c6016;PSN;ring-of-starless-skies;Ring of Starless Skies - Select Your Platform;Diablo IV;Items;0;USD;2026-01-07 18:31:34.482+00;1;unit;0
cff6c664-84d1-48c2-8c41-071c8a9814dd;option;0493df5e-a534-41c9-9d6e-45ef3c13b8a6;2304e626-9462-4933-ac7c-2f0a61bbb193;XBOX;demonbinder-mount-armor;Demonbinder Mount Armor - Select Your Platform;Diablo IV;Cosmetics;0;USD;2026-01-07 18:31:34.843+00;1;unit;0
7acfe30e-d1df-4244-973b-8ca6885ca503;option;9090c2e2-8451-48a7-b9ef-60fe8eabb118;882f44ba-361c-442c-85ec-3ced85b38dbc;Population Census;eft-therapist-quests-boost;Therapist Quests - Quests;Escape From Tarkov;Quests;12;USD;2026-01-07 18:31:36.703+00;1;unit;12
6fc0816d-f936-49eb-960e-e8a698fd4315;option;9090c2e2-8451-48a7-b9ef-60fe8eabb118;1b87267f-09a7-4c47-b3be-7db9e12305df;Operation Aquarius Part 2;eft-therapist-quests-boost;Therapist Quests - Operation Aquarius ;Escape From Tarkov;Quests;14;USD;2026-01-07 18:31:37.081+00;2;unit;7
81cba5d5-53c3-4c10-909d-16b0b1663475;option;c44e51a6-6928-4e15-9740-8ddf01790e56;599078bf-cfc7-4076-82d1-a11f6a9f178f;Stream ;eft-prapor-quests-boost;Prapor Quests  - The Good Tomes ;Escape From Tarkov;Quests;8;USD;2026-01-07 18:31:22.356+00;1;unit;8
db9d02de-7989-49fe-8325-f2ac478122db;option;a6fe7303-6528-4b64-8eb7-d71e49dc41ff;3bdbdebc-514d-425a-8b6c-7490be215827;NA;resplendent-karroc;Resplendent K'arroc - Region;War Within;Mounts;0;USD;2026-01-07 18:31:23.196+00;1;unit;0
818d722d-801e-47df-9a08-645665d86c1a;option;3745c202-29ea-4327-98a6-090be7fa1ae1;7869053d-4d06-4f2d-82e7-e9a4abb7873b;EU;glory-of-the-draenor-raider-boost;Glory of the Draenor Raider Boost - Region;War Within;Achievements;0;USD;2026-01-07 18:31:24.342+00;1;unit;0
55a18be5-4faf-443d-8cd6-834088560b19;option;8a94bd07-aa9c-42b8-844b-5fdd3a32c33d;1596bebb-8ee1-45ba-91d6-489c681aedad;PSN;flesh-weld-rod;Flesh-weld Rod - Select Your Platform;Diablo IV;Cosmetics;0;USD;2026-01-07 18:31:24.735+00;1;unit;0
8f9bfe55-2369-49c6-b395-7bddbbb79e68;option;4ce5c5bd-e753-4347-b963-ae664d0bb4ea;71cbe815-455c-40fd-83c0-9b129c044c67;Damage Dealer;proving-grounds;Proving Grounds - Your Role;Mists of Pandaria;Challenge Mode;0;USD;2026-01-07 18:31:25.118+00;1;unit;0
df17f991-a45e-4843-bf08-397f6a28c45f;product;3cbd020e-22ab-414d-9cd2-7b73a1dc5e3b;;;eft-mechanic-quests-boost;Mechanic Quests;Escape From Tarkov;Quests;1.99;USD;2026-01-07 14:01:14.067+00;1;unit;1.99000000000000000000
db4f4247-edb4-4e18-b7dd-4a980341d0e3;option;4ce5c5bd-e753-4347-b963-ae664d0bb4ea;84188a56-5ed7-4b89-aead-888a7a0b7571;You're Doing it Wrong achievement;proving-grounds;Proving Grounds - Extra Options;Mists of Pandaria;Challenge Mode;17.6;USD;2026-01-07 18:31:25.499+00;1;unit;17.6
84b36845-c425-4c6a-bba6-12bfbedb59a1;option;2e200164-35dc-42df-a478-7714265fae76;f7bccea9-4d88-4a3b-aeaa-c4c8cdb8d9fa;Divine Endurance;diablo-4-divine-gifts-boost;Divine Gifts - Divine Gifts;Diablo IV;Season of Divine Intervention;29;USD;2026-01-07 18:31:25.901+00;1;unit;29
8f5e7c92-9172-43f2-9676-1af3abd93a06;option;4c970447-5caa-47d5-b1f5-3bdbb157c541;b83b89b5-3b37-4981-b753-ba7ec423e21a;PvE;eft-btr-driver-quests-boost;BTR Driver Quests - Server;Escape From Tarkov;Quests;0;USD;2026-01-07 18:31:26.262+00;1;unit;0
b53e8eca-e80c-4ba5-9036-3c843a765452;option;4c970447-5caa-47d5-b1f5-3bdbb157c541;621eceb4-4b08-4717-a704-82c74d02764b;Ask for Directions;eft-btr-driver-quests-boost;BTR Driver Quests - Quests;Escape From Tarkov;Quests;9;USD;2026-01-07 18:31:26.638+00;1;unit;9
9ab8f3e8-2c67-460e-bb0b-670551c37114;option;244987e0-2f07-4fe1-8a63-37c6d7a2fd2a;d7510e40-bacf-497e-991e-4a9d087eeed1;EU;black-temple-attunement;Black Temple Attunement - Region;WoW: TBC;Attunements;0;USD;2026-01-07 18:31:27.018+00;1;unit;0
4ff84f64-fa0b-4940-b5ed-d6dedec697bc;option;3cbd020e-22ab-414d-9cd2-7b73a1dc5e3b;3a4ecd9b-b173-4821-8325-949b105eb419;Import;eft-mechanic-quests-boost;Mechanic Quests - Other Quests;Escape From Tarkov;Quests;9;USD;2026-01-07 18:31:27.761+00;1;unit;9
bbc38b36-9e11-4d38-bab1-2cffb1194596;option;3cbd020e-22ab-414d-9cd2-7b73a1dc5e3b;3a4ecd9b-b173-4821-8325-949b105eb419;Surveillance;eft-mechanic-quests-boost;Mechanic Quests - Other Quests;Escape From Tarkov;Quests;9;USD;2026-01-07 18:31:28.145+00;1;unit;9
4cd018bc-2eb7-40b0-a73a-5c76896e1fa0;option;3cbd020e-22ab-414d-9cd2-7b73a1dc5e3b;3a4ecd9b-b173-4821-8325-949b105eb419;Saving The Mole;eft-mechanic-quests-boost;Mechanic Quests - Other Quests;Escape From Tarkov;Quests;19;USD;2026-01-07 18:31:28.509+00;1;unit;19
cb4fb3d1-0c76-4b4a-a742-92588720c3da;option;3cbd020e-22ab-414d-9cd2-7b73a1dc5e3b;ef063bfa-0437-4c06-a3f2-f8ddc1194846;Assesment Part 2;eft-mechanic-quests-boost;Mechanic Quests - Assesment;Escape From Tarkov;Quests;16;USD;2026-01-07 18:31:28.883+00;2;unit;8
7b75c929-cb60-4a04-98fb-8136ba438dbc;option;3cbd020e-22ab-414d-9cd2-7b73a1dc5e3b;202f1f20-2a34-4f8a-b615-33d418576134;Farming Part 4;eft-mechanic-quests-boost;Mechanic Quests - Farming;Escape From Tarkov;Quests;16;USD;2026-01-07 18:31:29.243+00;4;unit;4
8adc0520-c500-4b4f-b78f-77634741a1f4;option;3cbd020e-22ab-414d-9cd2-7b73a1dc5e3b;214404e2-7755-4129-af9a-50444941b272;Network Provider Part 1;eft-mechanic-quests-boost;Mechanic Quests - Network Provider;Escape From Tarkov;Quests;16;USD;2026-01-07 18:31:29.601+00;1;unit;16
5f4a9c8c-c80c-41ea-982d-1c3cb1ac6c6e;option;07c5a6dd-e714-4db7-92b6-54707d54921d;6b8063d9-49b5-47a0-b863-e90c39a26678;EU;celestial-riding-ox;Celestial Riding Ox - Region;Mists of Pandaria;Mounts;0;USD;2026-01-07 18:31:29.957+00;1;unit;0
66698eba-cdac-4c89-b2e3-05ccd526da85;option;58004f5d-799a-43da-92d7-23994c13f4ff;fd1aae00-d68f-40b6-b0a1-b58d845f8102;Sew it Good Part 2;eft-ragman-quests-boost;Ragman Quests - Sew it Good;Escape From Tarkov;Quests;12;USD;2026-01-07 18:31:30.325+00;2;unit;6
5c985c63-3588-4ca7-8bb6-14f0021bf821;option;58004f5d-799a-43da-92d7-23994c13f4ff;64c0d4a2-6997-45cd-89f4-e79785d17e3a;A Fuel Matter;eft-ragman-quests-boost;Ragman Quests - A Fuel Matter;Escape From Tarkov;Quests;9;USD;2026-01-07 18:31:30.694+00;1;unit;9
7f92c312-5030-4aca-ad38-59366f9feb58;option;58004f5d-799a-43da-92d7-23994c13f4ff;64c0d4a2-6997-45cd-89f4-e79785d17e3a;Inventory Check;eft-ragman-quests-boost;Ragman Quests - A Fuel Matter;Escape From Tarkov;Quests;9;USD;2026-01-07 18:31:31.061+00;1;unit;9
2c976d29-ac55-4d9b-abc6-883463c895ba;option;58004f5d-799a-43da-92d7-23994c13f4ff;64c0d4a2-6997-45cd-89f4-e79785d17e3a;Supervisor;eft-ragman-quests-boost;Ragman Quests - A Fuel Matter;Escape From Tarkov;Quests;9;USD;2026-01-07 18:31:31.425+00;1;unit;9
19cc6801-ec18-43fc-a455-c1d5ef0ba1cc;option;58004f5d-799a-43da-92d7-23994c13f4ff;c100b975-426c-45d2-98e9-37b6608b5c1c;The Blood of War Part 1;eft-ragman-quests-boost;Ragman Quests - The Blood of War;Escape From Tarkov;Quests;9;USD;2026-01-07 18:31:31.791+00;1;unit;9
459d9370-2526-42bb-9923-0974517800bc;option;06415beb-fc6b-41b8-a3ee-89d5d2eeb991;2a55fd44-04b2-412f-b91f-e3fd400bab80;Friendly - Honored;lower-city;Lower City - Desired Reputation Level;WoW: TBC;Reputations;25;USD;2026-01-07 18:31:32.149+00;1;unit;25
6e36f161-44c9-4ab7-8247-59f2ecce2294;option;4b7324c2-79f9-4502-aa15-e1528e75dae1;9ae81e9a-8ea0-4982-90b0-6c4fbfd28931;Chumming;eft-skier-quests-boost;Skier Quests  - Other Quests;Escape From Tarkov;Quests;59;USD;2026-01-07 18:31:32.524+00;1;unit;59
d84eee5b-426a-4b37-bea5-9b978d824470;option;4b7324c2-79f9-4502-aa15-e1528e75dae1;9ae81e9a-8ea0-4982-90b0-6c4fbfd28931;Missing Cargo;eft-skier-quests-boost;Skier Quests  - Other Quests;Escape From Tarkov;Quests;12;USD;2026-01-07 18:31:32.907+00;1;unit;12
373d3df0-9ce7-48c7-a4a1-525e2a3fbbfe;option;4b7324c2-79f9-4502-aa15-e1528e75dae1;9ae81e9a-8ea0-4982-90b0-6c4fbfd28931;Serious Allegations;eft-skier-quests-boost;Skier Quests  - Other Quests;Escape From Tarkov;Quests;12;USD;2026-01-07 18:31:33.276+00;1;unit;12
890cf2d3-bb71-4fc9-9c85-4c8201998ed0;option;4b7324c2-79f9-4502-aa15-e1528e75dae1;4de04d6c-cba4-4192-af15-48a5194d62a2;Beyond the Red Meat Part 1;eft-skier-quests-boost;Skier Quests  - Beyond the Red Meat;Escape From Tarkov;Quests;14;USD;2026-01-07 18:31:33.656+00;1;unit;14
048f6900-d7a6-4294-bd5e-8ebb39c82542;option;4b7324c2-79f9-4502-aa15-e1528e75dae1;90412739-45cd-4f45-9e59-582bb5fa7155;Vitamins Part 2;eft-skier-quests-boost;Skier Quests  - Vitamins;Escape From Tarkov;Quests;39;USD;2026-01-07 18:31:34.159+00;2;unit;19.5
85995f73-8999-4e40-9997-9ddb94a8ee35;option;9090c2e2-8451-48a7-b9ef-60fe8eabb118;882f44ba-361c-442c-85ec-3ced85b38dbc;First in Line;eft-therapist-quests-boost;Therapist Quests - Quests;Escape From Tarkov;Quests;9;USD;2026-01-07 18:31:35.988+00;1;unit;9
04675785-ddad-4776-8739-2299ff8495d6;option;9090c2e2-8451-48a7-b9ef-60fe8eabb118;882f44ba-361c-442c-85ec-3ced85b38dbc;Private Clinic;eft-therapist-quests-boost;Therapist Quests - Quests;Escape From Tarkov;Quests;55;USD;2026-01-07 18:31:36.365+00;1;unit;55
15c980f3-9400-47e4-b326-f75e70762403;option;91c957d5-def7-4cf8-9fe2-e65fa1a9ca55;84fb6c4c-db59-4026-9ae8-dd352f566d9b;Pilot;the-big-g-mount;The Big G Mount  - Boost Method;War Within;Mounts;0;USD;2026-01-07 18:31:43.148+00;1;unit;0
f4bd776c-8d2b-463a-a872-3cc5a906b307;option;2e71414d-d885-412d-8f8f-b72b3c8d3957;f81823a9-4fe2-4438-89ed-5596b3b9be17;NA;tier-2-set;Tier 2 Set - Region;20th Anniversary WoW;Gear;0;USD;2026-01-07 18:32:00.685+00;1;unit;0
4f1e76af-e787-4415-9af2-6e95a3d5c326;option;cebda02f-f480-4da3-8685-daffab059876;e7e67482-d761-4b5e-ab3e-2d34b011a47c;Pilot;necromancer-builds;Necromancer Builds - Boost Mode;Diablo IV;Builds;0;USD;2026-01-07 18:32:41.576+00;1;unit;0
b912f603-13e6-460b-b26f-b0aed3b048de;option;c44e51a6-6928-4e15-9740-8ddf01790e56;127f2b0c-488f-4cf0-9e67-b105e5de2204;The Bunker Part 1 ;eft-prapor-quests-boost;Prapor Quests  - The Bunker ;Escape From Tarkov;Quests;7;USD;2026-01-07 18:31:21.996+00;1;unit;7
6f02f6ec-cbf5-4fb5-80b4-f38c731b8e73;option;c44e51a6-6928-4e15-9740-8ddf01790e56;c1411cb2-fd43-4857-912e-bdaa1513b871;Hell on Earth Part 1 ;eft-prapor-quests-boost;Prapor Quests  - Hell on Earth ;Escape From Tarkov;Quests;7;USD;2026-01-07 18:31:22.405+00;1;unit;7
5cd279b0-faed-44c7-b80d-dc879668fa39;option;4ce9d86c-8ab6-45f3-9de2-f58801d6e938;ce1b7662-9550-4089-a1c4-f45b13dd8852;Pilot;reins-of-the-heavenly-golden-cloud-serpent;Reins of the Heavenly Golden Cloud Serpent - Boost Mode;Mists of Pandaria;Mounts;0;USD;2026-01-07 18:31:22.82+00;1;unit;0
0e25dffc-1e70-4fdd-8536-43edeea7fd21;option;b3a012e1-1147-4cbc-843a-311a43375f22;f0a32849-4245-47f2-ae60-91d966b308b4;Pilot;the-shatar;The Sha'tar - Boost Method;WoW: TBC;Reputations;0;USD;2026-01-07 18:31:23.637+00;1;unit;0
f8b62c99-89f2-477d-a0cb-819cf4ee7f72;option;f011818c-6aff-4fbd-9b03-33afe3546522;3b6a6dc7-9fc4-436d-9d3f-4ee17b9e4130;Pilot;wow-tbc-fresh-gear-boost;Preraid Gear - Boost Method;WoW: TBC;Gearing;0;USD;2026-01-07 18:31:24.002+00;1;unit;0
4c0b1ee1-a4b4-4150-a1d6-ebdd5f765267;option;3745c202-29ea-4327-98a6-090be7fa1ae1;7869053d-4d06-4f2d-82e7-e9a4abb7873b;NA;glory-of-the-draenor-raider-boost;Glory of the Draenor Raider Boost - Region;War Within;Achievements;0;USD;2026-01-07 18:31:24.389+00;1;unit;0
1f6f6713-9cfd-4e95-8369-448e0c068282;option;8a94bd07-aa9c-42b8-844b-5fdd3a32c33d;1596bebb-8ee1-45ba-91d6-489c681aedad;XBOX;flesh-weld-rod;Flesh-weld Rod - Select Your Platform;Diablo IV;Cosmetics;0;USD;2026-01-07 18:31:24.783+00;1;unit;0
90b96701-380a-4e67-bc09-8df6bcf751fc;option;4ce5c5bd-e753-4347-b963-ae664d0bb4ea;71cbe815-455c-40fd-83c0-9b129c044c67;Healer;proving-grounds;Proving Grounds - Your Role;Mists of Pandaria;Challenge Mode;0;USD;2026-01-07 18:31:25.162+00;1;unit;0
e24eaeae-df0f-4dd8-87a1-d652da5a95ee;option;4ce5c5bd-e753-4347-b963-ae664d0bb4ea;84188a56-5ed7-4b89-aead-888a7a0b7571;463 ilvl Heroic Dungeon gear;proving-grounds;Proving Grounds - Extra Options;Mists of Pandaria;Challenge Mode;26.4;USD;2026-01-07 18:31:25.541+00;463;ilvl;0.0570194384449244
04590ce8-80bd-4e5b-8fac-4bbf729a4047;option;2e200164-35dc-42df-a478-7714265fae76;f7bccea9-4d88-4a3b-aeaa-c4c8cdb8d9fa;Divine Vigor;diablo-4-divine-gifts-boost;Divine Gifts - Divine Gifts;Diablo IV;Season of Divine Intervention;29;USD;2026-01-07 18:31:25.939+00;1;unit;29
546d92f2-d862-4838-ba23-c72841233bb0;option;4c970447-5caa-47d5-b1f5-3bdbb157c541;bdf84341-0a60-4890-a57e-7693bc216cd2;Pilot;eft-btr-driver-quests-boost;BTR Driver Quests - Boost Method;Escape From Tarkov;Quests;0;USD;2026-01-07 18:31:26.299+00;1;unit;0
e487055a-507c-406c-95b5-257f68a2f386;option;4c970447-5caa-47d5-b1f5-3bdbb157c541;621eceb4-4b08-4717-a704-82c74d02764b;Battery Change;eft-btr-driver-quests-boost;BTR Driver Quests - Quests;Escape From Tarkov;Quests;19;USD;2026-01-07 18:31:26.681+00;1;unit;19
49ecaa1e-6b8c-4567-980f-357aabee4a08;option;244987e0-2f07-4fe1-8a63-37c6d7a2fd2a;d7510e40-bacf-497e-991e-4a9d087eeed1;NA;black-temple-attunement;Black Temple Attunement - Region;WoW: TBC;Attunements;0;USD;2026-01-07 18:31:27.063+00;1;unit;0
eafdcec3-d923-4a05-b193-f48424a5e0bd;option;3cbd020e-22ab-414d-9cd2-7b73a1dc5e3b;887a8753-7192-4aed-b821-2c5f0911a422;PvP;eft-mechanic-quests-boost;Mechanic Quests - Server;Escape From Tarkov;Quests;0;USD;2026-01-07 18:31:27.431+00;1;unit;0
214e8ba3-41c5-48e3-9f4a-690994f3f7bc;option;3cbd020e-22ab-414d-9cd2-7b73a1dc5e3b;3a4ecd9b-b173-4821-8325-949b105eb419;Fertilizers;eft-mechanic-quests-boost;Mechanic Quests - Other Quests;Escape From Tarkov;Quests;9;USD;2026-01-07 18:31:27.803+00;1;unit;9
236ee876-2516-4f4f-bdea-b5c38ffc4fc8;option;3cbd020e-22ab-414d-9cd2-7b73a1dc5e3b;3a4ecd9b-b173-4821-8325-949b105eb419;Watching You;eft-mechanic-quests-boost;Mechanic Quests - Other Quests;Escape From Tarkov;Quests;9;USD;2026-01-07 18:31:28.186+00;1;unit;9
128364ab-4a9f-48f6-b3e6-6cd60705703e;option;3cbd020e-22ab-414d-9cd2-7b73a1dc5e3b;ef063bfa-0437-4c06-a3f2-f8ddc1194846;Assesment Part 3;eft-mechanic-quests-boost;Mechanic Quests - Assesment;Escape From Tarkov;Quests;39;USD;2026-01-07 18:31:28.93+00;3;unit;13
06e7e8e1-84a7-4254-b338-6acbe7342df6;option;3cbd020e-22ab-414d-9cd2-7b73a1dc5e3b;83cd43e0-e4f8-4da0-ae57-eab24f775f13;For 1 Part of Questline;eft-mechanic-quests-boost;Mechanic Quests - Gunsmith;Escape From Tarkov;Quests;9;USD;2026-01-07 18:31:29.28+00;1;part;9
12a8bffa-9934-401d-b32e-40d17cb7a273;option;3cbd020e-22ab-414d-9cd2-7b73a1dc5e3b;214404e2-7755-4129-af9a-50444941b272;Network Provider Part 2;eft-mechanic-quests-boost;Mechanic Quests - Network Provider;Escape From Tarkov;Quests;9;USD;2026-01-07 18:31:29.645+00;2;unit;4.5
ac980932-6bdb-4275-834c-a0564132fece;option;07c5a6dd-e714-4db7-92b6-54707d54921d;6b8063d9-49b5-47a0-b863-e90c39a26678;NA;celestial-riding-ox;Celestial Riding Ox - Region;Mists of Pandaria;Mounts;0;USD;2026-01-07 18:31:29.997+00;1;unit;0
d2f810ab-2841-465e-ad57-3df9f4e108d3;option;58004f5d-799a-43da-92d7-23994c13f4ff;fd1aae00-d68f-40b6-b0a1-b58d845f8102;Sew it Good Part 3;eft-ragman-quests-boost;Ragman Quests - Sew it Good;Escape From Tarkov;Quests;49;USD;2026-01-07 18:31:30.363+00;3;unit;16.333333333333332
48bb9ea2-1794-4b61-9049-d082be5f3ff9;option;58004f5d-799a-43da-92d7-23994c13f4ff;64c0d4a2-6997-45cd-89f4-e79785d17e3a;Audiophile;eft-ragman-quests-boost;Ragman Quests - A Fuel Matter;Escape From Tarkov;Quests;9;USD;2026-01-07 18:31:30.738+00;1;unit;9
a0bf2833-e40b-4d0b-840f-1263018d24b3;option;58004f5d-799a-43da-92d7-23994c13f4ff;64c0d4a2-6997-45cd-89f4-e79785d17e3a;Long Line;eft-ragman-quests-boost;Ragman Quests - A Fuel Matter;Escape From Tarkov;Quests;49;USD;2026-01-07 18:31:31.1+00;1;unit;49
31da730f-af87-40c5-8723-b38ea505e30a;option;58004f5d-799a-43da-92d7-23994c13f4ff;64c0d4a2-6997-45cd-89f4-e79785d17e3a;The Key to Success;eft-ragman-quests-boost;Ragman Quests - A Fuel Matter;Escape From Tarkov;Quests;12;USD;2026-01-07 18:31:31.464+00;1;unit;12
55562bb4-304b-46cd-9b62-2b7b3957cf80;option;58004f5d-799a-43da-92d7-23994c13f4ff;c100b975-426c-45d2-98e9-37b6608b5c1c;The Blood of War Part 2;eft-ragman-quests-boost;Ragman Quests - The Blood of War;Escape From Tarkov;Quests;9;USD;2026-01-07 18:31:31.831+00;2;unit;4.5
df10a226-8c8e-4cf0-8f0c-eb3019a0f572;option;06415beb-fc6b-41b8-a3ee-89d5d2eeb991;2a55fd44-04b2-412f-b91f-e3fd400bab80;Honored - Revered;lower-city;Lower City - Desired Reputation Level;WoW: TBC;Reputations;39;USD;2026-01-07 18:31:32.192+00;1;unit;39
10c06cae-c62b-46d9-8c45-309344e7f0d0;option;4b7324c2-79f9-4502-aa15-e1528e75dae1;9ae81e9a-8ea0-4982-90b0-6c4fbfd28931;Debtor;eft-skier-quests-boost;Skier Quests  - Other Quests;Escape From Tarkov;Quests;14;USD;2026-01-07 18:31:32.569+00;1;unit;14
44d7b603-d4e0-455b-b8b9-8dc8b150d70b;option;c397ed21-b281-4fe8-b57c-e92ccaa2ffd2;107a08f0-1b8d-4e5a-997d-b28eee1c6016;XBOX;ring-of-starless-skies;Ring of Starless Skies - Select Your Platform;Diablo IV;Items;0;USD;2026-01-07 18:31:34.519+00;1;unit;0
726bd414-eef9-48a0-b4cc-7e799f73c2fe;option;0493df5e-a534-41c9-9d6e-45ef3c13b8a6;8d6bb1bf-94eb-49a4-a4bd-bd0293d7ef84;Seasonal - Softcore;demonbinder-mount-armor;Demonbinder Mount Armor - Select World;Diablo IV;Cosmetics;87.56;USD;2026-01-07 18:31:34.884+00;1;unit;87.56
9ab8370b-0d29-4046-8187-99c351a00151;option;4a6f4fd7-ff05-453d-b904-113143c995be;d5866f1c-cd98-459b-a1b2-b24c969965a1;Remote;ogrila;Ogri'la - Boost Method;WoW: TBC;Reputations;30;USD;2026-01-07 18:31:35.243+00;1;unit;30
81440fbc-fdf0-4070-adef-0b2d9e1d2d9c;option;44d20b45-3c0a-4ead-8883-11865b42cb80;e1bfa259-182c-4a30-a1cf-c6ef2364f3c2;Selfplay;clutch-of-ji-kun;Clutch of Ji-Kun - Boost Mode;Mists of Pandaria;Mounts;0;USD;2026-01-07 18:31:35.62+00;1;unit;0
9ab35146-d30d-4669-96bf-6462eaca3a11;option;9090c2e2-8451-48a7-b9ef-60fe8eabb118;882f44ba-361c-442c-85ec-3ced85b38dbc;Shortage;eft-therapist-quests-boost;Therapist Quests - Quests;Escape From Tarkov;Quests;19;USD;2026-01-07 18:31:36.026+00;1;unit;19
acb48bab-b07e-41f9-97f8-58963d078fa7;option;9090c2e2-8451-48a7-b9ef-60fe8eabb118;882f44ba-361c-442c-85ec-3ced85b38dbc;Decontamination Service;eft-therapist-quests-boost;Therapist Quests - Quests;Escape From Tarkov;Quests;55;USD;2026-01-07 18:31:36.412+00;1;unit;55
d4d23f29-2d2d-48fc-ba92-4f9f005ceab0;option;9090c2e2-8451-48a7-b9ef-60fe8eabb118;29b6226c-e55e-459f-8da0-5701f667e1a0;Pets wont Need It  Part 2;eft-therapist-quests-boost;Therapist Quests - Pets wont Need It ;Escape From Tarkov;Quests;17;USD;2026-01-07 18:31:37.164+00;2;unit;8.5
5d1d4a4b-db2e-463e-851d-7ae974c5280f;option;9090c2e2-8451-48a7-b9ef-60fe8eabb118;882f44ba-361c-442c-85ec-3ced85b38dbc;Dangerous Road;eft-therapist-quests-boost;Therapist Quests - Quests;Escape From Tarkov;Quests;12;USD;2026-01-07 18:31:36.796+00;1;unit;12
fc63b6b2-4de9-42b0-acdd-2d57d0867321;option;c44e51a6-6928-4e15-9740-8ddf01790e56;127f2b0c-488f-4cf0-9e67-b105e5de2204;The Bunker Part 2 ;eft-prapor-quests-boost;Prapor Quests  - The Bunker ;Escape From Tarkov;Quests;17;USD;2026-01-07 18:31:22.04+00;2;unit;8.5
e5708899-2782-48d4-8659-c6a255fa4a33;product;2e200164-35dc-42df-a478-7714265fae76;;;diablo-4-divine-gifts-boost;Divine Gifts;Diablo IV;Season of Divine Intervention;1.99;USD;2026-01-07 14:01:11.888+00;1;unit;1.99000000000000000000
f66c2343-bdca-4338-bf7e-c15874703838;option;c44e51a6-6928-4e15-9740-8ddf01790e56;c1411cb2-fd43-4857-912e-bdaa1513b871;Hell on Earth Part 2 ;eft-prapor-quests-boost;Prapor Quests  - Hell on Earth ;Escape From Tarkov;Quests;529;USD;2026-01-07 18:31:22.453+00;2;unit;264.5
331f3b45-ceb1-4eca-8fee-cc86cc2ffa77;option;4ce9d86c-8ab6-45f3-9de2-f58801d6e938;9afb2e62-5b00-4280-ad36-3bf54a63fef1;EU;reins-of-the-heavenly-golden-cloud-serpent;Reins of the Heavenly Golden Cloud Serpent - Region;Mists of Pandaria;Mounts;0;USD;2026-01-07 18:31:22.869+00;1;unit;0
f4cf88a2-424b-41ed-944f-b6ade7ee2bff;option;e7f01c5e-6dc3-45e7-b07c-7b098ca4078d;02f107de-e4d7-411c-be6c-ce4e296878b4;Pilot;delvers-mana-skimmer-schematic-hyperdrive;Delver’s Mana-Skimmer Schematic: Hyperdrive - Boost Mode;War Within;Delves;0;USD;2026-01-07 18:31:23.276+00;1;unit;0
04a54ca6-3e62-48c6-93d5-9fbd654f246b;option;b3a012e1-1147-4cbc-843a-311a43375f22;f0a32849-4245-47f2-ae60-91d966b308b4;Remote;the-shatar;The Sha'tar - Boost Method;WoW: TBC;Reputations;30;USD;2026-01-07 18:31:23.677+00;1;unit;30
2486263f-2283-477e-a144-da991cd1aaef;option;f011818c-6aff-4fbd-9b03-33afe3546522;3b6a6dc7-9fc4-436d-9d3f-4ee17b9e4130;Remote;wow-tbc-fresh-gear-boost;Preraid Gear - Boost Method;WoW: TBC;Gearing;30;USD;2026-01-07 18:31:24.049+00;1;unit;30
e53b767f-52d4-4cd7-bc41-1552e8423137;option;3745c202-29ea-4327-98a6-090be7fa1ae1;72d178db-6324-495c-ab41-afc636ca0f9d;Selfplay;glory-of-the-draenor-raider-boost;Glory of the Draenor Raider Boost - Boost Mode;War Within;Achievements;0;USD;2026-01-07 18:31:24.431+00;1;unit;0
2ee5bc1b-8594-49db-8d54-385837681c35;option;8a94bd07-aa9c-42b8-844b-5fdd3a32c33d;3661297b-af61-49e3-82db-b7db7a1963f2;Seasonal - Softcore;flesh-weld-rod;Flesh-weld Rod - Select World;Diablo IV;Cosmetics;87.56;USD;2026-01-07 18:31:24.824+00;1;unit;87.56
e0ea6c5d-7d9a-4884-9956-1170c84a6103;option;4ce5c5bd-e753-4347-b963-ae664d0bb4ea;71cbe815-455c-40fd-83c0-9b129c044c67;Tank;proving-grounds;Proving Grounds - Your Role;Mists of Pandaria;Challenge Mode;0;USD;2026-01-07 18:31:25.204+00;1;unit;0
d54c9d64-ae49-47d9-bc2c-8575ce01ce62;option;2e200164-35dc-42df-a478-7714265fae76;f7bccea9-4d88-4a3b-aeaa-c4c8cdb8d9fa;Divine Insight;diablo-4-divine-gifts-boost;Divine Gifts - Divine Gifts;Diablo IV;Season of Divine Intervention;29;USD;2026-01-07 18:31:25.977+00;1;unit;29
ae17e484-dfbe-457d-a37d-f054a40e5915;option;4c970447-5caa-47d5-b1f5-3bdbb157c541;621eceb4-4b08-4717-a704-82c74d02764b;Shipping Delay;eft-btr-driver-quests-boost;BTR Driver Quests - Quests;Escape From Tarkov;Quests;12;USD;2026-01-07 18:31:26.336+00;1;unit;12
c877e63e-e889-421f-b01f-bf02e5130397;option;4c970447-5caa-47d5-b1f5-3bdbb157c541;621eceb4-4b08-4717-a704-82c74d02764b;Protect the Sky;eft-btr-driver-quests-boost;BTR Driver Quests - Quests;Escape From Tarkov;Quests;9;USD;2026-01-07 18:31:26.727+00;1;unit;9
ac77831a-609c-4e05-a5a5-6f7af8f62ce1;option;244987e0-2f07-4fe1-8a63-37c6d7a2fd2a;f0a7678d-225a-470b-bd15-410f86a1d982;Pilot;black-temple-attunement;Black Temple Attunement - Boost Method;WoW: TBC;Attunements;0;USD;2026-01-07 18:31:27.099+00;1;unit;0
47203fe5-bc01-403d-ad22-915db975aaaf;option;3cbd020e-22ab-414d-9cd2-7b73a1dc5e3b;887a8753-7192-4aed-b821-2c5f0911a422;PvE;eft-mechanic-quests-boost;Mechanic Quests - Server;Escape From Tarkov;Quests;0;USD;2026-01-07 18:31:27.477+00;1;unit;0
b0a48333-1c2c-4683-b509-838b691fdebc;option;3cbd020e-22ab-414d-9cd2-7b73a1dc5e3b;3a4ecd9b-b173-4821-8325-949b105eb419;A Shooter Born In Heaven;eft-mechanic-quests-boost;Mechanic Quests - Other Quests;Escape From Tarkov;Quests;65;USD;2026-01-07 18:31:27.843+00;1;unit;65
f64330c2-aa57-4eb2-85bb-68a22dfdc982;option;3cbd020e-22ab-414d-9cd2-7b73a1dc5e3b;3a4ecd9b-b173-4821-8325-949b105eb419;Getting Acquainted;eft-mechanic-quests-boost;Mechanic Quests - Other Quests;Escape From Tarkov;Quests;15;USD;2026-01-07 18:31:28.223+00;1;unit;15
1b1d4003-cf59-48fd-bebc-1b20a3030fff;option;3cbd020e-22ab-414d-9cd2-7b73a1dc5e3b;3a4ecd9b-b173-4821-8325-949b105eb419;Black Swan;eft-mechanic-quests-boost;Mechanic Quests - Other Quests;Escape From Tarkov;Quests;24;USD;2026-01-07 18:31:28.603+00;1;unit;24
96f64aab-87f2-4ea2-995d-4eb3dd8b22cb;option;3cbd020e-22ab-414d-9cd2-7b73a1dc5e3b;beff28e3-12d2-44f5-b0d6-d63f67f5a32a;Broadcast Part 1;eft-mechanic-quests-boost;Mechanic Quests - Broadcast;Escape From Tarkov;Quests;9;USD;2026-01-07 18:31:28.968+00;1;unit;9
684230b7-1789-402f-91f6-8ac6ec32bc62;option;3cbd020e-22ab-414d-9cd2-7b73a1dc5e3b;e92a6165-af13-4b27-b692-a2da2b4e4a44;Make Amends;eft-mechanic-quests-boost;Mechanic Quests - Make Amends;Escape From Tarkov;Quests;16;USD;2026-01-07 18:31:29.32+00;1;unit;16
5ce306b1-cad3-40a4-b2ff-0ff4ce74e1b5;option;3cbd020e-22ab-414d-9cd2-7b73a1dc5e3b;d4704122-b712-478d-a5f9-92e54cee9e47;Signal Part 1;eft-mechanic-quests-boost;Mechanic Quests - Signal;Escape From Tarkov;Quests;6;USD;2026-01-07 18:31:29.687+00;1;unit;6
b27ec274-c372-4d2f-baf4-633263171fdd;option;58004f5d-799a-43da-92d7-23994c13f4ff;64c0d4a2-6997-45cd-89f4-e79785d17e3a;Ballet Lover;eft-ragman-quests-boost;Ragman Quests - A Fuel Matter;Escape From Tarkov;Quests;9;USD;2026-01-07 18:31:30.776+00;1;unit;9
a18cfbc4-3b41-43aa-ac42-88e9197ce138;option;58004f5d-799a-43da-92d7-23994c13f4ff;64c0d4a2-6997-45cd-89f4-e79785d17e3a;Make ULTRA Great Again;eft-ragman-quests-boost;Ragman Quests - A Fuel Matter;Escape From Tarkov;Quests;19;USD;2026-01-07 18:31:31.141+00;1;unit;19
ea6696fe-3a8b-49c7-8215-8b6de610a286;option;58004f5d-799a-43da-92d7-23994c13f4ff;64c0d4a2-6997-45cd-89f4-e79785d17e3a;The Stylish One;eft-ragman-quests-boost;Ragman Quests - A Fuel Matter;Escape From Tarkov;Quests;459;USD;2026-01-07 18:31:31.508+00;1;unit;459
3bd38cf7-c26f-4758-8427-c8123b26f87c;option;4b7324c2-79f9-4502-aa15-e1528e75dae1;9ae81e9a-8ea0-4982-90b0-6c4fbfd28931;The Walls have Eyes;eft-skier-quests-boost;Skier Quests  - Other Quests;Escape From Tarkov;Quests;14;USD;2026-01-07 18:31:32.947+00;1;unit;14
0f3a9478-abe2-491f-8270-5b6130177c9d;option;4b7324c2-79f9-4502-aa15-e1528e75dae1;9ae81e9a-8ea0-4982-90b0-6c4fbfd28931;Proper Comeback;eft-skier-quests-boost;Skier Quests  - Other Quests;Escape From Tarkov;Quests;19;USD;2026-01-07 18:31:33.325+00;1;unit;19
7163115f-c700-46eb-9636-5457b17f032d;option;4b7324c2-79f9-4502-aa15-e1528e75dae1;4de04d6c-cba4-4192-af15-48a5194d62a2;Beyond the Red Meat Part 2;eft-skier-quests-boost;Skier Quests  - Beyond the Red Meat;Escape From Tarkov;Quests;19;USD;2026-01-07 18:31:33.696+00;2;unit;9.5
0eaa61a6-eb85-4750-bf0a-4bea07a76b49;option;4b7324c2-79f9-4502-aa15-e1528e75dae1;4cc9b424-39e7-48ee-b345-04668f0ed72e;Chemical Part 3;eft-skier-quests-boost;Skier Quests  - Chemical;Escape From Tarkov;Quests;14;USD;2026-01-07 18:31:33.836+00;3;unit;4.666666666666667
7af560f8-5f4b-4145-9e6c-d500ef596557;option;4b7324c2-79f9-4502-aa15-e1528e75dae1;e6b61734-ff4a-451c-afd9-48c513be3a9e;Easy Money;eft-skier-quests-boost;Skier Quests  - Easy Money;Escape From Tarkov;Quests;12;USD;2026-01-07 18:31:34.203+00;1;unit;12
da72127b-4d93-44dd-920c-6fe717973cc9;option;c397ed21-b281-4fe8-b57c-e92ccaa2ffd2;1c5db3c4-78e0-48f4-8a04-a0416cd90987;Seasonal;ring-of-starless-skies;Ring of Starless Skies - Select World - Softcore;Diablo IV;Items;0;USD;2026-01-07 18:31:34.557+00;1;unit;0
bf3fe013-9a60-43be-8e5d-b421df561e15;option;0493df5e-a534-41c9-9d6e-45ef3c13b8a6;8d6bb1bf-94eb-49a4-a4bd-bd0293d7ef84;Eternal - Softcore;demonbinder-mount-armor;Demonbinder Mount Armor - Select World;Diablo IV;Cosmetics;131.34;USD;2026-01-07 18:31:34.925+00;1;unit;131.34
9a326377-8795-4c62-b40f-fbf9bda60b93;option;4a6f4fd7-ff05-453d-b904-113143c995be;096e7e44-c3a3-4acb-af4b-59c0403226d6;EU;ogrila;Ogri'la - Region;WoW: TBC;Reputations;0;USD;2026-01-07 18:31:35.285+00;1;unit;0
fb04155e-6748-4bf4-9c68-c42a0a7f6fbe;option;44d20b45-3c0a-4ead-8883-11865b42cb80;3b08f6d1-b0be-4af8-aeec-e1580eade05f;EU;clutch-of-ji-kun;Clutch of Ji-Kun - Region;Mists of Pandaria;Mounts;0;USD;2026-01-07 18:31:35.66+00;1;unit;0
b77657f1-8cf1-4b6d-9007-8f40fe9ada43;option;9090c2e2-8451-48a7-b9ef-60fe8eabb118;882f44ba-361c-442c-85ec-3ced85b38dbc;Painkiller;eft-therapist-quests-boost;Therapist Quests - Quests;Escape From Tarkov;Quests;17;USD;2026-01-07 18:31:36.067+00;1;unit;17
fd90efc1-56fd-483d-9cd2-e53fa35e6785;option;9090c2e2-8451-48a7-b9ef-60fe8eabb118;882f44ba-361c-442c-85ec-3ced85b38dbc;General Wares;eft-therapist-quests-boost;Therapist Quests - Quests;Escape From Tarkov;Quests;17;USD;2026-01-07 18:31:36.455+00;1;unit;17
3e917d88-10d3-4ce6-9e30-c17799e44ccf;option;c44e51a6-6928-4e15-9740-8ddf01790e56;ada32142-389e-43e4-9627-45e7a7c8e643;The Punisher Part 1 ;eft-prapor-quests-boost;Prapor Quests  - The Punisher ;Escape From Tarkov;Quests;15;USD;2026-01-07 18:31:22.088+00;1;unit;15
df0772a0-9fb0-45e3-9ac3-22b3178409ec;option;e7f01c5e-6dc3-45e7-b07c-7b098ca4078d;02f107de-e4d7-411c-be6c-ce4e296878b4;Remote;delvers-mana-skimmer-schematic-hyperdrive;Delver’s Mana-Skimmer Schematic: Hyperdrive - Boost Mode;War Within;Delves;0;USD;2026-01-07 18:31:23.319+00;1;unit;0
90df1a1f-206a-483f-a255-f16b39f7c29c;product;5b7a773f-10ee-4feb-8abb-56ee74a646f9;;;challenge-mode-gold-pack;Challenge Mode Gold Pack;Mists of Pandaria;Challenge Mode;69;USD;2026-01-07 14:01:07.855+00;1;unit;69.0000000000000000
9db0c165-3d58-4b9c-ba34-84436b0d3b1e;option;b3a012e1-1147-4cbc-843a-311a43375f22;78062c83-f327-4395-8cc9-436117f0275c;EU;the-shatar;The Sha'tar - Region;WoW: TBC;Reputations;0;USD;2026-01-07 18:31:23.72+00;1;unit;0
eba33bda-18a0-4f4b-9733-c94aac23747b;product;f8b2faa3-8595-46a2-885c-483c2a74211b;;;difficulty-unlock;Difficulty Unlock;Diablo IV;Leveling;0;USD;2026-01-07 14:02:10.549+00;1;unit;0.00000000000000000000
fdc6a124-8ea3-42f5-af31-4e9954be750a;option;f011818c-6aff-4fbd-9b03-33afe3546522;43549577-41b3-4a47-b03f-884cece6c722;EU;wow-tbc-fresh-gear-boost;Preraid Gear - Region;WoW: TBC;Gearing;0;USD;2026-01-07 18:31:24.086+00;1;unit;0
a56e24d8-f882-464a-8bbc-ab0b05aa188b;option;3745c202-29ea-4327-98a6-090be7fa1ae1;72d178db-6324-495c-ab41-afc636ca0f9d;Pilot;glory-of-the-draenor-raider-boost;Glory of the Draenor Raider Boost - Boost Mode;War Within;Achievements;0;USD;2026-01-07 18:31:24.475+00;1;unit;0
adde66c6-e972-4a36-96ec-ab5c125964f2;option;8a94bd07-aa9c-42b8-844b-5fdd3a32c33d;3661297b-af61-49e3-82db-b7db7a1963f2;Eternal - Softcore;flesh-weld-rod;Flesh-weld Rod - Select World;Diablo IV;Cosmetics;131.34;USD;2026-01-07 18:31:24.867+00;1;unit;131.34
3c0ad51f-ba2c-4fd1-97b5-47b7c61a644c;option;4ce5c5bd-e753-4347-b963-ae664d0bb4ea;691c0c82-6528-4702-9563-e6fb2e5369a8;Bronze;proving-grounds;Proving Grounds - Select Trial Difficulty;Mists of Pandaria;Challenge Mode;7.96;USD;2026-01-07 18:31:25.258+00;1;unit;7.96
a97f8284-cb80-44d9-86b6-08e8c6fd0cf7;option;2e200164-35dc-42df-a478-7714265fae76;32f290d8-eec9-4e11-899c-d429b2f77706;Pilot;diablo-4-divine-gifts-boost;Divine Gifts - Boost Mode;Diablo IV;Season of Divine Intervention;0;USD;2026-01-07 18:31:25.658+00;1;unit;0
c02478ba-032e-4e4c-a1c9-ee1a420a0eac;option;2e200164-35dc-42df-a478-7714265fae76;f7bccea9-4d88-4a3b-aeaa-c4c8cdb8d9fa;Divine Resolve;diablo-4-divine-gifts-boost;Divine Gifts - Divine Gifts;Diablo IV;Season of Divine Intervention;29;USD;2026-01-07 18:31:26.015+00;1;unit;29
a2cc5cea-bca5-4df6-a865-16f28eb03a3c;option;4c970447-5caa-47d5-b1f5-3bdbb157c541;621eceb4-4b08-4717-a704-82c74d02764b;Hot Wheels;eft-btr-driver-quests-boost;BTR Driver Quests - Quests;Escape From Tarkov;Quests;9;USD;2026-01-07 18:31:26.375+00;1;unit;9
036a7ac0-cd1e-4780-a556-fe839a18f849;option;4c970447-5caa-47d5-b1f5-3bdbb157c541;621eceb4-4b08-4717-a704-82c74d02764b;Discombobulate;eft-btr-driver-quests-boost;BTR Driver Quests - Quests;Escape From Tarkov;Quests;9;USD;2026-01-07 18:31:26.768+00;1;unit;9
0b4a2cec-b377-417a-85de-925f22142bb7;option;244987e0-2f07-4fe1-8a63-37c6d7a2fd2a;f0a7678d-225a-470b-bd15-410f86a1d982;Remote;black-temple-attunement;Black Temple Attunement - Boost Method;WoW: TBC;Attunements;33;USD;2026-01-07 18:31:27.141+00;1;unit;33
8ed54bc0-659c-4e7a-aeaf-e5c661f4b803;option;3cbd020e-22ab-414d-9cd2-7b73a1dc5e3b;71d16961-3b25-49bb-afda-656a6abd685c;Pilot;eft-mechanic-quests-boost;Mechanic Quests - Boost Method;Escape From Tarkov;Quests;0;USD;2026-01-07 18:31:27.515+00;1;unit;0
3fd077a5-8274-44c9-9629-d43f2f851486;option;3cbd020e-22ab-414d-9cd2-7b73a1dc5e3b;3a4ecd9b-b173-4821-8325-949b105eb419;Introduction;eft-mechanic-quests-boost;Mechanic Quests - Other Quests;Escape From Tarkov;Quests;9;USD;2026-01-07 18:31:27.881+00;1;unit;9
43bf8980-da19-4cf8-a5e7-399a5ad95fd4;option;3cbd020e-22ab-414d-9cd2-7b73a1dc5e3b;3a4ecd9b-b173-4821-8325-949b105eb419;Knock-Knock;eft-mechanic-quests-boost;Mechanic Quests - Other Quests;Escape From Tarkov;Quests;9;USD;2026-01-07 18:31:28.262+00;1;unit;9
a8e8a317-2d32-4334-b3fb-bde32120e0bd;option;3cbd020e-22ab-414d-9cd2-7b73a1dc5e3b;3a4ecd9b-b173-4821-8325-949b105eb419;Forklift Certified;eft-mechanic-quests-boost;Mechanic Quests - Other Quests;Escape From Tarkov;Quests;29;USD;2026-01-07 18:31:28.642+00;1;unit;29
6658c947-d629-48b9-b26d-d54f95187647;option;3cbd020e-22ab-414d-9cd2-7b73a1dc5e3b;beff28e3-12d2-44f5-b0d6-d63f67f5a32a;Broadcast Part 2;eft-mechanic-quests-boost;Mechanic Quests - Broadcast;Escape From Tarkov;Quests;9;USD;2026-01-07 18:31:29.007+00;2;unit;4.5
1c648cf8-8a6d-4427-a8db-2f04404008ce;option;3cbd020e-22ab-414d-9cd2-7b73a1dc5e3b;e92a6165-af13-4b27-b692-a2da2b4e4a44;Buyout;eft-mechanic-quests-boost;Mechanic Quests - Make Amends;Escape From Tarkov;Quests;9;USD;2026-01-07 18:31:29.36+00;1;unit;9
f0963cf3-9373-4201-aae3-a9b326727d34;option;3cbd020e-22ab-414d-9cd2-7b73a1dc5e3b;d4704122-b712-478d-a5f9-92e54cee9e47;Signal Part 2;eft-mechanic-quests-boost;Mechanic Quests - Signal;Escape From Tarkov;Quests;6;USD;2026-01-07 18:31:29.727+00;2;unit;3
79db9764-9774-4ab4-a3e9-5a67cb62841f;option;e27aa70f-b220-4727-a440-28721d60c0b4;efe13a54-912f-4a76-8476-195005e1c65c;Pilot;terror-of-the-wastes;Terror of the Wastes - Boost Method;War Within;Mounts;0;USD;2026-01-07 18:31:30.073+00;1;unit;0
e7d8f2b2-0c0c-417f-b7d2-8754b8aa54f7;option;58004f5d-799a-43da-92d7-23994c13f4ff;c100b975-426c-45d2-98e9-37b6608b5c1c;The Blood of War Part 3;eft-ragman-quests-boost;Ragman Quests - The Blood of War;Escape From Tarkov;Quests;9;USD;2026-01-07 18:31:31.87+00;3;unit;3
37a4a36b-0eb9-4e2f-ac7f-f4a7c195c89f;option;06415beb-fc6b-41b8-a3ee-89d5d2eeb991;2a55fd44-04b2-412f-b91f-e3fd400bab80;Revered - Exalted;lower-city;Lower City - Desired Reputation Level;WoW: TBC;Reputations;49;USD;2026-01-07 18:31:32.235+00;1;unit;49
df5792a0-23d2-4905-bedf-d0fd2ff5c46c;option;4b7324c2-79f9-4502-aa15-e1528e75dae1;9ae81e9a-8ea0-4982-90b0-6c4fbfd28931;Flint;eft-skier-quests-boost;Skier Quests  - Other Quests;Escape From Tarkov;Quests;9;USD;2026-01-07 18:31:32.611+00;1;unit;9
3197a5e1-64f4-4730-919a-8623a7edbfdf;option;4b7324c2-79f9-4502-aa15-e1528e75dae1;9ae81e9a-8ea0-4982-90b0-6c4fbfd28931;Night Sweep;eft-skier-quests-boost;Skier Quests  - Other Quests;Escape From Tarkov;Quests;249;USD;2026-01-07 18:31:32.984+00;1;unit;249
61b41ee8-6ec0-46ac-9836-9ec0390568de;option;4b7324c2-79f9-4502-aa15-e1528e75dae1;9ae81e9a-8ea0-4982-90b0-6c4fbfd28931;No Swiping;eft-skier-quests-boost;Skier Quests  - Other Quests;Escape From Tarkov;Quests;69;USD;2026-01-07 18:31:33.364+00;1;unit;69
56b77fa2-d693-4c4d-8ac5-26495b4944a6;option;4b7324c2-79f9-4502-aa15-e1528e75dae1;4cc9b424-39e7-48ee-b345-04668f0ed72e;Chemical Part 1;eft-skier-quests-boost;Skier Quests  - Chemical;Escape From Tarkov;Quests;14;USD;2026-01-07 18:31:33.743+00;1;unit;14
4d4b6ab9-14f9-46dc-baf3-62dfd6465ccf;option;4b7324c2-79f9-4502-aa15-e1528e75dae1;4cc9b424-39e7-48ee-b345-04668f0ed72e;Chemical Part 4;eft-skier-quests-boost;Skier Quests  - Chemical;Escape From Tarkov;Quests;14;USD;2026-01-07 18:31:33.873+00;4;unit;3.5
9fd9f788-8962-417c-8aae-5d5130d7f9b2;option;4b7324c2-79f9-4502-aa15-e1528e75dae1;d952b1da-0ae1-445d-82a5-8a93115e7cf1;Breadwinner;eft-skier-quests-boost;Skier Quests  - Thirsty;Escape From Tarkov;Quests;24;USD;2026-01-07 18:31:34.24+00;1;unit;24
52365db1-7c43-48cb-86db-37719a2f4da7;option;c397ed21-b281-4fe8-b57c-e92ccaa2ffd2;1c5db3c4-78e0-48f4-8a04-a0416cd90987;Eternal;ring-of-starless-skies;Ring of Starless Skies - Select World - Softcore;Diablo IV;Items;50;USD;2026-01-07 18:31:34.598+00;1;unit;50
3975a13e-1cc8-4a88-9d90-1d610aacb089;option;4a6f4fd7-ff05-453d-b904-113143c995be;096e7e44-c3a3-4acb-af4b-59c0403226d6;NA;ogrila;Ogri'la - Region;WoW: TBC;Reputations;0;USD;2026-01-07 18:31:35.325+00;1;unit;0
1ccf3e45-9585-49a9-a0da-27fec658d8b3;option;44d20b45-3c0a-4ead-8883-11865b42cb80;3b08f6d1-b0be-4af8-aeec-e1580eade05f;NA;clutch-of-ji-kun;Clutch of Ji-Kun - Region;Mists of Pandaria;Mounts;0;USD;2026-01-07 18:31:35.698+00;1;unit;0
606a45b7-a7e1-41b7-8431-b8c2a5ac820c;option;9090c2e2-8451-48a7-b9ef-60fe8eabb118;882f44ba-361c-442c-85ec-3ced85b38dbc;Pharmacist;eft-therapist-quests-boost;Therapist Quests - Quests;Escape From Tarkov;Quests;12;USD;2026-01-07 18:31:36.106+00;1;unit;12
3dbb822b-a112-4a17-8bc6-b6c8b6fcf917;option;9090c2e2-8451-48a7-b9ef-60fe8eabb118;882f44ba-361c-442c-85ec-3ced85b38dbc;Out of Curiosity;eft-therapist-quests-boost;Therapist Quests - Quests;Escape From Tarkov;Quests;7;USD;2026-01-07 18:31:36.494+00;1;unit;7
83aa04f0-1b4d-42c5-b2ce-5d57b9f2196e;option;9090c2e2-8451-48a7-b9ef-60fe8eabb118;882f44ba-361c-442c-85ec-3ced85b38dbc;Ambulances Again;eft-therapist-quests-boost;Therapist Quests - Quests;Escape From Tarkov;Quests;17;USD;2026-01-07 18:31:36.886+00;1;unit;17
2537b61a-b220-41e3-8fb7-b3754a5abba1;option;c44e51a6-6928-4e15-9740-8ddf01790e56;ada32142-389e-43e4-9627-45e7a7c8e643;The Punisher Part 2 ;eft-prapor-quests-boost;Prapor Quests  - The Punisher ;Escape From Tarkov;Quests;15;USD;2026-01-07 18:31:22.135+00;2;unit;7.5
d7f13367-f096-4c8b-908c-e797ce241d56;product;4b7324c2-79f9-4502-aa15-e1528e75dae1;;;eft-skier-quests-boost;Skier Quests ;Escape From Tarkov;Quests;1.99;USD;2026-01-07 14:01:20.478+00;1;unit;1.99000000000000000000
74db9aed-c0df-4c9b-9c33-1f96f6119a24;product;0493df5e-a534-41c9-9d6e-45ef3c13b8a6;;;demonbinder-mount-armor;Demonbinder Mount Armor;Diablo IV;Cosmetics;0;USD;2026-01-07 14:01:23.943+00;1;unit;0.00000000000000000000
3cab4cc6-f038-496e-bee9-487fb3690841;option;5b7a773f-10ee-4feb-8abb-56ee74a646f9;cf6d12fc-43e0-4ed4-97ff-06a4ab0b6cde;Pilot;challenge-mode-gold-pack;Challenge Mode Gold Pack - Boost Mode;Mists of Pandaria;Challenge Mode;0;USD;2026-01-07 18:31:22.542+00;1;unit;0
94125f01-b2e3-4236-805c-3e98b4b70cf2;option;4ce9d86c-8ab6-45f3-9de2-f58801d6e938;46b083fb-4e72-4336-9b49-cfbbe613c0c3;Cloud Serpent Riding;reins-of-the-heavenly-golden-cloud-serpent;Reins of the Heavenly Golden Cloud Serpent - Additional Options;Mists of Pandaria;Mounts;146.04;USD;2026-01-07 18:31:22.951+00;1;unit;146.04
bb63062d-850a-410c-bd1a-ab700ceb2461;option;e7f01c5e-6dc3-45e7-b07c-7b098ca4078d;909a9789-7288-4c92-adb9-9c6752018484;EU;delvers-mana-skimmer-schematic-hyperdrive;Delver’s Mana-Skimmer Schematic: Hyperdrive - Region;War Within;Delves;0;USD;2026-01-07 18:31:23.364+00;1;unit;0
7d799c5e-a342-4e99-94b6-e9ea5ee08b64;option;b3a012e1-1147-4cbc-843a-311a43375f22;78062c83-f327-4395-8cc9-436117f0275c;NA;the-shatar;The Sha'tar - Region;WoW: TBC;Reputations;0;USD;2026-01-07 18:31:23.758+00;1;unit;0
2056c177-af01-4201-8fd7-233678a64d09;option;f011818c-6aff-4fbd-9b03-33afe3546522;43549577-41b3-4a47-b03f-884cece6c722;NA;wow-tbc-fresh-gear-boost;Preraid Gear - Region;WoW: TBC;Gearing;0;USD;2026-01-07 18:31:24.123+00;1;unit;0
103cb0be-d76c-49d2-990a-a059e9eeccf2;option;3745c202-29ea-4327-98a6-090be7fa1ae1;72d178db-6324-495c-ab41-afc636ca0f9d;Remote;glory-of-the-draenor-raider-boost;Glory of the Draenor Raider Boost - Boost Mode;War Within;Achievements;12.11;USD;2026-01-07 18:31:24.513+00;1;unit;12.11
e28e3871-bb2f-4254-b927-dc319632b7d0;option;4ce5c5bd-e753-4347-b963-ae664d0bb4ea;691c0c82-6528-4702-9563-e6fb2e5369a8;Silver;proving-grounds;Proving Grounds - Select Trial Difficulty;Mists of Pandaria;Challenge Mode;11.56;USD;2026-01-07 18:31:25.295+00;1;unit;11.56
6f6f78cd-dd27-4c69-a331-a4112ad52545;option;2e200164-35dc-42df-a478-7714265fae76;32f290d8-eec9-4e11-899c-d429b2f77706;Selfplay;diablo-4-divine-gifts-boost;Divine Gifts - Boost Mode;Diablo IV;Season of Divine Intervention;0;USD;2026-01-07 18:31:25.699+00;1;unit;0
bdf43a74-ecba-4fe0-b19f-a169031821c5;option;2e200164-35dc-42df-a478-7714265fae76;f7bccea9-4d88-4a3b-aeaa-c4c8cdb8d9fa;Divine Favor;diablo-4-divine-gifts-boost;Divine Gifts - Divine Gifts;Diablo IV;Season of Divine Intervention;29;USD;2026-01-07 18:31:26.054+00;1;unit;29
395de881-f6ed-452e-aa17-ad5ac1dee503;option;4c970447-5caa-47d5-b1f5-3bdbb157c541;621eceb4-4b08-4717-a704-82c74d02764b;Hot Wheels - Let's Try Again;eft-btr-driver-quests-boost;BTR Driver Quests - Quests;Escape From Tarkov;Quests;9;USD;2026-01-07 18:31:26.414+00;1;unit;9
c7f3281c-7c95-4b87-9098-e60cf6d097d3;option;4c970447-5caa-47d5-b1f5-3bdbb157c541;621eceb4-4b08-4717-a704-82c74d02764b;The Price of Independence;eft-btr-driver-quests-boost;BTR Driver Quests - Quests;Escape From Tarkov;Quests;99;USD;2026-01-07 18:31:26.811+00;1;unit;99
039a6836-130d-4553-a615-108137ce0a57;option;3cbd020e-22ab-414d-9cd2-7b73a1dc5e3b;71d16961-3b25-49bb-afda-656a6abd685c;Selfplay;eft-mechanic-quests-boost;Mechanic Quests - Boost Method;Escape From Tarkov;Quests;30;USD;2026-01-07 18:31:27.552+00;1;unit;30
b5c2ddc2-336b-48fe-a6e4-98b27776a8f0;option;3cbd020e-22ab-414d-9cd2-7b73a1dc5e3b;3a4ecd9b-b173-4821-8325-949b105eb419;Chemistry Closet;eft-mechanic-quests-boost;Mechanic Quests - Other Quests;Escape From Tarkov;Quests;9;USD;2026-01-07 18:31:27.924+00;1;unit;9
f925f8be-7db3-47f1-b13b-7c01fe01c5c9;option;3cbd020e-22ab-414d-9cd2-7b73a1dc5e3b;3a4ecd9b-b173-4821-8325-949b105eb419;Key to the Tower;eft-mechanic-quests-boost;Mechanic Quests - Other Quests;Escape From Tarkov;Quests;9;USD;2026-01-07 18:31:28.301+00;1;unit;9
c66c5c49-2e07-4666-ab2e-0203e6737685;option;3cbd020e-22ab-414d-9cd2-7b73a1dc5e3b;3a4ecd9b-b173-4821-8325-949b105eb419;Steady Signal;eft-mechanic-quests-boost;Mechanic Quests - Other Quests;Escape From Tarkov;Quests;29;USD;2026-01-07 18:31:28.683+00;1;unit;29
88612e5d-73ca-4925-a315-0a3d3088a635;option;58004f5d-799a-43da-92d7-23994c13f4ff;e3e4718c-297f-49db-bdba-502f8b718ed2;Textile Part 1;eft-ragman-quests-boost;Ragman Quests - Textile;Escape From Tarkov;Quests;19;USD;2026-01-07 18:31:30.438+00;1;unit;19
2d040cfc-4ced-44c8-a1b0-244ff8010ccd;option;58004f5d-799a-43da-92d7-23994c13f4ff;64c0d4a2-6997-45cd-89f4-e79785d17e3a;Big Sale;eft-ragman-quests-boost;Ragman Quests - A Fuel Matter;Escape From Tarkov;Quests;9;USD;2026-01-07 18:31:30.813+00;1;unit;9
5a6bac3c-6259-455f-82b6-eeda4cf5c481;option;58004f5d-799a-43da-92d7-23994c13f4ff;64c0d4a2-6997-45cd-89f4-e79785d17e3a;Minibus;eft-ragman-quests-boost;Ragman Quests - A Fuel Matter;Escape From Tarkov;Quests;9;USD;2026-01-07 18:31:31.179+00;1;unit;9
8343dd46-0534-4260-955a-3b4b39d1a991;option;58004f5d-799a-43da-92d7-23994c13f4ff;f28ab7f2-f5b0-4192-af7c-78649bb8cb2e;Database Part 1;eft-ragman-quests-boost;Ragman Quests - Database;Escape From Tarkov;Quests;9;USD;2026-01-07 18:31:31.546+00;1;unit;9
36aab10a-70c9-4671-a240-945a50c20b6a;option;4b7324c2-79f9-4502-aa15-e1528e75dae1;9ae81e9a-8ea0-4982-90b0-6c4fbfd28931;Golden Swag;eft-skier-quests-boost;Skier Quests  - Other Quests;Escape From Tarkov;Quests;14;USD;2026-01-07 18:31:32.65+00;1;unit;14
da213e95-f385-40a9-af2b-bb5509cf9471;option;4b7324c2-79f9-4502-aa15-e1528e75dae1;9ae81e9a-8ea0-4982-90b0-6c4fbfd28931;Rigged Game;eft-skier-quests-boost;Skier Quests  - Other Quests;Escape From Tarkov;Quests;19;USD;2026-01-07 18:31:33.024+00;1;unit;19
66e9548a-ee51-484a-b4b6-b194b4eece99;option;4b7324c2-79f9-4502-aa15-e1528e75dae1;9ae81e9a-8ea0-4982-90b0-6c4fbfd28931;Minute of Fame;eft-skier-quests-boost;Skier Quests  - Other Quests;Escape From Tarkov;Quests;12;USD;2026-01-07 18:31:33.408+00;1;unit;12
8156730e-2fb0-4b88-b5fa-6f8017ae85fd;option;4b7324c2-79f9-4502-aa15-e1528e75dae1;b9ea64a7-52d4-41e5-8947-56462616db6a;Friend from the West Part 1;eft-skier-quests-boost;Skier Quests  - Friend from the West;Escape From Tarkov;Quests;29;USD;2026-01-07 18:31:33.919+00;1;unit;29
3543da38-e6d9-41e3-b346-a7ecb4941d97;option;4b7324c2-79f9-4502-aa15-e1528e75dae1;d952b1da-0ae1-445d-82a5-8a93115e7cf1;Delivery;eft-skier-quests-boost;Skier Quests  - Thirsty;Escape From Tarkov;Quests;12;USD;2026-01-07 18:31:34.284+00;1;unit;12
75fc328f-4647-4a7d-a3a7-e6c1e48c8a1a;option;4352b0bd-f585-484f-a07b-930a69c720a4;21811154-dd7d-4c11-8e6d-73d46e4341b5;Pilot;blue-barry;Blue Barry  - Boost Method;War Within;Mounts;0;USD;2026-01-07 18:31:35.001+00;1;unit;0
d4c56304-adf7-427a-afe2-6a0eb0e314f9;option;4a6f4fd7-ff05-453d-b904-113143c995be;ae2f3d5c-7cf2-465b-a27c-c1c99c95c5ed;Neutral - Friendly;ogrila;Ogri'la - Desired Reputation Level;WoW: TBC;Reputations;15;USD;2026-01-07 18:31:35.372+00;1;unit;15
19d0fcb7-3200-49cc-9a15-491a3c63676f;option;9090c2e2-8451-48a7-b9ef-60fe8eabb118;882f44ba-361c-442c-85ec-3ced85b38dbc;Car Repair;eft-therapist-quests-boost;Therapist Quests - Quests;Escape From Tarkov;Quests;35;USD;2026-01-07 18:31:36.153+00;1;unit;35
1b6825ae-e4c5-4434-b954-f0b7aeff781a;option;9090c2e2-8451-48a7-b9ef-60fe8eabb118;882f44ba-361c-442c-85ec-3ced85b38dbc;Trust Regain;eft-therapist-quests-boost;Therapist Quests - Quests;Escape From Tarkov;Quests;9;USD;2026-01-07 18:31:36.534+00;1;unit;9
7e3b2a2d-d8a5-4b29-bd89-b8b60558628f;option;9090c2e2-8451-48a7-b9ef-60fe8eabb118;882f44ba-361c-442c-85ec-3ced85b38dbc;All is Revealed;eft-therapist-quests-boost;Therapist Quests - Quests;Escape From Tarkov;Quests;12;USD;2026-01-07 18:31:36.924+00;1;unit;12
5b8d3281-2d7b-4cdb-8fba-ac2698c7c1dd;option;3cbd020e-22ab-414d-9cd2-7b73a1dc5e3b;e92a6165-af13-4b27-b692-a2da2b4e4a44;Equipment;eft-mechanic-quests-boost;Mechanic Quests - Make Amends;Escape From Tarkov;Quests;22;USD;2026-01-07 18:31:29.401+00;1;unit;22
fc72eb9c-a76f-4180-b1e5-d27d7d72ec76;option;3cbd020e-22ab-414d-9cd2-7b73a1dc5e3b;d4704122-b712-478d-a5f9-92e54cee9e47;Signal Part 3;eft-mechanic-quests-boost;Mechanic Quests - Signal;Escape From Tarkov;Quests;6;USD;2026-01-07 18:31:29.764+00;3;unit;2
e6cb7272-be5e-4691-988b-480596c7af45;option;e27aa70f-b220-4727-a440-28721d60c0b4;efe13a54-912f-4a76-8476-195005e1c65c;Remote;terror-of-the-wastes;Terror of the Wastes - Boost Method;War Within;Mounts;25.5;USD;2026-01-07 18:31:30.117+00;1;unit;25.5
c5037013-51be-4881-8c6d-cbf568d359cc;product;aab05a00-2e66-4c6f-a5cd-a7d678c8c073;;;pandaren-kite-string;Pandaren Kite String;Mists of Pandaria;Mounts;615.96;USD;2026-01-07 14:01:32.178+00;1;unit;615.9600000000000000
c8563e2e-a46f-44ac-8c18-d88121c2c0b6;option;58004f5d-799a-43da-92d7-23994c13f4ff;e3e4718c-297f-49db-bdba-502f8b718ed2;Textile Part 2;eft-ragman-quests-boost;Ragman Quests - Textile;Escape From Tarkov;Quests;19;USD;2026-01-07 18:31:30.485+00;2;unit;9.5
ddb3b40f-3e21-480d-aedc-dceaf7394463;option;58004f5d-799a-43da-92d7-23994c13f4ff;64c0d4a2-6997-45cd-89f4-e79785d17e3a;Booze;eft-ragman-quests-boost;Ragman Quests - A Fuel Matter;Escape From Tarkov;Quests;69;USD;2026-01-07 18:31:30.857+00;1;unit;69
c9526b46-2f72-4a32-9081-312d9833f73f;option;58004f5d-799a-43da-92d7-23994c13f4ff;64c0d4a2-6997-45cd-89f4-e79785d17e3a;No Fuss Needed;eft-ragman-quests-boost;Ragman Quests - A Fuel Matter;Escape From Tarkov;Quests;39;USD;2026-01-07 18:31:31.224+00;1;unit;39
4640440a-b829-44e1-98e7-fb369683296c;option;58004f5d-799a-43da-92d7-23994c13f4ff;f28ab7f2-f5b0-4192-af7c-78649bb8cb2e;Database Part 2;eft-ragman-quests-boost;Ragman Quests - Database;Escape From Tarkov;Quests;9;USD;2026-01-07 18:31:31.59+00;2;unit;4.5
68a14121-501d-4c63-9a5e-43e58b626dc7;option;06415beb-fc6b-41b8-a3ee-89d5d2eeb991;54e580f3-a2de-4d4d-9f26-aee34a1712c8;Pilot;lower-city;Lower City - Boost Method;WoW: TBC;Reputations;0;USD;2026-01-07 18:31:31.948+00;1;unit;0
d0be54ee-20b1-4970-990b-51ec16e40e9d;option;4b7324c2-79f9-4502-aa15-e1528e75dae1;f2e643d0-5035-469f-9de3-5ea2c66feb75;PvP;eft-skier-quests-boost;Skier Quests  - Server;Escape From Tarkov;Quests;0;USD;2026-01-07 18:31:32.314+00;1;unit;0
1516b424-3746-4340-b5aa-a47c58ccb863;option;4b7324c2-79f9-4502-aa15-e1528e75dae1;9ae81e9a-8ea0-4982-90b0-6c4fbfd28931;Safe Corridor;eft-skier-quests-boost;Skier Quests  - Other Quests;Escape From Tarkov;Quests;24;USD;2026-01-07 18:31:33.062+00;1;unit;24
c53833a9-0dcf-4fe6-998f-27cc5565d120;option;4b7324c2-79f9-4502-aa15-e1528e75dae1;9ae81e9a-8ea0-4982-90b0-6c4fbfd28931;Stirrup;eft-skier-quests-boost;Skier Quests  - Other Quests;Escape From Tarkov;Quests;14;USD;2026-01-07 18:31:33.459+00;1;unit;14
45bc56d5-9f73-4dd1-a4c1-13c4efed18ac;option;4b7324c2-79f9-4502-aa15-e1528e75dae1;b9ea64a7-52d4-41e5-8947-56462616db6a;Friend from the West Part 2;eft-skier-quests-boost;Skier Quests  - Friend from the West;Escape From Tarkov;Quests;12;USD;2026-01-07 18:31:33.958+00;2;unit;6
0a989662-c6b9-4fc3-b664-a77f4abf1ec2;option;0493df5e-a534-41c9-9d6e-45ef3c13b8a6;c4ecb564-7ae4-43f1-9270-2e05d3b39fd1;Pilot;demonbinder-mount-armor;Demonbinder Mount Armor - Boost Mode;Diablo IV;Cosmetics;0;USD;2026-01-07 18:31:34.671+00;1;unit;0
13fbbb54-4ea2-4026-bf83-dfe8b6e6ab7b;option;4352b0bd-f585-484f-a07b-930a69c720a4;21811154-dd7d-4c11-8e6d-73d46e4341b5;Remote;blue-barry;Blue Barry  - Boost Method;War Within;Mounts;25.5;USD;2026-01-07 18:31:35.042+00;1;unit;25.5
a6fc7526-460c-4700-bbf1-1b28e6d5e24f;option;4a6f4fd7-ff05-453d-b904-113143c995be;ae2f3d5c-7cf2-465b-a27c-c1c99c95c5ed;Friendly - Honored;ogrila;Ogri'la - Desired Reputation Level;WoW: TBC;Reputations;25;USD;2026-01-07 18:31:35.412+00;1;unit;25
6d9b1f73-f604-4643-9252-f251eff4307b;option;9090c2e2-8451-48a7-b9ef-60fe8eabb118;7de734e2-9cfa-4043-adcb-5c5c5d145a02;PvP;eft-therapist-quests-boost;Therapist Quests - Server;Escape From Tarkov;Quests;0;USD;2026-01-07 18:31:35.797+00;1;unit;0
a04cd4d5-8ec5-420d-8bb2-d252f3715da1;option;9090c2e2-8451-48a7-b9ef-60fe8eabb118;882f44ba-361c-442c-85ec-3ced85b38dbc;Disease History;eft-therapist-quests-boost;Therapist Quests - Quests;Escape From Tarkov;Quests;18;USD;2026-01-07 18:31:36.196+00;1;unit;18
f7dcdb30-379d-48d1-a340-23a49b13ef53;option;9090c2e2-8451-48a7-b9ef-60fe8eabb118;882f44ba-361c-442c-85ec-3ced85b38dbc;Crisis;eft-therapist-quests-boost;Therapist Quests - Quests;Escape From Tarkov;Quests;169;USD;2026-01-07 18:31:36.58+00;1;unit;169
da09c863-8559-4347-891f-92fa9508c389;option;9090c2e2-8451-48a7-b9ef-60fe8eabb118;882f44ba-361c-442c-85ec-3ced85b38dbc;Drug Trafficking;eft-therapist-quests-boost;Therapist Quests - Quests;Escape From Tarkov;Quests;17;USD;2026-01-07 18:31:36.848+00;1;unit;17
bb23a257-c99c-46a2-8900-a12be82d16b4;option;9090c2e2-8451-48a7-b9ef-60fe8eabb118;882f44ba-361c-442c-85ec-3ced85b38dbc;Quality Standard;eft-therapist-quests-boost;Therapist Quests - Quests;Escape From Tarkov;Quests;14;USD;2026-01-07 18:31:36.966+00;1;unit;14
23af9470-48b1-4b6a-96e0-4325aa63fe09;option;9090c2e2-8451-48a7-b9ef-60fe8eabb118;994048e4-35ce-4a34-9c1d-956065ea7716;Postman Pat Part 2;eft-therapist-quests-boost;Therapist Quests - Postman Pat ;Escape From Tarkov;Quests;7;USD;2026-01-07 18:31:37.205+00;2;unit;3.5
906f0eaa-d50f-40ef-9a45-ad447418f77c;option;9090c2e2-8451-48a7-b9ef-60fe8eabb118;a4b907ca-8ba9-4743-8f9f-aab4969c49a5;Health Care Privacy Part 2;eft-therapist-quests-boost;Therapist Quests - Health Care Privacy;Escape From Tarkov;Quests;12;USD;2026-01-07 18:31:37.589+00;2;unit;6
366c55d7-1aff-484d-8932-4d0581aa5cce;option;b4916168-ad35-4b85-80b2-63a12bfc3c9a;1b638784-9d87-473e-a3ed-06780412087b;NA;chariot-mount;Chariot Mount  - Region;War Within;Mounts;0;USD;2026-01-07 18:31:37.958+00;1;unit;0
b2384439-a884-4e6c-bb6e-54dd12638b52;option;dc51aea4-aa84-4b8c-80ca-fd92ef06881a;42805b78-8413-4230-9e83-991e3d3838b4;Reserve;Jaeger-quests-eft-boost;Jaeger Quests  - Acquaintance 1;Escape From Tarkov;Quests;10;USD;2026-01-07 18:31:38.344+00;1;unit;10
cb2bc8fc-0752-44a6-9d68-6dc10c47b662;option;dc51aea4-aa84-4b8c-80ca-fd92ef06881a;42805b78-8413-4230-9e83-991e3d3838b4;Claustrophobia;Jaeger-quests-eft-boost;Jaeger Quests  - Acquaintance 1;Escape From Tarkov;Quests;50;USD;2026-01-07 18:31:38.698+00;1;unit;50
0df7ddcd-6070-4854-8b52-18fb66f757f2;option;dc51aea4-aa84-4b8c-80ca-fd92ef06881a;94c597b8-e936-4fc2-a263-c081d9a197f7;Unprotected but Dangerous;Jaeger-quests-eft-boost;Jaeger Quests  - The Survivalist Path;Escape From Tarkov;Quests;18;USD;2026-01-07 18:31:39.058+00;1;unit;18
5dbc6be5-b61d-45bc-a9a4-cd2ec9fcc122;option;dc51aea4-aa84-4b8c-80ca-fd92ef06881a;296c466d-244d-45a1-89a5-cc164b6485a2;The Tarkov Shooter Part 7;Jaeger-quests-eft-boost;Jaeger Quests  - The Tarkov Shooter;Escape From Tarkov;Quests;27;USD;2026-01-07 18:31:39.455+00;7;unit;3.857142857142857
0f3fc529-a36b-4a7c-8f02-a53066aa746f;option;c7ecfc05-fa07-4671-aec1-b5ba02927cad;928423cf-1ea0-463c-9c4f-7d437b15fbe6;NA;sporeggar;Sporeggar - Region;WoW: TBC;Reputations;0;USD;2026-01-07 18:31:39.808+00;1;unit;0
dbe633a3-9965-47d1-a176-20b35b2d3b4c;option;ae804199-da6e-424e-b21f-c3c263d2622a;19105cb4-4b89-4aef-8758-f2c5584defa0;Remote;chrono-corsair;Chrono Corsair  - Boost Method;War Within;Mounts;25.5;USD;2026-01-07 18:31:40.171+00;1;unit;25.5
fd36f7c5-b785-4151-b8cf-8cce0f629fe0;option;e904fa6c-7dd8-420d-a6ba-52800480b8c0;f75a1bed-f61d-4756-aec1-a5f79fcab0d6;Neutral - Friendly;the-maghar;The Mag'har - Desired Reputation Level;WoW: TBC;Reputations;15;USD;2026-01-07 18:31:40.922+00;1;unit;15
94f8fbdb-7046-4090-90a2-1d09d83a9ebd;option;646cb4f6-404c-47e9-b2e5-36b9d5bd4eed;26f16356-da2d-4c4b-a2a5-c113bc63aaf7;Reset Ascendancy;poe-2-ascension-trials-boost;Ascension Trials Boost - Choose Trial;Path of Exile 2;Leveling;18;USD;2026-01-07 18:31:41.285+00;1;unit;18
1f093f82-f20c-499e-9a89-0db59aa8c455;option;3fa30cd5-d960-4897-ac45-b53c6e988e9c;11faa999-efd1-4471-8a6c-d49cfeeb93fd;NA;void-scarred-gryphon-1227;Void-Scarred Gryphon - Region;War Within;Mounts;0;USD;2026-01-07 18:31:41.667+00;1;unit;0
ba3db9c6-6540-4d44-b750-307f7db10941;option;3579dc12-1020-4d7b-aa21-0edd298059d8;20760005-9968-4121-85f1-6963b6bd0c63;Remote;granite-coat-steed;Granite-coat Steed - Boost Mode;Diablo IV;Mounts;15;USD;2026-01-07 18:31:42.032+00;1;unit;15
557b2a3c-044a-4039-aa05-9eb3c746289e;option;767f7aae-4b68-465e-b738-a94607103e83;b26f7741-4ab1-42bc-83e3-2d70064e38b9;PC;marsh-roan-steed;Marsh Roan Steed - Select Your Platform;Diablo IV;Mounts;0;USD;2026-01-07 18:31:42.395+00;1;unit;0
45c99735-1d84-437e-8f48-84e33b602d1d;option;f2172cb6-95b5-4ef4-b763-ba6578b2be6b;fe578393-f879-49d8-9f49-0f5a67f1b1dd;EU;glory-of-the-icecrown-raider-10-boost;Glory of the Icecrown Raider 10 Boost - Region;War Within;Achievements;0;USD;2026-01-07 18:31:42.76+00;1;unit;0
1b9b59c7-acc4-45de-8f90-a8e945a14c5b;option;9090c2e2-8451-48a7-b9ef-60fe8eabb118;1116b5f7-f350-4e9d-a358-cf2ada8a50f7;Secrets ;eft-therapist-quests-boost;Therapist Quests - Thirsty;Escape From Tarkov;Quests;25;USD;2026-01-07 18:31:37.376+00;1;unit;25
0950b990-24c4-46b0-988b-c2050c744e78;option;9090c2e2-8451-48a7-b9ef-60fe8eabb118;a4b907ca-8ba9-4743-8f9f-aab4969c49a5;Health Care Privacy Part 6;eft-therapist-quests-boost;Therapist Quests - Health Care Privacy;Escape From Tarkov;Quests;7;USD;2026-01-07 18:31:37.759+00;6;unit;1.1666666666666667
4d3e4339-1952-4c75-9e4e-be824fad0d7c;product;aa7fc58f-17d6-46f8-920c-6b24e9c4702e;;;swift-razzashi-raptor;Swift Razzashi Raptor;20th Anniversary WoW;Mounts;919.56;USD;2026-01-07 14:01:41.263+00;1;unit;919.5600000000000000
c4e83c23-2bcd-4312-be13-554669a84071;option;dc51aea4-aa84-4b8c-80ca-fd92ef06881a;42805b78-8413-4230-9e83-991e3d3838b4;Courtesy Visit;Jaeger-quests-eft-boost;Jaeger Quests  - Acquaintance 1;Escape From Tarkov;Quests;12;USD;2026-01-07 18:31:38.123+00;1;unit;12
6b56e7df-7662-4154-8438-8117a7aa7806;option;dc51aea4-aa84-4b8c-80ca-fd92ef06881a;42805b78-8413-4230-9e83-991e3d3838b4;Every Hunter Knows This;Jaeger-quests-eft-boost;Jaeger Quests  - Acquaintance 1;Escape From Tarkov;Quests;12;USD;2026-01-07 18:31:38.5+00;1;unit;12
4c5e3219-f312-438f-85d1-4fe1da72d0c3;option;dc51aea4-aa84-4b8c-80ca-fd92ef06881a;94c597b8-e936-4fc2-a263-c081d9a197f7;Combat Medic;Jaeger-quests-eft-boost;Jaeger Quests  - The Survivalist Path;Escape From Tarkov;Quests;22;USD;2026-01-07 18:31:38.863+00;1;unit;22
b0f90a9f-7118-4a01-a40f-ec27ca92222a;option;dc51aea4-aa84-4b8c-80ca-fd92ef06881a;296c466d-244d-45a1-89a5-cc164b6485a2;The Tarkov Shooter Part 2;Jaeger-quests-eft-boost;Jaeger Quests  - The Tarkov Shooter;Escape From Tarkov;Quests;17;USD;2026-01-07 18:31:39.228+00;2;unit;8.5
34a2d3d4-bfff-474a-9982-1835a16a3db2;option;dc51aea4-aa84-4b8c-80ca-fd92ef06881a;4a2ab3df-a064-4441-af49-e81a5800ae06;Broadcast Part 5;Jaeger-quests-eft-boost;Jaeger Quests  - Broadcast ;Escape From Tarkov;Quests;105;USD;2026-01-07 18:31:39.608+00;5;unit;21
69c0802d-07fd-4a9e-b68a-8912697104f4;option;c7ecfc05-fa07-4671-aec1-b5ba02927cad;3375c67a-f841-430f-9c6e-c9dc4e7099c8;Revered - Exalted;sporeggar;Sporeggar - Desired Reputation Level;WoW: TBC;Reputations;69;USD;2026-01-07 18:31:39.971+00;1;unit;69
f3e2f02a-fef3-4375-b794-71eff2a7f70e;option;6bb0517f-b301-4f70-bd4f-568cd3781277;76b8a723-3366-4d62-a1ca-77ac2f3c2691;PC;cavaliers-steed;Cavalier's Steed - Select Your Platform;Diablo IV;Mounts;0;USD;2026-01-07 18:31:40.334+00;1;unit;0
19011533-e3d1-4c81-8c78-f0b66e367801;option;646cb4f6-404c-47e9-b2e5-36b9d5bd4eed;037a545d-eb8c-40d6-b7b2-c86a4a4ff768;League HC;poe-2-ascension-trials-boost;Ascension Trials Boost - League;Path of Exile 2;Leveling;50;USD;2026-01-07 18:31:41.449+00;1;unit;50
e845de4d-ab32-4683-adc7-75562d07776d;option;da6b0c76-0d9c-456b-bbc1-3f9d1c1af5bd;74987d0a-24d8-4d7a-93e5-a8fb993b7d99;Remote;glory-of-the-pandaria-hero;Glory of the Pandaria Hero - Boost Mode;Mists of Pandaria;Dungeons;15;USD;2026-01-07 18:31:41.831+00;1;unit;15
65325aa0-fb5b-4f88-b49b-14127fe7ec1f;option;9f51600a-64d9-495f-b196-109ff0626d4e;e213b4c3-eec0-4505-9782-b182f720df77;Neutral - Friendly;cenarion-expedition;Cenarion Expedition - Desired Reputation Level;WoW: TBC;Reputations;15;USD;2026-01-07 18:31:43.51+00;1;unit;15
1324cf50-1c04-4e52-a2a8-d026e47f6e46;option;b89b1a3b-5679-4cc2-8ff4-372b5666ecba;0488af08-898d-4af4-ad39-7a42938e1d25;XBOX;druid-builds;Druid Builds - Select Your Platform;Diablo IV;Builds;0;USD;2026-01-07 18:31:43.884+00;1;unit;0
bc4300fd-73cf-48de-ac7e-419ed1f14df8;option;b89b1a3b-5679-4cc2-8ff4-372b5666ecba;2c9d96a8-0726-43f5-b51b-8ba6850903fb;Nightmare;druid-builds;Druid Builds - Select Build Level;Diablo IV;Builds;176;USD;2026-01-07 18:31:44.278+00;1;unit;176
b89961de-6f90-4865-9d1d-df79e71f7f21;option;8af46009-2884-407d-8943-17ae1e2ea2e3;5e0498c3-b3de-484b-9dd4-939de4c46435;Honored - Revered;the-violet-eye;The Violet Eye - Desired Reputation Level;WoW: TBC;Reputations;69;USD;2026-01-07 18:31:44.675+00;1;unit;69
62ba4d55-a50c-44b2-aa90-1ba7df480102;option;aba8d745-7aaa-415e-a0b3-58fdb08b2c81;3eb350a0-74fe-4ee7-af36-ab390fdc6523;NA;manaforge-omega-mythic;Manaforge Omega Mythic - Region;War Within;Raids;30;USD;2026-01-07 18:31:45.44+00;1;unit;30
31492ae8-9fe1-419e-9b45-9bf321d9c621;option;aba8d745-7aaa-415e-a0b3-58fdb08b2c81;aae81f96-678c-4559-a10d-93613ba5f46f;6/8 Bosses;manaforge-omega-mythic;Manaforge Omega Mythic - Full Loot Prio;War Within;Raids;104.24;USD;2026-01-07 18:31:45.784+00;6;unit;17.37333333333333
5a10f648-b3c8-4215-b693-0a06a1573144;option;42262eee-c28b-47f8-b3f1-89671d364e90;aa26d199-7c9f-4220-953e-6d87bfd630d1;Stream;atiesh;Atiesh - Additional Options;20th Anniversary WoW;Gear;8.322;USD;2026-01-07 18:31:46.154+00;1;unit;8.322
a20117da-303b-4538-886d-e77a1d408b6d;option;6197544b-5e8f-4c1a-ac65-9ea40c3f3a39;765ff81b-3567-4f5f-a1a6-e145bad6c465;Pilot;the-arena-master-achievement;The Arena Master Achievement - Boost Mode;Mists of Pandaria;Achievements;0;USD;2026-01-07 18:31:47.253+00;1;unit;0
e276053b-a8b5-44f6-bad7-64ee6b4c82a5;option;2f8cb701-94f5-43f8-9967-9914d2794f0f;51fa7bde-6dfa-468d-aeed-d7dac2d87dbb;Neutral - Friendly;shattered-sun-offensive;Shattered Sun Offensive - Desired Reputation Level;WoW: TBC;Reputations;15;USD;2026-01-07 18:31:47.662+00;1;unit;15
cc5bbb10-8665-4c4d-8e73-08168318caa6;option;4986b14a-139a-469a-b851-8a625643cb94;136d2be9-ba11-4a0b-84d2-879056fdc803;EU;full-pvp-gear;Full PvP Gear - Region;War Within;PvP;0;USD;2026-01-07 18:31:48.413+00;1;unit;0
b92feb20-63da-4e9f-8df6-02a873e7239c;option;16e87875-03f2-4eee-ad7f-64f14d5dfe3f;91318bf0-1883-43ae-875a-3983966e8ea5;EU;swift-zulian-tiger;Swift Zulian Tiger - Region;20th Anniversary WoW;Mounts;0;USD;2026-01-07 18:31:48.78+00;1;unit;0
e0db828a-50ad-4073-a6eb-3d4f024e9721;option;cc9067c9-acfc-4804-8156-454e7773aad1;cde44a7f-e473-4777-810e-9707dffc499d;Honored - Revered;cenarion-circle-reputation;Cenarion Circle Reputation - Select Desired Reputation Level;20th Anniversary WoW;Reputations;63.535999999999994;USD;2026-01-07 18:31:49.134+00;1;unit;63.535999999999994
ec0d1157-318e-4b4b-9fff-5b6829531f87;option;d5e41e52-267d-4a5f-aa61-211a9eb7b06c;acb01a47-9b69-486b-acc5-b9dae15fd49e;Eternal;ophidian-iris;Ophidian Iris - Select World - Softcore;Diablo IV;Items;50;USD;2026-01-07 18:31:49.489+00;1;unit;50
223c17d5-5255-43e3-b49d-9d11d3ed7707;option;508c21cb-fdf6-4d24-9401-48293946102d;b81b660e-b440-4a2c-b2e6-18f0ef1c7aae;Pilot;translocated-gorger;Translocated Gorger - Boost Method;War Within;Mounts;0;USD;2026-01-07 18:31:49.847+00;1;unit;0
b891743e-d49c-4112-9b45-8f6b203347ce;option;c06eb4ff-0604-43ed-8588-3cb080b5cb0c;9fbc450e-0a48-417c-895d-5ad24f5047dc;Feelsteed;warlock-epic-mount;Warlock Epic Mount - Warlock Mount Options;20th Anniversary WoW;Mounts;6.6499999999999995;USD;2026-01-07 18:31:50.605+00;1;unit;6.6499999999999995
73494e53-ad56-4602-9926-1428dca2ce37;option;33e3b5a1-e6f1-4c9e-b314-470b18a4f0ee;a3ff75a9-ccbc-4f97-9ab6-8e63064576c6;Remote;the-scryers;The Scryers - Boost Method;WoW: TBC;Reputations;30;USD;2026-01-07 18:31:50.983+00;1;unit;30
552c29b0-2cfd-4646-a2fc-703a6e0eb489;option;33e3b5a1-e6f1-4c9e-b314-470b18a4f0ee;29c23bbc-210d-4388-89c7-03d4dca1b165;Hated-Exalted;the-scryers;The Scryers - Desired Reputation Level;WoW: TBC;Reputations;159;USD;2026-01-07 18:31:51.351+00;1;unit;159
90a1f05b-834b-40a7-9422-632a23320cfc;option;0523caed-b6ed-4564-953f-fa6aa9c03b85;0bd70ea3-1d8f-43df-89f2-f269d762f718;Hydra;sorcerer-builds;Sorcerer Builds - Select Build;Diablo IV;Builds;0;USD;2026-01-07 18:31:51.711+00;1;unit;0
7c9101b9-447e-4d4a-8a0f-05bef883b535;option;f1c0275f-b890-483d-ac91-ffb13009995d;ec0596d8-9de2-4cd3-ad48-b982d10ad54f;EU;pre-raid-gear;Pre-Raid Gear - Region;20th Anniversary WoW;Gear;0;USD;2026-01-07 18:31:52.082+00;1;unit;0
c1c41f72-5b6c-4eef-8f99-b2d1272c71d1;product;9f51600a-64d9-495f-b196-109ff0626d4e;;;cenarion-expedition;Cenarion Expedition;WoW: TBC;Reputations;0;USD;2026-01-07 14:01:35.798+00;1;unit;0.00000000000000000000
9cfc1283-a92e-453c-b003-3b6fc33dd23a;option;9090c2e2-8451-48a7-b9ef-60fe8eabb118;26d4807a-86d3-4844-989c-754ac5f23801;Colleagues Part 1;eft-therapist-quests-boost;Therapist Quests - Colleagues;Escape From Tarkov;Quests;17;USD;2026-01-07 18:31:37.412+00;1;unit;17
cbb58cc1-2b81-4510-9337-ad7ff5bb09b7;product;42262eee-c28b-47f8-b3f1-89671d364e90;;;atiesh;Atiesh;20th Anniversary WoW;Gear;3586.4;USD;2026-01-07 14:01:38.968+00;1;unit;3586.4000000000000000
422fe532-088a-473d-968a-d4e417fd91b4;option;dc51aea4-aa84-4b8c-80ca-fd92ef06881a;42805b78-8413-4230-9e83-991e3d3838b4;Fishing Place;Jaeger-quests-eft-boost;Jaeger Quests  - Acquaintance 1;Escape From Tarkov;Quests;27;USD;2026-01-07 18:31:38.168+00;1;unit;27
fec1fed9-81db-4b0d-9c47-ca4d85d47725;product;2f8cb701-94f5-43f8-9967-9914d2794f0f;;;shattered-sun-offensive;Shattered Sun Offensive;WoW: TBC;Reputations;0;USD;2026-01-07 14:01:40.607+00;1;unit;0.00000000000000000000
d4052ec6-9b5a-47fb-a2a8-ee825d362a2f;option;dc51aea4-aa84-4b8c-80ca-fd92ef06881a;42805b78-8413-4230-9e83-991e3d3838b4;Rough Tarkov;Jaeger-quests-eft-boost;Jaeger Quests  - Acquaintance 1;Escape From Tarkov;Quests;12;USD;2026-01-07 18:31:38.537+00;1;unit;12
b6a2455a-7ac4-492e-a704-a81fd0740a26;option;dc51aea4-aa84-4b8c-80ca-fd92ef06881a;94c597b8-e936-4fc2-a263-c081d9a197f7;Eagle Owl;Jaeger-quests-eft-boost;Jaeger Quests  - The Survivalist Path;Escape From Tarkov;Quests;25;USD;2026-01-07 18:31:38.902+00;1;unit;25
88d2d325-111b-44d4-9e53-c7f03d5a169f;option;dc51aea4-aa84-4b8c-80ca-fd92ef06881a;296c466d-244d-45a1-89a5-cc164b6485a2;The Tarkov Shooter Part 3;Jaeger-quests-eft-boost;Jaeger Quests  - The Tarkov Shooter;Escape From Tarkov;Quests;17;USD;2026-01-07 18:31:39.272+00;3;unit;5.666666666666667
c302781a-291d-4879-a479-5b29a5c560c6;product;adacf06e-80a6-4303-b07d-b1bb59118427;;;sulfuras-hand-of-ragnaros;Sulfuras, Hand of Ragnaros;20th Anniversary WoW;Gear;1086.76;USD;2026-01-07 14:01:46.466+00;1;unit;1086.7600000000000000
3ef8303d-a0cc-4fd5-bc5e-415853d774e0;option;6bb0517f-b301-4f70-bd4f-568cd3781277;76b8a723-3366-4d62-a1ca-77ac2f3c2691;PSN;cavaliers-steed;Cavalier's Steed - Select Your Platform;Diablo IV;Mounts;0;USD;2026-01-07 18:31:40.373+00;1;unit;0
342e60cc-5284-4c05-b8b5-2155e172bbae;option;3579dc12-1020-4d7b-aa21-0edd298059d8;dcc12e26-4aac-4d58-818d-582925a5f56f;Seasonal - Softcore;granite-coat-steed;Granite-coat Steed - Select World;Diablo IV;Mounts;26.36;USD;2026-01-07 18:31:42.191+00;1;unit;26.36
8caa1c60-4378-4c9d-a6ed-69f26808036e;product;c7ecfc05-fa07-4671-aec1-b5ba02927cad;;;sporeggar;Sporeggar;WoW: TBC;Reputations;0;USD;2026-01-07 14:01:30.909+00;1;unit;0.00000000000000000000
ad78d82b-afbd-46d4-91fa-36e43be7de93;option;767f7aae-4b68-465e-b738-a94607103e83;925debfc-9ce9-4e0a-8e65-fbdb8b9b2f01;Eternal - Softcore;marsh-roan-steed;Marsh Roan Steed - Select World;Diablo IV;Mounts;39.53;USD;2026-01-07 18:31:42.559+00;1;unit;39.53
c1aac0a5-16ae-45e2-a0ce-4e65d3c58ba0;option;d0fe9403-122b-48c8-a9f5-56401cdc6a13;7aefe280-092d-4ad7-86a9-e97937d167cc;Pilot;glory-of-the-dominant-raider-boost;Glory of the Dominant Raider Boost - Boost Mode;War Within;Achievements;0;USD;2026-01-07 18:31:42.939+00;1;unit;0
b1505798-9729-4f5b-9c9a-ebfdda7c147e;option;b89b1a3b-5679-4cc2-8ff4-372b5666ecba;75cbfb3f-a82f-46e1-b59f-0d7af45fe534;Raven Companion;druid-builds;Druid Builds - Select Build;Diablo IV;Builds;0;USD;2026-01-07 18:31:44.052+00;1;unit;0
709d0a39-87ab-40bc-b899-47c2cedae137;option;8af46009-2884-407d-8943-17ae1e2ea2e3;f5b85ca8-e7b9-4b36-99cd-070eab98fedf;Remote;the-violet-eye;The Violet Eye - Boost Method;WoW: TBC;Reputations;30;USD;2026-01-07 18:31:44.439+00;1;unit;30
58e4a104-53fd-446b-80eb-d9340c9bab4f;option;8f46392e-f611-4b2c-bda2-41fce49f06e5;55a94c22-bba3-4a21-97c8-548a75ac6912;Pilot;glory-of-the-omega-raider-boost;Glory of the Omega Raider Boost - Boost Mode;War Within;Achievements;0;USD;2026-01-07 18:31:44.854+00;1;unit;0
782abdd0-2dcf-4a67-a5b8-e7bd78d58d5b;option;aba8d745-7aaa-415e-a0b3-58fdb08b2c81;aae81f96-678c-4559-a10d-93613ba5f46f;Choose option;manaforge-omega-mythic;Manaforge Omega Mythic - Full Loot Prio;War Within;Raids;0;USD;2026-01-07 18:31:45.593+00;1;unit;0
b79937ac-eeca-4a1b-9fc7-2788abbb3829;option;e131fa68-934a-45cf-bc3a-e5f0abcabe8a;4e9d5068-8352-4ca5-af28-8b2daef351f7;PSN;taiga-roan-steed;Taiga Roan Steed - Select Your Platform;Diablo IV;Mounts;0;USD;2026-01-07 18:31:47.045+00;1;unit;0
5f79cacf-cf52-4579-a598-9c3a767a3ed7;option;aa7fc58f-17d6-46f8-920c-6b24e9c4702e;e5a5b334-2235-4f96-a957-6e54b18ffae0;EU;swift-razzashi-raptor;Swift Razzashi Raptor - Region;20th Anniversary WoW;Mounts;0;USD;2026-01-07 18:31:48.216+00;1;unit;0
aa4001cb-5c22-44d1-a271-f3725142e3d7;option;4986b14a-139a-469a-b851-8a625643cb94;28ed5816-f9cd-45a8-8cd6-c83da5900b5a;Remote;full-pvp-gear;Full PvP Gear - Boost Method;War Within;PvP;16.15;USD;2026-01-07 18:31:48.571+00;1;unit;16.15
da41eb50-ddc9-43e0-8bba-28b294026444;option;cc9067c9-acfc-4804-8156-454e7773aad1;927282f1-4116-4fb7-972b-52a691d760e4;Remote;cenarion-circle-reputation;Cenarion Circle Reputation - Boost Mode;20th Anniversary WoW;Reputations;14.25;USD;2026-01-07 18:31:48.943+00;1;unit;14.25
e62c95d2-4ff1-46f7-bfeb-5cf12a31024e;option;d5e41e52-267d-4a5f-aa61-211a9eb7b06c;a8da2a15-0dd2-4647-ac12-893608863217;Remote;ophidian-iris;Ophidian Iris - Boost Mode;Diablo IV;Items;15;USD;2026-01-07 18:31:49.29+00;1;unit;15
883843ca-458b-454e-8c59-65f3ac529ce4;option;d5e41e52-267d-4a5f-aa61-211a9eb7b06c;9d34dbaf-c924-4a9d-b1c3-93b55942029e;1/4 - Greater Affixes;ophidian-iris;Ophidian Iris - Greater Affixes;Diablo IV;Items;4.84;USD;2026-01-07 18:31:49.65+00;1;unit;4.84
635ed06b-668a-4792-beb3-7f4157e18689;option;7765aefc-5bc3-4e2b-870d-d3abf0e2c421;fed74751-bb7d-471c-8ecf-b003f39697c8;Selfplay;tier-1-set;Tier 1 Set - Boost Mode;20th Anniversary WoW;Gear;47.5;USD;2026-01-07 18:31:50.772+00;1;unit;47.5
73ab9114-6abf-4063-a79d-ec3e18ec74a9;option;33e3b5a1-e6f1-4c9e-b314-470b18a4f0ee;29c23bbc-210d-4388-89c7-03d4dca1b165;Hostile-Unfriendly;the-scryers;The Scryers - Desired Reputation Level;WoW: TBC;Reputations;49;USD;2026-01-07 18:31:51.138+00;1;unit;49
4b43d8c3-7ce4-4d49-919f-93d7a1d8862c;option;0523caed-b6ed-4564-953f-fa6aa9c03b85;f9ea43ef-2012-4517-856c-794096eb2c38;PC;sorcerer-builds;Sorcerer Builds - Select Your Platform;Diablo IV;Builds;0;USD;2026-01-07 18:31:51.509+00;1;unit;0
f22f68a9-a4d4-445f-a408-62480961f054;option;0523caed-b6ed-4564-953f-fa6aa9c03b85;2c4747af-1088-4cb3-914a-8e377c6ecfa6;Starter;sorcerer-builds;Sorcerer Builds - Select Build Level;Diablo IV;Builds;35.2;USD;2026-01-07 18:31:51.877+00;1;unit;35.2
176dfcd6-29c8-4c2d-a6c6-4e12d1840943;option;c11cf2e9-7898-431e-bded-51e147bd6ed6;1442608f-a1b0-455b-bfca-72830c90b9cd;NA;tier-14-set-boost;Tier 14 Set Boost - Region;Mists of Pandaria;Gear;0;USD;2026-01-07 18:31:52.601+00;1;unit;0
7844acaa-91e1-4f0f-af54-b253c9ff1cde;option;c6558645-2b8b-455d-a6e1-ee4ab5f66612;8aef5aa8-060f-4a93-a70e-9ce8ca4c1a0c;Seasonal;spiritborn-builds;Spiritborn Builds - Select World - Softcore;Diablo IV;Builds;0;USD;2026-01-07 18:31:52.987+00;1;unit;0
eb9802cc-b022-4ac2-876c-401660c56b9d;option;9090c2e2-8451-48a7-b9ef-60fe8eabb118;26d4807a-86d3-4844-989c-754ac5f23801;Colleagues Part 3;eft-therapist-quests-boost;Therapist Quests - Colleagues;Escape From Tarkov;Quests;139;USD;2026-01-07 18:31:37.498+00;3;unit;46.333333333333336
f95a788c-cd5e-4f14-ad16-c45732a75611;product;f2172cb6-95b5-4ef4-b763-ba6578b2be6b;;;glory-of-the-icecrown-raider-10-boost;Glory of the Icecrown Raider 10 Boost;War Within;Achievements;10.63;USD;2026-01-07 14:01:34.817+00;1;unit;10.6300000000000000
034dd9d2-5685-47cb-bf14-6c7a0d77632f;option;b4916168-ad35-4b85-80b2-63a12bfc3c9a;d6625bbf-d697-4372-bc18-e31eb45bddb6;Remote;chariot-mount;Chariot Mount  - Boost Method;War Within;Mounts;25.5;USD;2026-01-07 18:31:37.876+00;1;unit;25.5
6f1a95ed-1436-46b1-a6e2-66cdb1ad6d59;option;dc51aea4-aa84-4b8c-80ca-fd92ef06881a;42805b78-8413-4230-9e83-991e3d3838b4;Hunting Trip;Jaeger-quests-eft-boost;Jaeger Quests  - Acquaintance 1;Escape From Tarkov;Quests;65;USD;2026-01-07 18:31:38.255+00;1;unit;65
2a8b061b-09e3-4711-a984-0699a942d6e4;option;dc51aea4-aa84-4b8c-80ca-fd92ef06881a;42805b78-8413-4230-9e83-991e3d3838b4;Stray Dogs;Jaeger-quests-eft-boost;Jaeger Quests  - Acquaintance 1;Escape From Tarkov;Quests;180;USD;2026-01-07 18:31:38.614+00;1;unit;180
34a573dd-7ec7-46e3-bded-8ec1ae85cdba;option;dc51aea4-aa84-4b8c-80ca-fd92ef06881a;94c597b8-e936-4fc2-a263-c081d9a197f7;Thrifty;Jaeger-quests-eft-boost;Jaeger Quests  - The Survivalist Path;Escape From Tarkov;Quests;13;USD;2026-01-07 18:31:38.979+00;1;unit;13
8df709a1-5b4c-4b88-938c-2b5299b2755e;option;e904fa6c-7dd8-420d-a6ba-52800480b8c0;45f16879-a276-4616-9535-d3c1e3e67761;Pilot;the-maghar;The Mag'har - Boost Method;WoW: TBC;Reputations;0;USD;2026-01-07 18:31:40.759+00;1;unit;0
04f69550-d6ed-495a-98ad-5e6894afeb00;option;646cb4f6-404c-47e9-b2e5-36b9d5bd4eed;26f16356-da2d-4c4b-a2a5-c113bc63aaf7;1st Ascendancy Trial +2 Ascendancy Points;poe-2-ascension-trials-boost;Ascension Trials Boost - Choose Trial;Path of Exile 2;Leveling;5;USD;2026-01-07 18:31:41.118+00;1;st;5
bbe6e604-2d8c-41cd-8632-aaa1b528aaa6;option;da6b0c76-0d9c-456b-bbc1-3f9d1c1af5bd;360390a1-58c6-4af9-8e4d-518a36256b15;EU;glory-of-the-pandaria-hero;Glory of the Pandaria Hero - Region;Mists of Pandaria;Dungeons;0;USD;2026-01-07 18:31:41.87+00;1;unit;0
049306e7-6336-41a8-a7c6-e803cd387286;option;3579dc12-1020-4d7b-aa21-0edd298059d8;dcc12e26-4aac-4d58-818d-582925a5f56f;Eternal - Softcore;granite-coat-steed;Granite-coat Steed - Select World;Diablo IV;Mounts;39.53;USD;2026-01-07 18:31:42.232+00;1;unit;39.53
35be15bb-1a01-4422-8eba-768ba4268193;option;d0fe9403-122b-48c8-a9f5-56401cdc6a13;7aefe280-092d-4ad7-86a9-e97937d167cc;Remote;glory-of-the-dominant-raider-boost;Glory of the Dominant Raider Boost - Boost Mode;War Within;Achievements;12.11;USD;2026-01-07 18:31:42.976+00;1;unit;12.11
1a06f719-45be-4b98-9b88-ca830e6f813e;option;9f51600a-64d9-495f-b196-109ff0626d4e;21f31749-7a4f-4746-aa0c-8badfee0ac1f;Pilot;cenarion-expedition;Cenarion Expedition - Boost Method;WoW: TBC;Reputations;0;USD;2026-01-07 18:31:43.347+00;1;unit;0
68168783-003d-4cad-9a3a-b5f0c4255f28;option;b89b1a3b-5679-4cc2-8ff4-372b5666ecba;b9c6a4da-6087-4117-9930-d2334c02c193;Pilot;druid-builds;Druid Builds - Boost Mode;Diablo IV;Builds;0;USD;2026-01-07 18:31:43.723+00;1;unit;0
61e5a82d-8cf7-48a5-bae9-784680516c52;option;b89b1a3b-5679-4cc2-8ff4-372b5666ecba;75cbfb3f-a82f-46e1-b59f-0d7af45fe534;Fleshrenderer;druid-builds;Druid Builds - Select Build;Diablo IV;Builds;0;USD;2026-01-07 18:31:44.109+00;1;unit;0
b3e51da0-654d-49ff-8b80-bfdc697c9798;option;8af46009-2884-407d-8943-17ae1e2ea2e3;84ba2a1b-b650-4082-b606-53512861e29a;EU;the-violet-eye;The Violet Eye - Region;WoW: TBC;Reputations;0;USD;2026-01-07 18:31:44.478+00;1;unit;0
ff3493c0-e069-4208-994e-7e1b0c7425fa;option;8f46392e-f611-4b2c-bda2-41fce49f06e5;55a94c22-bba3-4a21-97c8-548a75ac6912;Remote;glory-of-the-omega-raider-boost;Glory of the Omega Raider Boost - Boost Mode;War Within;Achievements;12.11;USD;2026-01-07 18:31:44.896+00;1;unit;12.11
da77193e-f6f5-4333-8a94-ac304b65eca0;option;aba8d745-7aaa-415e-a0b3-58fdb08b2c81;aae81f96-678c-4559-a10d-93613ba5f46f;2/8 Bosses;manaforge-omega-mythic;Manaforge Omega Mythic - Full Loot Prio;War Within;Raids;32.91;USD;2026-01-07 18:31:45.631+00;2;unit;16.455
5345970c-d07d-45e9-9bcf-9c36aa248fc6;option;42262eee-c28b-47f8-b3f1-89671d364e90;db5a9234-d0e0-4af1-89d0-e211d355c805;EU;atiesh;Atiesh - Region;20th Anniversary WoW;Gear;0;USD;2026-01-07 18:31:45.98+00;1;unit;0
82f9ff2f-ba1d-43cb-9316-f950c14d29e4;option;1212f14d-2e3d-480b-954f-64eb8757adbc;c29f5f0c-1391-4524-a2f0-73977bfe3cb1;Pilot;void-forged-stallion;Void-Forged Stallion - Boost Method;War Within;Mounts;0;USD;2026-01-07 18:31:46.715+00;1;unit;0
3894ec8d-9881-4414-9c81-735a6c655c0e;option;e131fa68-934a-45cf-bc3a-e5f0abcabe8a;4e9d5068-8352-4ca5-af28-8b2daef351f7;XBOX;taiga-roan-steed;Taiga Roan Steed - Select Your Platform;Diablo IV;Mounts;0;USD;2026-01-07 18:31:47.082+00;1;unit;0
b4f158e9-3b72-4f02-9147-77afc32bb722;option;2f8cb701-94f5-43f8-9967-9914d2794f0f;cc8b8f8a-c45c-42ad-8dcb-a6a072bf2c4f;Pilot;shattered-sun-offensive;Shattered Sun Offensive - Boost Method;WoW: TBC;Reputations;0;USD;2026-01-07 18:31:47.48+00;1;unit;0
6424b416-bb44-4a2a-b6a6-93c6f0bd6c5d;option;6ce13ea2-9987-4960-86d7-76a30d2ca832;3a9f647f-edf0-478d-8b76-6344207a5836;Pilot;tyrannotort;Tyrannotort - Boost Method;War Within;Mounts;0;USD;2026-01-07 18:31:47.864+00;1;unit;0
2aa547fa-8b3b-4af8-9cb5-d9c4a86ef348;option;aa7fc58f-17d6-46f8-920c-6b24e9c4702e;e5a5b334-2235-4f96-a957-6e54b18ffae0;NA;swift-razzashi-raptor;Swift Razzashi Raptor - Region;20th Anniversary WoW;Mounts;0;USD;2026-01-07 18:31:48.258+00;1;unit;0
8cc5abcd-205c-47f7-882e-2da5f55719d4;option;cc9067c9-acfc-4804-8156-454e7773aad1;90c4e8ff-e1bf-4e7d-acee-ee1658eaaa3a;EU;cenarion-circle-reputation;Cenarion Circle Reputation - Region;20th Anniversary WoW;Reputations;0;USD;2026-01-07 18:31:48.983+00;1;unit;0
a05b86c5-4f14-4678-9d4d-9b99b0c57348;option;d5e41e52-267d-4a5f-aa61-211a9eb7b06c;b8fdb7a3-43ae-415b-b541-1cf862982aba;PC;ophidian-iris;Ophidian Iris - Select Your Platform;Diablo IV;Items;0;USD;2026-01-07 18:31:49.327+00;1;unit;0
6f49bbe3-0377-454b-9726-38683a7ab604;option;d5e41e52-267d-4a5f-aa61-211a9eb7b06c;9d34dbaf-c924-4a9d-b1c3-93b55942029e;2/4 - Greater Affixes;ophidian-iris;Ophidian Iris - Greater Affixes;Diablo IV;Items;17.6;USD;2026-01-07 18:31:49.691+00;2;unit;8.8
46a11f22-bef0-4a23-bab3-b7e59a3ca479;option;c06eb4ff-0604-43ed-8588-3cb080b5cb0c;95c8eace-e364-448e-a181-d65a09ec0fa6;Pilot;warlock-epic-mount;Warlock Epic Mount - Boost Mode;20th Anniversary WoW;Mounts;0;USD;2026-01-07 18:31:50.418+00;1;unit;0
284a5a50-f542-4ce8-b233-2774890854de;option;7765aefc-5bc3-4e2b-870d-d3abf0e2c421;137bf70d-dec4-4cac-a1d9-0dec61ddc965;EU;tier-1-set;Tier 1 Set - Region;20th Anniversary WoW;Gear;0;USD;2026-01-07 18:31:50.809+00;1;unit;0
9aad712f-b4a1-4907-9595-36bf79c2d83b;option;33e3b5a1-e6f1-4c9e-b314-470b18a4f0ee;29c23bbc-210d-4388-89c7-03d4dca1b165;Unfriendly-Friendly;the-scryers;The Scryers - Desired Reputation Level;WoW: TBC;Reputations;25;USD;2026-01-07 18:31:51.177+00;1;unit;25
d29eb15d-64c1-4304-a398-c807380a82be;option;0523caed-b6ed-4564-953f-fa6aa9c03b85;f9ea43ef-2012-4517-856c-794096eb2c38;PSN;sorcerer-builds;Sorcerer Builds - Select Your Platform;Diablo IV;Builds;0;USD;2026-01-07 18:31:51.551+00;1;unit;0
97f77c1c-dd3b-40ca-b58f-998ec583aa89;option;0523caed-b6ed-4564-953f-fa6aa9c03b85;2c4747af-1088-4cb3-914a-8e377c6ecfa6;Medium;sorcerer-builds;Sorcerer Builds - Select Build Level;Diablo IV;Builds;70.4;USD;2026-01-07 18:31:51.914+00;1;unit;70.4
e5e72177-c365-45e6-9a1e-2a4aad1d2369;option;adacf06e-80a6-4303-b07d-b1bb59118427;c82681d9-472e-44e8-9823-b2cd486f4a01;Pilot;sulfuras-hand-of-ragnaros;Sulfuras, Hand of Ragnaros - Boost Mode;20th Anniversary WoW;Gear;0;USD;2026-01-07 18:31:52.285+00;1;unit;0
e422c7ad-a32b-4de9-90ab-25e808eb758b;option;c11cf2e9-7898-431e-bded-51e147bd6ed6;37b12859-11c5-483f-a7f3-6c2b44b0f5fd;Normal Set (496 ilvl);tier-14-set-boost;Tier 14 Set Boost - Desired Gear Level;Mists of Pandaria;Gear;239.96;USD;2026-01-07 18:31:52.648+00;496;ilvl;0.4837903225806452
08824041-49c5-49b1-9ca6-b3d8015c70ca;option;9090c2e2-8451-48a7-b9ef-60fe8eabb118;a4b907ca-8ba9-4743-8f9f-aab4969c49a5;Health Care Privacy Part 3;eft-therapist-quests-boost;Therapist Quests - Health Care Privacy;Escape From Tarkov;Quests;22;USD;2026-01-07 18:31:37.628+00;3;unit;7.333333333333333
514d7cb4-facb-4ce5-adee-bc3302da7a75;option;dc51aea4-aa84-4b8c-80ca-fd92ef06881a;296c466d-244d-45a1-89a5-cc164b6485a2;The Tarkov Shooter Part 5;Jaeger-quests-eft-boost;Jaeger Quests  - The Tarkov Shooter;Escape From Tarkov;Quests;27;USD;2026-01-07 18:31:39.35+00;5;unit;5.4
86c6f98d-b816-4ce4-844a-a5a43351c40b;option;c7ecfc05-fa07-4671-aec1-b5ba02927cad;fa314c90-5441-41c4-8a29-cf6782a89807;Remote;sporeggar;Sporeggar - Boost Method;WoW: TBC;Reputations;30;USD;2026-01-07 18:31:39.721+00;1;unit;30
dea18e89-af6d-4729-8b8a-c4c89e1d9bcf;product;c6558645-2b8b-455d-a6e1-ee4ab5f66612;;;spiritborn-builds;Spiritborn Builds;Diablo IV;Builds;0;USD;2026-01-07 14:01:47.045+00;1;unit;0.00000000000000000000
26358e93-2c90-4216-a63e-c25ee2efdcbf;option;ae804199-da6e-424e-b21f-c3c263d2622a;0591dcff-5ef2-4d35-bcbb-b7295108241c;NA;chrono-corsair;Chrono Corsair  - Region;War Within;Mounts;0;USD;2026-01-07 18:31:40.093+00;1;unit;0
8862e04f-9732-4126-9bf3-6f226b93cc88;option;6bb0517f-b301-4f70-bd4f-568cd3781277;d7717488-0c4c-4496-9fd2-472196011d4c;Seasonal - Softcore;cavaliers-steed;Cavalier's Steed - Select World;Diablo IV;Mounts;26.36;USD;2026-01-07 18:31:40.452+00;1;unit;26.36
3ae7b7d7-e2ce-4b0c-8668-0e9f262305e7;option;e904fa6c-7dd8-420d-a6ba-52800480b8c0;1f18d896-8d60-4ba8-8893-65f0685cc3f4;EU;the-maghar;The Mag'har - Region;WoW: TBC;Reputations;0;USD;2026-01-07 18:31:40.841+00;1;unit;0
2da5198b-4eea-4eb6-bd98-d9715562d542;option;646cb4f6-404c-47e9-b2e5-36b9d5bd4eed;26f16356-da2d-4c4b-a2a5-c113bc63aaf7;3rd Ascendancy Trial +6 Ascendancy Points;poe-2-ascension-trials-boost;Ascension Trials Boost - Choose Trial;Path of Exile 2;Leveling;8;USD;2026-01-07 18:31:41.205+00;3;rd;2.6666666666666665
d0be022a-6b5a-404c-98b3-51098247db1f;option;3fa30cd5-d960-4897-ac45-b53c6e988e9c;7aec24b5-31e0-414d-9481-5389a6e72640;Remote;void-scarred-gryphon-1227;Void-Scarred Gryphon - Boost Method;War Within;Mounts;25.5;USD;2026-01-07 18:31:41.572+00;1;unit;25.5
06d38fb9-2bb6-4547-a8b3-8a5cdf72c789;option;767f7aae-4b68-465e-b738-a94607103e83;6fbd3b77-8cf0-4572-be60-ad2d217603ef;Pilot;marsh-roan-steed;Marsh Roan Steed - Boost Mode;Diablo IV;Mounts;0;USD;2026-01-07 18:31:42.312+00;1;unit;0
79ed756e-bebd-4889-ba66-1030f1c0fcb4;option;f2172cb6-95b5-4ef4-b763-ba6578b2be6b;2f8beaf1-1e47-46f5-acfa-8f3506994f96;Pilot;glory-of-the-icecrown-raider-10-boost;Glory of the Icecrown Raider 10 Boost - Boost Mode;War Within;Achievements;0;USD;2026-01-07 18:31:42.682+00;1;unit;0
9b58204e-d677-4c8d-bc14-f34101560da8;option;d0fe9403-122b-48c8-a9f5-56401cdc6a13;53a949e1-d91e-4ad0-9360-13b0232ffbfc;NA;glory-of-the-dominant-raider-boost;Glory of the Dominant Raider Boost - Region;War Within;Achievements;0;USD;2026-01-07 18:31:43.053+00;1;unit;0
3f218963-72a9-4657-b057-eb3aceda4029;option;9f51600a-64d9-495f-b196-109ff0626d4e;bad40ccc-afb8-49c7-b256-2ac7f8975f0a;EU;cenarion-expedition;Cenarion Expedition - Region;WoW: TBC;Reputations;0;USD;2026-01-07 18:31:43.426+00;1;unit;0
fa9a98f8-0745-4df4-a134-92ad1c39b069;option;b89b1a3b-5679-4cc2-8ff4-372b5666ecba;0488af08-898d-4af4-ad39-7a42938e1d25;PC;druid-builds;Druid Builds - Select Your Platform;Diablo IV;Builds;0;USD;2026-01-07 18:31:43.805+00;1;unit;0
47b32379-ffb3-4f5f-aee1-f43f7ab93ba8;option;b89b1a3b-5679-4cc2-8ff4-372b5666ecba;2c9d96a8-0726-43f5-b51b-8ba6850903fb;Starter;druid-builds;Druid Builds - Select Build Level;Diablo IV;Builds;35.2;USD;2026-01-07 18:31:44.191+00;1;unit;35.2
a2062e8c-448b-4acd-91c0-7080f255ebba;option;8af46009-2884-407d-8943-17ae1e2ea2e3;5e0498c3-b3de-484b-9dd4-939de4c46435;Neutral - Friendly;the-violet-eye;The Violet Eye - Desired Reputation Level;WoW: TBC;Reputations;29;USD;2026-01-07 18:31:44.593+00;1;unit;29
50bcab8d-15ca-4694-9ae8-ec5585460172;option;8f46392e-f611-4b2c-bda2-41fce49f06e5;b5b71a7f-3450-47e4-97cf-2f096dfc9597;NA;glory-of-the-omega-raider-boost;Glory of the Omega Raider Boost - Region;War Within;Achievements;0;USD;2026-01-07 18:31:44.978+00;1;unit;0
b63cb2e4-3a51-4849-9fe7-4bfd25a5c278;option;42262eee-c28b-47f8-b3f1-89671d364e90;15573ec8-45d5-4ce5-9b48-17c6db5eb934;Pilot;atiesh;Atiesh - Boost Mode;20th Anniversary WoW;Gear;0;USD;2026-01-07 18:31:46.076+00;1;unit;0
38aa6d81-24f6-40c2-88a3-5e76f853e7c2;option;1212f14d-2e3d-480b-954f-64eb8757adbc;1af01524-692a-4624-a449-441a10ea75a1;EU;void-forged-stallion;Void-Forged Stallion - Region;War Within;Mounts;0;USD;2026-01-07 18:31:46.79+00;1;unit;0
e2b5ba8c-ed03-4cfa-861c-69708dc61b89;option;e131fa68-934a-45cf-bc3a-e5f0abcabe8a;4ddd37ce-9a58-4f4d-a978-6d7dda36b63b;Eternal - Softcore;taiga-roan-steed;Taiga Roan Steed - Select World;Diablo IV;Mounts;39.53;USD;2026-01-07 18:31:47.175+00;1;unit;39.53
10bc0549-afa2-44ed-98c5-08cb641b5f48;option;2f8cb701-94f5-43f8-9967-9914d2794f0f;fce7af54-1960-4fb9-844f-022d03d972b9;EU;shattered-sun-offensive;Shattered Sun Offensive - Region;WoW: TBC;Reputations;0;USD;2026-01-07 18:31:47.569+00;1;unit;0
6e9d341d-dcc9-474c-89ac-50307302f6e0;option;6ce13ea2-9987-4960-86d7-76a30d2ca832;3dc724e8-277d-4556-96a6-cb9b630e476c;EU;tyrannotort;Tyrannotort - Region;War Within;Mounts;0;USD;2026-01-07 18:31:47.956+00;1;unit;0
73e6e4c5-f971-45bb-8c8d-c37e6a71c3e4;option;4986b14a-139a-469a-b851-8a625643cb94;51e5383a-81e6-4bb4-8205-15385c1b1869;Full Honor Gear 710 ilvl;full-pvp-gear;Full PvP Gear - Extra options;War Within;PvP;24.23;USD;2026-01-07 18:31:48.335+00;710;ilvl;0.03412676056338028
0b896b3c-6cb7-4e47-a200-023c03960139;option;16e87875-03f2-4eee-ad7f-64f14d5dfe3f;ec573486-e4c8-49a4-849b-c3e7b51200da;Selfplay;swift-zulian-tiger;Swift Zulian Tiger - Boost Mode;20th Anniversary WoW;Mounts;28.5;USD;2026-01-07 18:31:48.695+00;1;unit;28.5
db4323ba-c76e-4774-bd92-3ac68245f695;option;cc9067c9-acfc-4804-8156-454e7773aad1;cde44a7f-e473-4777-810e-9707dffc499d;Neutral - Friendly;cenarion-circle-reputation;Cenarion Circle Reputation - Select Desired Reputation Level;20th Anniversary WoW;Reputations;15.883999999999999;USD;2026-01-07 18:31:49.057+00;1;unit;15.883999999999999
0cb05342-cab7-40d1-b635-449c1aa85799;option;d5e41e52-267d-4a5f-aa61-211a9eb7b06c;b8fdb7a3-43ae-415b-b541-1cf862982aba;XBOX;ophidian-iris;Ophidian Iris - Select Your Platform;Diablo IV;Items;0;USD;2026-01-07 18:31:49.407+00;1;unit;0
38a67bc2-a8cd-4c2b-b8b3-52d57b6a1cfa;option;d5e41e52-267d-4a5f-aa61-211a9eb7b06c;9d34dbaf-c924-4a9d-b1c3-93b55942029e;4/4 - Greater Affixes;ophidian-iris;Ophidian Iris - Greater Affixes;Diablo IV;Items;88;USD;2026-01-07 18:31:49.77+00;4;unit;22
68d5a181-8260-47cc-9690-89652f7e2760;option;c06eb4ff-0604-43ed-8588-3cb080b5cb0c;16b15dff-2a58-4510-a9c6-28aad480a1b9;EU;warlock-epic-mount;Warlock Epic Mount - Region;20th Anniversary WoW;Mounts;0;USD;2026-01-07 18:31:50.503+00;1;unit;0
b50b336d-6a4c-4456-8276-415c48b0c7fa;option;33e3b5a1-e6f1-4c9e-b314-470b18a4f0ee;29c23bbc-210d-4388-89c7-03d4dca1b165;Honored-Revered;the-scryers;The Scryers - Desired Reputation Level;WoW: TBC;Reputations;59;USD;2026-01-07 18:31:51.261+00;1;unit;59
4b6645b8-7177-46bd-9df9-8ad7cec38a14;option;0523caed-b6ed-4564-953f-fa6aa9c03b85;f5a6a865-6f86-42fd-a786-feab1f783d7b;Seasonal;sorcerer-builds;Sorcerer Builds - Select World - Softcore;Diablo IV;Builds;0;USD;2026-01-07 18:31:51.631+00;1;unit;0
c813f050-9f52-4661-b19f-e7503ad6b55a;option;0523caed-b6ed-4564-953f-fa6aa9c03b85;2c4747af-1088-4cb3-914a-8e377c6ecfa6;Tormented;sorcerer-builds;Sorcerer Builds - Select Build Level;Diablo IV;Builds;396;USD;2026-01-07 18:31:51.992+00;1;unit;396
c3e1a05e-8a6b-4359-9069-e9ea6b4ddf61;option;adacf06e-80a6-4303-b07d-b1bb59118427;a105c9b0-e9fb-47b4-9749-b8c4d8e25b92;EU;sulfuras-hand-of-ragnaros;Sulfuras, Hand of Ragnaros - Region;20th Anniversary WoW;Gear;0;USD;2026-01-07 18:31:52.369+00;1;unit;0
3dec9c68-eb93-47b6-8283-15a2b9842752;option;dc51aea4-aa84-4b8c-80ca-fd92ef06881a;42805b78-8413-4230-9e83-991e3d3838b4;The Delicious Sausage;Jaeger-quests-eft-boost;Jaeger Quests  - Acquaintance 1;Escape From Tarkov;Quests;15;USD;2026-01-07 18:31:38.736+00;1;unit;15
60ceaf6a-b938-480d-a351-b874d2a7a6b3;option;dc51aea4-aa84-4b8c-80ca-fd92ef06881a;94c597b8-e936-4fc2-a263-c081d9a197f7;Wounded Beast;Jaeger-quests-eft-boost;Jaeger Quests  - The Survivalist Path;Escape From Tarkov;Quests;16;USD;2026-01-07 18:31:39.098+00;1;unit;16
365c5f04-e279-445b-bfc5-3a657b52992b;option;dc51aea4-aa84-4b8c-80ca-fd92ef06881a;296c466d-244d-45a1-89a5-cc164b6485a2;The Tarkov Shooter Part 8;Jaeger-quests-eft-boost;Jaeger Quests  - The Tarkov Shooter;Escape From Tarkov;Quests;22;USD;2026-01-07 18:31:39.492+00;8;unit;2.75
cbc99aa2-ea85-4853-8761-04c771a8dfd6;product;da6b0c76-0d9c-456b-bbc1-3f9d1c1af5bd;;;glory-of-the-pandaria-hero;Glory of the Pandaria Hero;Mists of Pandaria;Dungeons;143.2;USD;2026-01-07 14:01:33.652+00;1;unit;143.2000000000000000
e44fda49-f501-4ec7-83fb-8c30c3bcbde6;option;c7ecfc05-fa07-4671-aec1-b5ba02927cad;3375c67a-f841-430f-9c6e-c9dc4e7099c8;Neutral - Friendly;sporeggar;Sporeggar - Desired Reputation Level;WoW: TBC;Reputations;15;USD;2026-01-07 18:31:39.851+00;1;unit;15
dfcbf586-f62d-4129-986b-fd770ee2baf9;product;0523caed-b6ed-4564-953f-fa6aa9c03b85;;;sorcerer-builds;Sorcerer Builds;Diablo IV;Builds;0;USD;2026-01-07 14:01:45.456+00;1;unit;0.00000000000000000000
916ebdd4-7238-4b93-8b6a-41239de07d10;option;aab05a00-2e66-4c6f-a5cd-a7d678c8c073;cab848ff-f889-46b9-9314-d959305d270d;Pilot;pandaren-kite-string;Pandaren Kite String - Boost Mode;Mists of Pandaria;Mounts;0;USD;2026-01-07 18:31:40.576+00;1;unit;0
f0fe1a77-61df-47b5-a8b5-60cb280d0523;option;e904fa6c-7dd8-420d-a6ba-52800480b8c0;f75a1bed-f61d-4756-aec1-a5f79fcab0d6;Friendly - Honored;the-maghar;The Mag'har - Desired Reputation Level;WoW: TBC;Reputations;25;USD;2026-01-07 18:31:40.96+00;1;unit;25
1e13a40f-a67d-4c5a-ab9f-72968e2af1d9;option;646cb4f6-404c-47e9-b2e5-36b9d5bd4eed;2f1f8f3e-f50e-44cb-8620-bef57661880a;Pilot;poe-2-ascension-trials-boost;Ascension Trials Boost - Boost Method;Path of Exile 2;Leveling;0;USD;2026-01-07 18:31:41.323+00;1;unit;0
62655ae8-6d38-4be8-90be-552ab1c40ba6;option;3579dc12-1020-4d7b-aa21-0edd298059d8;84c2ab57-7e67-4f4d-80a9-49b04f892e08;PC;granite-coat-steed;Granite-coat Steed - Select Your Platform;Diablo IV;Mounts;0;USD;2026-01-07 18:31:42.074+00;1;unit;0
03bc7fd6-7e76-454a-b6b7-3ed26c386be9;option;767f7aae-4b68-465e-b738-a94607103e83;b26f7741-4ab1-42bc-83e3-2d70064e38b9;PSN;marsh-roan-steed;Marsh Roan Steed - Select Your Platform;Diablo IV;Mounts;0;USD;2026-01-07 18:31:42.433+00;1;unit;0
548507de-b0f4-4f19-9099-13eb717aa886;option;f2172cb6-95b5-4ef4-b763-ba6578b2be6b;fe578393-f879-49d8-9f49-0f5a67f1b1dd;NA;glory-of-the-icecrown-raider-10-boost;Glory of the Icecrown Raider 10 Boost - Region;War Within;Achievements;0;USD;2026-01-07 18:31:42.798+00;1;unit;0
409c481b-940a-405a-aab4-1ad375793f7b;option;91c957d5-def7-4cf8-9fe2-e65fa1a9ca55;84fb6c4c-db59-4026-9ae8-dd352f566d9b;Remote;the-big-g-mount;The Big G Mount  - Boost Method;War Within;Mounts;25.5;USD;2026-01-07 18:31:43.187+00;1;unit;25.5
f99f89d0-8825-4ba5-a3ae-3a6f4335b4db;option;9f51600a-64d9-495f-b196-109ff0626d4e;e213b4c3-eec0-4505-9782-b182f720df77;Friendly - Honored;cenarion-expedition;Cenarion Expedition - Desired Reputation Level;WoW: TBC;Reputations;39;USD;2026-01-07 18:31:43.548+00;1;unit;39
7bbb2999-4e1c-4998-a467-2456abae6390;option;b89b1a3b-5679-4cc2-8ff4-372b5666ecba;0871669e-2054-4de8-84dd-9bda464dad9d;Seasonal;druid-builds;Druid Builds - Select World - Softcore;Diablo IV;Builds;0;USD;2026-01-07 18:31:43.923+00;1;unit;0
ca0ddaad-560b-4bab-ac80-b256a8f1010b;option;b89b1a3b-5679-4cc2-8ff4-372b5666ecba;2c9d96a8-0726-43f5-b51b-8ba6850903fb;Tormented;druid-builds;Druid Builds - Select Build Level;Diablo IV;Builds;396;USD;2026-01-07 18:31:44.316+00;1;unit;396
871dbbe4-37f0-4981-a312-af954726e1e7;option;8af46009-2884-407d-8943-17ae1e2ea2e3;5e0498c3-b3de-484b-9dd4-939de4c46435;Revered - Exalted;the-violet-eye;The Violet Eye - Desired Reputation Level;WoW: TBC;Reputations;89;USD;2026-01-07 18:31:44.74+00;1;unit;89
10ec17bd-cf67-437e-ad95-0b3fe3473059;option;aba8d745-7aaa-415e-a0b3-58fdb08b2c81;0cb12d1e-6ef5-4a14-b538-c81b1265f35e;Selfplay;manaforge-omega-mythic;Manaforge Omega Mythic - Boost Method;War Within;Raids;0;USD;2026-01-07 18:31:45.478+00;1;unit;0
30f964f6-6997-4a61-9d02-401e6fdbfb9e;option;aba8d745-7aaa-415e-a0b3-58fdb08b2c81;aae81f96-678c-4559-a10d-93613ba5f46f;7/8 Bosses;manaforge-omega-mythic;Manaforge Omega Mythic - Full Loot Prio;War Within;Raids;159.09;USD;2026-01-07 18:31:45.822+00;7;unit;22.72714285714286
62ded1f5-1a9c-481a-ab3e-1e0e978fc472;option;e131fa68-934a-45cf-bc3a-e5f0abcabe8a;6a570306-686e-48ab-87de-b3ef5c068b7c;Pilot;taiga-roan-steed;Taiga Roan Steed - Boost Mode;Diablo IV;Mounts;0;USD;2026-01-07 18:31:46.919+00;1;unit;0
f43ff981-e692-4054-8c38-ae2e08cc493c;option;6197544b-5e8f-4c1a-ac65-9ea40c3f3a39;765ff81b-3567-4f5f-a1a6-e145bad6c465;Remote;the-arena-master-achievement;The Arena Master Achievement - Boost Mode;Mists of Pandaria;Achievements;15;USD;2026-01-07 18:31:47.297+00;1;unit;15
52ae7202-bb62-415f-a97e-ba4466052d95;option;2f8cb701-94f5-43f8-9967-9914d2794f0f;51fa7bde-6dfa-468d-aeed-d7dac2d87dbb;Friendly - Honored;shattered-sun-offensive;Shattered Sun Offensive - Desired Reputation Level;WoW: TBC;Reputations;25;USD;2026-01-07 18:31:47.699+00;1;unit;25
2b5b6609-b820-4fc2-8d73-ab63c4ce112e;option;aa7fc58f-17d6-46f8-920c-6b24e9c4702e;7696c7be-3e7b-429f-810d-497b1f5c1115;Pilot;swift-razzashi-raptor;Swift Razzashi Raptor - Boost Mode;20th Anniversary WoW;Mounts;0;USD;2026-01-07 18:31:48.081+00;1;unit;0
0348d013-4686-429d-92a5-6aeba65cb11a;option;4986b14a-139a-469a-b851-8a625643cb94;136d2be9-ba11-4a0b-84d2-879056fdc803;NA;full-pvp-gear;Full PvP Gear - Region;War Within;PvP;0;USD;2026-01-07 18:31:48.453+00;1;unit;0
56e41fe1-5a46-4289-b993-c01b3b368e63;option;16e87875-03f2-4eee-ad7f-64f14d5dfe3f;91318bf0-1883-43ae-875a-3983966e8ea5;NA;swift-zulian-tiger;Swift Zulian Tiger - Region;20th Anniversary WoW;Mounts;0;USD;2026-01-07 18:31:48.819+00;1;unit;0
af94f011-18ce-4693-9f6a-3297ad2bcb1d;option;cc9067c9-acfc-4804-8156-454e7773aad1;cde44a7f-e473-4777-810e-9707dffc499d;Revered - Exalted;cenarion-circle-reputation;Cenarion Circle Reputation - Select Desired Reputation Level;20th Anniversary WoW;Reputations;108.908;USD;2026-01-07 18:31:49.172+00;1;unit;108.908
2229d487-ebf0-4109-b1e1-1dbf29b1c8ce;option;d5e41e52-267d-4a5f-aa61-211a9eb7b06c;0a8e5f15-75c8-456f-94ec-fec09103e7a7;High Roll Unique Power;ophidian-iris;Ophidian Iris - Extra Power ;Diablo IV;Items;8.8;USD;2026-01-07 18:31:49.529+00;1;unit;8.8
3f4a71d4-3401-487b-8064-f74ef0c0ccaa;option;508c21cb-fdf6-4d24-9401-48293946102d;b81b660e-b440-4a2c-b2e6-18f0ef1c7aae;Remote;translocated-gorger;Translocated Gorger - Boost Method;War Within;Mounts;25.5;USD;2026-01-07 18:31:49.884+00;1;unit;25.5
0c9475d6-bdad-4fd1-ad4f-c2b7ab15614e;option;c06eb4ff-0604-43ed-8588-3cb080b5cb0c;9fbc450e-0a48-417c-895d-5ad24f5047dc;Dreadsteed;warlock-epic-mount;Warlock Epic Mount - Warlock Mount Options;20th Anniversary WoW;Mounts;66.88;USD;2026-01-07 18:31:50.645+00;1;unit;66.88
bac059fa-cbf2-4777-901d-f1868f2b671e;option;33e3b5a1-e6f1-4c9e-b314-470b18a4f0ee;6d105596-cb0f-4455-8585-89fb89d9b166;EU;the-scryers;The Scryers - Region;WoW: TBC;Reputations;0;USD;2026-01-07 18:31:51.022+00;1;unit;0
9c33ba46-bd66-4286-a0ab-b62682b1d44b;option;0523caed-b6ed-4564-953f-fa6aa9c03b85;0bd70ea3-1d8f-43df-89f2-f269d762f718;Ball Lightning;sorcerer-builds;Sorcerer Builds - Select Build;Diablo IV;Builds;0;USD;2026-01-07 18:31:51.756+00;1;unit;0
862c4d4d-fabe-4190-bed5-79aed1dd2618;option;9090c2e2-8451-48a7-b9ef-60fe8eabb118;a4b907ca-8ba9-4743-8f9f-aab4969c49a5;Health Care Privacy Part 5 ;eft-therapist-quests-boost;Therapist Quests - Health Care Privacy;Escape From Tarkov;Quests;7;USD;2026-01-07 18:31:37.706+00;5;unit;1.4
f240b319-9ff7-48e5-863e-21ee39f27e0e;option;dc51aea4-aa84-4b8c-80ca-fd92ef06881a;42805b78-8413-4230-9e83-991e3d3838b4;Cease Fire;Jaeger-quests-eft-boost;Jaeger Quests  - Acquaintance 1;Escape From Tarkov;Quests;15;USD;2026-01-07 18:31:38.083+00;1;unit;15
f370cbed-bb49-4734-b30e-0babec51b55e;option;dc51aea4-aa84-4b8c-80ca-fd92ef06881a;42805b78-8413-4230-9e83-991e3d3838b4;Slaughterhouse;Jaeger-quests-eft-boost;Jaeger Quests  - Acquaintance 1;Escape From Tarkov;Quests;160;USD;2026-01-07 18:31:38.461+00;1;unit;160
cd7e9fff-c6c1-49bb-98fa-093798dc6529;option;dc51aea4-aa84-4b8c-80ca-fd92ef06881a;94c597b8-e936-4fc2-a263-c081d9a197f7;Cold Blooded;Jaeger-quests-eft-boost;Jaeger Quests  - The Survivalist Path;Escape From Tarkov;Quests;22;USD;2026-01-07 18:31:38.826+00;1;unit;22
948f4f8a-1fa7-41a1-abf9-258e765e93ff;option;dc51aea4-aa84-4b8c-80ca-fd92ef06881a;296c466d-244d-45a1-89a5-cc164b6485a2;The Tarkov Shooter Part 1;Jaeger-quests-eft-boost;Jaeger Quests  - The Tarkov Shooter;Escape From Tarkov;Quests;17;USD;2026-01-07 18:31:39.18+00;1;unit;17
7c0457bc-ca26-4211-b649-3fa4967a7141;option;dc51aea4-aa84-4b8c-80ca-fd92ef06881a;4a2ab3df-a064-4441-af49-e81a5800ae06;Broadcast Part 4;Jaeger-quests-eft-boost;Jaeger Quests  - Broadcast ;Escape From Tarkov;Quests;27;USD;2026-01-07 18:31:39.57+00;4;unit;6.75
272d52fe-62a5-4e0f-a9b0-8a9e3c99be55;option;c7ecfc05-fa07-4671-aec1-b5ba02927cad;3375c67a-f841-430f-9c6e-c9dc4e7099c8;Honored - Revered;sporeggar;Sporeggar - Desired Reputation Level;WoW: TBC;Reputations;49;USD;2026-01-07 18:31:39.933+00;1;unit;49
ea95938c-b059-4f67-8c58-b36ec34ab1e8;option;6bb0517f-b301-4f70-bd4f-568cd3781277;fcd7d821-2b1a-4b4c-98ac-090304b4d8e3;Remote;cavaliers-steed;Cavalier's Steed - Boost Mode;Diablo IV;Mounts;15;USD;2026-01-07 18:31:40.296+00;1;unit;15
be9ae44c-e9ba-4ac0-8dbc-e04dd38ee3ed;option;aab05a00-2e66-4c6f-a5cd-a7d678c8c073;52f1ad22-f46b-4f6c-b26c-765ac94339c0;NA;pandaren-kite-string;Pandaren Kite String - Region;Mists of Pandaria;Mounts;0;USD;2026-01-07 18:31:40.655+00;1;unit;0
132d0765-5ac9-4eb4-b754-b190cd610e1c;option;e904fa6c-7dd8-420d-a6ba-52800480b8c0;f75a1bed-f61d-4756-aec1-a5f79fcab0d6;Revered - Exalted;the-maghar;The Mag'har - Desired Reputation Level;WoW: TBC;Reputations;49;USD;2026-01-07 18:31:41.039+00;1;unit;49
cc59c402-42f2-46f1-bf39-ae68066854d6;option;646cb4f6-404c-47e9-b2e5-36b9d5bd4eed;037a545d-eb8c-40d6-b7b2-c86a4a4ff768;League SC;poe-2-ascension-trials-boost;Ascension Trials Boost - League;Path of Exile 2;Leveling;0;USD;2026-01-07 18:31:41.41+00;1;unit;0
397a5f7a-6424-4721-ad68-48d330ef32ee;option;da6b0c76-0d9c-456b-bbc1-3f9d1c1af5bd;74987d0a-24d8-4d7a-93e5-a8fb993b7d99;Selfplay;glory-of-the-pandaria-hero;Glory of the Pandaria Hero - Boost Mode;Mists of Pandaria;Dungeons;0;USD;2026-01-07 18:31:41.794+00;1;unit;0
d5d29959-e52b-4a54-87ba-dd293ea7d827;option;3579dc12-1020-4d7b-aa21-0edd298059d8;84c2ab57-7e67-4f4d-80a9-49b04f892e08;XBOX;granite-coat-steed;Granite-coat Steed - Select Your Platform;Diablo IV;Mounts;0;USD;2026-01-07 18:31:42.153+00;1;unit;0
148910e6-539e-48c8-a481-5c4df9084987;option;767f7aae-4b68-465e-b738-a94607103e83;925debfc-9ce9-4e0a-8e65-fbdb8b9b2f01;Seasonal - Softcore;marsh-roan-steed;Marsh Roan Steed - Select World;Diablo IV;Mounts;26.36;USD;2026-01-07 18:31:42.519+00;1;unit;26.36
37171f33-57cf-42b4-bd6a-d5d6459206af;option;91c957d5-def7-4cf8-9fe2-e65fa1a9ca55;5e595207-5894-40f1-a716-ab04fafb7439;NA;the-big-g-mount;The Big G Mount  - Region;War Within;Mounts;0;USD;2026-01-07 18:31:43.265+00;1;unit;0
3b9c2b85-6191-4fcc-9846-eae3d55b65a6;option;9f51600a-64d9-495f-b196-109ff0626d4e;e213b4c3-eec0-4505-9782-b182f720df77;Revered - Exalted;cenarion-expedition;Cenarion Expedition - Desired Reputation Level;WoW: TBC;Reputations;69;USD;2026-01-07 18:31:43.634+00;1;unit;69
5003e432-80b4-47b2-bab0-beac6e122e9f;option;b89b1a3b-5679-4cc2-8ff4-372b5666ecba;75cbfb3f-a82f-46e1-b59f-0d7af45fe534;Puddle Pulverize;druid-builds;Druid Builds - Select Build;Diablo IV;Builds;0;USD;2026-01-07 18:31:44.013+00;1;unit;0
dca9f307-7095-4db6-a63c-752d85935cd3;option;8af46009-2884-407d-8943-17ae1e2ea2e3;f5b85ca8-e7b9-4b36-99cd-070eab98fedf;Pilot;the-violet-eye;The Violet Eye - Boost Method;WoW: TBC;Reputations;0;USD;2026-01-07 18:31:44.397+00;1;unit;0
53a04e27-72e1-42ea-ab9b-01361a78c3eb;option;8f46392e-f611-4b2c-bda2-41fce49f06e5;55a94c22-bba3-4a21-97c8-548a75ac6912;Selfplay;glory-of-the-omega-raider-boost;Glory of the Omega Raider Boost - Boost Mode;War Within;Achievements;0;USD;2026-01-07 18:31:44.816+00;1;unit;0
696d875c-f866-4329-87f2-fff55d0c6506;option;aba8d745-7aaa-415e-a0b3-58fdb08b2c81;0cb12d1e-6ef5-4a14-b538-c81b1265f35e;Remote;manaforge-omega-mythic;Manaforge Omega Mythic - Boost Method;War Within;Raids;4.95;USD;2026-01-07 18:31:45.555+00;1;unit;4.95
26076c8e-6d11-4b1b-bf49-812f7ab9b691;option;aba8d745-7aaa-415e-a0b3-58fdb08b2c81;aae81f96-678c-4559-a10d-93613ba5f46f;8/8 Bosses + Mount;manaforge-omega-mythic;Manaforge Omega Mythic - Full Loot Prio;War Within;Raids;260.58;USD;2026-01-07 18:31:45.899+00;8;unit;32.5725
b34da5f0-629a-44b4-9787-0eaa48995a97;option;e131fa68-934a-45cf-bc3a-e5f0abcabe8a;4e9d5068-8352-4ca5-af28-8b2daef351f7;PC;taiga-roan-steed;Taiga Roan Steed - Select Your Platform;Diablo IV;Mounts;0;USD;2026-01-07 18:31:46.996+00;1;unit;0
9032314e-fe84-4222-b21a-2f2c7f698683;option;6197544b-5e8f-4c1a-ac65-9ea40c3f3a39;22c009db-aedf-4727-8ec2-9189bb539482;NA;the-arena-master-achievement;The Arena Master Achievement - Region;Mists of Pandaria;Achievements;0;USD;2026-01-07 18:31:47.404+00;1;unit;0
b9414875-a00e-404f-aebc-12f86c0324d6;option;2f8cb701-94f5-43f8-9967-9914d2794f0f;51fa7bde-6dfa-468d-aeed-d7dac2d87dbb;Revered - Exalted;shattered-sun-offensive;Shattered Sun Offensive - Desired Reputation Level;WoW: TBC;Reputations;49;USD;2026-01-07 18:31:47.784+00;1;unit;49
30776f35-28e4-440d-b2da-5383de7306bd;option;aa7fc58f-17d6-46f8-920c-6b24e9c4702e;7696c7be-3e7b-429f-810d-497b1f5c1115;Remote;swift-razzashi-raptor;Swift Razzashi Raptor - Boost Mode;20th Anniversary WoW;Mounts;14.25;USD;2026-01-07 18:31:48.163+00;1;unit;14.25
b297cc78-8a2d-473e-a891-9ae503c981f3;option;4986b14a-139a-469a-b851-8a625643cb94;28ed5816-f9cd-45a8-8cd6-c83da5900b5a;Pilot;full-pvp-gear;Full PvP Gear - Boost Method;War Within;PvP;0;USD;2026-01-07 18:31:48.53+00;1;unit;0
bc9ba44a-a384-4963-bd85-5bf39fd165dd;option;cc9067c9-acfc-4804-8156-454e7773aad1;927282f1-4116-4fb7-972b-52a691d760e4;Pilot;cenarion-circle-reputation;Cenarion Circle Reputation - Boost Mode;20th Anniversary WoW;Reputations;0;USD;2026-01-07 18:31:48.903+00;1;unit;0
57c50dcb-cb6f-46bb-9998-e1facf9012ad;option;d5e41e52-267d-4a5f-aa61-211a9eb7b06c;a8da2a15-0dd2-4647-ac12-893608863217;Pilot;ophidian-iris;Ophidian Iris - Boost Mode;Diablo IV;Items;0;USD;2026-01-07 18:31:49.249+00;1;unit;0
e928f116-8658-4eab-9afa-efd5aa0db1b3;option;d5e41e52-267d-4a5f-aa61-211a9eb7b06c;9d34dbaf-c924-4a9d-b1c3-93b55942029e;Without Greater Affixes;ophidian-iris;Ophidian Iris - Greater Affixes;Diablo IV;Items;0;USD;2026-01-07 18:31:49.608+00;1;unit;0
8154acd8-8abb-40b5-8a36-32294e7511e8;option;508c21cb-fdf6-4d24-9401-48293946102d;72f84b20-56ee-4db6-aafe-71f66fa5217d;NA;translocated-gorger;Translocated Gorger - Region;War Within;Mounts;0;USD;2026-01-07 18:31:49.959+00;1;unit;0
e182fb0a-96f7-42a9-946c-479aab1dcc32;option;f1c0275f-b890-483d-ac91-ffb13009995d;ec0596d8-9de2-4cd3-ad48-b982d10ad54f;NA;pre-raid-gear;Pre-Raid Gear - Region;20th Anniversary WoW;Gear;0;USD;2026-01-07 18:31:52.121+00;1;unit;0
702b6b13-1ffc-4311-83dd-fecf53a970ed;option;c11cf2e9-7898-431e-bded-51e147bd6ed6;9069b835-dae5-456e-983d-140bbae4b230;Pilot;tier-14-set-boost;Tier 14 Set Boost - Boost Mode;Mists of Pandaria;Gear;0;USD;2026-01-07 18:31:52.486+00;1;unit;0
da71e186-5655-4a5c-a585-fbf1a0ca32df;option;b4916168-ad35-4b85-80b2-63a12bfc3c9a;d6625bbf-d697-4372-bc18-e31eb45bddb6;Pilot;chariot-mount;Chariot Mount  - Boost Method;War Within;Mounts;0;USD;2026-01-07 18:31:37.838+00;1;unit;0
254ffb09-936b-468b-a679-c987c0f38c87;option;dc51aea4-aa84-4b8c-80ca-fd92ef06881a;42805b78-8413-4230-9e83-991e3d3838b4;Hunter;Jaeger-quests-eft-boost;Jaeger Quests  - Acquaintance 1;Escape From Tarkov;Quests;599;USD;2026-01-07 18:31:38.21+00;1;unit;599
99a096f4-169c-473d-8c01-99805d9a149c;product;767f7aae-4b68-465e-b738-a94607103e83;;;marsh-roan-steed;Marsh Roan Steed;Diablo IV;Mounts;0;USD;2026-01-07 14:01:34.406+00;1;unit;0.00000000000000000000
e1187b09-2562-4626-8c9b-a87a5065346c;option;dc51aea4-aa84-4b8c-80ca-fd92ef06881a;42805b78-8413-4230-9e83-991e3d3838b4;Dragnet;Jaeger-quests-eft-boost;Jaeger Quests  - Acquaintance 1;Escape From Tarkov;Quests;10;USD;2026-01-07 18:31:38.575+00;1;unit;10
ddf0eecc-9864-4fb0-a6fd-a9bd3e70c2ed;option;dc51aea4-aa84-4b8c-80ca-fd92ef06881a;94c597b8-e936-4fc2-a263-c081d9a197f7;Junkie;Jaeger-quests-eft-boost;Jaeger Quests  - The Survivalist Path;Escape From Tarkov;Quests;22;USD;2026-01-07 18:31:38.94+00;1;unit;22
6dfda43e-a5f7-4623-b61c-ca7e10b0f07c;option;dc51aea4-aa84-4b8c-80ca-fd92ef06881a;296c466d-244d-45a1-89a5-cc164b6485a2;The Tarkov Shooter Part 4;Jaeger-quests-eft-boost;Jaeger Quests  - The Tarkov Shooter;Escape From Tarkov;Quests;45;USD;2026-01-07 18:31:39.312+00;4;unit;11.25
0a2c1191-dc64-438a-baf9-544d261e6a91;option;c7ecfc05-fa07-4671-aec1-b5ba02927cad;fa314c90-5441-41c4-8a29-cf6782a89807;Pilot;sporeggar;Sporeggar - Boost Method;WoW: TBC;Reputations;0;USD;2026-01-07 18:31:39.683+00;1;unit;0
1fa6f294-7bba-4467-8e3f-844e3242fbe8;option;ae804199-da6e-424e-b21f-c3c263d2622a;0591dcff-5ef2-4d35-bcbb-b7295108241c;EU;chrono-corsair;Chrono Corsair  - Region;War Within;Mounts;0;USD;2026-01-07 18:31:40.052+00;1;unit;0
f9fe435c-d208-422f-b7a3-242f30d4edc7;option;6bb0517f-b301-4f70-bd4f-568cd3781277;76b8a723-3366-4d62-a1ca-77ac2f3c2691;XBOX;cavaliers-steed;Cavalier's Steed - Select Your Platform;Diablo IV;Mounts;0;USD;2026-01-07 18:31:40.413+00;1;unit;0
4516835f-7fbc-4340-8a8b-4dbb0f0abfbb;option;e904fa6c-7dd8-420d-a6ba-52800480b8c0;45f16879-a276-4616-9535-d3c1e3e67761;Remote;the-maghar;The Mag'har - Boost Method;WoW: TBC;Reputations;30;USD;2026-01-07 18:31:40.803+00;1;unit;30
c5790b99-384c-4a25-b1e4-c823ec6c5802;option;3fa30cd5-d960-4897-ac45-b53c6e988e9c;7aec24b5-31e0-414d-9481-5389a6e72640;Pilot;void-scarred-gryphon-1227;Void-Scarred Gryphon - Boost Method;War Within;Mounts;0;USD;2026-01-07 18:31:41.53+00;1;unit;0
190d0360-70e3-44ab-a51d-c2d6c3ad63ca;option;da6b0c76-0d9c-456b-bbc1-3f9d1c1af5bd;360390a1-58c6-4af9-8e4d-518a36256b15;NA;glory-of-the-pandaria-hero;Glory of the Pandaria Hero - Region;Mists of Pandaria;Dungeons;0;USD;2026-01-07 18:31:41.908+00;1;unit;0
a4850c5b-c632-492a-93a6-9a9255d3fcfc;option;f2172cb6-95b5-4ef4-b763-ba6578b2be6b;2f8beaf1-1e47-46f5-acfa-8f3506994f96;Selfplay;glory-of-the-icecrown-raider-10-boost;Glory of the Icecrown Raider 10 Boost - Boost Mode;War Within;Achievements;0;USD;2026-01-07 18:31:42.641+00;1;unit;0
6d56ac8d-337a-478c-990d-6e6109a9b726;option;d0fe9403-122b-48c8-a9f5-56401cdc6a13;53a949e1-d91e-4ad0-9360-13b0232ffbfc;EU;glory-of-the-dominant-raider-boost;Glory of the Dominant Raider Boost - Region;War Within;Achievements;0;USD;2026-01-07 18:31:43.015+00;1;unit;0
fef3f50a-a78d-490c-9eaf-b2bd37c5caf4;option;9f51600a-64d9-495f-b196-109ff0626d4e;21f31749-7a4f-4746-aa0c-8badfee0ac1f;Remote;cenarion-expedition;Cenarion Expedition - Boost Method;WoW: TBC;Reputations;30;USD;2026-01-07 18:31:43.387+00;1;unit;30
10b71db0-ede8-448f-9d49-77a52cab5d48;option;b89b1a3b-5679-4cc2-8ff4-372b5666ecba;b9c6a4da-6087-4117-9930-d2334c02c193;Selfplay;druid-builds;Druid Builds - Boost Mode;Diablo IV;Builds;0;USD;2026-01-07 18:31:43.765+00;1;unit;0
e102ee6e-50bc-4b54-a9d3-ad0f75243742;option;b89b1a3b-5679-4cc2-8ff4-372b5666ecba;75cbfb3f-a82f-46e1-b59f-0d7af45fe534;Custom Build;druid-builds;Druid Builds - Select Build;Diablo IV;Builds;0;USD;2026-01-07 18:31:44.148+00;1;unit;0
5977e897-90f1-4aa9-aac6-1ff6ec3d7427;option;8af46009-2884-407d-8943-17ae1e2ea2e3;84ba2a1b-b650-4082-b606-53512861e29a;NA;the-violet-eye;The Violet Eye - Region;WoW: TBC;Reputations;0;USD;2026-01-07 18:31:44.551+00;1;unit;0
c2ac1609-5086-4d77-bbb7-1619cd3ac15a;option;8f46392e-f611-4b2c-bda2-41fce49f06e5;b5b71a7f-3450-47e4-97cf-2f096dfc9597;EU;glory-of-the-omega-raider-boost;Glory of the Omega Raider Boost - Region;War Within;Achievements;0;USD;2026-01-07 18:31:44.937+00;1;unit;0
2dc6aa6f-39ad-4969-a892-69252d07367d;option;aba8d745-7aaa-415e-a0b3-58fdb08b2c81;aae81f96-678c-4559-a10d-93613ba5f46f;3/8 Bosses;manaforge-omega-mythic;Manaforge Omega Mythic - Full Loot Prio;War Within;Raids;52.11;USD;2026-01-07 18:31:45.673+00;3;unit;17.37
d6cf45fd-deeb-45db-8954-af16910b7a48;option;42262eee-c28b-47f8-b3f1-89671d364e90;db5a9234-d0e0-4af1-89d0-e211d355c805;NA;atiesh;Atiesh - Region;20th Anniversary WoW;Gear;0;USD;2026-01-07 18:31:46.037+00;1;unit;0
ae811b54-9d30-4cf3-81d3-3bb3879e2b94;option;1212f14d-2e3d-480b-954f-64eb8757adbc;c29f5f0c-1391-4524-a2f0-73977bfe3cb1;Remote;void-forged-stallion;Void-Forged Stallion - Boost Method;War Within;Mounts;25.5;USD;2026-01-07 18:31:46.753+00;1;unit;25.5
ef9f4f4c-1e57-454d-8ff3-71728375ce9a;option;e131fa68-934a-45cf-bc3a-e5f0abcabe8a;4ddd37ce-9a58-4f4d-a978-6d7dda36b63b;Seasonal - Softcore;taiga-roan-steed;Taiga Roan Steed - Select World;Diablo IV;Mounts;26.36;USD;2026-01-07 18:31:47.138+00;1;unit;26.36
21f4cf8f-cc34-4044-bc47-2ce8953127ad;option;2f8cb701-94f5-43f8-9967-9914d2794f0f;cc8b8f8a-c45c-42ad-8dcb-a6a072bf2c4f;Remote;shattered-sun-offensive;Shattered Sun Offensive - Boost Method;WoW: TBC;Reputations;30;USD;2026-01-07 18:31:47.53+00;1;unit;30
c3db203c-12c9-4210-a492-54128e66c978;option;6ce13ea2-9987-4960-86d7-76a30d2ca832;3a9f647f-edf0-478d-8b76-6344207a5836;Remote;tyrannotort;Tyrannotort - Boost Method;War Within;Mounts;25.5;USD;2026-01-07 18:31:47.918+00;1;unit;25.5
01ae96d5-c670-42bc-927b-e3e6a574e9fc;option;16e87875-03f2-4eee-ad7f-64f14d5dfe3f;ec573486-e4c8-49a4-849b-c3e7b51200da;Pilot;swift-zulian-tiger;Swift Zulian Tiger - Boost Mode;20th Anniversary WoW;Mounts;0;USD;2026-01-07 18:31:48.657+00;1;unit;0
a035eda3-d05c-4561-8b3b-27dd027596c2;option;cc9067c9-acfc-4804-8156-454e7773aad1;90c4e8ff-e1bf-4e7d-acee-ee1658eaaa3a;NA;cenarion-circle-reputation;Cenarion Circle Reputation - Region;20th Anniversary WoW;Reputations;0;USD;2026-01-07 18:31:49.019+00;1;unit;0
2bfa034b-57a2-4dfd-ad53-0d3e5e283f7d;option;d5e41e52-267d-4a5f-aa61-211a9eb7b06c;b8fdb7a3-43ae-415b-b541-1cf862982aba;PSN;ophidian-iris;Ophidian Iris - Select Your Platform;Diablo IV;Items;0;USD;2026-01-07 18:31:49.364+00;1;unit;0
394769e7-2eb8-4111-bb51-1026c465269c;option;d5e41e52-267d-4a5f-aa61-211a9eb7b06c;9d34dbaf-c924-4a9d-b1c3-93b55942029e;3/4 - Greater Affixes;ophidian-iris;Ophidian Iris - Greater Affixes;Diablo IV;Items;52.8;USD;2026-01-07 18:31:49.73+00;3;unit;17.599999999999998
08b45213-d82a-4918-8479-bdfc44271367;option;7765aefc-5bc3-4e2b-870d-d3abf0e2c421;fed74751-bb7d-471c-8ecf-b003f39697c8;Pilot;tier-1-set;Tier 1 Set - Boost Mode;20th Anniversary WoW;Gear;0;USD;2026-01-07 18:31:50.728+00;1;unit;0
1f26be90-f542-45a5-bdf9-95713b3a83df;option;33e3b5a1-e6f1-4c9e-b314-470b18a4f0ee;29c23bbc-210d-4388-89c7-03d4dca1b165;Hated-Hostile;the-scryers;The Scryers - Desired Reputation Level;WoW: TBC;Reputations;49;USD;2026-01-07 18:31:51.099+00;1;unit;49
a2cec062-5d45-4baa-8925-f05a093a355c;option;0523caed-b6ed-4564-953f-fa6aa9c03b85;7bc67a3f-4bb1-4418-a74f-c9904f3512a9;Selfplay;sorcerer-builds;Sorcerer Builds - Boost Mode;Diablo IV;Builds;0;USD;2026-01-07 18:31:51.47+00;1;unit;0
fa5fe3ad-20b8-4e8e-916d-13c3f6841cd6;option;0523caed-b6ed-4564-953f-fa6aa9c03b85;0bd70ea3-1d8f-43df-89f2-f269d762f718;Custom Build;sorcerer-builds;Sorcerer Builds - Select Build;Diablo IV;Builds;0;USD;2026-01-07 18:31:51.833+00;1;unit;0
3391ab86-2b37-454c-8d22-c786e9c5ac33;option;f1c0275f-b890-483d-ac91-ffb13009995d;1078efc6-cc06-4de0-9edc-134459e8c969;Selfplay;pre-raid-gear;Pre-Raid Gear - Boost Mode;20th Anniversary WoW;Gear;0;USD;2026-01-07 18:31:52.209+00;1;unit;0
e1587e12-1c7a-4c0e-9b78-8be274ac025f;option;c11cf2e9-7898-431e-bded-51e147bd6ed6;1442608f-a1b0-455b-bfca-72830c90b9cd;EU;tier-14-set-boost;Tier 14 Set Boost - Region;Mists of Pandaria;Gear;0;USD;2026-01-07 18:31:52.563+00;1;unit;0
e1c2bde7-b088-4dce-a491-a7b40af8e6ce;option;b4916168-ad35-4b85-80b2-63a12bfc3c9a;1b638784-9d87-473e-a3ed-06780412087b;EU;chariot-mount;Chariot Mount  - Region;War Within;Mounts;0;USD;2026-01-07 18:31:37.916+00;1;unit;0
7ea4bdd0-7187-4584-ac12-5622193cf93e;option;dc51aea4-aa84-4b8c-80ca-fd92ef06881a;42805b78-8413-4230-9e83-991e3d3838b4;Nostalgia;Jaeger-quests-eft-boost;Jaeger Quests  - Acquaintance 1;Escape From Tarkov;Quests;15;USD;2026-01-07 18:31:38.306+00;1;unit;15
c77691ba-10c2-4840-8c5c-7d3258cf3415;product;aba8d745-7aaa-415e-a0b3-58fdb08b2c81;;;manaforge-omega-mythic;Manaforge Omega Mythic;War Within;Raids;0.55;USD;2026-01-07 14:01:37.679+00;1;unit;0.55000000000000000000
a29ca27e-7503-4735-9592-db6cfd37ec81;option;dc51aea4-aa84-4b8c-80ca-fd92ef06881a;42805b78-8413-4230-9e83-991e3d3838b4;Swift One;Jaeger-quests-eft-boost;Jaeger Quests  - Acquaintance 1;Escape From Tarkov;Quests;115;USD;2026-01-07 18:31:38.653+00;1;unit;115
e19227ad-50f4-484e-90ee-60af8a74bfc2;option;dc51aea4-aa84-4b8c-80ca-fd92ef06881a;94c597b8-e936-4fc2-a263-c081d9a197f7;Tough Guy;Jaeger-quests-eft-boost;Jaeger Quests  - The Survivalist Path;Escape From Tarkov;Quests;16;USD;2026-01-07 18:31:39.019+00;1;unit;16
514c4f1b-f8bd-44bb-968d-d38cdf2fb0b3;option;dc51aea4-aa84-4b8c-80ca-fd92ef06881a;296c466d-244d-45a1-89a5-cc164b6485a2;The Tarkov Shooter Part 6;Jaeger-quests-eft-boost;Jaeger Quests  - The Tarkov Shooter;Escape From Tarkov;Quests;27;USD;2026-01-07 18:31:39.386+00;6;unit;4.5
46d730c8-383a-4ed5-8dfb-0a51b9b8eca3;option;c7ecfc05-fa07-4671-aec1-b5ba02927cad;928423cf-1ea0-463c-9c4f-7d437b15fbe6;EU;sporeggar;Sporeggar - Region;WoW: TBC;Reputations;0;USD;2026-01-07 18:31:39.771+00;1;unit;0
a0c2ce2c-ed9f-48d3-9f74-a15bb3690f5d;option;ae804199-da6e-424e-b21f-c3c263d2622a;19105cb4-4b89-4aef-8758-f2c5584defa0;Pilot;chrono-corsair;Chrono Corsair  - Boost Method;War Within;Mounts;0;USD;2026-01-07 18:31:40.134+00;1;unit;0
e3edb2c9-c546-411d-95e9-0badf34ab43a;option;6bb0517f-b301-4f70-bd4f-568cd3781277;d7717488-0c4c-4496-9fd2-472196011d4c;Eternal - Softcore;cavaliers-steed;Cavalier's Steed - Select World;Diablo IV;Mounts;39.53;USD;2026-01-07 18:31:40.492+00;1;unit;39.53
b5b3e967-b8fd-466b-834d-83a803b0902c;option;e904fa6c-7dd8-420d-a6ba-52800480b8c0;1f18d896-8d60-4ba8-8893-65f0685cc3f4;NA;the-maghar;The Mag'har - Region;WoW: TBC;Reputations;0;USD;2026-01-07 18:31:40.883+00;1;unit;0
aa9ac033-d825-4514-9bce-3e70f45db465;option;646cb4f6-404c-47e9-b2e5-36b9d5bd4eed;26f16356-da2d-4c4b-a2a5-c113bc63aaf7;4th Ascendancy Trial +8 Ascendancy Points;poe-2-ascension-trials-boost;Ascension Trials Boost - Choose Trial;Path of Exile 2;Leveling;10;USD;2026-01-07 18:31:41.246+00;4;th;2.5
efed94b8-2fc9-4d5e-9fb2-97094e003810;option;3fa30cd5-d960-4897-ac45-b53c6e988e9c;11faa999-efd1-4471-8a6c-d49cfeeb93fd;EU;void-scarred-gryphon-1227;Void-Scarred Gryphon - Region;War Within;Mounts;0;USD;2026-01-07 18:31:41.61+00;1;unit;0
a5877649-b2b2-417a-a0d2-e2bf3ff6e21a;option;3579dc12-1020-4d7b-aa21-0edd298059d8;20760005-9968-4121-85f1-6963b6bd0c63;Pilot;granite-coat-steed;Granite-coat Steed - Boost Mode;Diablo IV;Mounts;0;USD;2026-01-07 18:31:41.988+00;1;unit;0
9d65f861-7e7d-4ee7-8963-f7ee12c94665;option;767f7aae-4b68-465e-b738-a94607103e83;6fbd3b77-8cf0-4572-be60-ad2d217603ef;Remote;marsh-roan-steed;Marsh Roan Steed - Boost Mode;Diablo IV;Mounts;15;USD;2026-01-07 18:31:42.353+00;1;unit;15
5b9bfa37-6dbe-4676-857f-dab700733e33;option;f2172cb6-95b5-4ef4-b763-ba6578b2be6b;2f8beaf1-1e47-46f5-acfa-8f3506994f96;Remote;glory-of-the-icecrown-raider-10-boost;Glory of the Icecrown Raider 10 Boost - Boost Mode;War Within;Achievements;12.11;USD;2026-01-07 18:31:42.722+00;1;unit;12.11
7c49347d-9b5e-4c81-afd4-eaed02946ccc;option;9f51600a-64d9-495f-b196-109ff0626d4e;bad40ccc-afb8-49c7-b256-2ac7f8975f0a;NA;cenarion-expedition;Cenarion Expedition - Region;WoW: TBC;Reputations;0;USD;2026-01-07 18:31:43.47+00;1;unit;0
2e9a8c9a-2bdd-48e9-bb0a-f79ec756e11a;option;b89b1a3b-5679-4cc2-8ff4-372b5666ecba;0488af08-898d-4af4-ad39-7a42938e1d25;PSN;druid-builds;Druid Builds - Select Your Platform;Diablo IV;Builds;0;USD;2026-01-07 18:31:43.846+00;1;unit;0
ff336140-4965-41ab-81f9-a598dc1c46f9;option;b89b1a3b-5679-4cc2-8ff4-372b5666ecba;2c9d96a8-0726-43f5-b51b-8ba6850903fb;Medium;druid-builds;Druid Builds - Select Build Level;Diablo IV;Builds;70.4;USD;2026-01-07 18:31:44.232+00;1;unit;70.4
09940101-efa4-4323-aef8-eeb8e504804b;option;8af46009-2884-407d-8943-17ae1e2ea2e3;5e0498c3-b3de-484b-9dd4-939de4c46435;Friendly - Honored;the-violet-eye;The Violet Eye - Desired Reputation Level;WoW: TBC;Reputations;39;USD;2026-01-07 18:31:44.631+00;1;unit;39
407e1518-3657-4b53-80a1-5811a8abba46;option;aba8d745-7aaa-415e-a0b3-58fdb08b2c81;3eb350a0-74fe-4ee7-af36-ab390fdc6523;EU;manaforge-omega-mythic;Manaforge Omega Mythic - Region;War Within;Raids;0;USD;2026-01-07 18:31:45.399+00;1;unit;0
6db47e3f-6b7b-4ecf-9ce8-7c5e29408a67;option;aba8d745-7aaa-415e-a0b3-58fdb08b2c81;aae81f96-678c-4559-a10d-93613ba5f46f;5/8 Bosses;manaforge-omega-mythic;Manaforge Omega Mythic - Full Loot Prio;War Within;Raids;82.29;USD;2026-01-07 18:31:45.746+00;5;unit;16.458000000000002
fad7ba49-8682-4985-870a-ecb8a0dd12f8;option;42262eee-c28b-47f8-b3f1-89671d364e90;15573ec8-45d5-4ce5-9b48-17c6db5eb934;Remote;atiesh;Atiesh - Boost Mode;20th Anniversary WoW;Gear;14.25;USD;2026-01-07 18:31:46.115+00;1;unit;14.25
c00175b5-689d-48f5-9c05-0181be5f4823;option;1212f14d-2e3d-480b-954f-64eb8757adbc;1af01524-692a-4624-a449-441a10ea75a1;NA;void-forged-stallion;Void-Forged Stallion - Region;War Within;Mounts;0;USD;2026-01-07 18:31:46.837+00;1;unit;0
36303f10-ecd1-4e80-8a62-209408c50b04;option;2f8cb701-94f5-43f8-9967-9914d2794f0f;fce7af54-1960-4fb9-844f-022d03d972b9;NA;shattered-sun-offensive;Shattered Sun Offensive - Region;WoW: TBC;Reputations;0;USD;2026-01-07 18:31:47.62+00;1;unit;0
8b6597d1-9a1c-4b8a-a73a-721d1bbc1d6f;option;6ce13ea2-9987-4960-86d7-76a30d2ca832;3dc724e8-277d-4556-96a6-cb9b630e476c;NA;tyrannotort;Tyrannotort - Region;War Within;Mounts;0;USD;2026-01-07 18:31:47.995+00;1;unit;0
a8426146-6c92-4909-8cf5-b502f4ed3ffc;option;4986b14a-139a-469a-b851-8a625643cb94;51e5383a-81e6-4bb4-8205-15385c1b1869;Full Conquest Gear 723 ilvl;full-pvp-gear;Full PvP Gear - Extra options;War Within;PvP;79.94;USD;2026-01-07 18:31:48.375+00;723;ilvl;0.11056708160442599
bcc3a72e-a929-4f8b-8f5e-cc5f656d3b72;option;c06eb4ff-0604-43ed-8588-3cb080b5cb0c;95c8eace-e364-448e-a181-d65a09ec0fa6;Remote;warlock-epic-mount;Warlock Epic Mount - Boost Mode;20th Anniversary WoW;Mounts;14.25;USD;2026-01-07 18:31:50.462+00;1;unit;14.25
77f10661-4ceb-42ca-a1df-0fe22d635b03;option;7765aefc-5bc3-4e2b-870d-d3abf0e2c421;137bf70d-dec4-4cac-a1d9-0dec61ddc965;NA;tier-1-set;Tier 1 Set - Region;20th Anniversary WoW;Gear;0;USD;2026-01-07 18:31:50.847+00;1;unit;0
b79eea2e-01c9-4f7a-9bd0-3ae996c664a1;option;33e3b5a1-e6f1-4c9e-b314-470b18a4f0ee;29c23bbc-210d-4388-89c7-03d4dca1b165;Friendly-Honored;the-scryers;The Scryers - Desired Reputation Level;WoW: TBC;Reputations;25;USD;2026-01-07 18:31:51.223+00;1;unit;25
f40736c7-cdba-46cd-b41c-f76a3ae133fc;option;0523caed-b6ed-4564-953f-fa6aa9c03b85;f9ea43ef-2012-4517-856c-794096eb2c38;XBOX;sorcerer-builds;Sorcerer Builds - Select Your Platform;Diablo IV;Builds;0;USD;2026-01-07 18:31:51.594+00;1;unit;0
e572e8fe-7c23-4581-9b69-4338d2066e7c;option;0523caed-b6ed-4564-953f-fa6aa9c03b85;2c4747af-1088-4cb3-914a-8e377c6ecfa6;Nightmare;sorcerer-builds;Sorcerer Builds - Select Build Level;Diablo IV;Builds;176;USD;2026-01-07 18:31:51.953+00;1;unit;176
1cec9523-ecc7-43ce-886b-62b48a9a8907;option;adacf06e-80a6-4303-b07d-b1bb59118427;c82681d9-472e-44e8-9823-b2cd486f4a01;Selfplay;sulfuras-hand-of-ragnaros;Sulfuras, Hand of Ragnaros - Boost Mode;20th Anniversary WoW;Gear;19;USD;2026-01-07 18:31:52.329+00;1;unit;19
b63a1077-96fc-4d3f-b555-b1e72845be55;option;c11cf2e9-7898-431e-bded-51e147bd6ed6;37b12859-11c5-483f-a7f3-6c2b44b0f5fd;Heroic Set (509 ilvl);tier-14-set-boost;Tier 14 Set Boost - Desired Gear Level;Mists of Pandaria;Gear;479.96;USD;2026-01-07 18:31:52.687+00;509;ilvl;0.9429469548133594
0b0cb3f3-8637-4399-a88a-6b577aefc58d;option;c6558645-2b8b-455d-a6e1-ee4ab5f66612;c03ba077-ac73-4a30-b8ec-21ba5fde066b;Evade Rake;spiritborn-builds;Spiritborn Builds - Select Build;Diablo IV;Builds;0;USD;2026-01-07 18:31:53.071+00;1;unit;0
288de29f-fd9d-4d9d-abec-03f7c775db96;option;dc51aea4-aa84-4b8c-80ca-fd92ef06881a;42805b78-8413-4230-9e83-991e3d3838b4;Ambulance;Jaeger-quests-eft-boost;Jaeger Quests  - Acquaintance 1;Escape From Tarkov;Quests;27;USD;2026-01-07 18:31:38.039+00;1;unit;27
a21dfd87-ec8a-49af-be84-0c0bd6e44855;option;dc51aea4-aa84-4b8c-80ca-fd92ef06881a;42805b78-8413-4230-9e83-991e3d3838b4;Shady Business;Jaeger-quests-eft-boost;Jaeger Quests  - Acquaintance 1;Escape From Tarkov;Quests;30;USD;2026-01-07 18:31:38.42+00;1;unit;30
34c42061-d145-40ef-a854-629f0d2e4837;option;dc51aea4-aa84-4b8c-80ca-fd92ef06881a;42805b78-8413-4230-9e83-991e3d3838b4;The Hermit;Jaeger-quests-eft-boost;Jaeger Quests  - Acquaintance 1;Escape From Tarkov;Quests;12;USD;2026-01-07 18:31:38.783+00;1;unit;12
8ea8b60c-3538-4ed4-8685-c37122d49b9b;option;dc51aea4-aa84-4b8c-80ca-fd92ef06881a;94c597b8-e936-4fc2-a263-c081d9a197f7;Zhivchik;Jaeger-quests-eft-boost;Jaeger Quests  - The Survivalist Path;Escape From Tarkov;Quests;9;USD;2026-01-07 18:31:39.142+00;1;unit;9
60cee81c-d3c3-4218-8b07-4ecf8d8a9aac;option;dc51aea4-aa84-4b8c-80ca-fd92ef06881a;4a2ab3df-a064-4441-af49-e81a5800ae06;Broadcast Part 3;Jaeger-quests-eft-boost;Jaeger Quests  - Broadcast ;Escape From Tarkov;Quests;13;USD;2026-01-07 18:31:39.531+00;3;unit;4.333333333333333
c792bf7a-bf2e-4e26-90a0-82c8dc58af40;product;d0fe9403-122b-48c8-a9f5-56401cdc6a13;;;glory-of-the-dominant-raider-boost;Glory of the Dominant Raider Boost;War Within;Achievements;56.81;USD;2026-01-07 14:01:35.295+00;1;unit;56.8100000000000000
d5cc4c80-186e-4285-9c7a-c14ebe780637;option;c7ecfc05-fa07-4671-aec1-b5ba02927cad;3375c67a-f841-430f-9c6e-c9dc4e7099c8;Friendly - Honored;sporeggar;Sporeggar - Desired Reputation Level;WoW: TBC;Reputations;25;USD;2026-01-07 18:31:39.894+00;1;unit;25
9dd3058e-b3b2-414d-a42a-3228f3ab7ae8;option;6bb0517f-b301-4f70-bd4f-568cd3781277;fcd7d821-2b1a-4b4c-98ac-090304b4d8e3;Pilot;cavaliers-steed;Cavalier's Steed - Boost Mode;Diablo IV;Mounts;0;USD;2026-01-07 18:31:40.257+00;1;unit;0
13e753e2-ff36-444e-bdbd-f8ee1f9870a6;option;aab05a00-2e66-4c6f-a5cd-a7d678c8c073;52f1ad22-f46b-4f6c-b26c-765ac94339c0;EU;pandaren-kite-string;Pandaren Kite String - Region;Mists of Pandaria;Mounts;0;USD;2026-01-07 18:31:40.614+00;1;unit;0
205b22a8-5ca1-4510-acab-0b0d9fd05a4e;option;646cb4f6-404c-47e9-b2e5-36b9d5bd4eed;2f1f8f3e-f50e-44cb-8620-bef57661880a;Selfplay;poe-2-ascension-trials-boost;Ascension Trials Boost - Boost Method;Path of Exile 2;Leveling;0;USD;2026-01-07 18:31:41.37+00;1;unit;0
3a5ec85c-f0b7-4d3d-8cef-c36b5febd8d4;option;da6b0c76-0d9c-456b-bbc1-3f9d1c1af5bd;74987d0a-24d8-4d7a-93e5-a8fb993b7d99;Pilot;glory-of-the-pandaria-hero;Glory of the Pandaria Hero - Boost Mode;Mists of Pandaria;Dungeons;0;USD;2026-01-07 18:31:41.757+00;1;unit;0
d379922e-2847-4af1-949e-0589ecdb4019;option;3579dc12-1020-4d7b-aa21-0edd298059d8;84c2ab57-7e67-4f4d-80a9-49b04f892e08;PSN;granite-coat-steed;Granite-coat Steed - Select Your Platform;Diablo IV;Mounts;0;USD;2026-01-07 18:31:42.115+00;1;unit;0
f7911925-920a-4144-8750-6e2ddc599dcd;option;767f7aae-4b68-465e-b738-a94607103e83;b26f7741-4ab1-42bc-83e3-2d70064e38b9;XBOX;marsh-roan-steed;Marsh Roan Steed - Select Your Platform;Diablo IV;Mounts;0;USD;2026-01-07 18:31:42.471+00;1;unit;0
e87e582d-da4e-4a3f-ab96-8e8cd154fd09;option;91c957d5-def7-4cf8-9fe2-e65fa1a9ca55;5e595207-5894-40f1-a716-ab04fafb7439;EU;the-big-g-mount;The Big G Mount  - Region;War Within;Mounts;0;USD;2026-01-07 18:31:43.225+00;1;unit;0
ff11d5d6-6dec-4967-870e-9c5962f96605;option;9f51600a-64d9-495f-b196-109ff0626d4e;e213b4c3-eec0-4505-9782-b182f720df77;Honored - Revered;cenarion-expedition;Cenarion Expedition - Desired Reputation Level;WoW: TBC;Reputations;59;USD;2026-01-07 18:31:43.584+00;1;unit;59
c4491cee-262c-4bb7-8f8d-b0fb5434ff1b;option;b89b1a3b-5679-4cc2-8ff4-372b5666ecba;0871669e-2054-4de8-84dd-9bda464dad9d;Eternal;druid-builds;Druid Builds - Select World - Softcore;Diablo IV;Builds;0;USD;2026-01-07 18:31:43.972+00;1;unit;0
7a164fee-5f58-4c4a-9c96-1f7924494430;option;aba8d745-7aaa-415e-a0b3-58fdb08b2c81;0cb12d1e-6ef5-4a14-b538-c81b1265f35e;Pilot;manaforge-omega-mythic;Manaforge Omega Mythic - Boost Method;War Within;Raids;0;USD;2026-01-07 18:31:45.516+00;1;unit;0
005c464a-c3f4-476e-919f-b2707a601e05;option;aba8d745-7aaa-415e-a0b3-58fdb08b2c81;aae81f96-678c-4559-a10d-93613ba5f46f;8/8 Bosses;manaforge-omega-mythic;Manaforge Omega Mythic - Full Loot Prio;War Within;Raids;227.67;USD;2026-01-07 18:31:45.859+00;8;unit;28.45875
92a1e0d6-9e18-4a47-a800-cea76e7de6ff;option;16e87875-03f2-4eee-ad7f-64f14d5dfe3f;ec573486-e4c8-49a4-849b-c3e7b51200da;Remote;swift-zulian-tiger;Swift Zulian Tiger - Boost Mode;20th Anniversary WoW;Mounts;14.25;USD;2026-01-07 18:31:48.732+00;1;unit;14.25
21da070c-0d1a-420d-9a57-fb47542b5643;option;cc9067c9-acfc-4804-8156-454e7773aad1;cde44a7f-e473-4777-810e-9707dffc499d;Friendly - Honored;cenarion-circle-reputation;Cenarion Circle Reputation - Select Desired Reputation Level;20th Anniversary WoW;Reputations;31.767999999999997;USD;2026-01-07 18:31:49.096+00;1;unit;31.767999999999997
b699ba0f-eecf-4b34-9d8f-5694e83ce15f;option;d5e41e52-267d-4a5f-aa61-211a9eb7b06c;acb01a47-9b69-486b-acc5-b9dae15fd49e;Seasonal;ophidian-iris;Ophidian Iris - Select World - Softcore;Diablo IV;Items;0;USD;2026-01-07 18:31:49.451+00;1;unit;0
93c48562-c7f4-411d-955c-f6d30089cfed;option;c06eb4ff-0604-43ed-8588-3cb080b5cb0c;16b15dff-2a58-4510-a9c6-28aad480a1b9;NA;warlock-epic-mount;Warlock Epic Mount - Region;20th Anniversary WoW;Mounts;0;USD;2026-01-07 18:31:50.545+00;1;unit;0
e790a7d7-2330-41df-998f-1dff44dcc4a4;option;33e3b5a1-e6f1-4c9e-b314-470b18a4f0ee;a3ff75a9-ccbc-4f97-9ab6-8e63064576c6;Pilot;the-scryers;The Scryers - Boost Method;WoW: TBC;Reputations;0;USD;2026-01-07 18:31:50.938+00;1;unit;0
4c18dd11-5a8f-45e9-8332-2c022c95b662;option;33e3b5a1-e6f1-4c9e-b314-470b18a4f0ee;29c23bbc-210d-4388-89c7-03d4dca1b165;Revered-Exalted;the-scryers;The Scryers - Desired Reputation Level;WoW: TBC;Reputations;69;USD;2026-01-07 18:31:51.301+00;1;unit;69
946e6c87-4799-4e38-b39e-a8ea18234ccc;option;0523caed-b6ed-4564-953f-fa6aa9c03b85;f5a6a865-6f86-42fd-a786-feab1f783d7b;Eternal;sorcerer-builds;Sorcerer Builds - Select World - Softcore;Diablo IV;Builds;0;USD;2026-01-07 18:31:51.671+00;1;unit;0
d7d4a8d3-f23f-4cbc-b65b-93eca2118247;option;adacf06e-80a6-4303-b07d-b1bb59118427;a105c9b0-e9fb-47b4-9749-b8c4d8e25b92;NA;sulfuras-hand-of-ragnaros;Sulfuras, Hand of Ragnaros - Region;20th Anniversary WoW;Gear;0;USD;2026-01-07 18:31:52.408+00;1;unit;0
6d66d318-6aa4-4671-a213-e60acde56870;option;c6558645-2b8b-455d-a6e1-ee4ab5f66612;41068474-cb87-468a-98cd-9c795b6feb29;Pilot;spiritborn-builds;Spiritborn Builds - Boost Mode;Diablo IV;Builds;0;USD;2026-01-07 18:31:52.786+00;1;unit;0
afa1a61a-4bd3-41b9-bcf6-9791e4432fd6;option;c6558645-2b8b-455d-a6e1-ee4ab5f66612;c03ba077-ac73-4a30-b8ec-21ba5fde066b;Quill Volley;spiritborn-builds;Spiritborn Builds - Select Build;Diablo IV;Builds;0;USD;2026-01-07 18:31:53.149+00;1;unit;0
03c1a006-888a-4e1d-9aed-69a7ef0be951;option;6197544b-5e8f-4c1a-ac65-9ea40c3f3a39;22c009db-aedf-4727-8ec2-9189bb539482;EU;the-arena-master-achievement;The Arena Master Achievement - Region;Mists of Pandaria;Achievements;0;USD;2026-01-07 18:31:47.364+00;1;unit;0
38be0f27-1335-41ad-bd2a-72a51410b440;product;cc9067c9-acfc-4804-8156-454e7773aad1;;;cenarion-circle-reputation;Cenarion Circle Reputation;20th Anniversary WoW;Reputations;0;USD;2026-01-07 14:01:42.424+00;1;unit;0.00000000000000000000
4823b206-ae63-45fb-bf06-cab9034464f8;option;2f8cb701-94f5-43f8-9967-9914d2794f0f;51fa7bde-6dfa-468d-aeed-d7dac2d87dbb;Honored - Revered;shattered-sun-offensive;Shattered Sun Offensive - Desired Reputation Level;WoW: TBC;Reputations;39;USD;2026-01-07 18:31:47.737+00;1;unit;39
4ee3cc0f-3d02-4aa8-8a5b-b25d74b5e2ed;option;aa7fc58f-17d6-46f8-920c-6b24e9c4702e;7696c7be-3e7b-429f-810d-497b1f5c1115;Selfplay;swift-razzashi-raptor;Swift Razzashi Raptor - Boost Mode;20th Anniversary WoW;Mounts;28.5;USD;2026-01-07 18:31:48.12+00;1;unit;28.5
dc60a9d8-e1b5-4243-a077-13a1f7f64372;product;7765aefc-5bc3-4e2b-870d-d3abf0e2c421;;;tier-1-set;Tier 1 Set;20th Anniversary WoW;Gear;250.76;USD;2026-01-07 14:01:44.641+00;1;unit;250.7600000000000000
f389e864-f3a6-4fee-801a-e28479600c66;product;c133602b-b733-402b-86de-b1360c656c5a;;;nesting-swarmite;Nesting Swarmite;War Within;Mounts;22.95;USD;2026-01-07 14:01:55.049+00;1;unit;22.9500000000000000
e41404bc-1864-4d28-b20f-144fa8bccdc3;option;4986b14a-139a-469a-b851-8a625643cb94;28ed5816-f9cd-45a8-8cd6-c83da5900b5a;Selfplay;full-pvp-gear;Full PvP Gear - Boost Method;War Within;PvP;16.15;USD;2026-01-07 18:31:48.492+00;1;unit;16.15
55d68e08-659f-491c-bf23-d5e39eb89f35;option;d5e41e52-267d-4a5f-aa61-211a9eb7b06c;0a8e5f15-75c8-456f-94ec-fec09103e7a7;High Roll Stats;ophidian-iris;Ophidian Iris - Extra Power ;Diablo IV;Items;20;USD;2026-01-07 18:31:49.568+00;1;unit;20
1b390ac2-52d0-4fe6-94d4-96907ec40cf7;option;508c21cb-fdf6-4d24-9401-48293946102d;72f84b20-56ee-4db6-aafe-71f66fa5217d;EU;translocated-gorger;Translocated Gorger - Region;War Within;Mounts;0;USD;2026-01-07 18:31:49.921+00;1;unit;0
a9671cc8-80a6-4c92-9bd1-454bbbfe9898;option;33e3b5a1-e6f1-4c9e-b314-470b18a4f0ee;6d105596-cb0f-4455-8585-89fb89d9b166;NA;the-scryers;The Scryers - Region;WoW: TBC;Reputations;0;USD;2026-01-07 18:31:51.061+00;1;unit;0
7d11d458-c9fe-4d80-8259-51a18a2d1d73;option;0523caed-b6ed-4564-953f-fa6aa9c03b85;7bc67a3f-4bb1-4418-a74f-c9904f3512a9;Pilot;sorcerer-builds;Sorcerer Builds - Boost Mode;Diablo IV;Builds;0;USD;2026-01-07 18:31:51.43+00;1;unit;0
742c1d0d-a3a5-4556-8a3a-0884107a61ad;option;0523caed-b6ed-4564-953f-fa6aa9c03b85;0bd70ea3-1d8f-43df-89f2-f269d762f718;Crackling Energy;sorcerer-builds;Sorcerer Builds - Select Build;Diablo IV;Builds;0;USD;2026-01-07 18:31:51.793+00;1;unit;0
0f397512-0d74-4160-9123-09bbe584de95;option;f1c0275f-b890-483d-ac91-ffb13009995d;1078efc6-cc06-4de0-9edc-134459e8c969;Pilot;pre-raid-gear;Pre-Raid Gear - Boost Mode;20th Anniversary WoW;Gear;0;USD;2026-01-07 18:31:52.169+00;1;unit;0
824779c3-5ca4-4b0b-8405-edda13d0655a;option;c11cf2e9-7898-431e-bded-51e147bd6ed6;9069b835-dae5-456e-983d-140bbae4b230;Remote;tier-14-set-boost;Tier 14 Set Boost - Boost Mode;Mists of Pandaria;Gear;15;USD;2026-01-07 18:31:52.523+00;1;unit;15
ec450cee-5e6e-4fdd-9ca0-6fe8107d48c3;option;c6558645-2b8b-455d-a6e1-ee4ab5f66612;41068474-cb87-468a-98cd-9c795b6feb29;Remote;spiritborn-builds;Spiritborn Builds - Boost Mode;Diablo IV;Builds;15;USD;2026-01-07 18:31:52.828+00;1;unit;15
60c78183-44a2-40e3-8f7d-0b771cbaa957;option;c6558645-2b8b-455d-a6e1-ee4ab5f66612;4de1b4cc-13b7-437e-8e34-917ff1446184;PSN;spiritborn-builds;Spiritborn Builds - Select Your Platform;Diablo IV;Builds;0;USD;2026-01-07 18:31:52.906+00;1;unit;0
a035483d-c151-4815-9d53-15a1bd2f30aa;option;c6558645-2b8b-455d-a6e1-ee4ab5f66612;c03ba077-ac73-4a30-b8ec-21ba5fde066b;Custom Build;spiritborn-builds;Spiritborn Builds - Select Build;Diablo IV;Builds;0;USD;2026-01-07 18:31:53.188+00;1;unit;0
2cf2c61f-af10-4743-b799-bb24ae5a4992;option;c6558645-2b8b-455d-a6e1-ee4ab5f66612;e04f6b4d-e4f0-4647-b776-99be2bec6288;Medium;spiritborn-builds;Spiritborn Builds - Select Build Level;Diablo IV;Builds;70.4;USD;2026-01-07 18:31:53.272+00;1;unit;70.4
1b65d9db-9b22-4e30-ad84-a9afdae37c5a;option;2ada37a3-0f5e-4aed-aa4b-0ba47d4aac46;ff7a562c-35d3-46d8-bfd4-cbaf743138d2;NA;alterac-valley-reputation;Alterac Valley Reputation - Region;20th Anniversary WoW;Reputations;0;USD;2026-01-07 18:31:53.554+00;1;unit;0
5375b503-a90a-4c06-a6e1-71c5cc6929b8;option;e117e236-a2f2-4f4d-9a58-728c68477982;1a285820-83bc-4cbb-b57c-d90f36b5175f;NA;tier-25-set;Tier 2.5 Set - Region;20th Anniversary WoW;Gear;0;USD;2026-01-07 18:31:53.92+00;1;unit;0
fcbc6e02-756a-4f5d-bc4b-24095492df42;option;4fc7414f-477a-4395-a5ee-6909b4a1a977;cf38d309-8d5f-475f-ae75-f07426d22d98;Revered - Exalted;arathi-basin-reputation;Arathi Basin Reputation - Select Desired Reputation Level;20th Anniversary WoW;Reputations;93.63199999999999;USD;2026-01-07 18:31:54.293+00;1;unit;93.63199999999999
0f4c9eb7-0604-4396-ae3b-3f2522499e36;option;78dbfe04-41ff-4c00-a3c3-732c3bcaa4b6;4afce98e-57bc-4755-887c-670092ef9558;Garr Binding;thunderfury;Thunderfury - Thunderfury Options:;20th Anniversary WoW;Gear;1254;USD;2026-01-07 18:31:54.657+00;1;unit;1254
f49fdb68-23c3-42f0-b315-fe7dc6d1527d;option;9aa65d73-40cc-4eec-a823-ed03c497f9a3;b6865cd9-0433-44ac-9566-b329fe72bd35;Friendly - Honored;argent-dawn-reputation;Argent Dawn Reputation - Select Desired Reputation Level;20th Anniversary WoW;Reputations;31.767999999999997;USD;2026-01-07 18:31:54.998+00;1;unit;31.767999999999997
f4f7668b-8684-4fad-97de-7fe480ecae6f;option;d670b5e7-94d0-4125-ac6c-bdf4571aef7e;e332974a-6b2f-4bf6-975d-b5a9d6dae6ab;NA;warsong-gulch-reputation;Warsong Gulch Reputation - Region;20th Anniversary WoW;Reputations;0;USD;2026-01-07 18:31:55.755+00;1;unit;0
db130ba4-a58c-4eea-b488-282e5521865f;option;b9e72666-f385-422c-b1c9-44d4ea84f633;cf299274-d23f-48db-8614-a86fd5fcebe1;NA;pearlescent-krolusk;Pearlescent Krolusk - Region;War Within;Mounts;0;USD;2026-01-07 18:31:56.121+00;1;unit;0
50c29509-97c1-427c-92e5-721aadb67905;option;da557acb-1717-46f1-ab2e-674389ec3758;c0b28b3c-82c4-4518-8df3-f884286a6553;Revered - Exalted;honor-hold;Honor Hold - Select Desired Reputation Level;WoW: TBC;Reputations;49;USD;2026-01-07 18:31:56.481+00;1;unit;49
8169415c-6bbd-41df-a859-f9a5dc55bf35;option;839d5181-03fd-455d-9822-7532ff7d23ab;e18d66f5-afef-4ffc-932e-b7800e76babf;Revered - Exalted;zandalar-tribe-reputation;Zandalar Tribe Reputation - Select Desired Reputation Level;20th Anniversary WoW;Reputations;28.214999999999996;USD;2026-01-07 18:31:56.845+00;1;unit;28.214999999999996
b8dd05e7-021a-4da4-b6cb-39320dde512a;option;602c3b75-2253-443c-a2f4-7c790c7aa52b;b2ea5109-fa8d-491b-8437-6c20f77f1823;EU;incognitro-the-indecipherable-felcycle;Incognitro, the Indecipherable Felcycle - Region;War Within;Mounts;0;USD;2026-01-07 18:31:57.212+00;1;unit;0
cf7c893b-1ef9-4ed3-a6b7-4e8d7c3e6a85;option;9d16b707-217a-41d2-973e-285352d21c4d;bef37e75-eb42-48f7-80a9-3872b9b2d35c;Honored - Revered;ashtongue-deathsworn;Ashtongue Deathsworn - Desired Reputation Level;WoW: TBC;Reputations;69;USD;2026-01-07 18:31:57.567+00;1;unit;69
fc7a16a7-5c0c-48bf-b909-00bef2fbc8d6;option;11c50335-e6b5-4704-b2bb-10663ec598a0;f32c2b8b-e8e1-4247-986d-0b3220bb7868;EU;glory-of-the-aberrus-raider-boost;Glory of the Aberrus Raider Boost - Region;War Within;Achievements;0;USD;2026-01-07 18:31:58.348+00;1;unit;0
76f52b9f-f6c5-4ed7-a3be-6cd790e00276;option;625d437c-a421-427d-95fd-d016707b6f1a;0ed3283f-1419-4646-b979-aeed722a97e0;Honored - Revered;hydraxian-waterlords-reputation;Hydraxian Waterlords Reputation - Select Desired Reputation Level;20th Anniversary WoW;Reputations;76.91199999999999;USD;2026-01-07 18:31:58.728+00;1;unit;76.91199999999999
d77c9cd1-1174-4ae1-894d-e767f4b0cbdb;option;a7354206-406c-4bb2-9ca7-d86ca6b66908;e4478114-917b-4b4a-bc52-15d045058996;Pilot;delvers-gob-trotter;Delver’s Gob-Trotter - Region;War Within;Delves;0;USD;2026-01-07 18:31:59.149+00;1;unit;0
c120e1d3-2728-401b-a5e5-38686f406fe8;option;cebda02f-f480-4da3-8685-daffab059876;e7e67482-d761-4b5e-ab3e-2d34b011a47c;Remote;necromancer-builds;Necromancer Builds - Boost Mode;Diablo IV;Builds;15;USD;2026-01-07 18:32:41.618+00;1;unit;15
fdf38aee-e7e1-4f61-a96c-d9ff6adf69aa;option;cebda02f-f480-4da3-8685-daffab059876;e8aa706e-b400-41fb-8b21-261234a63e35;Custom Build;necromancer-builds;Necromancer Builds - Select Build;Diablo IV;Builds;0;USD;2026-01-07 18:32:42.007+00;1;unit;0
ff6947d9-c126-4855-bdf1-fa0944d9bb0a;product;2afcf3ba-cdaf-4f04-af02-5654b99959fd;;;the-klaxxi;The Klaxxi;Mists of Pandaria;Reputations;0;USD;2026-01-07 14:03:03.002+00;1;unit;0.00000000000000000000
5bb1202e-6a6a-4568-be9e-fd10b0ac9d24;option;c6558645-2b8b-455d-a6e1-ee4ab5f66612;e04f6b4d-e4f0-4647-b776-99be2bec6288;Starter;spiritborn-builds;Spiritborn Builds - Select Build Level;Diablo IV;Builds;35.2;USD;2026-01-07 18:31:53.228+00;1;unit;35.2
8da2e696-4b0a-4760-95b5-de26c1ccf8ed;option;2ada37a3-0f5e-4aed-aa4b-0ba47d4aac46;559a6a9c-90f2-4725-8a32-3279bde7f2d0;Neutral - Friendly;alterac-valley-reputation;Alterac Valley Reputation - Select your Desired Reputation Level;20th Anniversary WoW;Reputations;7.524;USD;2026-01-07 18:31:53.592+00;1;unit;7.524
e3a45499-2ccb-4227-87f9-816ba94b739a;product;4fc7414f-477a-4395-a5ee-6909b4a1a977;;;arathi-basin-reputation;Arathi Basin Reputation;20th Anniversary WoW;Reputations;0;USD;2026-01-07 14:01:48.51+00;1;unit;0.00000000000000000000
87b4e4ed-bcf7-4ad8-ac51-2d9ef77754c9;option;78dbfe04-41ff-4c00-a3c3-732c3bcaa4b6;4afce98e-57bc-4755-887c-670092ef9558;Baron Geddon Binding;thunderfury;Thunderfury - Thunderfury Options:;20th Anniversary WoW;Gear;1254;USD;2026-01-07 18:31:54.694+00;1;unit;1254
d41529da-ecc6-4ded-870a-d2612a3d9013;option;9aa65d73-40cc-4eec-a823-ed03c497f9a3;b6865cd9-0433-44ac-9566-b329fe72bd35;Honored - Revered;argent-dawn-reputation;Argent Dawn Reputation - Select Desired Reputation Level;20th Anniversary WoW;Reputations;46.815999999999995;USD;2026-01-07 18:31:55.038+00;1;unit;46.815999999999995
8bdfb916-a1b2-4481-8a8e-3cbfc597f1d0;option;d670b5e7-94d0-4125-ac6c-bdf4571aef7e;a20234c7-2e4c-4ba7-970c-2c0a6c36bc76;Neutral - Friendly;warsong-gulch-reputation;Warsong Gulch Reputation - Select your Desired Reputation Level;20th Anniversary WoW;Reputations;13.527999999999999;USD;2026-01-07 18:31:55.795+00;1;unit;13.527999999999999
a4dc0322-463b-4479-bd77-8b0c63f2f128;option;602c3b75-2253-443c-a2f4-7c790c7aa52b;b2ea5109-fa8d-491b-8437-6c20f77f1823;NA;incognitro-the-indecipherable-felcycle;Incognitro, the Indecipherable Felcycle - Region;War Within;Mounts;0;USD;2026-01-07 18:31:57.254+00;1;unit;0
7efd3c79-25a5-43f5-bf49-d16e91835ee6;option;9d16b707-217a-41d2-973e-285352d21c4d;bef37e75-eb42-48f7-80a9-3872b9b2d35c;Revered - Exalted;ashtongue-deathsworn;Ashtongue Deathsworn - Desired Reputation Level;WoW: TBC;Reputations;89;USD;2026-01-07 18:31:57.607+00;1;unit;89
0c5da260-a7f5-43b3-af85-5e645581d77b;option;c133602b-b733-402b-86de-b1360c656c5a;0430035d-9e03-4082-a417-6b6fbdfd0937;Pilot;nesting-swarmite;Nesting Swarmite - Boost Method;War Within;Mounts;0;USD;2026-01-07 18:31:57.987+00;1;unit;0
7b33776c-5c7b-4714-8fe8-b24e25328d28;option;11c50335-e6b5-4704-b2bb-10663ec598a0;f32c2b8b-e8e1-4247-986d-0b3220bb7868;NA;glory-of-the-aberrus-raider-boost;Glory of the Aberrus Raider Boost - Region;War Within;Achievements;0;USD;2026-01-07 18:31:58.392+00;1;unit;0
89b46fe1-86dd-4c10-9327-4778c67b5198;option;8641a229-a57e-4df3-b1ed-241abffa89f4;ddf4fad5-c766-4452-9fb3-e8a7c5a860ba;PSN;hesha-e-kesungi;Hesha e Kesungi - Select Your Platform;Diablo IV;Items;0;USD;2026-01-07 18:32:42.404+00;1;unit;0
c4ee312e-0df9-4eba-9ffc-ff1c1ca36a85;option;8641a229-a57e-4df3-b1ed-241abffa89f4;e9b9641f-9a8e-48bb-a364-fe7fafa0e6cd;High Roll Unique Power;hesha-e-kesungi;Hesha e Kesungi - Extra Power ;Diablo IV;Items;8.8;USD;2026-01-07 18:32:42.79+00;1;unit;8.8
aa2b6e2d-fa4b-4a80-b25a-1b98a352ef53;option;129cb066-df05-4625-a9de-2619472e26a6;ec92cee6-100e-4033-a36e-6fc2f7775aa0;Honored - Revered;the-golden-lotus;The Golden Lotus - Select Desired Reputation Level;Mists of Pandaria;Reputations;21.12;USD;2026-01-07 18:32:43.236+00;1;unit;21.12
660adb1d-d194-4aee-9850-bdb6a3b40077;option;71a0892c-72e4-4acd-9448-9a37c3090166;9d9a63da-60a2-49bc-9580-89afdd7609a7;Eternal - Softcore ;bloody-steed-mount;Bloody Steed Mount - Select World;Diablo IV;Mounts;39.53;USD;2026-01-07 18:32:43.639+00;1;unit;39.53
574943e4-0afe-4240-a625-326621854d56;option;936a554d-3345-4011-b141-7fea391fe3a7;66421ed4-d02f-4735-a695-72046c57bab0;All Keys;dungeons-unlock;Dungeons Unlock - Dungeon Keys;WoW: TBC;Attunements;383.9;USD;2026-01-07 18:32:44.023+00;1;unit;383.9
834b4a3e-0ba0-4b2c-bdc4-2b17f93f6095;option;444b643e-3637-4fcb-b14c-bd3ff5a6dba0;4685d67f-4e04-4268-b009-98e160b16d9d;PSN;brigands-steed;Brigand’s Steed - Select Your Platform;Diablo IV;Mounts;0;USD;2026-01-07 18:32:44.409+00;1;unit;0
0690e9ac-1ffc-4034-9045-57466f88edf9;option;a4cbd4fc-09ab-48a2-9b54-5d01b64b999f;95a5fc6a-f21b-4d5b-9e68-b9b302a2d085;Unlock tier 11 delve;immortal-spelunker;Immortal Spelunker - Extra Options;War Within;Delves;25.84;USD;2026-01-07 18:32:44.791+00;11;delve;2.349090909090909
773e0f9f-2bb9-4de7-b9ab-90d0b5174f22;option;02d6f9ea-cb93-40bc-a87d-9d2e36fc715e;9f712790-1532-4575-ab04-bddb92fc3ae0;EU;the-kirin-tor-offensive;The Kirin Tor Offensive - Region;Mists of Pandaria;Reputations;0;USD;2026-01-07 18:32:45.229+00;1;unit;0
2867d779-c53a-4a00-87e3-bb7c2eef915d;option;2c784d82-ea30-4860-b864-ebd32b90b9b6;2559c1a0-d02c-4ccd-9d84-0ce15c530d17;EU;the-cipher-of-damnation;The Cipher of Damnation - Region;WoW: TBC;Attunements;0;USD;2026-01-07 18:32:45.621+00;1;unit;0
b566f3b5-3407-49f8-9d73-0ba04ca15b5e;option;0725d1ad-cc34-4b43-922a-91a1f013ab57;a260f29d-ca6d-422b-9ebf-f5098cee8fcb;EU;mop-platinum-challenge-mode;Platinum Challenge Mode - Region;Mists of Pandaria;Challenge Mode;0;USD;2026-01-07 18:32:46.877+00;1;unit;0
cfc1df79-e4d6-4656-b904-3fca5ca187d6;option;0725d1ad-cc34-4b43-922a-91a1f013ab57;d57e9a2d-27b5-47d4-9b86-1ee63678ec20;Stormstout Brewery ;mop-platinum-challenge-mode;Platinum Challenge Mode - Dungeons;Mists of Pandaria;Challenge Mode;14;USD;2026-01-07 18:32:47.292+00;1;unit;14
aeaad7e7-bbcd-42ca-85f6-62c5836da837;option;9dd3bb46-dfed-46cd-b180-bf9d52fdf206;e1328f5e-22d7-4883-84ba-e2df74ae1743;Bountiful Delve;delves-boost;Delves Boost - Delves Boost;War Within;Delves;0;USD;2026-01-07 18:32:47.733+00;1;unit;0
e7145485-0892-4c4e-af20-a6dd07906d75;option;9dd3bb46-dfed-46cd-b180-bf9d52fdf206;37d0abaf-c747-4b08-a8ac-4b72f9fc4e80;Tier 7;delves-boost;Delves Boost - Select Delve Tier;War Within;Delves;2.87;USD;2026-01-07 18:32:48.116+00;7;unit;0.41000000000000003
f0ed38bd-6090-44b1-b589-81cd210cbc4d;option;9dd3bb46-dfed-46cd-b180-bf9d52fdf206;7712a575-6eda-4219-b13b-09a039c8dc80;Sidestreet Sluice;delves-boost;Delves Boost - Select Delve;War Within;Delves;0;USD;2026-01-07 18:32:48.504+00;1;unit;0
cb5d0421-f2ef-43ea-bba8-d2e6a67a85fc;option;9dd3bb46-dfed-46cd-b180-bf9d52fdf206;7712a575-6eda-4219-b13b-09a039c8dc80;The Spiral Weave;delves-boost;Delves Boost - Select Delve;War Within;Delves;0;USD;2026-01-07 18:32:48.903+00;1;unit;0
b1dfcb0a-62df-4d2a-8b9d-fb84c8680692;option;35de5914-0bf3-4035-ac09-e3d53bacca41;baaf25e7-2eab-47f7-a77d-47358cba906a;Friendly - Honored;the-shado-pan;The Shado-Pan - Select Desired Reputation Level;Mists of Pandaria;Reputations;10.56;USD;2026-01-07 18:32:49.305+00;1;unit;10.56
aa1109be-3054-4e00-85b5-a07c6f542bc0;option;97edaff8-0530-4de2-adec-7e1dfed78beb;62ef5e71-b420-4780-a3fe-526d590e06a3;Seasonal;lilith;Lilith - Select World - Softcore;Diablo IV;Bosses;0;USD;2026-01-07 18:32:49.701+00;1;unit;0
08ffc397-e93f-4425-8726-ee90c07a8641;option;689fe660-578c-48f5-91d4-fa6888cb8eb4;84e71e45-4800-4a0c-821d-cf5faa020ce6;Pilot;undercoin-farm;Undercoin Farm - Boost Mode;War Within;Delves;0;USD;2026-01-07 18:32:50.1+00;1;unit;0
75cff166-7ad6-4fd8-a5ff-b9bfc0291ddf;option;c6558645-2b8b-455d-a6e1-ee4ab5f66612;e04f6b4d-e4f0-4647-b776-99be2bec6288;Nightmare;spiritborn-builds;Spiritborn Builds - Select Build Level;Diablo IV;Builds;176;USD;2026-01-07 18:31:53.313+00;1;unit;176
89c5c5cf-6845-4946-b40b-02b5d3a3f276;option;4fc7414f-477a-4395-a5ee-6909b4a1a977;037de556-f104-4d46-9e04-a9067ade197c;Remote;arathi-basin-reputation;Arathi Basin Reputation - Boost Mode;20th Anniversary WoW;Reputations;14.25;USD;2026-01-07 18:31:54.055+00;1;unit;14.25
6be15426-287b-4cf4-9eb4-b4791c28e9ac;option;ee6875e6-de41-425c-b899-8b19ba9019b6;94f05837-65e2-4f54-ac96-896a73c2ff04;Remote;venture-co-reputation-boost;Venture Co. Reputation Boost - Boost Mode;War Within;Reputations;12.1;USD;2026-01-07 18:31:54.413+00;1;unit;12.1
8eee7c69-1dce-4af3-992b-4b0ba5433e87;option;78dbfe04-41ff-4c00-a3c3-732c3bcaa4b6;356b8310-d672-4f6d-9157-e75c36e406e8;Selfplay;thunderfury;Thunderfury - Boost Mode;20th Anniversary WoW;Gear;19;USD;2026-01-07 18:31:54.769+00;1;unit;19
cc3159df-0c57-43d3-94b7-e8e10306624e;option;9aa65d73-40cc-4eec-a823-ed03c497f9a3;aad88437-6034-43a9-9760-22b2ed228eac;EU;argent-dawn-reputation;Argent Dawn Reputation - Region;20th Anniversary WoW;Reputations;0;USD;2026-01-07 18:31:55.117+00;1;unit;0
3e58d5bd-5e31-432e-b1eb-8cb7a96d2cc7;option;d670b5e7-94d0-4125-ac6c-bdf4571aef7e;a20234c7-2e4c-4ba7-970c-2c0a6c36bc76;Honored - Revered;warsong-gulch-reputation;Warsong Gulch Reputation - Select your Desired Reputation Level;20th Anniversary WoW;Reputations;53.504;USD;2026-01-07 18:31:55.874+00;1;unit;53.504
2e369c95-5887-4ff4-9bdb-b4d8587bf61f;option;da557acb-1717-46f1-ab2e-674389ec3758;82166b1c-e939-4a9d-b3f0-0c0c20ee2028;Remote;honor-hold;Honor Hold - Boost Method;WoW: TBC;Reputations;30;USD;2026-01-07 18:31:56.242+00;1;unit;30
656bf88d-7f0d-4f64-a975-fd46d49b7c02;option;839d5181-03fd-455d-9822-7532ff7d23ab;497b075f-f8a4-4f4a-9d9c-815275d325d6;Remote;zandalar-tribe-reputation;Zandalar Tribe Reputation - Boost Mode;20th Anniversary WoW;Reputations;14.25;USD;2026-01-07 18:31:56.598+00;1;unit;14.25
2dfc0df7-2cf2-4fda-a0d0-0b967e01dd59;option;4b6a15b0-4764-431f-8372-6e9f180c4436;7171f848-e678-43ce-ba55-db9e00c26965;NA;tier-05-set;Tier 0.5 Set - Region;20th Anniversary WoW;Gear;0;USD;2026-01-07 18:31:56.973+00;1;unit;0
badc6198-6dfd-4991-b5af-cfafdd3dbadb;option;9d16b707-217a-41d2-973e-285352d21c4d;afb00ff4-083b-4ca6-8936-8a326ed84578;Pilot;ashtongue-deathsworn;Ashtongue Deathsworn - Boost Method;WoW: TBC;Reputations;0;USD;2026-01-07 18:31:57.335+00;1;unit;0
63bc705e-be72-4c11-84d6-0987c845db5a;option;7da3a215-5750-4a28-b39d-c2cb9cfa5348;7694668e-436c-4963-b462-4f169568315a;Pilot;paladin-epic-mount;Paladin Epic Mount - Boost Mode;20th Anniversary WoW;Mounts;0;USD;2026-01-07 18:31:57.686+00;1;unit;0
82cbbe70-e777-4170-ae28-86b63e4cb590;option;a7354206-406c-4bb2-9ca7-d86ca6b66908;e4478114-917b-4b4a-bc52-15d045058996;Remote;delvers-gob-trotter;Delver’s Gob-Trotter - Region;War Within;Delves;12.11;USD;2026-01-07 18:31:59.204+00;1;unit;12.11
b999db14-8651-41e6-954d-b037fdf30345;option;cebda02f-f480-4da3-8685-daffab059876;616ee4fb-8025-43b0-86e4-a9d24bfde9ae;PC;necromancer-builds;Necromancer Builds - Select Your Platform;Diablo IV;Builds;0;USD;2026-01-07 18:32:41.66+00;1;unit;0
a1081b8b-26dc-4f43-a4d9-d65936369188;option;cebda02f-f480-4da3-8685-daffab059876;18591ddd-229a-4f10-9f46-ad6131b778be;Starter;necromancer-builds;Necromancer Builds - Select Build Level;Diablo IV;Builds;35.2;USD;2026-01-07 18:32:42.049+00;1;unit;35.2
9d2b6cc9-f797-4c1f-b1b1-b1f049e400c9;option;8641a229-a57e-4df3-b1ed-241abffa89f4;ddf4fad5-c766-4452-9fb3-e8a7c5a860ba;XBOX;hesha-e-kesungi;Hesha e Kesungi - Select Your Platform;Diablo IV;Items;0;USD;2026-01-07 18:32:42.447+00;1;unit;0
c75012de-f5f4-4ee9-89b7-706da2827ae8;option;8641a229-a57e-4df3-b1ed-241abffa89f4;e9b9641f-9a8e-48bb-a364-fe7fafa0e6cd;High Roll Stats;hesha-e-kesungi;Hesha e Kesungi - Extra Power ;Diablo IV;Items;20;USD;2026-01-07 18:32:42.839+00;1;unit;20
6401ac00-37de-4cfe-915c-a2878d980cf4;option;129cb066-df05-4625-a9de-2619472e26a6;ec92cee6-100e-4033-a36e-6fc2f7775aa0;Revered - Exalted;the-golden-lotus;The Golden Lotus - Select Desired Reputation Level;Mists of Pandaria;Reputations;51.04;USD;2026-01-07 18:32:43.276+00;1;unit;51.04
3bce6243-c595-4f3c-ab8e-64d3f02d76bb;option;444b643e-3637-4fcb-b14c-bd3ff5a6dba0;4685d67f-4e04-4268-b009-98e160b16d9d;XBOX;brigands-steed;Brigand’s Steed - Select Your Platform;Diablo IV;Mounts;0;USD;2026-01-07 18:32:44.449+00;1;unit;0
6089441c-6b30-4729-b654-2f5c8b299d4c;option;02d6f9ea-cb93-40bc-a87d-9d2e36fc715e;9f712790-1532-4575-ab04-bddb92fc3ae0;NA;the-kirin-tor-offensive;The Kirin Tor Offensive - Region;Mists of Pandaria;Reputations;0;USD;2026-01-07 18:32:45.27+00;1;unit;0
4bc98b52-c6e6-439b-b4a5-efbd073d1c8b;option;2c784d82-ea30-4860-b864-ebd32b90b9b6;2559c1a0-d02c-4ccd-9d84-0ce15c530d17;NA;the-cipher-of-damnation;The Cipher of Damnation - Region;WoW: TBC;Attunements;0;USD;2026-01-07 18:32:45.662+00;1;unit;0
ca343adf-2ec6-45a7-93ac-ae68b741c57a;option;2afcf3ba-cdaf-4f04-af02-5654b99959fd;377c21b2-3e9b-41d7-8180-9408ea96883a;EU;the-klaxxi;The Klaxxi - Region;Mists of Pandaria;Reputations;0;USD;2026-01-07 18:32:46.101+00;1;unit;0
71a0fb75-9696-48db-94cf-a8ba131952a7;option;11bcebb3-dcc6-468a-810a-b387769c68a5;36363dcf-883d-488d-bb5d-5bf484fae9fd;Pilot;crimson-armored-growler;Crimson Armored Growler - Boost Method;War Within;Mounts;0;USD;2026-01-07 18:32:46.498+00;1;unit;0
3093128b-ca3c-4650-9af6-967ecfcfa9f7;option;0725d1ad-cc34-4b43-922a-91a1f013ab57;a260f29d-ca6d-422b-9ebf-f5098cee8fcb;NA;mop-platinum-challenge-mode;Platinum Challenge Mode - Region;Mists of Pandaria;Challenge Mode;0;USD;2026-01-07 18:32:46.92+00;1;unit;0
ab6550be-9b9d-4257-92db-9091602d1c34;option;0725d1ad-cc34-4b43-922a-91a1f013ab57;d57e9a2d-27b5-47d4-9b86-1ee63678ec20;Temple of the Jade Serpent ;mop-platinum-challenge-mode;Platinum Challenge Mode - Dungeons;Mists of Pandaria;Challenge Mode;14;USD;2026-01-07 18:32:47.348+00;1;unit;14
4d155156-060e-422e-aba7-9653963e36e9;option;9dd3bb46-dfed-46cd-b180-bf9d52fdf206;e1328f5e-22d7-4883-84ba-e2df74ae1743;Specific Delve;delves-boost;Delves Boost - Delves Boost;War Within;Delves;0;USD;2026-01-07 18:32:47.775+00;1;unit;0
2d75fa13-e50c-43d0-9ce2-2d9af54cc844;option;9dd3bb46-dfed-46cd-b180-bf9d52fdf206;37d0abaf-c747-4b08-a8ac-4b72f9fc4e80;Tier 8 ;delves-boost;Delves Boost - Select Delve Tier;War Within;Delves;3.52;USD;2026-01-07 18:32:48.161+00;8;unit;0.44
d6f2d9d0-949f-428e-a691-3b02378f682d;option;9dd3bb46-dfed-46cd-b180-bf9d52fdf206;7712a575-6eda-4219-b13b-09a039c8dc80;Earthcrawl Mines;delves-boost;Delves Boost - Select Delve;War Within;Delves;0;USD;2026-01-07 18:32:48.543+00;1;unit;0
909112a2-d788-4332-98cf-dc3dc77c93bd;option;9dd3bb46-dfed-46cd-b180-bf9d52fdf206;7712a575-6eda-4219-b13b-09a039c8dc80;Tak-Rethan Abyss;delves-boost;Delves Boost - Select Delve;War Within;Delves;0;USD;2026-01-07 18:32:48.942+00;1;unit;0
fd2c3e31-2e9e-4476-acb3-cd19f85b8b0e;option;35de5914-0bf3-4035-ac09-e3d53bacca41;baaf25e7-2eab-47f7-a77d-47358cba906a;Honored - Revered;the-shado-pan;The Shado-Pan - Select Desired Reputation Level;Mists of Pandaria;Reputations;21.12;USD;2026-01-07 18:32:49.347+00;1;unit;21.12
91a1ea27-5e4f-4aa5-b5ea-51c880174524;option;97edaff8-0530-4de2-adec-7e1dfed78beb;62ef5e71-b420-4780-a3fe-526d590e06a3;Eternal;lilith;Lilith - Select World - Softcore;Diablo IV;Bosses;50;USD;2026-01-07 18:32:49.745+00;1;unit;50
3595bc11-a6e8-4634-86e1-046a86c70ab8;option;689fe660-578c-48f5-91d4-fa6888cb8eb4;84e71e45-4800-4a0c-821d-cf5faa020ce6;Selfplay;undercoin-farm;Undercoin Farm - Boost Mode;War Within;Delves;0;USD;2026-01-07 18:32:50.15+00;1;unit;0
1bec79f6-60c0-42cc-9e75-78d6b1aa7a42;option;f54f6fca-3d74-4288-a4cc-8f17227cb239;64c7e9c2-02ac-462e-8e31-6c1f4e87deeb;Friendly - Honored;the-shado-pan-assault;The Shado-Pan Assault - Select Desired Reputation Level;Mists of Pandaria;Reputations;21.12;USD;2026-01-07 18:32:50.965+00;1;unit;21.12
675945b7-7808-4af7-8337-ea1d833c9814;option;4fc7414f-477a-4395-a5ee-6909b4a1a977;f82715f1-f9c7-40c5-9aa5-66a45c05e6fb;NA;arathi-basin-reputation;Arathi Basin Reputation - Region;20th Anniversary WoW;Reputations;0;USD;2026-01-07 18:31:54.129+00;1;unit;0
fb0be31f-1e13-482c-8e53-0d5885924465;product;71a0892c-72e4-4acd-9448-9a37c3090166;;;bloody-steed-mount;Bloody Steed Mount;Diablo IV;Mounts;0;USD;2026-01-07 14:02:59.616+00;1;unit;0.00000000000000000000
0da5ee6d-21b0-4a72-9bbc-02fdeb9c4655;option;78dbfe04-41ff-4c00-a3c3-732c3bcaa4b6;f2e21066-688d-48b1-9a80-5143c09abecc;NA;thunderfury;Thunderfury - Region;20th Anniversary WoW;Gear;0;USD;2026-01-07 18:31:54.843+00;1;unit;0
67297a73-0446-4cbf-8a56-ba172d10b198;option;9aa65d73-40cc-4eec-a823-ed03c497f9a3;a918122c-c309-4902-8627-40a903400a88;Stream;argent-dawn-reputation;Argent Dawn Reputation - Additional Options;20th Anniversary WoW;Reputations;8.322;USD;2026-01-07 18:31:55.201+00;1;unit;8.322
e4f285bf-ba2a-4dbb-9db5-ecae4ca751f2;product;2ada37a3-0f5e-4aed-aa4b-0ba47d4aac46;;;alterac-valley-reputation;Alterac Valley Reputation;20th Anniversary WoW;Reputations;0;USD;2026-01-07 14:01:47.827+00;1;unit;0.00000000000000000000
e0070f23-1052-4862-b078-be982430a309;option;da557acb-1717-46f1-ab2e-674389ec3758;9b8c6f7e-15fa-4479-a950-2e7bda4768d8;NA;honor-hold;Honor Hold - Region;WoW: TBC;Reputations;0;USD;2026-01-07 18:31:56.32+00;1;unit;0
b7488fc4-4f86-45b0-ab72-fe0270212963;option;839d5181-03fd-455d-9822-7532ff7d23ab;8213dcb8-2479-467d-9abc-1058b88583d2;NA;zandalar-tribe-reputation;Zandalar Tribe Reputation - Region;20th Anniversary WoW;Reputations;0;USD;2026-01-07 18:31:56.679+00;1;unit;0
fc2aac33-2567-471b-8cd0-ca1177a60add;product;d670b5e7-94d0-4125-ac6c-bdf4571aef7e;;;warsong-gulch-reputation;Warsong Gulch Reputation;20th Anniversary WoW;Reputations;0;USD;2026-01-07 14:01:52.252+00;1;unit;0.00000000000000000000
af29cc60-721b-4425-9e2f-8fc9f0e3cb18;option;c133602b-b733-402b-86de-b1360c656c5a;48f3cf73-7e8f-480f-bb5f-f2ad666d7545;EU;nesting-swarmite;Nesting Swarmite - Region;War Within;Mounts;0;USD;2026-01-07 18:31:58.093+00;1;unit;0
dea95f78-1b66-4be8-9191-f1032de4d0dd;option;625d437c-a421-427d-95fd-d016707b6f1a;997e5bee-d047-4e1e-bcc2-5ef33998fb14;Pilot;hydraxian-waterlords-reputation;Hydraxian Waterlords Reputation - Boost Mode;20th Anniversary WoW;Reputations;0;USD;2026-01-07 18:31:58.471+00;1;unit;0
f3173f19-1128-4153-93a8-3cc72cd47e81;option;12250fc4-5bdc-4045-9374-d69b4fe8b6fa;eacd1f13-4c63-43c6-8eae-5d674f09f7fb;Pilot;corrupted-ashbringer;Corrupted Ashbringer - Boost Mode;20th Anniversary WoW;Gear;0;USD;2026-01-07 18:31:58.857+00;1;unit;0
e9e0f5fa-1e1b-4741-be49-458b20f97e7f;option;a7354206-406c-4bb2-9ca7-d86ca6b66908;237e6e2e-d33e-4f6f-9050-83918a6f825b;NA;delvers-gob-trotter;Delver’s Gob-Trotter - Region;War Within;Delves;0;USD;2026-01-07 18:31:59.31+00;1;unit;0
2d4b8c56-6c94-442d-8c2f-e50981f89ace;option;cebda02f-f480-4da3-8685-daffab059876;616ee4fb-8025-43b0-86e4-a9d24bfde9ae;PSN;necromancer-builds;Necromancer Builds - Select Your Platform;Diablo IV;Builds;0;USD;2026-01-07 18:32:41.701+00;1;unit;0
36a9bb89-2579-4973-9b22-2d93d61c44dd;option;cebda02f-f480-4da3-8685-daffab059876;18591ddd-229a-4f10-9f46-ad6131b778be;Medium;necromancer-builds;Necromancer Builds - Select Build Level;Diablo IV;Builds;70.4;USD;2026-01-07 18:32:42.091+00;1;unit;70.4
e9ecab21-ce39-4971-8796-2521ef1966aa;option;8641a229-a57e-4df3-b1ed-241abffa89f4;fbe04770-f269-4ad3-90b1-dd3d006e9d82;Seasonal;hesha-e-kesungi;Hesha e Kesungi - Select World - Softcore;Diablo IV;Items;0;USD;2026-01-07 18:32:42.489+00;1;unit;0
f6daf85f-df2b-43bb-ae19-22f336a780ef;option;936a554d-3345-4011-b141-7fea391fe3a7;d5c75f0b-2e5d-4202-a699-58b4e264257c;Pilot;dungeons-unlock;Dungeons Unlock - Boost Method;WoW: TBC;Attunements;0;USD;2026-01-07 18:32:43.725+00;1;unit;0
bea2929b-2278-411c-b431-31514a4cd80a;option;d8764f3c-823e-4e11-a852-f5eed1a6a0c4;c4fc844c-76f8-4aaa-9715-56cb0824b51a;Pilot;astral-cloud-serpent;Astral Cloud Serpent - Boost Mode;Mists of Pandaria;Mounts;0;USD;2026-01-07 18:32:44.11+00;1;unit;0
04c2d316-a359-4863-8d69-582bbfb7f658;option;444b643e-3637-4fcb-b14c-bd3ff5a6dba0;9de79ee4-eff5-4a1b-9051-acaeb17111e8;Seasonal - Softcore;brigands-steed;Brigand’s Steed - Select World;Diablo IV;Mounts;26.36;USD;2026-01-07 18:32:44.494+00;1;unit;26.36
b39a327d-f9e4-44d7-9c5a-53700b1d48ab;option;4eb1a3da-7a2e-4bff-abdb-40a88090ea52;d6b3828a-7ec8-4125-a3b2-42614cb0665a;Pilot;spawn-of-horridon;Spawn of Horridon - Boost Mode;Mists of Pandaria;Mounts;0;USD;2026-01-07 18:32:44.882+00;1;unit;0
86cbbd22-ce24-404f-95e6-5af3d67eae3d;option;02d6f9ea-cb93-40bc-a87d-9d2e36fc715e;b01b863f-bf9b-409d-bc3f-db1c2a354fae;Neutral - Friendly;the-kirin-tor-offensive;The Kirin Tor Offensive - Select Desired Reputation Level;Mists of Pandaria;Reputations;8.8;USD;2026-01-07 18:32:45.311+00;1;unit;8.8
3f999ea6-5807-43b8-908a-a3400835b2ca;option;2afcf3ba-cdaf-4f04-af02-5654b99959fd;377c21b2-3e9b-41d7-8180-9408ea96883a;NA;the-klaxxi;The Klaxxi - Region;Mists of Pandaria;Reputations;0;USD;2026-01-07 18:32:46.147+00;1;unit;0
543135b9-658a-4ea4-88b8-2f8380902bbe;option;11bcebb3-dcc6-468a-810a-b387769c68a5;36363dcf-883d-488d-bb5d-5bf484fae9fd;Remote;crimson-armored-growler;Crimson Armored Growler - Boost Method;War Within;Mounts;25.5;USD;2026-01-07 18:32:46.55+00;1;unit;25.5
21eb6905-1b8b-4de2-87fe-7240782d2d47;option;0725d1ad-cc34-4b43-922a-91a1f013ab57;d57e9a2d-27b5-47d4-9b86-1ee63678ec20;Gate of the Setting Sun ;mop-platinum-challenge-mode;Platinum Challenge Mode - Dungeons;Mists of Pandaria;Challenge Mode;14;USD;2026-01-07 18:32:46.971+00;1;unit;14
68b288c0-17e6-4842-9cae-aff9e5ca5c1b;option;0725d1ad-cc34-4b43-922a-91a1f013ab57;d57e9a2d-27b5-47d4-9b86-1ee63678ec20;All 9 Dungeons;mop-platinum-challenge-mode;Platinum Challenge Mode - Dungeons;Mists of Pandaria;Challenge Mode;119;USD;2026-01-07 18:32:47.4+00;9;dungeons;13.222222222222221
f708cb15-1955-4f04-8a5d-b44fc5171024;option;9dd3bb46-dfed-46cd-b180-bf9d52fdf206;e1328f5e-22d7-4883-84ba-e2df74ae1743;Random Delve;delves-boost;Delves Boost - Delves Boost;War Within;Delves;0;USD;2026-01-07 18:32:47.817+00;1;unit;0
2ac9a885-8abe-4295-bb13-b00a78a3d338;option;9dd3bb46-dfed-46cd-b180-bf9d52fdf206;37d0abaf-c747-4b08-a8ac-4b72f9fc4e80;Tier 9;delves-boost;Delves Boost - Select Delve Tier;War Within;Delves;5.14;USD;2026-01-07 18:32:48.202+00;9;unit;0.5711111111111111
d4cb203f-6a60-4792-8990-156ee0355ca6;option;9dd3bb46-dfed-46cd-b180-bf9d52fdf206;7712a575-6eda-4219-b13b-09a039c8dc80;Kriegval's Rest;delves-boost;Delves Boost - Select Delve;War Within;Delves;0;USD;2026-01-07 18:32:48.597+00;1;unit;0
f75c0c09-8594-4de7-99c1-dc886d427ce6;option;9dd3bb46-dfed-46cd-b180-bf9d52fdf206;7712a575-6eda-4219-b13b-09a039c8dc80;Random Delve;delves-boost;Delves Boost - Select Delve;War Within;Delves;0;USD;2026-01-07 18:32:48.985+00;1;unit;0
45226999-6dad-4421-9323-d40ed8700083;option;35de5914-0bf3-4035-ac09-e3d53bacca41;baaf25e7-2eab-47f7-a77d-47358cba906a;Revered - Exalted;the-shado-pan;The Shado-Pan - Select Desired Reputation Level;Mists of Pandaria;Reputations;51.04;USD;2026-01-07 18:32:49.393+00;1;unit;51.04
df71255b-13f1-499d-b7f6-502878c691e2;option;97edaff8-0530-4de2-adec-7e1dfed78beb;efcd3d9b-e8a1-4e20-8c77-3c2962f34077;Torment I;lilith;Lilith - Difficulty;Diablo IV;Bosses;0;USD;2026-01-07 18:32:49.787+00;1;unit;0
46ebb0af-379e-42b0-8495-8a2bc9640178;option;689fe660-578c-48f5-91d4-fa6888cb8eb4;9c128120-a82f-4db3-8bad-7ebc1c33cb0a;EU;undercoin-farm;Undercoin Farm - Region;War Within;Delves;0;USD;2026-01-07 18:32:50.19+00;1;unit;0
15a8716f-2144-40a9-a3a9-d328be8f70d9;option;f54f6fca-3d74-4288-a4cc-8f17227cb239;64c7e9c2-02ac-462e-8e31-6c1f4e87deeb;Honored - Revered;the-shado-pan-assault;The Shado-Pan Assault - Select Desired Reputation Level;Mists of Pandaria;Reputations;41.36;USD;2026-01-07 18:32:51.007+00;1;unit;41.36
02647a78-50b6-44c6-aaf5-eee1952296c2;option;12bfc26c-8c29-499d-837d-86b2232e5be4;63971c72-e6fe-44ce-851a-7bded7a44dcf;Remote;doombringer;Doombringer - Boost Mode;Diablo IV;Items;15;USD;2026-01-07 18:32:51.485+00;1;unit;15
88b7ac34-3a28-47e1-b16e-3af597e441b2;option;2ada37a3-0f5e-4aed-aa4b-0ba47d4aac46;13897454-c4ab-47f1-b5a9-bf16190e935d;Remote;alterac-valley-reputation;Alterac Valley Reputation - Boost Mode;20th Anniversary WoW;Reputations;14.25;USD;2026-01-07 18:31:53.479+00;1;unit;14.25
9c7d7914-898c-498b-97cd-546ebc2e4ccf;product;9dd3bb46-dfed-46cd-b180-bf9d52fdf206;;;delves-boost;Delves Boost;War Within;Delves;0;USD;2026-01-07 14:03:04.613+00;1;unit;0.00000000000000000000
ec331086-a6f3-400d-b291-8d97ecbdc0e3;option;e117e236-a2f2-4f4d-9a58-728c68477982;6842377d-c09b-4df7-9811-b6c7dadd10e6;Selfplay;tier-25-set;Tier 2.5 Set - Boost Mode;20th Anniversary WoW;Gear;19;USD;2026-01-07 18:31:53.841+00;1;unit;19
f5e10629-d6f1-4484-b262-277bc08e01f6;product;97edaff8-0530-4de2-adec-7e1dfed78beb;;;lilith;Lilith;Diablo IV;Bosses;4.84;USD;2026-01-07 14:03:06.858+00;1;unit;4.8400000000000000
ccb1f032-d0c7-45e3-ad70-b3cda65830a3;option;4fc7414f-477a-4395-a5ee-6909b4a1a977;cf38d309-8d5f-475f-ae75-f07426d22d98;Friendly - Honored;arathi-basin-reputation;Arathi Basin Reputation - Select Desired Reputation Level;20th Anniversary WoW;Reputations;26.752;USD;2026-01-07 18:31:54.206+00;1;unit;26.752
09f23440-b849-42b8-9574-a690d4cb65e8;option;9aa65d73-40cc-4eec-a823-ed03c497f9a3;c2241e78-da98-4d85-ad91-ce94f3dfd0d4;Pilot;argent-dawn-reputation;Argent Dawn Reputation - Boost Mode;20th Anniversary WoW;Reputations;0;USD;2026-01-07 18:31:54.919+00;1;unit;0
2d5ce8b8-1b28-4692-b203-b321c8c5eda4;option;4b6a15b0-4764-431f-8372-6e9f180c4436;e12cec0f-09ac-4e3d-8469-342e8b62d102;Selfplay;tier-05-set;Tier 0.5 Set - Boost Mode;20th Anniversary WoW;Gear;0;USD;2026-01-07 18:31:57.057+00;1;unit;0
ee7be5c0-48e9-411b-871e-08d2160b8e91;option;9d16b707-217a-41d2-973e-285352d21c4d;e6ebd0fe-75ad-4341-a939-2728c2378238;EU;ashtongue-deathsworn;Ashtongue Deathsworn - Region;WoW: TBC;Reputations;0;USD;2026-01-07 18:31:57.411+00;1;unit;0
d8432244-5fd3-4834-b915-1df7d34d21ef;option;7da3a215-5750-4a28-b39d-c2cb9cfa5348;a112d610-a3aa-4ecc-ae72-0b2975f6123e;EU;paladin-epic-mount;Paladin Epic Mount - Region;20th Anniversary WoW;Mounts;0;USD;2026-01-07 18:31:57.765+00;1;unit;0
ea202cab-cc10-4195-bd41-7de97a6fb07e;option;625d437c-a421-427d-95fd-d016707b6f1a;3d2cc87e-5560-4205-a78f-aeeeea94945e;EU;hydraxian-waterlords-reputation;Hydraxian Waterlords Reputation - Region;20th Anniversary WoW;Reputations;0;USD;2026-01-07 18:31:58.551+00;1;unit;0
d9c72243-2728-4de1-a7e0-2c82c1fe059c;option;12250fc4-5bdc-4045-9374-d69b4fe8b6fa;39df11e4-46ec-48d6-af84-ae2a5603ea36;Stream;corrupted-ashbringer;Corrupted Ashbringer - Additional Options;20th Anniversary WoW;Gear;8.322;USD;2026-01-07 18:31:58.964+00;1;unit;8.322
4768966e-f078-43de-ae98-eb2bb903a932;option;5095f11f-8528-4b84-b3d1-f5393e66f7d8;d13ad307-138a-427b-8320-3805881295d3;Pilot;delvers-mana-skimmer-mount;Delver’s Mana-Skimmer Mount - Boost Mode;War Within;Delves;0;USD;2026-01-07 18:31:59.425+00;1;unit;0
067da7ee-06c6-4103-b772-c7d76f47a92a;option;cebda02f-f480-4da3-8685-daffab059876;616ee4fb-8025-43b0-86e4-a9d24bfde9ae;XBOX;necromancer-builds;Necromancer Builds - Select Your Platform;Diablo IV;Builds;0;USD;2026-01-07 18:32:41.742+00;1;unit;0
e82ce9b6-121b-40b7-9a4e-92a97c64b334;option;cebda02f-f480-4da3-8685-daffab059876;18591ddd-229a-4f10-9f46-ad6131b778be;Nightmare;necromancer-builds;Necromancer Builds - Select Build Level;Diablo IV;Builds;176;USD;2026-01-07 18:32:42.134+00;1;unit;176
f1cc57a9-b484-4167-954e-4927fef16196;option;8641a229-a57e-4df3-b1ed-241abffa89f4;fbe04770-f269-4ad3-90b1-dd3d006e9d82;Eternal;hesha-e-kesungi;Hesha e Kesungi - Select World - Softcore;Diablo IV;Items;50;USD;2026-01-07 18:32:42.533+00;1;unit;50
b5f7824e-b04e-43d0-a0a1-6a3212d52786;option;129cb066-df05-4625-a9de-2619472e26a6;eb83e843-f950-4275-8382-a61f403c399a;Pilot;the-golden-lotus;The Golden Lotus - Boost Mode;Mists of Pandaria;Reputations;0;USD;2026-01-07 18:32:42.918+00;1;unit;0
b2dfff48-f44b-458c-9c7c-a6ec873fefb4;option;71a0892c-72e4-4acd-9448-9a37c3090166;92cd07a8-4e74-47d8-be31-ee59ca15e9ac;Pilot;bloody-steed-mount;Bloody Steed Mount - Boost Mode;Diablo IV;Mounts;0;USD;2026-01-07 18:32:43.357+00;1;unit;0
0ecb7394-09b2-4068-bfec-10bc1f9a7f68;option;936a554d-3345-4011-b141-7fea391fe3a7;d5c75f0b-2e5d-4202-a699-58b4e264257c;Remote;dungeons-unlock;Dungeons Unlock - Boost Method;WoW: TBC;Attunements;33;USD;2026-01-07 18:32:43.769+00;1;unit;33
39b3379f-ba83-4393-a818-7af484ca008b;option;d8764f3c-823e-4e11-a852-f5eed1a6a0c4;b8823a87-9954-44bd-919a-0c51f76b19f6;EU;astral-cloud-serpent;Astral Cloud Serpent - Region;Mists of Pandaria;Mounts;0;USD;2026-01-07 18:32:44.153+00;1;unit;0
1068b921-35ea-4e4c-b35c-175c6c1591f0;option;444b643e-3637-4fcb-b14c-bd3ff5a6dba0;9de79ee4-eff5-4a1b-9051-acaeb17111e8;Eternal - Softcore;brigands-steed;Brigand’s Steed - Select World;Diablo IV;Mounts;39.53;USD;2026-01-07 18:32:44.541+00;1;unit;39.53
ef27a6b5-ed08-473c-8455-572bb36b64a4;option;4eb1a3da-7a2e-4bff-abdb-40a88090ea52;d6b3828a-7ec8-4125-a3b2-42614cb0665a;Selfplay;spawn-of-horridon;Spawn of Horridon - Boost Mode;Mists of Pandaria;Mounts;0;USD;2026-01-07 18:32:44.924+00;1;unit;0
7a8a41a7-4961-48b0-8fbb-2c21afdfbbb0;option;02d6f9ea-cb93-40bc-a87d-9d2e36fc715e;b01b863f-bf9b-409d-bc3f-db1c2a354fae;Friendly - Honored;the-kirin-tor-offensive;The Kirin Tor Offensive - Select Desired Reputation Level;Mists of Pandaria;Reputations;17.6;USD;2026-01-07 18:32:45.353+00;1;unit;17.6
71c2198b-6453-49d0-95f6-100919c40b52;option;ba6025ed-7681-4d28-8aa3-06c474fde6c7;4729a50b-adb4-443e-b01e-89e57a1497be;Pilot;eft-hideout-upgrade-boost;Hideout Upgrades  - Boost Method;Escape From Tarkov;Leveling;0;USD;2026-01-07 18:32:45.749+00;1;unit;0
f875b2c5-9710-4a6a-9449-c662927dfbb7;option;2afcf3ba-cdaf-4f04-af02-5654b99959fd;2495c791-d4f3-4ebb-91e9-4fe5d55ba587;Neutral - Friendly;the-klaxxi;The Klaxxi - Select Desired Reputation Level;Mists of Pandaria;Reputations;5.28;USD;2026-01-07 18:32:46.188+00;1;unit;5.28
00992713-4a8f-4b2e-bfe8-408e28ac9bdc;option;11bcebb3-dcc6-468a-810a-b387769c68a5;d48a3138-d752-404a-a7bb-a259868f025d;EU;crimson-armored-growler;Crimson Armored Growler - Region;War Within;Mounts;0;USD;2026-01-07 18:32:46.601+00;1;unit;0
8edbbafe-608d-4eaf-a67a-04a919b48a53;option;0725d1ad-cc34-4b43-922a-91a1f013ab57;d57e9a2d-27b5-47d4-9b86-1ee63678ec20;Mogu'shan Palace ;mop-platinum-challenge-mode;Platinum Challenge Mode - Dungeons;Mists of Pandaria;Challenge Mode;14;USD;2026-01-07 18:32:47.016+00;1;unit;14
328f2e03-d596-4b06-a136-9ae4ae7ddc6a;option;9dd3bb46-dfed-46cd-b180-bf9d52fdf206;37d0abaf-c747-4b08-a8ac-4b72f9fc4e80;Tier 1;delves-boost;Delves Boost - Select Delve Tier;War Within;Delves;1.07;USD;2026-01-07 18:32:47.858+00;1;unit;1.07
e1142278-b875-4a7b-a3c2-ea7e30c32963;option;9dd3bb46-dfed-46cd-b180-bf9d52fdf206;37d0abaf-c747-4b08-a8ac-4b72f9fc4e80;Tier 10;delves-boost;Delves Boost - Select Delve Tier;War Within;Delves;6.27;USD;2026-01-07 18:32:48.245+00;10;unit;0.627
afed79a9-b808-4916-b794-59c60ef6a32d;option;9dd3bb46-dfed-46cd-b180-bf9d52fdf206;7712a575-6eda-4219-b13b-09a039c8dc80;Fungal Folly;delves-boost;Delves Boost - Select Delve;War Within;Delves;0;USD;2026-01-07 18:32:48.645+00;1;unit;0
cd1d70f1-b69b-498e-87eb-09eeb5dcad78;option;97edaff8-0530-4de2-adec-7e1dfed78beb;efcd3d9b-e8a1-4e20-8c77-3c2962f34077;Torment II;lilith;Lilith - Difficulty;Diablo IV;Bosses;0;USD;2026-01-07 18:32:49.83+00;1;unit;0
08f8141e-d9ec-48c7-a3c2-b5a37246fa8c;option;689fe660-578c-48f5-91d4-fa6888cb8eb4;9c128120-a82f-4db3-8bad-7ebc1c33cb0a;NA;undercoin-farm;Undercoin Farm - Region;War Within;Delves;0;USD;2026-01-07 18:32:50.244+00;1;unit;0
c63c51ad-f673-44ef-afef-5cbddd1cf9b0;option;f54f6fca-3d74-4288-a4cc-8f17227cb239;64c7e9c2-02ac-462e-8e31-6c1f4e87deeb;Revered - Exalted;the-shado-pan-assault;The Shado-Pan Assault - Select Desired Reputation Level;Mists of Pandaria;Reputations;73.04;USD;2026-01-07 18:32:51.051+00;1;unit;73.04
286290b9-eed1-45ac-ae9f-9623077f581d;option;12bfc26c-8c29-499d-837d-86b2232e5be4;2ae18c8e-abbc-4c32-9b79-b84b8832c743;PC;doombringer;Doombringer - Select Your Platform;Diablo IV;Items;0;USD;2026-01-07 18:32:51.532+00;1;unit;0
45ca0cf5-5c9e-4b6a-8fba-6da72cca60bb;option;b76dc564-49cc-48ef-bf65-8b995fea95f8;118d6635-d68e-4b66-8c8c-382ef33593ef;NA;the-sunreaver-onslaught;The Sunreaver Onslaught - Region;Mists of Pandaria;Reputations;0;USD;2026-01-07 18:32:51.976+00;1;unit;0
79fae6ef-4449-42a0-a84c-27b76844fb9d;option;2ada37a3-0f5e-4aed-aa4b-0ba47d4aac46;559a6a9c-90f2-4725-8a32-3279bde7f2d0;Revered - Exalted;alterac-valley-reputation;Alterac Valley Reputation - Select your Desired Reputation Level;20th Anniversary WoW;Reputations;52.66799999999999;USD;2026-01-07 18:31:53.723+00;1;unit;52.66799999999999
b9330e80-074a-4cd9-9b06-46f84749d4ae;option;d670b5e7-94d0-4125-ac6c-bdf4571aef7e;b6bf5c8a-acce-491d-ba94-f0d2c46359f3;Remote;warsong-gulch-reputation;Warsong Gulch Reputation - Boost Mode;20th Anniversary WoW;Reputations;14.25;USD;2026-01-07 18:31:55.669+00;1;unit;14.25
aa28b4b8-6e27-48f9-8556-6c55820ae0ac;option;b9e72666-f385-422c-b1c9-44d4ea84f633;fe383933-4712-45d7-a09d-d9305fbe6b0b;Remote;pearlescent-krolusk;Pearlescent Krolusk - Boost Method;War Within;Mounts;25.5;USD;2026-01-07 18:31:56.028+00;1;unit;25.5
b84ed3ff-d4b9-4cb0-838a-ae5f31fc4116;option;da557acb-1717-46f1-ab2e-674389ec3758;c0b28b3c-82c4-4518-8df3-f884286a6553;Friendly - Honored;honor-hold;Honor Hold - Select Desired Reputation Level;WoW: TBC;Reputations;25;USD;2026-01-07 18:31:56.404+00;1;unit;25
6c132f01-2f4a-4280-9318-96b9eabb5d04;option;839d5181-03fd-455d-9822-7532ff7d23ab;e18d66f5-afef-4ffc-932e-b7800e76babf;Friendly - Honored;zandalar-tribe-reputation;Zandalar Tribe Reputation - Select Desired Reputation Level;20th Anniversary WoW;Reputations;6.688;USD;2026-01-07 18:31:56.757+00;1;unit;6.688
1068ed98-d881-4d3a-9fcd-da679a4963fa;option;602c3b75-2253-443c-a2f4-7c790c7aa52b;daafa91b-c800-4c4d-89e0-79de402c9657;Pilot;incognitro-the-indecipherable-felcycle;Incognitro, the Indecipherable Felcycle - Boost Method;War Within;Mounts;0;USD;2026-01-07 18:31:57.133+00;1;unit;0
5457faad-8e3c-4db4-aaa3-5ea1006ad7b7;option;9d16b707-217a-41d2-973e-285352d21c4d;bef37e75-eb42-48f7-80a9-3872b9b2d35c;Neutral - Friendly;ashtongue-deathsworn;Ashtongue Deathsworn - Desired Reputation Level;WoW: TBC;Reputations;29;USD;2026-01-07 18:31:57.488+00;1;unit;29
55c4b29c-b075-4d6f-ab8b-8fb747f9a041;option;7da3a215-5750-4a28-b39d-c2cb9cfa5348;f28c1022-0b6f-4fb1-a663-499d20b84f17;Warhorse;paladin-epic-mount;Paladin Epic Mount - Paladin Mount Options;20th Anniversary WoW;Mounts;6.6499999999999995;USD;2026-01-07 18:31:57.847+00;1;unit;6.6499999999999995
a9f3f64c-e491-4a46-bb64-b63949aab68f;option;11c50335-e6b5-4704-b2bb-10663ec598a0;067545fe-d4ab-4a15-8312-1a854b69fe91;Pilot;glory-of-the-aberrus-raider-boost;Glory of the Aberrus Raider Boost - Boost Mode;War Within;Achievements;0;USD;2026-01-07 18:31:58.264+00;1;unit;0
ac4b524b-b95f-4f7c-9d19-08af56e4dec3;option;12250fc4-5bdc-4045-9374-d69b4fe8b6fa;97f0be35-85c7-4831-9e60-5ec88719f45e;NA;corrupted-ashbringer;Corrupted Ashbringer - Region;20th Anniversary WoW;Gear;0;USD;2026-01-07 18:31:59.06+00;1;unit;0
6dfca6b3-72a0-4b7b-bc3a-2618ce7a55da;option;5095f11f-8528-4b84-b3d1-f5393e66f7d8;8b219792-a68b-477a-99e7-a272f5206e44;EU;delvers-mana-skimmer-mount;Delver’s Mana-Skimmer Mount - Region;War Within;Delves;0;USD;2026-01-07 18:31:59.506+00;1;unit;0
63731997-3a7f-4d6c-a72e-2cb3fb3a58bd;option;cebda02f-f480-4da3-8685-daffab059876;d12ddc5b-1c9d-41eb-b191-bbcbf8eb9367;Seasonal;necromancer-builds;Necromancer Builds - Select World - Softcore;Diablo IV;Builds;0;USD;2026-01-07 18:32:41.788+00;1;unit;0
a288a17b-05e7-40e2-9f34-41748ae37ead;option;cebda02f-f480-4da3-8685-daffab059876;18591ddd-229a-4f10-9f46-ad6131b778be;Tormented;necromancer-builds;Necromancer Builds - Select Build Level;Diablo IV;Builds;396;USD;2026-01-07 18:32:42.182+00;1;unit;396
48438f36-1aa3-496c-ac83-af6a6c67d6dd;option;8641a229-a57e-4df3-b1ed-241abffa89f4;0ea31b09-43b4-4c75-b627-0c2512f66179;Without Greater Affixes;hesha-e-kesungi;Hesha e Kesungi - Greater Affixes;Diablo IV;Items;0;USD;2026-01-07 18:32:42.575+00;1;unit;0
1a1570a3-6830-4521-a29f-d177b27b6c77;option;129cb066-df05-4625-a9de-2619472e26a6;eb83e843-f950-4275-8382-a61f403c399a;Remote;the-golden-lotus;The Golden Lotus - Boost Mode;Mists of Pandaria;Reputations;15;USD;2026-01-07 18:32:42.96+00;1;unit;15
14ee8e62-777b-498a-ada7-a84ce38b68b6;option;71a0892c-72e4-4acd-9448-9a37c3090166;92cd07a8-4e74-47d8-be31-ee59ca15e9ac;Remote;bloody-steed-mount;Bloody Steed Mount - Boost Mode;Diablo IV;Mounts;15;USD;2026-01-07 18:32:43.416+00;1;unit;15
97b265da-d908-42a7-ae4b-277e831bfc27;option;936a554d-3345-4011-b141-7fea391fe3a7;66421ed4-d02f-4735-a695-72046c57bab0;Auchenai Key;dungeons-unlock;Dungeons Unlock - Dungeon Keys;WoW: TBC;Attunements;86.9;USD;2026-01-07 18:32:43.81+00;1;unit;86.9
2337db51-ed2d-4c01-a48d-f700bb3a5ab0;option;d8764f3c-823e-4e11-a852-f5eed1a6a0c4;b8823a87-9954-44bd-919a-0c51f76b19f6;NA;astral-cloud-serpent;Astral Cloud Serpent - Region;Mists of Pandaria;Mounts;0;USD;2026-01-07 18:32:44.193+00;1;unit;0
a39b1fef-b5e9-4d94-bc25-f9fbdff25eb4;option;4eb1a3da-7a2e-4bff-abdb-40a88090ea52;e488451c-69cb-4746-8b05-939eec8758a4;EU;spawn-of-horridon;Spawn of Horridon - Region;Mists of Pandaria;Mounts;0;USD;2026-01-07 18:32:44.97+00;1;unit;0
bab91ba2-330e-430f-9d67-e8fcc6d29603;option;02d6f9ea-cb93-40bc-a87d-9d2e36fc715e;b01b863f-bf9b-409d-bc3f-db1c2a354fae;Honored - Revered;the-kirin-tor-offensive;The Kirin Tor Offensive - Select Desired Reputation Level;Mists of Pandaria;Reputations;35.2;USD;2026-01-07 18:32:45.404+00;1;unit;35.2
d3e308eb-b41c-4324-89b1-b30b2c51b992;option;ba6025ed-7681-4d28-8aa3-06c474fde6c7;5cae863e-672e-421d-abb0-913535dd41f0;Hideout Level 1;eft-hideout-upgrade-boost;Hideout Upgrades  - Hideout Level ;Escape From Tarkov;Leveling;119;USD;2026-01-07 18:32:45.812+00;1;unit;119
9e2514df-bd37-4408-ba10-15e3553d3926;option;2afcf3ba-cdaf-4f04-af02-5654b99959fd;2495c791-d4f3-4ebb-91e9-4fe5d55ba587;Friendly - Honored;the-klaxxi;The Klaxxi - Select Desired Reputation Level;Mists of Pandaria;Reputations;10.56;USD;2026-01-07 18:32:46.236+00;1;unit;10.56
1cea6de7-41ba-4a16-bd74-86b66fd37d47;option;11bcebb3-dcc6-468a-810a-b387769c68a5;d48a3138-d752-404a-a7bb-a259868f025d;NA;crimson-armored-growler;Crimson Armored Growler - Region;War Within;Mounts;0;USD;2026-01-07 18:32:46.655+00;1;unit;0
63d820f5-9369-4fb9-839e-41d2e798409d;option;0725d1ad-cc34-4b43-922a-91a1f013ab57;d57e9a2d-27b5-47d4-9b86-1ee63678ec20;Scarlet Halls ;mop-platinum-challenge-mode;Platinum Challenge Mode - Dungeons;Mists of Pandaria;Challenge Mode;14;USD;2026-01-07 18:32:47.058+00;1;unit;14
f3351308-b97d-40ff-84fb-c2baddc6e673;option;9dd3bb46-dfed-46cd-b180-bf9d52fdf206;a4358fa9-8bd5-4dd1-a934-2e4012521383;Selfplay;delves-boost;Delves Boost - Boost Mode;War Within;Delves;0;USD;2026-01-07 18:32:47.489+00;1;unit;0
145d7eef-90f6-4bff-a1d9-f28dbb3a2760;option;9dd3bb46-dfed-46cd-b180-bf9d52fdf206;37d0abaf-c747-4b08-a8ac-4b72f9fc4e80;Tier 2;delves-boost;Delves Boost - Select Delve Tier;War Within;Delves;1.26;USD;2026-01-07 18:32:47.902+00;2;unit;0.63
fd9d9959-07bd-4371-9059-d2883c82928d;option;9dd3bb46-dfed-46cd-b180-bf9d52fdf206;37d0abaf-c747-4b08-a8ac-4b72f9fc4e80;Tier 11;delves-boost;Delves Boost - Select Delve Tier;War Within;Delves;8.37;USD;2026-01-07 18:32:48.289+00;11;unit;0.7609090909090909
a2305d0d-199a-4de5-b492-ab2fd989f9ce;option;9dd3bb46-dfed-46cd-b180-bf9d52fdf206;7712a575-6eda-4219-b13b-09a039c8dc80;Skittering Breach;delves-boost;Delves Boost - Select Delve;War Within;Delves;0;USD;2026-01-07 18:32:48.686+00;1;unit;0
45970147-ea89-4322-96f4-c15d40c08506;option;35de5914-0bf3-4035-ac09-e3d53bacca41;65601743-dff1-4e41-ad7f-d8ef6d17563d;Pilot;the-shado-pan;The Shado-Pan - Boost Mode;Mists of Pandaria;Reputations;0;USD;2026-01-07 18:32:49.076+00;1;unit;0
3aa33c15-004e-482f-af34-f88237cb2f38;option;97edaff8-0530-4de2-adec-7e1dfed78beb;09d7843e-e47c-4ac4-9ce2-eb9daa44732c;Pilot;lilith;Lilith - Boost Mode;Diablo IV;Bosses;0;USD;2026-01-07 18:32:49.48+00;1;unit;0
fcbdb513-5e4b-4a10-951b-6fd2eb158b8b;option;97edaff8-0530-4de2-adec-7e1dfed78beb;efcd3d9b-e8a1-4e20-8c77-3c2962f34077;Torment III;lilith;Lilith - Difficulty;Diablo IV;Bosses;0;USD;2026-01-07 18:32:49.875+00;1;unit;0
7d9bcb17-ef59-4e66-b56b-96fc4558ab6f;option;ee6875e6-de41-425c-b899-8b19ba9019b6;ea1f411a-86fb-4cc9-93e2-0b59eac6475e;Friendly - Honored;venture-co-reputation-boost;Venture Co. Reputation Boost - Reputation;War Within;Reputations;12.79;USD;2026-01-07 18:31:54.458+00;1;unit;12.79
16ec2126-ddf2-4528-bc3d-38711a8b16e6;option;78dbfe04-41ff-4c00-a3c3-732c3bcaa4b6;f2e21066-688d-48b1-9a80-5143c09abecc;EU;thunderfury;Thunderfury - Region;20th Anniversary WoW;Gear;0;USD;2026-01-07 18:31:54.805+00;1;unit;0
e1133a2a-3cec-453a-8e33-8c7a775ecc6e;option;9aa65d73-40cc-4eec-a823-ed03c497f9a3;aad88437-6034-43a9-9760-22b2ed228eac;NA;argent-dawn-reputation;Argent Dawn Reputation - Region;20th Anniversary WoW;Reputations;0;USD;2026-01-07 18:31:55.157+00;1;unit;0
85e166ec-603c-4154-92ee-3e63036b33d0;product;444b643e-3637-4fcb-b14c-bd3ff5a6dba0;;;brigands-steed;Brigand’s Steed;Diablo IV;Mounts;0;USD;2026-01-07 14:03:00.747+00;1;unit;0.00000000000000000000
c87ecd23-22de-44ac-ae72-5bd2369b9798;product;0725d1ad-cc34-4b43-922a-91a1f013ab57;;;mop-platinum-challenge-mode;Platinum Challenge Mode;Mists of Pandaria;Challenge Mode;0.8;USD;2026-01-07 14:03:03.805+00;1;unit;0.80000000000000000000
166e1cae-d2c1-4adf-806d-28764c4a14e8;option;d670b5e7-94d0-4125-ac6c-bdf4571aef7e;a20234c7-2e4c-4ba7-970c-2c0a6c36bc76;Revered - Exalted;warsong-gulch-reputation;Warsong Gulch Reputation - Select your Desired Reputation Level;20th Anniversary WoW;Reputations;93.63199999999999;USD;2026-01-07 18:31:55.911+00;1;unit;93.63199999999999
aea02260-d403-4397-a7cc-7e8e4ad169dc;option;da557acb-1717-46f1-ab2e-674389ec3758;9b8c6f7e-15fa-4479-a950-2e7bda4768d8;EU;honor-hold;Honor Hold - Region;WoW: TBC;Reputations;0;USD;2026-01-07 18:31:56.281+00;1;unit;0
c2f4609e-99c9-41bc-aa8c-a5dba39b310f;option;839d5181-03fd-455d-9822-7532ff7d23ab;8213dcb8-2479-467d-9abc-1058b88583d2;EU;zandalar-tribe-reputation;Zandalar Tribe Reputation - Region;20th Anniversary WoW;Reputations;0;USD;2026-01-07 18:31:56.64+00;1;unit;0
f22dc2b0-98dd-48aa-b1a1-64f208b955ab;option;4b6a15b0-4764-431f-8372-6e9f180c4436;e12cec0f-09ac-4e3d-8469-342e8b62d102;Pilot;tier-05-set;Tier 0.5 Set - Boost Mode;20th Anniversary WoW;Gear;0;USD;2026-01-07 18:31:57.012+00;1;unit;0
0093c315-4590-4393-bb8c-49db9736f6e6;option;9d16b707-217a-41d2-973e-285352d21c4d;afb00ff4-083b-4ca6-8936-8a326ed84578;Remote;ashtongue-deathsworn;Ashtongue Deathsworn - Boost Method;WoW: TBC;Reputations;30;USD;2026-01-07 18:31:57.372+00;1;unit;30
4442a857-865f-458d-bd0b-b362de6a2a48;option;7da3a215-5750-4a28-b39d-c2cb9cfa5348;7694668e-436c-4963-b462-4f169568315a;Remote;paladin-epic-mount;Paladin Epic Mount - Boost Mode;20th Anniversary WoW;Mounts;28.5;USD;2026-01-07 18:31:57.725+00;1;unit;28.5
a343412a-6bd5-42af-a791-9323cfde3ca9;option;c133602b-b733-402b-86de-b1360c656c5a;48f3cf73-7e8f-480f-bb5f-f2ad666d7545;NA;nesting-swarmite;Nesting Swarmite - Region;War Within;Mounts;0;USD;2026-01-07 18:31:58.134+00;1;unit;0
248ca40d-101e-476f-b42b-b1de391f5a33;option;625d437c-a421-427d-95fd-d016707b6f1a;997e5bee-d047-4e1e-bcc2-5ef33998fb14;Remote;hydraxian-waterlords-reputation;Hydraxian Waterlords Reputation - Boost Mode;20th Anniversary WoW;Reputations;14.25;USD;2026-01-07 18:31:58.512+00;1;unit;14.25
893a6333-ba48-4ae2-b4c0-931b8e53ef8f;option;12250fc4-5bdc-4045-9374-d69b4fe8b6fa;eacd1f13-4c63-43c6-8eae-5d674f09f7fb;Selfplay;corrupted-ashbringer;Corrupted Ashbringer - Boost Mode;20th Anniversary WoW;Gear;19;USD;2026-01-07 18:31:58.913+00;1;unit;19
e668faea-f096-413c-9aba-58d1ee496cb9;option;cebda02f-f480-4da3-8685-daffab059876;d12ddc5b-1c9d-41eb-b191-bbcbf8eb9367;Eternal;necromancer-builds;Necromancer Builds - Select World - Softcore;Diablo IV;Builds;50;USD;2026-01-07 18:32:41.828+00;1;unit;50
e59d6676-034a-4465-a4f4-dbd684d409f1;option;8641a229-a57e-4df3-b1ed-241abffa89f4;0ea31b09-43b4-4c75-b627-0c2512f66179;1/4 - Greater Affixes;hesha-e-kesungi;Hesha e Kesungi - Greater Affixes;Diablo IV;Items;4.84;USD;2026-01-07 18:32:42.619+00;1;unit;4.84
9979f32d-a6ea-4179-9553-edb660d80026;option;129cb066-df05-4625-a9de-2619472e26a6;4b50f4dc-720e-49a5-8505-46bb953de5a7;EU;the-golden-lotus;The Golden Lotus - Region;Mists of Pandaria;Reputations;0;USD;2026-01-07 18:32:43.004+00;1;unit;0
06725236-c4e2-42d1-9b76-70ebd86f3d70;option;71a0892c-72e4-4acd-9448-9a37c3090166;7fc2ccc5-421c-441f-a373-37b43b465730;PC;bloody-steed-mount;Bloody Steed Mount - Select Your Platform;Diablo IV;Mounts;0;USD;2026-01-07 18:32:43.466+00;1;unit;0
b8d5a0e8-4878-484b-87bd-5d2144d56ca2;option;936a554d-3345-4011-b141-7fea391fe3a7;66421ed4-d02f-4735-a695-72046c57bab0;Flamewrought Key;dungeons-unlock;Dungeons Unlock - Dungeon Keys;WoW: TBC;Attunements;86.9;USD;2026-01-07 18:32:43.853+00;1;unit;86.9
5fe386ef-4efa-465b-ae99-6226920b7cc6;option;a4cbd4fc-09ab-48a2-9b54-5d01b64b999f;39d275ce-336f-413f-9f57-72715d1a8782;Pilot;immortal-spelunker;Immortal Spelunker - Boost Mode;War Within;Delves;0;USD;2026-01-07 18:32:44.623+00;1;unit;0
747da127-ba19-41ab-aff1-41527808eed2;option;4eb1a3da-7a2e-4bff-abdb-40a88090ea52;e488451c-69cb-4746-8b05-939eec8758a4;NA;spawn-of-horridon;Spawn of Horridon - Region;Mists of Pandaria;Mounts;0;USD;2026-01-07 18:32:45.013+00;1;unit;0
0df0d14e-f7ce-4f82-acda-645b03e853c5;option;ba6025ed-7681-4d28-8aa3-06c474fde6c7;5cae863e-672e-421d-abb0-913535dd41f0;Hideout Level 2;eft-hideout-upgrade-boost;Hideout Upgrades  - Hideout Level ;Escape From Tarkov;Leveling;329;USD;2026-01-07 18:32:45.859+00;2;unit;164.5
98e545c3-4167-4349-8afc-67e1511e701f;option;2afcf3ba-cdaf-4f04-af02-5654b99959fd;2495c791-d4f3-4ebb-91e9-4fe5d55ba587;Honored - Revered;the-klaxxi;The Klaxxi - Select Desired Reputation Level;Mists of Pandaria;Reputations;21.12;USD;2026-01-07 18:32:46.279+00;1;unit;21.12
26a7a030-efc6-4d14-9a75-56cb5c4b1e37;option;0725d1ad-cc34-4b43-922a-91a1f013ab57;d57e9a2d-27b5-47d4-9b86-1ee63678ec20;Scarlet Monastery ;mop-platinum-challenge-mode;Platinum Challenge Mode - Dungeons;Mists of Pandaria;Challenge Mode;14;USD;2026-01-07 18:32:47.1+00;1;unit;14
91d04420-acda-4c4a-9baf-0363da9ae9cd;option;9dd3bb46-dfed-46cd-b180-bf9d52fdf206;a4358fa9-8bd5-4dd1-a934-2e4012521383;Pilot;delves-boost;Delves Boost - Boost Mode;War Within;Delves;0;USD;2026-01-07 18:32:47.53+00;1;unit;0
f222e87a-762d-4dc7-ae07-9676f8b2ff27;option;9dd3bb46-dfed-46cd-b180-bf9d52fdf206;37d0abaf-c747-4b08-a8ac-4b72f9fc4e80;Tier 3;delves-boost;Delves Boost - Select Delve Tier;War Within;Delves;1.58;USD;2026-01-07 18:32:47.943+00;3;unit;0.5266666666666667
93fa0bec-0cf7-425c-b980-44649d60c66c;option;9dd3bb46-dfed-46cd-b180-bf9d52fdf206;a2ec44ae-e8c4-4bd5-8a61-4eb5ce47005e;500k Gold;delves-boost;Delves Boost - Buy Together and Save;War Within;Delves;16.15;USD;2026-01-07 18:32:48.335+00;500000;gold;0.0000323
63422cba-dc1a-4821-98c0-6e56ca8ff53b;option;9dd3bb46-dfed-46cd-b180-bf9d52fdf206;7712a575-6eda-4219-b13b-09a039c8dc80;Nightfall Sanctum;delves-boost;Delves Boost - Select Delve;War Within;Delves;0;USD;2026-01-07 18:32:48.734+00;1;unit;0
a9699a34-5f9f-4880-90fb-81b05b656c36;option;35de5914-0bf3-4035-ac09-e3d53bacca41;65601743-dff1-4e41-ad7f-d8ef6d17563d;Remote;the-shado-pan;The Shado-Pan - Boost Mode;Mists of Pandaria;Reputations;15;USD;2026-01-07 18:32:49.12+00;1;unit;15
1309ae4d-e1ba-46e3-be8c-ffd59e76da32;option;97edaff8-0530-4de2-adec-7e1dfed78beb;09d7843e-e47c-4ac4-9ce2-eb9daa44732c;Selfplay;lilith;Lilith - Boost Mode;Diablo IV;Bosses;0;USD;2026-01-07 18:32:49.525+00;1;unit;0
b150d578-1a3c-4da3-99dc-9fe4e05df8f4;option;97edaff8-0530-4de2-adec-7e1dfed78beb;efcd3d9b-e8a1-4e20-8c77-3c2962f34077;Torment IV;lilith;Lilith - Difficulty;Diablo IV;Bosses;5.28;USD;2026-01-07 18:32:49.919+00;1;unit;5.28
7ec5d511-c43d-4404-89ee-a7355cf4ee01;option;f54f6fca-3d74-4288-a4cc-8f17227cb239;23910840-869f-4bb8-be14-55ad520ed241;Pilot;the-shado-pan-assault;The Shado-Pan Assault - Boost Mode;Mists of Pandaria;Reputations;0;USD;2026-01-07 18:32:50.75+00;1;unit;0
52fc974c-b784-4ce9-8d3b-f47feda893b9;option;550da282-b569-42a0-b579-957d0fff7e54;9469d55a-4b0e-48e4-b416-0580076c45b7;Pilot;tempest-keep-attunement;Tempest Keep Attunement - Boost Method;WoW: TBC;Attunements;0;USD;2026-01-07 18:32:51.138+00;1;unit;0
95ef3f24-b62f-4e3b-9a9f-5c3beb20eebc;option;e117e236-a2f2-4f4d-9a58-728c68477982;6842377d-c09b-4df7-9811-b6c7dadd10e6;Pilot;tier-25-set;Tier 2.5 Set - Boost Mode;20th Anniversary WoW;Gear;0;USD;2026-01-07 18:31:53.803+00;1;unit;0
4942bae2-1640-46be-9815-1232c4ca94d2;option;4fc7414f-477a-4395-a5ee-6909b4a1a977;cf38d309-8d5f-475f-ae75-f07426d22d98;Neurtal - Friendly;arathi-basin-reputation;Arathi Basin Reputation - Select Desired Reputation Level;20th Anniversary WoW;Reputations;13.527999999999999;USD;2026-01-07 18:31:54.168+00;1;unit;13.527999999999999
5c845752-56ab-4c78-8847-948650bc2553;option;ee6875e6-de41-425c-b899-8b19ba9019b6;ea1f411a-86fb-4cc9-93e2-0b59eac6475e;Revered - Exalted;venture-co-reputation-boost;Venture Co. Reputation Boost - Reputation;War Within;Reputations;31.23;USD;2026-01-07 18:31:54.53+00;1;unit;31.23
11568016-f4c3-4fb5-8e71-859cd30f80c5;option;d670b5e7-94d0-4125-ac6c-bdf4571aef7e;b6bf5c8a-acce-491d-ba94-f0d2c46359f3;Pilot;warsong-gulch-reputation;Warsong Gulch Reputation - Boost Mode;20th Anniversary WoW;Reputations;0;USD;2026-01-07 18:31:55.632+00;1;unit;0
3036be5e-b86c-4a0c-9c12-d8c0d62c79db;option;b9e72666-f385-422c-b1c9-44d4ea84f633;fe383933-4712-45d7-a09d-d9305fbe6b0b;Pilot;pearlescent-krolusk;Pearlescent Krolusk - Boost Method;War Within;Mounts;0;USD;2026-01-07 18:31:55.989+00;1;unit;0
64060289-3b57-4e73-965d-ca6e8e3dace2;option;da557acb-1717-46f1-ab2e-674389ec3758;c0b28b3c-82c4-4518-8df3-f884286a6553;Neutral - Friendly;honor-hold;Honor Hold - Select Desired Reputation Level;WoW: TBC;Reputations;15;USD;2026-01-07 18:31:56.357+00;1;unit;15
7fd2bea6-4051-4f5c-b16e-af7500193d04;option;9d16b707-217a-41d2-973e-285352d21c4d;e6ebd0fe-75ad-4341-a939-2728c2378238;US;ashtongue-deathsworn;Ashtongue Deathsworn - Region;WoW: TBC;Reputations;0;USD;2026-01-07 18:31:57.45+00;1;unit;0
5630bf94-ee85-4ff9-b280-04c50f05cd72;option;7da3a215-5750-4a28-b39d-c2cb9cfa5348;a112d610-a3aa-4ecc-ae72-0b2975f6123e;NA;paladin-epic-mount;Paladin Epic Mount - Region;20th Anniversary WoW;Mounts;0;USD;2026-01-07 18:31:57.801+00;1;unit;0
938ce5ad-d7b8-4173-a609-0ef3d4b18ca9;option;11c50335-e6b5-4704-b2bb-10663ec598a0;067545fe-d4ab-4a15-8312-1a854b69fe91;Selfplay;glory-of-the-aberrus-raider-boost;Glory of the Aberrus Raider Boost - Boost Mode;War Within;Achievements;0;USD;2026-01-07 18:31:58.225+00;1;unit;0
af724452-97a5-4521-97d9-5b065e0f9952;option;625d437c-a421-427d-95fd-d016707b6f1a;3d2cc87e-5560-4205-a78f-aeeeea94945e;NA;hydraxian-waterlords-reputation;Hydraxian Waterlords Reputation - Region;20th Anniversary WoW;Reputations;0;USD;2026-01-07 18:31:58.604+00;1;unit;0
dcedaa0c-9c50-4856-872d-c20557898561;option;12250fc4-5bdc-4045-9374-d69b4fe8b6fa;97f0be35-85c7-4831-9e60-5ec88719f45e;EU;corrupted-ashbringer;Corrupted Ashbringer - Region;20th Anniversary WoW;Gear;0;USD;2026-01-07 18:31:59.019+00;1;unit;0
43ace28d-9bb0-4920-b46b-b7321746e628;option;5095f11f-8528-4b84-b3d1-f5393e66f7d8;d13ad307-138a-427b-8320-3805881295d3;Remote;delvers-mana-skimmer-mount;Delver’s Mana-Skimmer Mount - Boost Mode;War Within;Delves;12.11;USD;2026-01-07 18:31:59.468+00;1;unit;12.11
2a00235d-0713-45b9-97f5-ded0560ec3dc;option;cebda02f-f480-4da3-8685-daffab059876;e8aa706e-b400-41fb-8b21-261234a63e35;Bone Spirit;necromancer-builds;Necromancer Builds - Select Build;Diablo IV;Builds;0;USD;2026-01-07 18:32:41.872+00;1;unit;0
d2fc19f4-4f6a-46a5-bb5a-41cd7b5c0cd3;option;8641a229-a57e-4df3-b1ed-241abffa89f4;f126b4a4-c964-43d7-ba1f-95755ebc343b;Pilot;hesha-e-kesungi;Hesha e Kesungi - Boost Mode;Diablo IV;Items;0;USD;2026-01-07 18:32:42.263+00;1;unit;0
ac64213b-c490-4efe-9871-a360b64c65dc;option;8641a229-a57e-4df3-b1ed-241abffa89f4;0ea31b09-43b4-4c75-b627-0c2512f66179;2/4 - Greater Affixes;hesha-e-kesungi;Hesha e Kesungi - Greater Affixes;Diablo IV;Items;17.6;USD;2026-01-07 18:32:42.664+00;2;unit;8.8
f8d44ba1-a479-471c-9073-0eb572a43f77;option;129cb066-df05-4625-a9de-2619472e26a6;4b50f4dc-720e-49a5-8505-46bb953de5a7;NA;the-golden-lotus;The Golden Lotus - Region;Mists of Pandaria;Reputations;0;USD;2026-01-07 18:32:43.052+00;1;unit;0
000ff3d3-5670-4731-8baf-ebdc5859cd12;option;71a0892c-72e4-4acd-9448-9a37c3090166;7fc2ccc5-421c-441f-a373-37b43b465730;PSN;bloody-steed-mount;Bloody Steed Mount - Select Your Platform;Diablo IV;Mounts;0;USD;2026-01-07 18:32:43.509+00;1;unit;0
33d3739f-9726-429f-a3ac-a755588f226c;option;936a554d-3345-4011-b141-7fea391fe3a7;66421ed4-d02f-4735-a695-72046c57bab0;Key of Time ;dungeons-unlock;Dungeons Unlock - Dungeon Keys;WoW: TBC;Attunements;86.9;USD;2026-01-07 18:32:43.894+00;1;unit;86.9
da11c3b2-1430-4bac-800f-119d1a54db6b;option;444b643e-3637-4fcb-b14c-bd3ff5a6dba0;774cb888-6636-474c-8b6b-9fd4bac610ee;Pilot;brigands-steed;Brigand’s Steed - Boost Mode;Diablo IV;Mounts;0;USD;2026-01-07 18:32:44.278+00;1;unit;0
9bf63f84-f4e3-447b-b6a7-be7130e1babd;option;a4cbd4fc-09ab-48a2-9b54-5d01b64b999f;39d275ce-336f-413f-9f57-72715d1a8782;Remote;immortal-spelunker;Immortal Spelunker - Boost Mode;War Within;Delves;12.11;USD;2026-01-07 18:32:44.665+00;1;unit;12.11
7b031b8d-17a4-4443-ab7d-37213676a8e5;option;ba6025ed-7681-4d28-8aa3-06c474fde6c7;5cae863e-672e-421d-abb0-913535dd41f0;Hideout Level 3;eft-hideout-upgrade-boost;Hideout Upgrades  - Hideout Level ;Escape From Tarkov;Leveling;859;USD;2026-01-07 18:32:45.922+00;3;unit;286.3333333333333
99d053e6-7d9c-4cf4-9bbe-c2cabad65fe9;option;2afcf3ba-cdaf-4f04-af02-5654b99959fd;2495c791-d4f3-4ebb-91e9-4fe5d55ba587;Revered - Exalted;the-klaxxi;The Klaxxi - Select Desired Reputation Level;Mists of Pandaria;Reputations;51.04;USD;2026-01-07 18:32:46.321+00;1;unit;51.04
fbfc4a41-b05c-451c-aab0-f75e7fda2164;option;0725d1ad-cc34-4b43-922a-91a1f013ab57;71ee37c5-09ec-45fa-b4f7-ba14608dd271;Selfplay;mop-platinum-challenge-mode;Platinum Challenge Mode - Boost Mode;Mists of Pandaria;Challenge Mode;24;USD;2026-01-07 18:32:46.74+00;1;unit;24
f6e6f911-567b-419a-9d74-1bf210e62f4b;option;0725d1ad-cc34-4b43-922a-91a1f013ab57;d57e9a2d-27b5-47d4-9b86-1ee63678ec20;Scholomance ;mop-platinum-challenge-mode;Platinum Challenge Mode - Dungeons;Mists of Pandaria;Challenge Mode;14;USD;2026-01-07 18:32:47.141+00;1;unit;14
060617b4-9444-46bd-9d53-d21f3cd39297;option;9dd3bb46-dfed-46cd-b180-bf9d52fdf206;a4358fa9-8bd5-4dd1-a934-2e4012521383;Remote;delves-boost;Delves Boost - Boost Mode;War Within;Delves;12.11;USD;2026-01-07 18:32:47.594+00;1;unit;12.11
05bca6d1-910a-4444-92cc-cf14e60f339e;option;9dd3bb46-dfed-46cd-b180-bf9d52fdf206;37d0abaf-c747-4b08-a8ac-4b72f9fc4e80;Tier 4;delves-boost;Delves Boost - Select Delve Tier;War Within;Delves;1.91;USD;2026-01-07 18:32:47.99+00;4;unit;0.4775
e9891454-6e60-40dc-992c-cf3eca2f8f8c;option;9dd3bb46-dfed-46cd-b180-bf9d52fdf206;a2ec44ae-e8c4-4bd5-8a61-4eb5ce47005e;70-80 Leveling;delves-boost;Delves Boost - Buy Together and Save;War Within;Delves;9.69;USD;2026-01-07 18:32:48.377+00;70;unit;0.13842857142857143
76393356-f187-4e4f-bff9-842824a53de9;option;9dd3bb46-dfed-46cd-b180-bf9d52fdf206;7712a575-6eda-4219-b13b-09a039c8dc80;The Sinkhole;delves-boost;Delves Boost - Select Delve;War Within;Delves;0;USD;2026-01-07 18:32:48.776+00;1;unit;0
48cba961-37e1-49a9-8e64-b8a786dbea4e;option;35de5914-0bf3-4035-ac09-e3d53bacca41;332add0f-9682-40ce-b852-f4fcd0af8051;EU;the-shado-pan;The Shado-Pan - Region;Mists of Pandaria;Reputations;0;USD;2026-01-07 18:32:49.166+00;1;unit;0
9ff95ec0-67c1-4231-803d-3e9bc9b5b6b6;option;97edaff8-0530-4de2-adec-7e1dfed78beb;73b999a1-9b52-4396-8244-d3143ea336f5;Kill in Party;lilith;Lilith - Select Kill Type;Diablo IV;Bosses;0;USD;2026-01-07 18:32:49.962+00;1;unit;0
6c2c145a-8706-42b7-bf0c-1466685c88a5;option;12bfc26c-8c29-499d-837d-86b2232e5be4;2ae18c8e-abbc-4c32-9b79-b84b8832c743;XBOX;doombringer;Doombringer - Select Your Platform;Diablo IV;Items;0;USD;2026-01-07 18:32:51.631+00;1;unit;0
2b0071d0-73b0-4d31-b7bf-65dfa5399b16;option;1a47330c-1cf4-49c9-878d-be8dd55f4b3f;3a0a15a1-06ee-4693-95ff-1b2429233205;NA;the-anglers;The Anglers - Region;Mists of Pandaria;Reputations;0;USD;2026-01-07 18:32:52.407+00;1;unit;0
8f3e02d7-f5ff-4809-882e-2bf6efe77790;option;e117e236-a2f2-4f4d-9a58-728c68477982;1a285820-83bc-4cbb-b57c-d90f36b5175f;EU;tier-25-set;Tier 2.5 Set - Region;20th Anniversary WoW;Gear;0;USD;2026-01-07 18:31:53.881+00;1;unit;0
9e66461d-c040-4152-ab4c-65ccda56d5a6;option;78dbfe04-41ff-4c00-a3c3-732c3bcaa4b6;4afce98e-57bc-4755-887c-670092ef9558;Full Legendary;thunderfury;Thunderfury - Thunderfury Options:;20th Anniversary WoW;Gear;2508;USD;2026-01-07 18:31:54.609+00;1;unit;2508
dc87ed7a-57ce-4f9e-95a3-6ee7663757df;product;a7354206-406c-4bb2-9ca7-d86ca6b66908;;;delvers-gob-trotter;Delver’s Gob-Trotter;War Within;Delves;4.94;USD;2026-01-07 14:01:56.258+00;1;unit;4.9400000000000000
5409cf10-b742-467c-8f59-e802851200f2;option;9aa65d73-40cc-4eec-a823-ed03c497f9a3;b6865cd9-0433-44ac-9566-b329fe72bd35;Neutral - Friendly;argent-dawn-reputation;Argent Dawn Reputation - Select Desired Reputation Level;20th Anniversary WoW;Reputations;15.845999999999998;USD;2026-01-07 18:31:54.961+00;1;unit;15.845999999999998
1f4e0902-db2b-4591-9b14-762fc4991570;option;d670b5e7-94d0-4125-ac6c-bdf4571aef7e;e332974a-6b2f-4bf6-975d-b5a9d6dae6ab;EU;warsong-gulch-reputation;Warsong Gulch Reputation - Region;20th Anniversary WoW;Reputations;0;USD;2026-01-07 18:31:55.71+00;1;unit;0
6c4f3e2b-6365-4dfc-b910-23d7807aead3;option;b9e72666-f385-422c-b1c9-44d4ea84f633;cf299274-d23f-48db-8614-a86fd5fcebe1;EU;pearlescent-krolusk;Pearlescent Krolusk - Region;War Within;Mounts;0;USD;2026-01-07 18:31:56.07+00;1;unit;0
3ad1cf6d-9761-41bf-8610-4ed000670668;option;da557acb-1717-46f1-ab2e-674389ec3758;c0b28b3c-82c4-4518-8df3-f884286a6553;Honored - Revered;honor-hold;Honor Hold - Select Desired Reputation Level;WoW: TBC;Reputations;39;USD;2026-01-07 18:31:56.442+00;1;unit;39
ce1a5c04-4b8b-468a-af1c-3617a0148c46;option;839d5181-03fd-455d-9822-7532ff7d23ab;e18d66f5-afef-4ffc-932e-b7800e76babf;Honored - Revered;zandalar-tribe-reputation;Zandalar Tribe Reputation - Select Desired Reputation Level;20th Anniversary WoW;Reputations;11.703999999999999;USD;2026-01-07 18:31:56.806+00;1;unit;11.703999999999999
f3d3c571-6f4a-4a71-b562-e2266f2434f2;option;602c3b75-2253-443c-a2f4-7c790c7aa52b;daafa91b-c800-4c4d-89e0-79de402c9657;Remote;incognitro-the-indecipherable-felcycle;Incognitro, the Indecipherable Felcycle - Boost Method;War Within;Mounts;25.5;USD;2026-01-07 18:31:57.172+00;1;unit;25.5
786f43ef-783f-4157-a5f5-2f53534d593a;option;9d16b707-217a-41d2-973e-285352d21c4d;bef37e75-eb42-48f7-80a9-3872b9b2d35c;Friendly - Honored;ashtongue-deathsworn;Ashtongue Deathsworn - Desired Reputation Level;WoW: TBC;Reputations;39;USD;2026-01-07 18:31:57.526+00;1;unit;39
6044f9d5-0d2c-412f-8899-64362d129586;option;7da3a215-5750-4a28-b39d-c2cb9cfa5348;f28c1022-0b6f-4fb1-a663-499d20b84f17;Charger;paladin-epic-mount;Paladin Epic Mount - Paladin Mount Options;20th Anniversary WoW;Mounts;50.12199999999999;USD;2026-01-07 18:31:57.89+00;1;unit;50.12199999999999
0939063e-2aae-4990-897e-4834641b944e;option;11c50335-e6b5-4704-b2bb-10663ec598a0;067545fe-d4ab-4a15-8312-1a854b69fe91;Remote;glory-of-the-aberrus-raider-boost;Glory of the Aberrus Raider Boost - Boost Mode;War Within;Achievements;12.11;USD;2026-01-07 18:31:58.303+00;1;unit;12.11
2867f873-f80f-47e3-97cd-36fb08bbcc82;option;625d437c-a421-427d-95fd-d016707b6f1a;0ed3283f-1419-4646-b979-aeed722a97e0;Friendly - Honored;hydraxian-waterlords-reputation;Hydraxian Waterlords Reputation - Select Desired Reputation Level;20th Anniversary WoW;Reputations;48.07;USD;2026-01-07 18:31:58.689+00;1;unit;48.07
3122eb61-9fac-4c01-84eb-d1f9534d5410;option;5095f11f-8528-4b84-b3d1-f5393e66f7d8;8b219792-a68b-477a-99e7-a272f5206e44;NA;delvers-mana-skimmer-mount;Delver’s Mana-Skimmer Mount - Region;War Within;Delves;0;USD;2026-01-07 18:31:59.544+00;1;unit;0
20450a9e-4b22-4d36-a8b7-393f651a7b60;option;cebda02f-f480-4da3-8685-daffab059876;e8aa706e-b400-41fb-8b21-261234a63e35;Bloodwave;necromancer-builds;Necromancer Builds - Select Build;Diablo IV;Builds;0;USD;2026-01-07 18:32:41.92+00;1;unit;0
a0c5c01b-d998-4e87-a37f-98eb0fd5683a;option;8641a229-a57e-4df3-b1ed-241abffa89f4;f126b4a4-c964-43d7-ba1f-95755ebc343b;Remote;hesha-e-kesungi;Hesha e Kesungi - Boost Mode;Diablo IV;Items;15;USD;2026-01-07 18:32:42.321+00;1;unit;15
945b85a3-5d32-4fee-b3f4-0d1a393c3a8c;option;8641a229-a57e-4df3-b1ed-241abffa89f4;0ea31b09-43b4-4c75-b627-0c2512f66179;3/4 - Greater Affixes;hesha-e-kesungi;Hesha e Kesungi - Greater Affixes;Diablo IV;Items;52.8;USD;2026-01-07 18:32:42.706+00;3;unit;17.599999999999998
9c1b09f9-95c7-4240-b200-1a86843d49f6;option;129cb066-df05-4625-a9de-2619472e26a6;ec92cee6-100e-4033-a36e-6fc2f7775aa0;Neutral - Friendly;the-golden-lotus;The Golden Lotus - Select Desired Reputation Level;Mists of Pandaria;Reputations;5.28;USD;2026-01-07 18:32:43.092+00;1;unit;5.28
01603905-51bb-4012-8333-5756d2eb4e65;option;71a0892c-72e4-4acd-9448-9a37c3090166;7fc2ccc5-421c-441f-a373-37b43b465730;XBOX;bloody-steed-mount;Bloody Steed Mount - Select Your Platform;Diablo IV;Mounts;0;USD;2026-01-07 18:32:43.551+00;1;unit;0
b8ce7c08-8a6c-47a7-9eb3-70a17eaa14eb;option;936a554d-3345-4011-b141-7fea391fe3a7;66421ed4-d02f-4735-a695-72046c57bab0;Reservoir Key;dungeons-unlock;Dungeons Unlock - Dungeon Keys;WoW: TBC;Attunements;86.9;USD;2026-01-07 18:32:43.938+00;1;unit;86.9
91cc4d99-7633-4711-933b-9f4ac9237cec;option;444b643e-3637-4fcb-b14c-bd3ff5a6dba0;774cb888-6636-474c-8b6b-9fd4bac610ee;Remote;brigands-steed;Brigand’s Steed - Boost Mode;Diablo IV;Mounts;15;USD;2026-01-07 18:32:44.321+00;1;unit;15
0f2e1cbf-e829-4265-a770-6e731da235a1;option;a4cbd4fc-09ab-48a2-9b54-5d01b64b999f;5b3dbd09-28e0-42ca-9e43-5eaba03e9453;EU;immortal-spelunker;Immortal Spelunker - Region;War Within;Delves;0;USD;2026-01-07 18:32:44.71+00;1;unit;0
10d2e0fa-704a-4ae2-8677-f6ec4eb41466;option;02d6f9ea-cb93-40bc-a87d-9d2e36fc715e;81f0dade-170c-4bf9-a22f-9e1d99f071b6;Pilot;the-kirin-tor-offensive;The Kirin Tor Offensive - Boost Mode;Mists of Pandaria;Reputations;0;USD;2026-01-07 18:32:45.124+00;1;unit;0
76191b7c-a4f1-4160-b98c-0288045e5e4c;option;2c784d82-ea30-4860-b864-ebd32b90b9b6;2dc4fdb0-484a-4db8-9424-b54c3eddb95d;Pilot;the-cipher-of-damnation;The Cipher of Damnation - Boost Method;WoW: TBC;Attunements;0;USD;2026-01-07 18:32:45.534+00;1;unit;0
aed354e8-be48-4f41-a969-01a52eb5bc5b;option;ba6025ed-7681-4d28-8aa3-06c474fde6c7;825b9437-f5b1-45ce-9efe-8053a64391f6;Normal;eft-hideout-upgrade-boost;Hideout Upgrades  - Delivery Speed;Escape From Tarkov;Leveling;0;USD;2026-01-07 18:32:45.968+00;1;unit;0
9ed8148a-a444-47b3-a54d-fc7a5e694c3a;option;2afcf3ba-cdaf-4f04-af02-5654b99959fd;ca44df21-2ab3-4b1d-9d6b-02146425d6ad;Pilot;the-klaxxi;The Klaxxi - Boost Mode;Mists of Pandaria;Reputations;0;USD;2026-01-07 18:32:46.365+00;1;unit;0
b491a006-10f9-451a-9930-0c10c1226826;option;0725d1ad-cc34-4b43-922a-91a1f013ab57;71ee37c5-09ec-45fa-b4f7-ba14608dd271;Pilot;mop-platinum-challenge-mode;Platinum Challenge Mode - Boost Mode;Mists of Pandaria;Challenge Mode;0;USD;2026-01-07 18:32:46.785+00;1;unit;0
fd41d3da-a83a-4d2b-9862-8002b7298572;option;0725d1ad-cc34-4b43-922a-91a1f013ab57;d57e9a2d-27b5-47d4-9b86-1ee63678ec20;Shado-Pan Monastery ;mop-platinum-challenge-mode;Platinum Challenge Mode - Dungeons;Mists of Pandaria;Challenge Mode;14;USD;2026-01-07 18:32:47.184+00;1;unit;14
a35ebc0f-2cbd-4ddb-827c-4163948d4c9e;option;9dd3bb46-dfed-46cd-b180-bf9d52fdf206;9d54e08f-d3f9-4f73-ba5f-b0d16786ebac;EU;delves-boost;Delves Boost - Region;War Within;Delves;0;USD;2026-01-07 18:32:47.636+00;1;unit;0
791c18c6-6543-454c-b60b-29e0bc0dfd2b;option;9dd3bb46-dfed-46cd-b180-bf9d52fdf206;37d0abaf-c747-4b08-a8ac-4b72f9fc4e80;Tier 5;delves-boost;Delves Boost - Select Delve Tier;War Within;Delves;2.23;USD;2026-01-07 18:32:48.033+00;5;unit;0.446
e215d7f7-9410-469f-a9d6-f56b964d8768;option;f54f6fca-3d74-4288-a4cc-8f17227cb239;23910840-869f-4bb8-be14-55ad520ed241;Remote;the-shado-pan-assault;The Shado-Pan Assault - Boost Mode;Mists of Pandaria;Reputations;15;USD;2026-01-07 18:32:50.793+00;1;unit;15
f85a7d20-4f31-414f-8b94-6e260a2c12e1;option;550da282-b569-42a0-b579-957d0fff7e54;9469d55a-4b0e-48e4-b416-0580076c45b7;Remote;tempest-keep-attunement;Tempest Keep Attunement - Boost Method;WoW: TBC;Attunements;33;USD;2026-01-07 18:32:51.179+00;1;unit;33
004bf3de-558d-4804-b116-67ac6b2b2378;option;12bfc26c-8c29-499d-837d-86b2232e5be4;e2ade8fd-6e74-480c-a918-cebaf67fd550;Seasonal ;doombringer;Doombringer - Select World - Softcore;Diablo IV;Items;0;USD;2026-01-07 18:32:51.684+00;1;unit;0
73665faf-e077-4eec-ad98-6ec2587f15e4;option;4fc7414f-477a-4395-a5ee-6909b4a1a977;037de556-f104-4d46-9e04-a9067ade197c;Pilot;arathi-basin-reputation;Arathi Basin Reputation - Boost Mode;20th Anniversary WoW;Reputations;0;USD;2026-01-07 18:31:54.011+00;1;unit;0
1847930f-d295-47a9-b402-4393da449e22;option;ee6875e6-de41-425c-b899-8b19ba9019b6;94f05837-65e2-4f54-ac96-896a73c2ff04;Pilot;venture-co-reputation-boost;Venture Co. Reputation Boost - Boost Mode;War Within;Reputations;0;USD;2026-01-07 18:31:54.368+00;1;unit;0
db2043dd-e798-437a-bf78-ae716685becf;option;78dbfe04-41ff-4c00-a3c3-732c3bcaa4b6;356b8310-d672-4f6d-9157-e75c36e406e8;Pilot;thunderfury;Thunderfury - Boost Mode;20th Anniversary WoW;Gear;0;USD;2026-01-07 18:31:54.732+00;1;unit;0
7d2a2348-6e08-4bff-80c0-03de6caa5263;product;7da3a215-5750-4a28-b39d-c2cb9cfa5348;;;paladin-epic-mount;Paladin Epic Mount;20th Anniversary WoW;Mounts;0;USD;2026-01-07 14:01:54.697+00;1;unit;0.00000000000000000000
72f1c3ed-aa51-483f-bd2a-3afaf849aad1;option;9aa65d73-40cc-4eec-a823-ed03c497f9a3;b6865cd9-0433-44ac-9566-b329fe72bd35;Revered - Exalted;argent-dawn-reputation;Argent Dawn Reputation - Select Desired Reputation Level;20th Anniversary WoW;Reputations;93.63199999999999;USD;2026-01-07 18:31:55.077+00;1;unit;93.63199999999999
61f7ff71-edd3-4d09-9f19-689d638404e5;product;12250fc4-5bdc-4045-9374-d69b4fe8b6fa;;;corrupted-ashbringer;Corrupted Ashbringer;20th Anniversary WoW;Gear;1078.4;USD;2026-01-07 14:01:55.994+00;1;unit;1078.4000000000000000
1680920b-e561-4ccc-b911-78ab4fae6b14;option;d670b5e7-94d0-4125-ac6c-bdf4571aef7e;a20234c7-2e4c-4ba7-970c-2c0a6c36bc76;Friendly - Honored;warsong-gulch-reputation;Warsong Gulch Reputation - Select your Desired Reputation Level;20th Anniversary WoW;Reputations;26.752;USD;2026-01-07 18:31:55.835+00;1;unit;26.752
df039d6e-8102-406c-ad6a-82f411c808bb;option;da557acb-1717-46f1-ab2e-674389ec3758;82166b1c-e939-4a9d-b3f0-0c0c20ee2028;Pilot;honor-hold;Honor Hold - Boost Method;WoW: TBC;Reputations;0;USD;2026-01-07 18:31:56.202+00;1;unit;0
2986fa32-fd1f-4e0c-bec9-63a0bcc3f8be;option;839d5181-03fd-455d-9822-7532ff7d23ab;497b075f-f8a4-4f4a-9d9c-815275d325d6;Pilot;zandalar-tribe-reputation;Zandalar Tribe Reputation - Boost Mode;20th Anniversary WoW;Reputations;0;USD;2026-01-07 18:31:56.556+00;1;unit;0
6599a1b1-5cf9-4b2a-9510-e958f02a1dc4;option;4b6a15b0-4764-431f-8372-6e9f180c4436;7171f848-e678-43ce-ba55-db9e00c26965;EU;tier-05-set;Tier 0.5 Set - Region;20th Anniversary WoW;Gear;0;USD;2026-01-07 18:31:56.936+00;1;unit;0
b048292a-21a6-4c17-be20-06fef4f3deac;option;c133602b-b733-402b-86de-b1360c656c5a;0430035d-9e03-4082-a417-6b6fbdfd0937;Remote;nesting-swarmite;Nesting Swarmite - Boost Method;War Within;Mounts;25.5;USD;2026-01-07 18:31:58.049+00;1;unit;25.5
b09f8025-1843-4878-b288-08f050d232f0;option;a7354206-406c-4bb2-9ca7-d86ca6b66908;237e6e2e-d33e-4f6f-9050-83918a6f825b;EU;delvers-gob-trotter;Delver’s Gob-Trotter - Region;War Within;Delves;0;USD;2026-01-07 18:31:59.267+00;1;unit;0
81a3215c-d794-4d8e-8dbd-125921e0b234;option;0e6978bc-bb79-4f9f-95f2-1f4b64b75c30;260682ce-8af8-41cf-8e76-47a1d55a1679;Max Renown;vessel-of-hatred-campaign;Vessel of Hatred Campaign - Additional Options;Diablo IV;Leveling;33.88;USD;2026-01-07 18:31:59.627+00;1;unit;33.88
dbcf1c24-fca3-4683-b621-03b59514196f;option;0e6978bc-bb79-4f9f-95f2-1f4b64b75c30;7a407702-a5ba-4634-9f8d-042a34c37d8c;Pilot;vessel-of-hatred-campaign;Vessel of Hatred Campaign - Boost Mode;Diablo IV;Leveling;0;USD;2026-01-07 18:31:59.666+00;1;unit;0
e7a29569-feb4-41a4-a3fd-6dffe42ebe40;option;0e6978bc-bb79-4f9f-95f2-1f4b64b75c30;7a407702-a5ba-4634-9f8d-042a34c37d8c;Remote;vessel-of-hatred-campaign;Vessel of Hatred Campaign - Boost Mode;Diablo IV;Leveling;15;USD;2026-01-07 18:31:59.707+00;1;unit;15
8afc08e0-ab9d-4b60-aa6f-219ff8e2fd90;option;0e6978bc-bb79-4f9f-95f2-1f4b64b75c30;78dcb5a4-759a-42ee-bfc2-4a55de725072;PC;vessel-of-hatred-campaign;Vessel of Hatred Campaign - Select Your Platform;Diablo IV;Leveling;0;USD;2026-01-07 18:31:59.746+00;1;unit;0
6e60591d-c4c8-4b81-8e6c-edf6282b45c9;option;0e6978bc-bb79-4f9f-95f2-1f4b64b75c30;78dcb5a4-759a-42ee-bfc2-4a55de725072;PSN;vessel-of-hatred-campaign;Vessel of Hatred Campaign - Select Your Platform;Diablo IV;Leveling;0;USD;2026-01-07 18:31:59.783+00;1;unit;0
d4b613fa-7fa5-478b-91a9-515a56eb7e8f;option;0e6978bc-bb79-4f9f-95f2-1f4b64b75c30;78dcb5a4-759a-42ee-bfc2-4a55de725072;XBOX;vessel-of-hatred-campaign;Vessel of Hatred Campaign - Select Your Platform;Diablo IV;Leveling;0;USD;2026-01-07 18:31:59.82+00;1;unit;0
5fcf0795-3d08-462b-823d-9e1e90088c5f;option;0e6978bc-bb79-4f9f-95f2-1f4b64b75c30;d3e942ef-6eca-443a-9d13-14cd89ddf1b8;Seasonal;vessel-of-hatred-campaign;Vessel of Hatred Campaign - Select World - Softcore;Diablo IV;Leveling;0;USD;2026-01-07 18:31:59.868+00;1;unit;0
2edcb475-aa66-4e15-8910-8b93500dcd71;option;0e6978bc-bb79-4f9f-95f2-1f4b64b75c30;d3e942ef-6eca-443a-9d13-14cd89ddf1b8;Eternal;vessel-of-hatred-campaign;Vessel of Hatred Campaign - Select World - Softcore;Diablo IV;Leveling;50;USD;2026-01-07 18:31:59.906+00;1;unit;50
ce21020d-4566-4a06-adeb-09877f469e8a;option;e5e103b4-194e-43e6-9f7b-74001bdb9928;daced6dd-fd45-460a-bf5a-0badb153a573;Pilot;shroud-of-false-death;Shroud of False Death - Boost Mode;Diablo IV;Items;0;USD;2026-01-07 18:31:59.987+00;1;unit;0
42cbd799-f651-465b-9f39-6936d8f78328;option;e5e103b4-194e-43e6-9f7b-74001bdb9928;daced6dd-fd45-460a-bf5a-0badb153a573;Remote;shroud-of-false-death;Shroud of False Death - Boost Mode;Diablo IV;Items;0;USD;2026-01-07 18:32:00.024+00;1;unit;0
193bf4ea-36c4-4e6a-9f97-2005d52530d3;option;e5e103b4-194e-43e6-9f7b-74001bdb9928;c6bf28c1-60db-4e78-93f6-d29401a596f1;PC;shroud-of-false-death;Shroud of False Death - Select Your Platform;Diablo IV;Items;0;USD;2026-01-07 18:32:00.066+00;1;unit;0
f17fcded-b296-4d2f-a10e-6ceae240e82b;option;e5e103b4-194e-43e6-9f7b-74001bdb9928;c6bf28c1-60db-4e78-93f6-d29401a596f1;PSN;shroud-of-false-death;Shroud of False Death - Select Your Platform;Diablo IV;Items;0;USD;2026-01-07 18:32:00.104+00;1;unit;0
098dafde-8120-40b6-80e7-0408ec9237b4;option;e5e103b4-194e-43e6-9f7b-74001bdb9928;c6bf28c1-60db-4e78-93f6-d29401a596f1;XBOX;shroud-of-false-death;Shroud of False Death - Select Your Platform;Diablo IV;Items;0;USD;2026-01-07 18:32:00.144+00;1;unit;0
316c56a1-2eef-457b-811d-616661c1455f;option;9dd3bb46-dfed-46cd-b180-bf9d52fdf206;7712a575-6eda-4219-b13b-09a039c8dc80;Archival Assault;delves-boost;Delves Boost - Select Delve;War Within;Delves;0;USD;2026-01-07 18:32:48.419+00;1;unit;0
5787a2df-98b8-4214-9eb5-a95b184b01ac;option;9dd3bb46-dfed-46cd-b180-bf9d52fdf206;7712a575-6eda-4219-b13b-09a039c8dc80;Mycomancer Cavern;delves-boost;Delves Boost - Select Delve;War Within;Delves;0;USD;2026-01-07 18:32:48.822+00;1;unit;0
8b67c147-7d66-4c1f-ae20-fe220bb1e207;option;35de5914-0bf3-4035-ac09-e3d53bacca41;332add0f-9682-40ce-b852-f4fcd0af8051;NA;the-shado-pan;The Shado-Pan - Region;Mists of Pandaria;Reputations;0;USD;2026-01-07 18:32:49.216+00;1;unit;0
4e3c45b8-6223-4760-95a0-f248bec0ae8d;option;97edaff8-0530-4de2-adec-7e1dfed78beb;ae1ae49e-f166-427e-8844-0a12fe067972;PSN;lilith;Lilith - Select Your Platform;Diablo IV;Bosses;0;USD;2026-01-07 18:32:49.609+00;1;unit;0
77079884-7830-48b0-aafa-961855142d70;option;97edaff8-0530-4de2-adec-7e1dfed78beb;73b999a1-9b52-4396-8244-d3143ea336f5;Solo Kill;lilith;Lilith - Select Kill Type;Diablo IV;Bosses;6.6;USD;2026-01-07 18:32:50.014+00;1;unit;6.6
d424bcdf-2dd6-4b6f-9d79-4f35babce393;option;f54f6fca-3d74-4288-a4cc-8f17227cb239;806dbb12-a34b-4a95-84f6-163d6709ea41;EU;the-shado-pan-assault;The Shado-Pan Assault - Region;Mists of Pandaria;Reputations;0;USD;2026-01-07 18:32:50.836+00;1;unit;0
c9aa8e01-493a-439d-afae-61b079b27b6d;option;550da282-b569-42a0-b579-957d0fff7e54;afe5a363-24a5-48ea-8c2c-55cd2b75b151;EU;tempest-keep-attunement;Tempest Keep Attunement - Region;WoW: TBC;Attunements;0;USD;2026-01-07 18:32:51.241+00;1;unit;0
b5c6b3ce-62a5-4442-89df-d2061c1141b0;option;12bfc26c-8c29-499d-837d-86b2232e5be4;e2ade8fd-6e74-480c-a918-cebaf67fd550;Eternal;doombringer;Doombringer - Select World - Softcore;Diablo IV;Items;50;USD;2026-01-07 18:32:51.732+00;1;unit;50
b3d60759-c816-4b35-9318-146523cc559a;option;e5e103b4-194e-43e6-9f7b-74001bdb9928;ec15d684-f528-44c1-a755-e3ecede28cbd;Eternal;shroud-of-false-death;Shroud of False Death - Select World - Softcore;Diablo IV;Items;50;USD;2026-01-07 18:32:00.225+00;1;unit;50
8f650ef8-d953-4d4f-912d-85085dcfeb39;option;dbe52b9e-9820-4068-8c15-1a0bf89b01c3;5026f6d1-879a-412f-a8ab-ff4f75e0426d;Pilot;blackwater-cartel-reputation-boost;Blackwater Cartel Reputation Boost - Boost Mode;War Within;Reputations;0;USD;2026-01-07 18:32:00.302+00;1;unit;0
7494bc59-486d-4535-b169-07aa18d05efa;option;dbe52b9e-9820-4068-8c15-1a0bf89b01c3;5026f6d1-879a-412f-a8ab-ff4f75e0426d;Remote;blackwater-cartel-reputation-boost;Blackwater Cartel Reputation Boost - Boost Mode;War Within;Reputations;12.11;USD;2026-01-07 18:32:00.362+00;1;unit;12.11
b8cc6cb3-d3bc-4f48-82ff-0fd4b6596fec;product;2d246a3b-4d8e-4789-92d6-384d15904dec;;;darkfuse-solutions-reputation-boost;Darkfuse Solutions Reputation Boost;War Within;Reputations;0.81;USD;2026-01-07 14:01:58.2+00;1;unit;0.81000000000000000000
9929bcdd-a979-4795-9b7d-c2904e580c17;product;67b40cc2-a507-4375-88b1-7d0eba73e3ed;;;rogue-builds;Rogue Builds;Diablo IV;Builds;0;USD;2026-01-07 14:02:03.281+00;1;unit;0.00000000000000000000
d8f172a5-74a3-498f-9a3d-591f0b793a55;option;dbe52b9e-9820-4068-8c15-1a0bf89b01c3;ee7f7a43-8867-483a-86d5-75a27cb6d1d1;Friendly - Honored;blackwater-cartel-reputation-boost;Blackwater Cartel Reputation Boost - Reputation;War Within;Reputations;12.79;USD;2026-01-07 18:32:00.403+00;1;unit;12.79
f5d71e4d-cc93-45f5-8614-cf90952055d1;option;dbe52b9e-9820-4068-8c15-1a0bf89b01c3;ee7f7a43-8867-483a-86d5-75a27cb6d1d1;Honored - Revered;blackwater-cartel-reputation-boost;Blackwater Cartel Reputation Boost - Reputation;War Within;Reputations;18.48;USD;2026-01-07 18:32:00.442+00;1;unit;18.48
d087e3f6-3cf0-4b22-8494-645280b4f078;option;dbe52b9e-9820-4068-8c15-1a0bf89b01c3;ee7f7a43-8867-483a-86d5-75a27cb6d1d1;Revered - Exalted;blackwater-cartel-reputation-boost;Blackwater Cartel Reputation Boost - Reputation;War Within;Reputations;31.27;USD;2026-01-07 18:32:00.486+00;1;unit;31.27
ec5696f7-59a4-4027-9c64-f2e16976ee6a;option;2e71414d-d885-412d-8f8f-b72b3c8d3957;d8235c91-0ea3-43c8-9900-99ff7e60782f;Pilot;tier-2-set;Tier 2 Set - Boost Mode;20th Anniversary WoW;Gear;0;USD;2026-01-07 18:32:00.564+00;1;unit;0
487b1716-0452-4ee6-9213-033813de08db;option;2e71414d-d885-412d-8f8f-b72b3c8d3957;d8235c91-0ea3-43c8-9900-99ff7e60782f;Selfplay;tier-2-set;Tier 2 Set - Boost Mode;20th Anniversary WoW;Gear;19;USD;2026-01-07 18:32:00.601+00;1;unit;19
996f20fd-b4bb-421b-a9e0-8b4cbab191b7;option;2e71414d-d885-412d-8f8f-b72b3c8d3957;f81823a9-4fe2-4438-89ed-5596b3b9be17;EU;tier-2-set;Tier 2 Set - Region;20th Anniversary WoW;Gear;0;USD;2026-01-07 18:32:00.642+00;1;unit;0
ca884255-63b9-46c4-b4ea-426464e900e4;option;b0d61777-45cd-4eae-90c7-bf70b4c04278;0d81c0ab-0a25-4d11-bf32-a886c81f33b3;Remote;diadem-of-the-ancient;Diadem of the Ancient - Boost Mode;Diablo IV;Cosmetics;15;USD;2026-01-07 18:32:01.096+00;1;unit;15
1297eb72-229d-477d-b4a2-d1b24a8718f3;option;ecaa627a-7887-4a43-98c8-c24e21c74498;bcd452ed-469c-4db4-9171-424d812135ec;PC;trappers-steed;Trapper’s Steed - Select Your Platform;Diablo IV;Mounts;0;USD;2026-01-07 18:32:01.506+00;1;unit;0
f32f6a07-0fc8-4298-acc3-346c8c278ea8;option;601e7f90-15ba-4fa0-842b-64615e995892;b9496a1c-c80e-4a2f-9396-98c49ea32867;NA;thorium-brotherhood-reputation;Thorium Brotherhood Reputation - Region;20th Anniversary WoW;Reputations;0;USD;2026-01-07 18:32:01.913+00;1;unit;0
44cd5002-b6af-4db4-bd07-b3a9f1b81e07;option;3c97b9ad-b8c8-4eda-80ec-ef44877d923f;d90dd8d7-454a-493a-9ab6-6ef6550ffda4;PSN;buckskin-bay-steed;Buckskin Bay Steed - Select Your Platform;Diablo IV;Mounts;0;USD;2026-01-07 18:32:02.276+00;1;unit;0
7979e327-c9fc-4328-ac31-856f8740d98c;option;006c20cd-0aa1-4429-bae9-974f3c5e4a61;031d8d6f-a699-4737-a9b5-667361bd6679;XBOX;dustback-steed;Dustback Steed - Select Your Platform;Diablo IV;Mounts;0;USD;2026-01-07 18:32:02.667+00;1;unit;0
7ec4e8ae-d2ff-435d-8071-54717ba71e0d;option;1590e3c0-c5d9-4cb5-8e67-42eb06a74f54;213574c9-0fd0-4730-ac3e-2ce8e934f13d;Friendly - Honored;timbermaw-hold-reputation;Timbermaw Hold Reputation - Select Desired Reputation Level;20th Anniversary WoW;Reputations;26.752;USD;2026-01-07 18:32:03.041+00;1;unit;26.752
51413e6f-96a8-49f6-a350-d0aceb9fc2dc;option;5ad040b5-69fc-4fbd-923f-6a2bfb0cd6e2;46abf0f0-fe65-4b41-8e60-e49fa8945a44;Seasonal - Softcore;brimstone-mount;Brimstone Mount - Select World;Diablo IV;Mounts;66;USD;2026-01-07 18:32:03.416+00;1;unit;66
fae91713-93ff-4c2b-8dbb-370524ba168f;option;ce498e92-cf8d-4029-915a-12b05073e14c;8c70733e-b3d5-4d4a-9fd3-c69fc3a73c3d;Selfplay;manaforge-omega-heroic-lootshare;Manaforge Omega Heroic Lootshare - Boost Method;War Within;Raids;0;USD;2026-01-07 18:32:03.796+00;1;unit;0
b0085bfd-7a77-48c9-9c0d-bdaf400ca12c;option;67b40cc2-a507-4375-88b1-7d0eba73e3ed;8501645a-90ae-4104-a291-28d523bb8728;Dance of Knives;rogue-builds;Rogue Builds - Select Build;Diablo IV;Builds;0;USD;2026-01-07 18:32:04.509+00;1;unit;0
d7c818f1-28c4-41f6-976c-3f6848b53304;option;2632b6f8-a8fb-4232-87fa-c5a44372d150;7ffe2a81-c868-4c71-a3c3-d66b5b327785;Remote;elite-pvp-set;Elite PvP Set - Boost Mode;Mists of Pandaria;PvP;15;USD;2026-01-07 18:32:04.882+00;1;unit;15
028bd388-006a-4e65-85f0-3ae0f2ddca10;option;3df88a4e-282d-4fc6-90ca-60f8ebb2dad1;e21222be-3b64-4e23-9f7f-a0138471bb74;XBOX;skull-torch;Skull Torch - Select Your Platform;Diablo IV;Cosmetics;0;USD;2026-01-07 18:32:05.467+00;1;unit;0
6d6ac82d-a934-4f54-a9dd-01603fd15c3a;option;5205ce60-5f11-4af8-a652-ea3f8c717a88;72d0b7ba-be6f-42ea-977e-5ec5dd21f140;Pilot;operation-shieldwall;Operation: Shieldwall - Boost Mode;Mists of Pandaria;Reputations;0;USD;2026-01-07 18:32:05.859+00;1;unit;0
a4053702-2c48-4095-a9f0-dfec9f77b86e;option;e0c73ec2-09d5-46f9-8d6a-f1560c863d15;5a6198a0-9a96-4e73-acc7-9fcecec66ee8;Full priority loot run;mogushan-vaults;Mogu’shan Vaults - Loot Option;Mists of Pandaria;Raids;359.96;USD;2026-01-07 18:32:06.588+00;1;unit;359.96
6ad523f8-6f8a-4631-a3c5-c9d11ee19c2b;option;8cf3ff9d-97a0-4c50-91b2-ebb8ab71790f;22576805-736d-483e-bfe2-87886e3eca88;PSN;d4-paladin-build-season-11;Paladin Builds - Select Your Platform;Diablo IV;Builds;0;USD;2026-01-07 18:32:06.83+00;1;unit;0
553ecbb2-a6d7-4520-9e8b-b55c48e98b88;option;8cf3ff9d-97a0-4c50-91b2-ebb8ab71790f;22576805-736d-483e-bfe2-87886e3eca88;XBOX;d4-paladin-build-season-11;Paladin Builds - Select Your Platform;Diablo IV;Builds;0;USD;2026-01-07 18:32:06.869+00;1;unit;0
99f0893f-bbb2-4f85-a3f0-2fa996e6bcd9;option;8cf3ff9d-97a0-4c50-91b2-ebb8ab71790f;4ac1ebd7-6965-48c7-8457-e8284f9d9343;Mythic;d4-paladin-build-season-11;Paladin Builds - Select Build Level;Diablo IV;Builds;399;USD;2026-01-07 18:32:07.112+00;1;unit;399
c84d52c9-06d7-4177-97d5-ac981f1d4a0d;option;ec2e5c1a-9d25-4b1d-a09c-ea500c07353f;f49026d4-c7af-4c9d-858b-264c994acebf;2+ Items loot run;terrace-of-endless-spring;Terrace of Endless Spring - Loot Option;Mists of Pandaria;Raids;279.96;USD;2026-01-07 18:32:08.283+00;2;unit;139.98
74bcb180-774f-434b-bbbe-f0224b03b256;option;affd735f-ebd8-4445-b00c-9bea7b43317b;45899bef-2d7f-4094-85da-f1e0f847ed44;NA;glorious-tyranny-achievement;Glorious Tyranny Achievement - Region;Mists of Pandaria;Achievements;0;USD;2026-01-07 18:32:08.653+00;1;unit;0
b1cb3fae-bd27-4456-827a-e23cf4e2eb66;option;f8bb0ea7-9c25-4f3e-a179-a5f66e26a113;5ca5f01d-3d3d-4bc1-a783-78be58451ad5;AK4D;battlefield-6-weapon-unlock-boost;Battlefield 6 Weapon Unlock Boost  - Assault Rifle;Battlefield 6;Leveling;75;USD;2026-01-07 18:32:09.058+00;4;d;18.75
e696c807-a947-4d93-ab7b-ab75a7f5b9e1;option;f8bb0ea7-9c25-4f3e-a179-a5f66e26a113;896b236b-d867-4ac6-bd91-29a90f37fe8d;PRKM;battlefield-6-weapon-unlock-boost;Battlefield 6 Weapon Unlock Boost  - Lmg;Battlefield 6;Leveling;61;USD;2026-01-07 18:32:09.798+00;1;unit;61
c63ad223-8c40-4659-9476-5e1e9d52d9fc;option;f8bb0ea7-9c25-4f3e-a179-a5f66e26a113;42691495-a962-4e6c-87a7-7dcb5fdb1a52;QBZ-192;battlefield-6-weapon-unlock-boost;Battlefield 6 Weapon Unlock Boost  - Carbine;Battlefield 6;Leveling;11;USD;2026-01-07 18:32:10.171+00;192;unit;0.057291666666666664
fda2eb36-0966-4259-b074-e2a64542478b;product;150453b7-d604-4dd4-ad79-73186e2307cc;;;the-bone-freezer-mount;The Bone Freezer Mount;War Within;Mounts;33.15;USD;2026-01-07 14:02:13.897+00;1;unit;33.1500000000000000
1a1816f3-5c27-4dcd-aa07-f00ecc0559cc;option;b0d61777-45cd-4eae-90c7-bf70b4c04278;34e88491-6c32-4a4e-9176-07d6945756ce;PC;diadem-of-the-ancient;Diadem of the Ancient - Select Your Platform;Diablo IV;Cosmetics;0;USD;2026-01-07 18:32:01.144+00;1;unit;0
a767bcf0-32b5-4c93-98a9-22ad2227757a;option;ecaa627a-7887-4a43-98c8-c24e21c74498;bcd452ed-469c-4db4-9171-424d812135ec;PSN;trappers-steed;Trapper’s Steed - Select Your Platform;Diablo IV;Mounts;0;USD;2026-01-07 18:32:01.545+00;1;unit;0
ce697a12-2626-4d9e-8933-1d897c687156;option;3c97b9ad-b8c8-4eda-80ec-ef44877d923f;d90dd8d7-454a-493a-9ab6-6ef6550ffda4;XBOX;buckskin-bay-steed;Buckskin Bay Steed - Select Your Platform;Diablo IV;Mounts;0;USD;2026-01-07 18:32:02.315+00;1;unit;0
13836bb1-4621-4613-acca-b4d194f8972d;option;006c20cd-0aa1-4429-bae9-974f3c5e4a61;27256eb8-3ded-428f-9a73-559003502afd;Seasonal - Softcore;dustback-steed;Dustback Steed - Select World;Diablo IV;Mounts;26.36;USD;2026-01-07 18:32:02.705+00;1;unit;26.36
1b50de8f-56e8-4202-94b6-708aba93161f;option;1590e3c0-c5d9-4cb5-8e67-42eb06a74f54;213574c9-0fd0-4730-ac3e-2ce8e934f13d;Honored - Revered;timbermaw-hold-reputation;Timbermaw Hold Reputation - Select Desired Reputation Level;20th Anniversary WoW;Reputations;53.504;USD;2026-01-07 18:32:03.081+00;1;unit;53.504
085d82bf-b44e-4f25-8e7c-f82aa01e3501;option;5ad040b5-69fc-4fbd-923f-6a2bfb0cd6e2;46abf0f0-fe65-4b41-8e60-e49fa8945a44;Eternal - Softcore;brimstone-mount;Brimstone Mount - Select World;Diablo IV;Mounts;99;USD;2026-01-07 18:32:03.454+00;1;unit;99
7b57464d-0728-4250-875c-278e830c5c50;option;ce498e92-cf8d-4029-915a-12b05073e14c;8c70733e-b3d5-4d4a-9fd3-c69fc3a73c3d;Pilot;manaforge-omega-heroic-lootshare;Manaforge Omega Heroic Lootshare - Boost Method;War Within;Raids;0;USD;2026-01-07 18:32:03.838+00;1;unit;0
f7d9ea42-ef39-4353-a3f6-910a5fc9d1e1;option;67b40cc2-a507-4375-88b1-7d0eba73e3ed;fb1251a3-57ed-46ca-89a4-bfe5e3b2d147;Pilot;rogue-builds;Rogue Builds - Boost Mode;Diablo IV;Builds;0;USD;2026-01-07 18:32:04.191+00;1;unit;0
7ceafba4-9982-4eb6-a30f-1953e07cc21e;option;67b40cc2-a507-4375-88b1-7d0eba73e3ed;8501645a-90ae-4104-a291-28d523bb8728;Heartseeker;rogue-builds;Rogue Builds - Select Build;Diablo IV;Builds;0;USD;2026-01-07 18:32:04.548+00;1;unit;0
8cce8fa5-fde6-405e-a4b1-30e8d2cd3f55;option;2632b6f8-a8fb-4232-87fa-c5a44372d150;5169a6a8-4a1c-4b6a-ac36-ca79232a8ba6;EU;elite-pvp-set;Elite PvP Set - Region;Mists of Pandaria;PvP;0;USD;2026-01-07 18:32:04.922+00;1;unit;0
736a99a1-53e3-4122-b2fb-2440ad3c05cc;option;5205ce60-5f11-4af8-a652-ea3f8c717a88;999c3cb7-ed03-428a-8343-ab6b85e28308;NA;operation-shieldwall;Operation: Shieldwall - Region;Mists of Pandaria;Reputations;0;USD;2026-01-07 18:32:05.979+00;1;unit;0
429e2008-a016-4456-ba64-73baed0a3d3d;option;e0c73ec2-09d5-46f9-8d6a-f1560c863d15;1fe2d5ca-1db8-44e6-8329-4d59cbd3d442;Selfplay;mogushan-vaults;Mogu’shan Vaults - Boost Mode;Mists of Pandaria;Raids;0;USD;2026-01-07 18:32:06.355+00;1;unit;0
66b110af-50cb-4946-8df3-a60616a3f453;option;8cf3ff9d-97a0-4c50-91b2-ebb8ab71790f;bdd874b7-ebc0-4751-bddd-6ab1226fbdfa;Seasonal;d4-paladin-build-season-11;Paladin Builds - Select World - Softcore;Diablo IV;Builds;0;USD;2026-01-07 18:32:06.908+00;1;unit;0
9caf1c92-de09-40d9-ba35-c41d4391bdb5;option;91f7fc88-3b7b-4802-9446-f9230a8b4a61;cb06ecd6-28ed-4e85-b8bd-aaf59fa3cc23;Dread Haste Makes Dread Waste;loremaster-of-pandaria-achievement;Loremaster of Pandaria Achievement - Choose Desired Achievements;Mists of Pandaria;Achievements;17.56;USD;2026-01-07 18:32:07.939+00;1;unit;17.56
d77a406c-17d5-4116-8365-8fbb14d1ceb5;option;ec2e5c1a-9d25-4b1d-a09c-ea500c07353f;f49026d4-c7af-4c9d-858b-264c994acebf;3+ Items loot run;terrace-of-endless-spring;Terrace of Endless Spring - Loot Option;Mists of Pandaria;Raids;319.96;USD;2026-01-07 18:32:08.324+00;3;unit;106.65333333333332
1a92df5a-3e63-4094-ac88-0ebd94918bc7;option;affd735f-ebd8-4445-b00c-9bea7b43317b;17db6b84-c56d-4a5d-a047-9b538b3193f4;Pilot;glorious-tyranny-achievement;Glorious Tyranny Achievement - Boost Mode;Mists of Pandaria;Achievements;0;USD;2026-01-07 18:32:08.702+00;1;unit;0
c6828890-aa81-4999-8997-bf43571595f0;option;f8bb0ea7-9c25-4f3e-a179-a5f66e26a113;5ca5f01d-3d3d-4bc1-a783-78be58451ad5;TR-7;battlefield-6-weapon-unlock-boost;Battlefield 6 Weapon Unlock Boost  - Assault Rifle;Battlefield 6;Leveling;119;USD;2026-01-07 18:32:09.098+00;7;unit;17
10be4c61-f3f8-4e74-b6ca-33cd91431b14;option;f8bb0ea7-9c25-4f3e-a179-a5f66e26a113;bfbdb0f4-5422-4b22-b0cb-ed9b760badc4;KV9;battlefield-6-weapon-unlock-boost;Battlefield 6 Weapon Unlock Boost  - SMG;Battlefield 6;Leveling;106;USD;2026-01-07 18:32:09.462+00;9;unit;11.777777777777779
bc6183d7-0161-40fc-ba9d-8cca7409be7c;option;f8bb0ea7-9c25-4f3e-a179-a5f66e26a113;896b236b-d867-4ac6-bd91-29a90f37fe8d;M123K;battlefield-6-weapon-unlock-boost;Battlefield 6 Weapon Unlock Boost  - Lmg;Battlefield 6;Leveling;85;USD;2026-01-07 18:32:09.835+00;123000;unit;0.0006910569105691057
af5fc91d-a8fa-4863-a946-79ee9ef43d17;option;f8bb0ea7-9c25-4f3e-a179-a5f66e26a113;42691495-a962-4e6c-87a7-7dcb5fdb1a52;SG 553R;battlefield-6-weapon-unlock-boost;Battlefield 6 Weapon Unlock Boost  - Carbine;Battlefield 6;Leveling;29;USD;2026-01-07 18:32:10.207+00;553;r;0.05244122965641953
2aa4e3c2-d9a6-4bce-9b09-43f41eb5303e;option;f8b2faa3-8595-46a2-885c-483c2a74211b;3091ec48-6684-4e4b-87a1-ecd9004a5a6a;Torment I;difficulty-unlock;Difficulty Unlock - Select Difficulties;Diablo IV;Leveling;1.1;USD;2026-01-07 18:32:10.948+00;1;unit;1.1
433449c5-8a49-4a1c-8183-b34f092e85cf;option;fdbc4ed9-b7f0-44b9-9a48-71479be09ca3;117847e8-da3b-4428-bf25-0362466a8636;XBOX;spotted-shalecoat-steed;Spotted Shalecoat Steed - Select Your Platform;Diablo IV;Mounts;0;USD;2026-01-07 18:32:11.317+00;1;unit;0
42e8a1b9-8d69-4b8d-90a1-7e565860c9c9;option;77db7c27-b639-4ae3-bb4d-d692ba2ade14;9282f1b8-fb3d-471a-9416-062ba6ab2485;Remote;glory-of-the-pandaria-raider-boost;Glory of the Pandaria Raider Boost - Boost Mode;War Within;Achievements;0;USD;2026-01-07 18:32:11.687+00;1;unit;0
c1f936c3-aa1d-4565-bca6-8566bdc9d6e6;option;12b43851-c09f-4767-913a-851984a2e5d1;089d3fc4-4d58-4270-8116-b7e93f2fa0bf;PSN;pale-steed;Pale Steed - Select Your Platform;Diablo IV;Mounts;0;USD;2026-01-07 18:32:12.08+00;1;unit;0
cd0f3918-657d-4311-b96f-75caedc8664c;option;0ebcb560-f1dc-4ae6-ab70-cfd69f43b46f;ff2e73e6-ebde-4f05-b31a-6791b3066035;XBOX;caldeum-steed;Caldeum Steed - Select Your Platform;Diablo IV;Mounts;0;USD;2026-01-07 18:32:12.456+00;1;unit;0
22b2c13c-a256-4fa5-a60a-853dcdc6699d;option;f373e46b-439f-4612-b949-db5ee37fbbd3;3e50d9d6-97a5-4101-83ed-167b1c148612;Gladiator Title;glorious-tyranny;Glorious Tyranny - Additional Options;Mists of Pandaria;Gear;2024;USD;2026-01-07 18:32:12.833+00;1;unit;2024
05444699-2c78-49e9-bb73-a3640b3f34f8;option;3459e362-5cfd-4607-89a7-15b8329bfb36;1eefab73-01eb-4ddd-a518-c4fdb2b009a7;NA;vicious-void-creeper;Vicious Void Creeper - Region;War Within;Mounts;0;USD;2026-01-07 18:32:13.26+00;1;unit;0
498d4486-efe5-46fd-96fd-345355e02679;option;7e7fb27d-27e9-4e93-bfef-dc89a31babf5;77b302c2-9215-4b05-b32f-eebc3c56e5dd;EU;glory-of-the-ulduar-raider-boost;Glory of the Ulduar Raider Boost - Region;War Within;Achievements;0;USD;2026-01-07 18:32:14.014+00;1;unit;0
9c388300-4540-4ac9-adef-7ca5371dac3d;option;eb13d0c2-7165-42bb-96b9-feab8c0d92f9;4b5a58b3-da6e-4a57-8249-bf7590e68407;Eternal - Softcore;blood-bay-steed;Blood Bay Steed - Select World;Diablo IV;Mounts;39.53;USD;2026-01-07 18:32:14.416+00;1;unit;39.53
2397646e-6ab2-4cb8-8f9a-ba006b7c72b8;option;96d1bf21-faa1-49bc-82a4-961746875bde;209fb04c-378f-4d06-8e60-36842bceeaab;EU;emperor-shaohao;Emperor Shaohao  - Region;Mists of Pandaria;Reputations;0;USD;2026-01-07 18:32:14.832+00;1;unit;0
405e58d9-4743-459f-8225-d4a75e684e4e;option;e1d90154-c93d-48b1-9a90-817bd82de73c;eae8a77e-b978-4f62-abbe-268e7b5876be;Xbox;battlefield-6-challenges-assignments-completion-boost;Battlefield 6 Challenges & Assignments Completion Boost  - Platform;Battlefield 6;Leveling;0;USD;2026-01-07 18:32:15.223+00;1;unit;0
1db0efb1-f7f1-4ae7-b378-a6a0d970b147;option;e1d90154-c93d-48b1-9a90-817bd82de73c;8463fa5f-8430-4530-834c-ed01f7c26daf;Engineer Challenge 1;battlefield-6-challenges-assignments-completion-boost;Battlefield 6 Challenges & Assignments Completion Boost  - Assignments ( Class );Battlefield 6;Leveling;8;USD;2026-01-07 18:32:15.645+00;1;unit;8
fddf27bc-aacc-47e2-b018-03524589e234;option;e1d90154-c93d-48b1-9a90-817bd82de73c;8463fa5f-8430-4530-834c-ed01f7c26daf;Support Specialist Challenge 1;battlefield-6-challenges-assignments-completion-boost;Battlefield 6 Challenges & Assignments Completion Boost  - Assignments ( Class );Battlefield 6;Leveling;71;USD;2026-01-07 18:32:16.029+00;1;unit;71
8bc5f1d5-7267-4cb9-a94d-34ec28c8436b;product;77db7c27-b639-4ae3-bb4d-d692ba2ade14;;;glory-of-the-pandaria-raider-boost;Glory of the Pandaria Raider Boost;War Within;Achievements;12.04;USD;2026-01-07 14:02:11.468+00;1;unit;12.0400000000000000
e3b2c0bf-e278-4dba-a7c3-b8a76cf9e6c5;product;f373e46b-439f-4612-b949-db5ee37fbbd3;;;glorious-tyranny;Glorious Tyranny;Mists of Pandaria;Gear;359.88;USD;2026-01-07 14:02:12.766+00;1;unit;359.8800000000000000
14708124-0c8e-435e-b023-6811139063a6;option;b0d61777-45cd-4eae-90c7-bf70b4c04278;34e88491-6c32-4a4e-9176-07d6945756ce;PSN;diadem-of-the-ancient;Diadem of the Ancient - Select Your Platform;Diablo IV;Cosmetics;0;USD;2026-01-07 18:32:01.2+00;1;unit;0
b6c085aa-9275-45da-ab30-d33c2576c9f8;option;ecaa627a-7887-4a43-98c8-c24e21c74498;bcd452ed-469c-4db4-9171-424d812135ec;XBOX;trappers-steed;Trapper’s Steed - Select Your Platform;Diablo IV;Mounts;0;USD;2026-01-07 18:32:01.585+00;1;unit;0
98896dd7-c4a8-46b3-b7d1-76a6f130b21d;option;601e7f90-15ba-4fa0-842b-64615e995892;53b4324d-118a-4aa5-8984-ba230fbbde41;Friendly - Honored;thorium-brotherhood-reputation;Thorium Brotherhood Reputation - Select Desired Reputation Level;20th Anniversary WoW;Reputations;25.08;USD;2026-01-07 18:32:01.994+00;1;unit;25.08
c2736b99-61de-484b-9c15-0d171d70c843;option;3c97b9ad-b8c8-4eda-80ec-ef44877d923f;40f7c933-f1a2-4c08-a4c2-fb731b4c4424;Seasonal - Softcore;buckskin-bay-steed;Buckskin Bay Steed - Select World;Diablo IV;Mounts;26.36;USD;2026-01-07 18:32:02.368+00;1;unit;26.36
c6f33d55-2c7e-4008-b98e-e452dfae81a3;option;006c20cd-0aa1-4429-bae9-974f3c5e4a61;27256eb8-3ded-428f-9a73-559003502afd;Eternal - Softcore;dustback-steed;Dustback Steed - Select World;Diablo IV;Mounts;39.53;USD;2026-01-07 18:32:02.745+00;1;unit;39.53
f857ac37-ad07-43d2-832d-acf4a33f75d6;option;1590e3c0-c5d9-4cb5-8e67-42eb06a74f54;213574c9-0fd0-4730-ac3e-2ce8e934f13d;Revered - Exalted;timbermaw-hold-reputation;Timbermaw Hold Reputation - Select Desired Reputation Level;20th Anniversary WoW;Reputations;93.63199999999999;USD;2026-01-07 18:32:03.12+00;1;unit;93.63199999999999
4655935f-1c29-4111-b575-d5634ecbaf0f;option;ce498e92-cf8d-4029-915a-12b05073e14c;8c70733e-b3d5-4d4a-9fd3-c69fc3a73c3d;Remote;manaforge-omega-heroic-lootshare;Manaforge Omega Heroic Lootshare - Boost Method;War Within;Raids;10.19;USD;2026-01-07 18:32:03.874+00;1;unit;10.19
a206b32a-a298-4aff-ae4e-c98cd5841b61;option;67b40cc2-a507-4375-88b1-7d0eba73e3ed;fb1251a3-57ed-46ca-89a4-bfe5e3b2d147;Remote;rogue-builds;Rogue Builds - Boost Mode;Diablo IV;Builds;15;USD;2026-01-07 18:32:04.23+00;1;unit;15
694a0c71-d631-400a-97b8-85d255400b7a;option;67b40cc2-a507-4375-88b1-7d0eba73e3ed;8501645a-90ae-4104-a291-28d523bb8728;Custom Build;rogue-builds;Rogue Builds - Select Build;Diablo IV;Builds;0;USD;2026-01-07 18:32:04.591+00;1;unit;0
3d32cc30-a3f0-431b-875c-692b6dcfdcc0;option;2632b6f8-a8fb-4232-87fa-c5a44372d150;5169a6a8-4a1c-4b6a-ac36-ca79232a8ba6;NA;elite-pvp-set;Elite PvP Set - Region;Mists of Pandaria;PvP;0;USD;2026-01-07 18:32:04.966+00;1;unit;0
d51e7c4a-85a4-4a87-a93d-4c56b1e61932;option;ff4634b3-edf4-4d17-8207-d39816b323b2;5e533261-89f2-4449-a570-893087168535;Selfplay;tier-3-set;Tier 3 Set - Boost Mode;20th Anniversary WoW;Gear;19;USD;2026-01-07 18:32:05.216+00;1;unit;19
d1b66b5a-aebd-415b-a5a7-ae78a38a8eb0;option;3df88a4e-282d-4fc6-90ca-60f8ebb2dad1;c4ac76e9-9a77-4049-9a7c-4ff44646a4ff;Eternal - Softcore;skull-torch;Skull Torch - Select World;Diablo IV;Cosmetics;131.34;USD;2026-01-07 18:32:05.567+00;1;unit;131.34
9b9e4f57-3b68-4832-9f9a-96f87742553f;option;5205ce60-5f11-4af8-a652-ea3f8c717a88;999c3cb7-ed03-428a-8343-ab6b85e28308;EU;operation-shieldwall;Operation: Shieldwall - Region;Mists of Pandaria;Reputations;0;USD;2026-01-07 18:32:05.937+00;1;unit;0
6150e643-fcba-4982-8c34-272e71909f55;option;e0c73ec2-09d5-46f9-8d6a-f1560c863d15;1fe2d5ca-1db8-44e6-8329-4d59cbd3d442;Pilot;mogushan-vaults;Mogu’shan Vaults - Boost Mode;Mists of Pandaria;Raids;0;USD;2026-01-07 18:32:06.31+00;1;unit;0
861d817b-4a07-4222-87ec-fa32ef6337fa;option;8cf3ff9d-97a0-4c50-91b2-ebb8ab71790f;4ac1ebd7-6965-48c7-8457-e8284f9d9343;Ancestral;d4-paladin-build-season-11;Paladin Builds - Select Build Level;Diablo IV;Builds;159;USD;2026-01-07 18:32:07.037+00;1;unit;159
b5fe8955-5199-48ed-9d3f-82008ab335f1;option;8cf3ff9d-97a0-4c50-91b2-ebb8ab71790f;a2f7230f-c9fb-4e91-a7bb-8173b63635d1;Custom Build;d4-paladin-build-season-11;Paladin Builds - Select Build;Diablo IV;Builds;0;USD;2026-01-07 18:32:07.428+00;1;unit;0
b7726b7f-77ef-4c2f-b35c-898f7205a996;option;91f7fc88-3b7b-4802-9446-f9230a8b4a61;c773d3cf-7b67-4775-823d-3039b6f93661;NA;loremaster-of-pandaria-achievement;Loremaster of Pandaria Achievement - Region;Mists of Pandaria;Achievements;0;USD;2026-01-07 18:32:07.85+00;1;unit;0
3a9a8c54-022f-4a70-9340-1dab271d9480;option;f8bb0ea7-9c25-4f3e-a179-a5f66e26a113;35f22f3f-c3ab-4606-8704-e2b1391f08af;ES 5.7;battlefield-6-weapon-unlock-boost;Battlefield 6 Weapon Unlock Boost  - Secondary;Battlefield 6;Leveling;46;USD;2026-01-07 18:32:10.452+00;5.7;unit;8.070175438596491
85cd7550-f246-4925-b26e-e8c285e0fa49;option;f8b2faa3-8595-46a2-885c-483c2a74211b;5c876ceb-b710-4bed-ae8b-f032b73a4375;Remote;difficulty-unlock;Difficulty Unlock - Boost Mode;Diablo IV;Leveling;15;USD;2026-01-07 18:32:10.68+00;1;unit;15
83a18fe8-22ae-4035-9f2a-a89152ed4424;option;f8b2faa3-8595-46a2-885c-483c2a74211b;3091ec48-6684-4e4b-87a1-ecd9004a5a6a;Torment IV;difficulty-unlock;Difficulty Unlock - Select Difficulties;Diablo IV;Leveling;1.76;USD;2026-01-07 18:32:11.082+00;1;unit;1.76
f9309f67-a709-4ce5-99e1-a0c12d652db6;option;b8847db0-d41c-4d30-a37c-f98e0362e04a;f3aa6d4c-9b7c-4161-af0a-f2eee9f0628b;EU;the-arena-master;The Arena Master - Region;Mists of Pandaria;PvP;0;USD;2026-01-07 18:32:11.805+00;1;unit;0
2e6ad8fa-c0c2-45b4-bcf0-66bd76501bad;option;12b43851-c09f-4767-913a-851984a2e5d1;2fa1316e-a419-459c-9682-e4abff2f0a4a;Eternal - Softcore;pale-steed;Pale Steed - Select World;Diablo IV;Mounts;39.53;USD;2026-01-07 18:32:12.199+00;1;unit;39.53
014d44f7-27b6-4b3c-8120-52c25fcf0223;option;3459e362-5cfd-4607-89a7-15b8329bfb36;dbb306be-34ab-4ed4-813f-34e15f0db9a9;Remote;vicious-void-creeper;Vicious Void Creeper - Boost Method;War Within;Mounts;25.5;USD;2026-01-07 18:32:13.381+00;1;unit;25.5
838c3b7c-f70a-4fb7-a697-d165cd4dcc2b;option;150453b7-d604-4dd4-ad79-73186e2307cc;5a66148d-e569-40aa-82af-a5539a991845;EU;the-bone-freezer-mount;The Bone Freezer Mount - Region;War Within;Mounts;0;USD;2026-01-07 18:32:13.765+00;1;unit;0
cd088c9d-ced2-45ae-97a2-f1893ddcbfc1;option;eb13d0c2-7165-42bb-96b9-feab8c0d92f9;fd0c8af8-89b3-4085-bfbc-61c5c3af1ef4;Pilot;blood-bay-steed;Blood Bay Steed - Boost Mode;Diablo IV;Mounts;0;USD;2026-01-07 18:32:14.141+00;1;unit;0
4d64d963-27dc-408c-bbd7-e451cb10a043;option;1141e6fb-29bd-4caa-b2d3-94212b6e589e;61c6e2bf-c0fb-4ace-82cf-43c6fb2b11e3;Remote;stormbreaker-achievement;Stormbreaker Achievement - Boost Mode;Mists of Pandaria;Achievements;15;USD;2026-01-07 18:32:14.558+00;1;unit;15
7b1d95b4-e293-4d46-95be-d611422ff9cb;option;96d1bf21-faa1-49bc-82a4-961746875bde;9d0ef143-7f6e-44d3-a3ef-6825f774633b;Friendly - Honored;emperor-shaohao;Emperor Shaohao  - Select Desired Reputation Level;Mists of Pandaria;Reputations;21.12;USD;2026-01-07 18:32:14.965+00;1;unit;21.12
91e762b5-f4f2-4917-bc8b-44ff9234c592;option;e1d90154-c93d-48b1-9a90-817bd82de73c;8463fa5f-8430-4530-834c-ed01f7c26daf;Assault Challenge 1;battlefield-6-challenges-assignments-completion-boost;Battlefield 6 Challenges & Assignments Completion Boost  - Assignments ( Class );Battlefield 6;Leveling;10;USD;2026-01-07 18:32:15.357+00;1;unit;10
941f92cc-affa-471b-9aa3-33adccff690f;option;e1d90154-c93d-48b1-9a90-817bd82de73c;8463fa5f-8430-4530-834c-ed01f7c26daf;Engineer Specialist Challenge 1;battlefield-6-challenges-assignments-completion-boost;Battlefield 6 Challenges & Assignments Completion Boost  - Assignments ( Class );Battlefield 6;Leveling;23;USD;2026-01-07 18:32:15.771+00;1;unit;23
2e2305ec-01be-472d-a8a6-ef435cad2a09;option;e1d90154-c93d-48b1-9a90-817bd82de73c;8463fa5f-8430-4530-834c-ed01f7c26daf;Recon Challenge 1;battlefield-6-challenges-assignments-completion-boost;Battlefield 6 Challenges & Assignments Completion Boost  - Assignments ( Class );Battlefield 6;Leveling;14;USD;2026-01-07 18:32:16.172+00;1;unit;14
8ee0030f-948f-42d6-af4e-828a1509462f;option;b2c5afb3-385c-4a4a-8c98-a7ccf7432fb7;ce600ef1-b39e-4c4c-bd0f-10bab6bda571;NA;going-to-need-a-bigger-bag-achievement;Going To Need A Bigger Bag Achievement - Region;Mists of Pandaria;Achievements;0;USD;2026-01-07 18:32:31.365+00;1;unit;0
f69a0bc6-3e5e-4144-80ce-970c4976dd50;option;b0d61777-45cd-4eae-90c7-bf70b4c04278;34e88491-6c32-4a4e-9176-07d6945756ce;XBOX;diadem-of-the-ancient;Diadem of the Ancient - Select Your Platform;Diablo IV;Cosmetics;0;USD;2026-01-07 18:32:01.238+00;1;unit;0
5164d974-c7d7-4cff-8da0-b10312133314;option;ecaa627a-7887-4a43-98c8-c24e21c74498;4341dafc-0f19-422c-86c6-693738d446d9;Seasonal - Softcore ;trappers-steed;Trapper’s Steed - Select World;Diablo IV;Mounts;26.36;USD;2026-01-07 18:32:01.647+00;1;unit;26.36
565d8b57-5e60-4833-b640-c0fb3acb6052;option;601e7f90-15ba-4fa0-842b-64615e995892;53b4324d-118a-4aa5-8984-ba230fbbde41;Honored - Revered;thorium-brotherhood-reputation;Thorium Brotherhood Reputation - Select Desired Reputation Level;20th Anniversary WoW;Reputations;50.16;USD;2026-01-07 18:32:02.034+00;1;unit;50.16
6934d6e9-6112-40d0-bbb9-81f434523436;option;3c97b9ad-b8c8-4eda-80ec-ef44877d923f;40f7c933-f1a2-4c08-a4c2-fb731b4c4424;Eternal - Softcore;buckskin-bay-steed;Buckskin Bay Steed - Select World;Diablo IV;Mounts;39.53;USD;2026-01-07 18:32:02.416+00;1;unit;39.53
12d618f5-3f91-4783-82d3-1ab6a17be959;option;ce498e92-cf8d-4029-915a-12b05073e14c;08aaff75-d192-4d16-bb54-fe0ac5fd8164;EU;manaforge-omega-heroic-lootshare;Manaforge Omega Heroic Lootshare - Region;War Within;Raids;0;USD;2026-01-07 18:32:03.538+00;1;unit;0
ab6d0d55-bb62-4ce8-955a-497a70bf5c7d;option;ce498e92-cf8d-4029-915a-12b05073e14c;315f0fd0-64c4-4a99-9c5c-7af202209add;Choose option;manaforge-omega-heroic-lootshare;Manaforge Omega Heroic Lootshare - Full Prio Loot;War Within;Raids;0;USD;2026-01-07 18:32:03.911+00;1;unit;0
b5e3cb49-5472-4968-9959-bf23e43a1990;option;67b40cc2-a507-4375-88b1-7d0eba73e3ed;02c6f0c2-4800-4c2b-b61c-a5a3cc6c099b;PC;rogue-builds;Rogue Builds - Select Your Platform;Diablo IV;Builds;0;USD;2026-01-07 18:32:04.273+00;1;unit;0
47adee83-62fd-4d7c-be4f-92a69c6bd0a8;option;67b40cc2-a507-4375-88b1-7d0eba73e3ed;3fa47e9d-a1ff-471c-a127-3432867c62dc;Starter;rogue-builds;Rogue Builds - Select Build Level;Diablo IV;Builds;35.2;USD;2026-01-07 18:32:04.63+00;1;unit;35.2
9f9d875a-8402-4be0-bb41-3a840af8cda9;option;2632b6f8-a8fb-4232-87fa-c5a44372d150;3dee7264-5c58-4ca6-aed2-eb8ca5b214af;Gladiator Title ;elite-pvp-set;Elite PvP Set - Extra Options;Mists of Pandaria;PvP;2160;USD;2026-01-07 18:32:05.006+00;1;unit;2160
0f27935d-ee0c-491b-bd55-a6b2ab10361b;option;5205ce60-5f11-4af8-a652-ea3f8c717a88;50d69aa7-f3de-4024-8fd5-61c452400294;Neutral - Friendly;operation-shieldwall;Operation: Shieldwall - Select Desired Reputation Level;Mists of Pandaria;Reputations;8.8;USD;2026-01-07 18:32:06.019+00;1;unit;8.8
004dd6d4-b45f-4396-8777-0960b6264ae7;option;e0c73ec2-09d5-46f9-8d6a-f1560c863d15;1fe2d5ca-1db8-44e6-8329-4d59cbd3d442;Remote;mogushan-vaults;Mogu’shan Vaults - Boost Mode;Mists of Pandaria;Raids;15;USD;2026-01-07 18:32:06.399+00;1;unit;15
7d7fe785-48cc-4a43-a941-17f4d7e81b82;option;ec2e5c1a-9d25-4b1d-a09c-ea500c07353f;6291beb2-9883-4834-8093-870f648e5437;Heroic;terrace-of-endless-spring;Terrace of Endless Spring - Difficulty;Mists of Pandaria;Raids;0;USD;2026-01-07 18:32:08.529+00;1;unit;0
ad5a6160-ad94-4f22-ae6d-3efbae9ccf24;option;f8bb0ea7-9c25-4f3e-a179-a5f66e26a113;34960e3a-dcd6-40cd-a85c-85b8505edbf2;Xbox;battlefield-6-weapon-unlock-boost;Battlefield 6 Weapon Unlock Boost  - Platform;Battlefield 6;Leveling;0;USD;2026-01-07 18:32:08.914+00;1;unit;0
41285a2b-2761-465e-ab9f-024570195e9a;option;f8bb0ea7-9c25-4f3e-a179-a5f66e26a113;bfbdb0f4-5422-4b22-b0cb-ed9b760badc4;PW5A3;battlefield-6-weapon-unlock-boost;Battlefield 6 Weapon Unlock Boost  - SMG;Battlefield 6;Leveling;9;USD;2026-01-07 18:32:09.293+00;5;a3;1.8
bbd3c27a-1b18-4441-8739-e7f07517aeac;option;f8bb0ea7-9c25-4f3e-a179-a5f66e26a113;896b236b-d867-4ac6-bd91-29a90f37fe8d;DRS-IAR;battlefield-6-weapon-unlock-boost;Battlefield 6 Weapon Unlock Boost  - Lmg;Battlefield 6;Leveling;14;USD;2026-01-07 18:32:09.671+00;1;unit;14
f7e744fa-9239-4c03-81cd-d0cace9b3080;option;f8bb0ea7-9c25-4f3e-a179-a5f66e26a113;42691495-a962-4e6c-87a7-7dcb5fdb1a52;M417 A2;battlefield-6-weapon-unlock-boost;Battlefield 6 Weapon Unlock Boost  - Carbine;Battlefield 6;Leveling;67;USD;2026-01-07 18:32:10.054+00;417;a2;0.1606714628297362
0022f888-c78c-4b5e-a0fe-5c64d3c89cd1;option;f8bb0ea7-9c25-4f3e-a179-a5f66e26a113;a71dff61-436b-4386-8b40-35c00d8e11fb;SVDM;battlefield-6-weapon-unlock-boost;Battlefield 6 Weapon Unlock Boost  - DMR;Battlefield 6;Leveling;39;USD;2026-01-07 18:32:10.416+00;1;unit;39
6ecfa8a3-fc5d-4b2f-9fa4-e4a37072f6f7;option;f8b2faa3-8595-46a2-885c-483c2a74211b;241be613-51ab-44c6-98a3-6c64fe702f01;Eternal;difficulty-unlock;Difficulty Unlock - Select World - Softcore;Diablo IV;Leveling;50;USD;2026-01-07 18:32:10.894+00;1;unit;50
17c807e7-562a-42dc-8375-6225b63357ee;option;fdbc4ed9-b7f0-44b9-9a48-71479be09ca3;117847e8-da3b-4428-bf25-0362466a8636;PSN;spotted-shalecoat-steed;Spotted Shalecoat Steed - Select Your Platform;Diablo IV;Mounts;0;USD;2026-01-07 18:32:11.277+00;1;unit;0
acd55a3c-4716-46eb-9a6d-1e36ca4c0fad;option;77db7c27-b639-4ae3-bb4d-d692ba2ade14;9282f1b8-fb3d-471a-9416-062ba6ab2485;Pilot;glory-of-the-pandaria-raider-boost;Glory of the Pandaria Raider Boost - Boost Mode;War Within;Achievements;0;USD;2026-01-07 18:32:11.648+00;1;unit;0
265aee0f-8e0f-4b7f-830c-96d36bb20616;option;12b43851-c09f-4767-913a-851984a2e5d1;089d3fc4-4d58-4270-8116-b7e93f2fa0bf;PC;pale-steed;Pale Steed - Select Your Platform;Diablo IV;Mounts;0;USD;2026-01-07 18:32:12.024+00;1;unit;0
7773eb8a-6cab-4895-a1d8-b5c23c1f0062;option;0ebcb560-f1dc-4ae6-ab70-cfd69f43b46f;ff2e73e6-ebde-4f05-b31a-6791b3066035;PSN;caldeum-steed;Caldeum Steed - Select Your Platform;Diablo IV;Mounts;0;USD;2026-01-07 18:32:12.416+00;1;unit;0
335be615-0be1-43d7-abea-02cf2fbd8f6b;option;f373e46b-439f-4612-b949-db5ee37fbbd3;99f46adc-818e-44b4-885c-2d12061c4bda;NA;glorious-tyranny;Glorious Tyranny - Region;Mists of Pandaria;Gear;0;USD;2026-01-07 18:32:12.795+00;1;unit;0
6eac5cba-5028-442d-a2bd-61ff8f3a4f1c;option;3459e362-5cfd-4607-89a7-15b8329bfb36;1eefab73-01eb-4ddd-a518-c4fdb2b009a7;EU;vicious-void-creeper;Vicious Void Creeper - Region;War Within;Mounts;0;USD;2026-01-07 18:32:13.222+00;1;unit;0
b5296900-be9f-48ee-90b1-dfd8a27500a5;option;71f1a47a-ecc7-4576-8577-5556b5e8a86b;c55d75cb-a0a2-4fcb-9887-d5d642acd347;NA;sthaarbss-last-lunch;Sthaarbs's Last Lunch  - Region;War Within;Mounts;0;USD;2026-01-07 18:32:13.594+00;1;unit;0
504835db-3f1a-4b8d-87cc-d38411dd210b;option;7e7fb27d-27e9-4e93-bfef-dc89a31babf5;b9350cf4-0d52-4075-af9d-c8facf94410c;Remote;glory-of-the-ulduar-raider-boost;Glory of the Ulduar Raider Boost - Boost Mode;War Within;Achievements;12.11;USD;2026-01-07 18:32:13.972+00;1;unit;12.11
4b4532e6-31ce-48b7-8075-797f8eaefab1;option;eb13d0c2-7165-42bb-96b9-feab8c0d92f9;4b5a58b3-da6e-4a57-8249-bf7590e68407;Seasonal - Softcore;blood-bay-steed;Blood Bay Steed - Select World;Diablo IV;Mounts;26.36;USD;2026-01-07 18:32:14.373+00;1;unit;26.36
4ae92804-834b-4aef-99d6-cb722eb6c247;option;96d1bf21-faa1-49bc-82a4-961746875bde;1baae3f5-3ddb-4d2c-ae22-825b138c32c4;NA;emperor-shaohao;Emperor Shaohao  - Boost Mode;Mists of Pandaria;Reputations;0;USD;2026-01-07 18:32:14.79+00;1;unit;0
1f78aae9-7033-4a42-86d3-3c5448597169;option;e1d90154-c93d-48b1-9a90-817bd82de73c;eae8a77e-b978-4f62-abbe-268e7b5876be;PS;battlefield-6-challenges-assignments-completion-boost;Battlefield 6 Challenges & Assignments Completion Boost  - Platform;Battlefield 6;Leveling;0;USD;2026-01-07 18:32:15.18+00;1;unit;0
925893a1-4261-41d8-b242-743b1eabcf35;option;e1d90154-c93d-48b1-9a90-817bd82de73c;8463fa5f-8430-4530-834c-ed01f7c26daf;Support Challenge 3;battlefield-6-challenges-assignments-completion-boost;Battlefield 6 Challenges & Assignments Completion Boost  - Assignments ( Class );Battlefield 6;Leveling;60;USD;2026-01-07 18:32:15.987+00;3;unit;20
a253ada2-9bcc-4cee-a597-64da4822a606;option;b0d61777-45cd-4eae-90c7-bf70b4c04278;8eabcde3-6989-4a9d-9510-021b8fbaae71;Seasonal - Softcore;diadem-of-the-ancient;Diadem of the Ancient - Select World;Diablo IV;Cosmetics;87.56;USD;2026-01-07 18:32:01.282+00;1;unit;87.56
7e7ae086-bd26-404a-85ab-e2b485ef2dee;option;ecaa627a-7887-4a43-98c8-c24e21c74498;4341dafc-0f19-422c-86c6-693738d446d9;Eternal - Softcore;trappers-steed;Trapper’s Steed - Select World;Diablo IV;Mounts;39.53;USD;2026-01-07 18:32:01.687+00;1;unit;39.53
178d5a1d-b262-48cc-be12-fac51320c407;option;601e7f90-15ba-4fa0-842b-64615e995892;53b4324d-118a-4aa5-8984-ba230fbbde41;Revered - Exalted;thorium-brotherhood-reputation;Thorium Brotherhood Reputation - Select Desired Reputation Level;20th Anniversary WoW;Reputations;87.78;USD;2026-01-07 18:32:02.078+00;1;unit;87.78
3ffd96a1-7bf4-4b69-a9ba-093522821e54;option;1590e3c0-c5d9-4cb5-8e67-42eb06a74f54;e12ce32b-4c91-4df4-8d1b-5ffde4401b4e;Pilot;timbermaw-hold-reputation;Timbermaw Hold Reputation - Boost Mode;20th Anniversary WoW;Reputations;0;USD;2026-01-07 18:32:02.825+00;1;unit;0
e81aa6c5-ffa2-402e-9fdb-382097d64421;option;5ad040b5-69fc-4fbd-923f-6a2bfb0cd6e2;1a5d689f-cc33-4d1f-b71e-5f48ad38f636;Pilot;brimstone-mount;Brimstone Mount - Boost Mode;Diablo IV;Mounts;0;USD;2026-01-07 18:32:03.213+00;1;unit;0
a73248e5-1b68-47af-9f3b-a68ee6b599d9;option;ce498e92-cf8d-4029-915a-12b05073e14c;08aaff75-d192-4d16-bb54-fe0ac5fd8164;NA;manaforge-omega-heroic-lootshare;Manaforge Omega Heroic Lootshare - Region;War Within;Raids;21.23;USD;2026-01-07 18:32:03.584+00;1;unit;21.23
5f00f02e-5d38-4d1c-8088-8221ef0a0abb;option;ce498e92-cf8d-4029-915a-12b05073e14c;315f0fd0-64c4-4a99-9c5c-7af202209add;10 Unsaved Players;manaforge-omega-heroic-lootshare;Manaforge Omega Heroic Lootshare - Full Prio Loot;War Within;Raids;46.71;USD;2026-01-07 18:32:03.949+00;10;unsaved;4.671
cb2aaa8d-a919-408e-ad08-f87dc57ac08b;option;67b40cc2-a507-4375-88b1-7d0eba73e3ed;02c6f0c2-4800-4c2b-b61c-a5a3cc6c099b;PSN;rogue-builds;Rogue Builds - Select Your Platform;Diablo IV;Builds;0;USD;2026-01-07 18:32:04.311+00;1;unit;0
23430cc5-8b5e-49db-ae16-81b517052844;option;67b40cc2-a507-4375-88b1-7d0eba73e3ed;3fa47e9d-a1ff-471c-a127-3432867c62dc;Medium;rogue-builds;Rogue Builds - Select Build Level;Diablo IV;Builds;70.4;USD;2026-01-07 18:32:04.67+00;1;unit;70.4
cb6c25de-3340-4893-9706-f8e33ee61d3f;option;8cf3ff9d-97a0-4c50-91b2-ebb8ab71790f;bdd874b7-ebc0-4751-bddd-6ab1226fbdfa;Eternal;d4-paladin-build-season-11;Paladin Builds - Select World - Softcore;Diablo IV;Builds;0;USD;2026-01-07 18:32:06.957+00;1;unit;0
661c53c3-4eaa-4f41-babb-ff05f5f4f47d;option;8cf3ff9d-97a0-4c50-91b2-ebb8ab71790f;a2f7230f-c9fb-4e91-a7bb-8173b63635d1;Holy Fire;d4-paladin-build-season-11;Paladin Builds - Select Build;Diablo IV;Builds;0;USD;2026-01-07 18:32:07.33+00;1;unit;0
786139d8-d5be-4d63-869c-a849f43c7209;option;91f7fc88-3b7b-4802-9446-f9230a8b4a61;cb06ecd6-28ed-4e85-b8bd-aaf59fa3cc23;Upjade Complete;loremaster-of-pandaria-achievement;Loremaster of Pandaria Achievement - Choose Desired Achievements;Mists of Pandaria;Achievements;17.56;USD;2026-01-07 18:32:08.073+00;1;unit;17.56
46947719-0363-43f0-b3cd-f1406c5e58b8;option;ec2e5c1a-9d25-4b1d-a09c-ea500c07353f;ed2c95fb-c795-4f50-80d4-8daa7d22e240;Selfplay;terrace-of-endless-spring;Terrace of Endless Spring - Boost Mode;Mists of Pandaria;Raids;0;USD;2026-01-07 18:32:08.45+00;1;unit;0
d3ef06a1-0753-42eb-8e2a-2ace02a37a91;option;f8bb0ea7-9c25-4f3e-a179-a5f66e26a113;34960e3a-dcd6-40cd-a85c-85b8505edbf2;PC;battlefield-6-weapon-unlock-boost;Battlefield 6 Weapon Unlock Boost  - Platform;Battlefield 6;Leveling;0;USD;2026-01-07 18:32:08.833+00;1;unit;0
90b1869e-45f6-45f9-8f16-6413b7a58690;option;f8bb0ea7-9c25-4f3e-a179-a5f66e26a113;1188f62f-8e4b-4f40-b4d9-aa73422c7480;M1014;battlefield-6-weapon-unlock-boost;Battlefield 6 Weapon Unlock Boost  - Shotgun;Battlefield 6;Leveling;97;USD;2026-01-07 18:32:09.587+00;1014;unit;0.09566074950690336
45af4941-c1d8-4658-9cce-73dd73ca8bb8;option;f8bb0ea7-9c25-4f3e-a179-a5f66e26a113;42691495-a962-4e6c-87a7-7dcb5fdb1a52;M4A1;battlefield-6-weapon-unlock-boost;Battlefield 6 Weapon Unlock Boost  - Carbine;Battlefield 6;Leveling;5;USD;2026-01-07 18:32:09.954+00;4;a1;1.25
30895179-d352-4ae7-93f9-9fa5e4c4f9f7;option;f8bb0ea7-9c25-4f3e-a179-a5f66e26a113;a71dff61-436b-4386-8b40-35c00d8e11fb;SVK-8.6;battlefield-6-weapon-unlock-boost;Battlefield 6 Weapon Unlock Boost  - DMR;Battlefield 6;Leveling;39;USD;2026-01-07 18:32:10.332+00;8.6;unit;4.534883720930233
8fd6bf56-fd1a-49f4-a911-dd72e5310eaf;option;f8b2faa3-8595-46a2-885c-483c2a74211b;241be613-51ab-44c6-98a3-6c64fe702f01;Seasonal;difficulty-unlock;Difficulty Unlock - Select World - Softcore;Diablo IV;Leveling;0;USD;2026-01-07 18:32:10.852+00;1;unit;0
ce8f151a-269b-4db7-9dd9-215723a85d24;option;fdbc4ed9-b7f0-44b9-9a48-71479be09ca3;117847e8-da3b-4428-bf25-0362466a8636;PC;spotted-shalecoat-steed;Spotted Shalecoat Steed - Select Your Platform;Diablo IV;Mounts;0;USD;2026-01-07 18:32:11.235+00;1;unit;0
1eca00ca-9c2e-4c5e-94f6-b2f67539bd03;option;77db7c27-b639-4ae3-bb4d-d692ba2ade14;9282f1b8-fb3d-471a-9416-062ba6ab2485;Selfplay;glory-of-the-pandaria-raider-boost;Glory of the Pandaria Raider Boost - Boost Mode;War Within;Achievements;0;USD;2026-01-07 18:32:11.604+00;1;unit;0
a7c0a4a9-ab69-42d5-989b-90f919fd2353;option;12b43851-c09f-4767-913a-851984a2e5d1;f366a8c4-799f-46b4-aedd-75bb15c07b69;Remote;pale-steed;Pale Steed - Boost Mode;Diablo IV;Mounts;15;USD;2026-01-07 18:32:11.974+00;1;unit;15
467050af-2a98-4687-bc3e-f5a2117693bc;option;0ebcb560-f1dc-4ae6-ab70-cfd69f43b46f;ff2e73e6-ebde-4f05-b31a-6791b3066035;PC;caldeum-steed;Caldeum Steed - Select Your Platform;Diablo IV;Mounts;0;USD;2026-01-07 18:32:12.368+00;1;unit;0
fd6b28c8-64a1-47af-85ca-1b43bac58a57;option;f373e46b-439f-4612-b949-db5ee37fbbd3;99f46adc-818e-44b4-885c-2d12061c4bda;EU;glorious-tyranny;Glorious Tyranny - Region;Mists of Pandaria;Gear;0;USD;2026-01-07 18:32:12.756+00;1;unit;0
dc369018-5a68-43d6-ab17-9d843c6665e7;option;71f1a47a-ecc7-4576-8577-5556b5e8a86b;c55d75cb-a0a2-4fcb-9887-d5d642acd347;EU;sthaarbss-last-lunch;Sthaarbs's Last Lunch  - Region;War Within;Mounts;0;USD;2026-01-07 18:32:13.556+00;1;unit;0
1afe9752-d7a0-4c4e-995c-d24b3e7f0547;option;eb13d0c2-7165-42bb-96b9-feab8c0d92f9;fcb90ac1-8140-480b-802c-8ce27aa09fef;XBOX;blood-bay-steed;Blood Bay Steed - Select Your Platform;Diablo IV;Mounts;0;USD;2026-01-07 18:32:14.333+00;1;unit;0
c575ce31-1c7e-4258-9b9b-50e8017ed710;option;96d1bf21-faa1-49bc-82a4-961746875bde;1baae3f5-3ddb-4d2c-ae22-825b138c32c4;EU;emperor-shaohao;Emperor Shaohao  - Boost Mode;Mists of Pandaria;Reputations;0;USD;2026-01-07 18:32:14.747+00;1;unit;0
12a7bd4e-0cce-4947-be7f-8acf6f412645;option;e1d90154-c93d-48b1-9a90-817bd82de73c;eae8a77e-b978-4f62-abbe-268e7b5876be;PC;battlefield-6-challenges-assignments-completion-boost;Battlefield 6 Challenges & Assignments Completion Boost  - Platform;Battlefield 6;Leveling;0;USD;2026-01-07 18:32:15.135+00;1;unit;0
8d5761e4-861b-4138-add5-21bb03a2ecf4;option;e1d90154-c93d-48b1-9a90-817bd82de73c;8463fa5f-8430-4530-834c-ed01f7c26daf;Assault Expert Challenge 2;battlefield-6-challenges-assignments-completion-boost;Battlefield 6 Challenges & Assignments Completion Boost  - Assignments ( Class );Battlefield 6;Leveling;23;USD;2026-01-07 18:32:15.552+00;2;unit;11.5
cc4200d7-1d52-4a65-aac3-8908440890f6;option;e1d90154-c93d-48b1-9a90-817bd82de73c;8463fa5f-8430-4530-834c-ed01f7c26daf;Support Challenge 2;battlefield-6-challenges-assignments-completion-boost;Battlefield 6 Challenges & Assignments Completion Boost  - Assignments ( Class );Battlefield 6;Leveling;33;USD;2026-01-07 18:32:15.945+00;2;unit;16.5
739ae6a5-92d3-4c18-91e8-0db372d88819;option;e1d90154-c93d-48b1-9a90-817bd82de73c;8463fa5f-8430-4530-834c-ed01f7c26daf;Recon Specialist Challenge 2;battlefield-6-challenges-assignments-completion-boost;Battlefield 6 Challenges & Assignments Completion Boost  - Assignments ( Class );Battlefield 6;Leveling;23;USD;2026-01-07 18:32:16.356+00;2;unit;11.5
bd2e5c51-44a6-4185-8d8c-9fddbeb14b85;option;e1d90154-c93d-48b1-9a90-817bd82de73c;0ea5c975-bdba-450c-9920-2528959f7ab0;Large Modes Challenge 3;battlefield-6-challenges-assignments-completion-boost;Battlefield 6 Challenges & Assignments Completion Boost  - Assignments ( Initiation );Battlefield 6;Leveling;8;USD;2026-01-07 18:32:16.776+00;3;unit;2.6666666666666665
622294fb-f1b9-4a0b-b065-361682ddceb1;option;b0d61777-45cd-4eae-90c7-bf70b4c04278;8eabcde3-6989-4a9d-9510-021b8fbaae71;Eternal - Softcore;diadem-of-the-ancient;Diadem of the Ancient - Select World;Diablo IV;Cosmetics;131.34;USD;2026-01-07 18:32:01.331+00;1;unit;131.34
ff4ed1db-2d23-4163-a9df-4b82b90917e7;option;006c20cd-0aa1-4429-bae9-974f3c5e4a61;4b106fc5-eb59-400f-9e5b-f5371825e3d3;Pilot;dustback-steed;Dustback Steed - Boost Mode;Diablo IV;Mounts;0;USD;2026-01-07 18:32:02.501+00;1;unit;0
6a2125fe-e317-406a-9de8-d69e36d4cedc;option;006c20cd-0aa1-4429-bae9-974f3c5e4a61;4b106fc5-eb59-400f-9e5b-f5371825e3d3;Remote;dustback-steed;Dustback Steed - Boost Mode;Diablo IV;Mounts;15;USD;2026-01-07 18:32:02.544+00;1;unit;15
e5a44f95-8d40-43d4-9cda-e40cd3175376;option;1590e3c0-c5d9-4cb5-8e67-42eb06a74f54;e12ce32b-4c91-4df4-8d1b-5ffde4401b4e;Remote;timbermaw-hold-reputation;Timbermaw Hold Reputation - Boost Mode;20th Anniversary WoW;Reputations;14.25;USD;2026-01-07 18:32:02.868+00;1;unit;14.25
bc781eb1-f6ff-4ee1-84a7-9980320948a3;option;5ad040b5-69fc-4fbd-923f-6a2bfb0cd6e2;1a5d689f-cc33-4d1f-b71e-5f48ad38f636;Remote;brimstone-mount;Brimstone Mount - Boost Mode;Diablo IV;Mounts;15;USD;2026-01-07 18:32:03.249+00;1;unit;15
6526a1c6-4b16-495a-a586-1f877e579006;option;ce498e92-cf8d-4029-915a-12b05073e14c;524c1c22-d713-4442-8849-e0a0ce4145f6;Choose option;manaforge-omega-heroic-lootshare;Manaforge Omega Heroic Lootshare - Armor and Tier Loot;War Within;Raids;0;USD;2026-01-07 18:32:03.624+00;1;unit;0
c78783fb-166d-4fd2-9590-ef29efc78efb;option;3df88a4e-282d-4fc6-90ca-60f8ebb2dad1;b837dffe-af38-4c54-8ca6-5c0ec5d2eb85;Pilot;skull-torch;Skull Torch - Boost Mode;Diablo IV;Cosmetics;0;USD;2026-01-07 18:32:05.295+00;1;unit;0
2eab6185-63ca-4e6e-adf5-40111e3b4d44;option;5205ce60-5f11-4af8-a652-ea3f8c717a88;50d69aa7-f3de-4024-8fd5-61c452400294;Friendly - Honored;operation-shieldwall;Operation: Shieldwall - Select Desired Reputation Level;Mists of Pandaria;Reputations;17.6;USD;2026-01-07 18:32:06.062+00;1;unit;17.6
04b9da90-b368-473c-9b89-4ca803074373;option;e0c73ec2-09d5-46f9-8d6a-f1560c863d15;b4175c39-4961-41c0-8aad-7c7c28492ccd;EU;mogushan-vaults;Mogu’shan Vaults - Region;Mists of Pandaria;Raids;0;USD;2026-01-07 18:32:06.435+00;1;unit;0
6973968e-e2b4-455b-bef8-aec2b56e02da;option;8cf3ff9d-97a0-4c50-91b2-ebb8ab71790f;4ac1ebd7-6965-48c7-8457-e8284f9d9343;Tormented;d4-paladin-build-season-11;Paladin Builds - Select Build Level;Diablo IV;Builds;799;USD;2026-01-07 18:32:07.151+00;1;unit;799
1a683672-fd8e-46a8-8a7c-bad795937741;option;91f7fc88-3b7b-4802-9446-f9230a8b4a61;852e8184-b351-4d9e-826e-3ef9c0735ce9;Pilot;loremaster-of-pandaria-achievement;Loremaster of Pandaria Achievement - Boost Mode;Mists of Pandaria;Achievements;0;USD;2026-01-07 18:32:07.534+00;1;unit;0
a527076c-97c6-4316-b59b-079426312e41;option;ec2e5c1a-9d25-4b1d-a09c-ea500c07353f;ece867a3-c7e7-46ec-a520-984eb794b875;NA;terrace-of-endless-spring;Terrace of Endless Spring - Region;Mists of Pandaria;Raids;0;USD;2026-01-07 18:32:08.244+00;1;unit;0
bf34cf17-289b-44f8-aeb5-c377572fda1e;option;affd735f-ebd8-4445-b00c-9bea7b43317b;45899bef-2d7f-4094-85da-f1e0f847ed44;EU;glorious-tyranny-achievement;Glorious Tyranny Achievement - Region;Mists of Pandaria;Achievements;0;USD;2026-01-07 18:32:08.611+00;1;unit;0
7a4c7c9b-5d1c-4d7e-821c-b85d141ed855;option;f8bb0ea7-9c25-4f3e-a179-a5f66e26a113;5ca5f01d-3d3d-4bc1-a783-78be58451ad5;SOR-556 Mk2;battlefield-6-weapon-unlock-boost;Battlefield 6 Weapon Unlock Boost  - Assault Rifle;Battlefield 6;Leveling;49;USD;2026-01-07 18:32:09.012+00;556000000;k2;0.0000000881294964028777
40ddaa4b-e767-4539-8884-6f7d0b74782f;option;f8bb0ea7-9c25-4f3e-a179-a5f66e26a113;896b236b-d867-4ac6-bd91-29a90f37fe8d;M60;battlefield-6-weapon-unlock-boost;Battlefield 6 Weapon Unlock Boost  - Lmg;Battlefield 6;Leveling;36;USD;2026-01-07 18:32:09.757+00;60;unit;0.6
5afbbda1-62af-49eb-b432-79b91afa9519;option;f8bb0ea7-9c25-4f3e-a179-a5f66e26a113;42691495-a962-4e6c-87a7-7dcb5fdb1a52;GRT-BC;battlefield-6-weapon-unlock-boost;Battlefield 6 Weapon Unlock Boost  - Carbine;Battlefield 6;Leveling;94;USD;2026-01-07 18:32:10.132+00;1;unit;94
856ed776-c5cb-4cc2-8804-440c1f1d397f;option;f8bb0ea7-9c25-4f3e-a179-a5f66e26a113;35f22f3f-c3ab-4606-8704-e2b1391f08af;M44;battlefield-6-weapon-unlock-boost;Battlefield 6 Weapon Unlock Boost  - Secondary;Battlefield 6;Leveling;115;USD;2026-01-07 18:32:10.533+00;44;unit;2.6136363636363638
44944176-06ba-4276-93b7-85415dcd0956;option;f8b2faa3-8595-46a2-885c-483c2a74211b;d6c0e61a-0224-462b-872f-9f1777f700d4;XBOX;difficulty-unlock;Difficulty Unlock - Select Your Platform;Diablo IV;Leveling;0;USD;2026-01-07 18:32:10.81+00;1;unit;0
58b8de02-c823-4621-953c-5a9581732291;option;fdbc4ed9-b7f0-44b9-9a48-71479be09ca3;586f5ae8-2415-45c9-a982-b20e06df66ce;Remote;spotted-shalecoat-steed;Spotted Shalecoat Steed - Boost Mode;Diablo IV;Mounts;15;USD;2026-01-07 18:32:11.199+00;1;unit;15
0fa49935-3284-498f-b0e0-8be3d5ba4835;option;77db7c27-b639-4ae3-bb4d-d692ba2ade14;bae1c79c-122d-4da4-a6fe-accff0eabe50;Remote;glory-of-the-pandaria-raider-boost;Glory of the Pandaria Raider Boost - Boost Mode;War Within;Achievements;0;USD;2026-01-07 18:32:11.562+00;1;unit;0
ec1cf8bb-c5f6-4119-99d3-7eb56750f9c1;option;12b43851-c09f-4767-913a-851984a2e5d1;f366a8c4-799f-46b4-aedd-75bb15c07b69;Pilot;pale-steed;Pale Steed - Boost Mode;Diablo IV;Mounts;0;USD;2026-01-07 18:32:11.929+00;1;unit;0
15e74889-f9f1-497b-9d29-863c04a01e66;option;0ebcb560-f1dc-4ae6-ab70-cfd69f43b46f;688f0d41-6ad5-4829-817c-5eadaadb047d;Remote;caldeum-steed;Caldeum Steed - Boost Mode;Diablo IV;Mounts;15;USD;2026-01-07 18:32:12.325+00;1;unit;15
2b7223aa-01cb-4f12-83b5-7e342d3596f6;option;f373e46b-439f-4612-b949-db5ee37fbbd3;541bb322-f41c-490d-b559-05e22178b37c;Remote;glorious-tyranny;Glorious Tyranny - Boost Mode;Mists of Pandaria;Gear;15;USD;2026-01-07 18:32:12.714+00;1;unit;15
17a554dc-58f5-4f0b-a16c-0a20cff21eee;option;28e7cc58-0b6d-474e-9d8f-e115d537fe32;575ac0bd-e310-43bf-8a0a-3b723625c2f2;Remote;glory-of-the-dragonflight-hero-boost;Glory of the Dragonflight Hero Boost - Boost Mode;War Within;Achievements;12.11;USD;2026-01-07 18:32:13.134+00;1;unit;12.11
edb9ff76-93b6-42f6-b7d0-74e51979d13a;option;71f1a47a-ecc7-4576-8577-5556b5e8a86b;07b4fca6-1105-45ae-8151-14dc9af79619;Remote;sthaarbss-last-lunch;Sthaarbs's Last Lunch  - Boost Method;War Within;Mounts;25.5;USD;2026-01-07 18:32:13.517+00;1;unit;25.5
4c5ae233-be02-4989-99af-1429553e9d42;option;7e7fb27d-27e9-4e93-bfef-dc89a31babf5;b9350cf4-0d52-4075-af9d-c8facf94410c;Selfplay;glory-of-the-ulduar-raider-boost;Glory of the Ulduar Raider Boost - Boost Mode;War Within;Achievements;0;USD;2026-01-07 18:32:13.893+00;1;unit;0
d6bcda34-cb88-4610-a950-c279a30a5019;option;eb13d0c2-7165-42bb-96b9-feab8c0d92f9;fcb90ac1-8140-480b-802c-8ce27aa09fef;PSN;blood-bay-steed;Blood Bay Steed - Select Your Platform;Diablo IV;Mounts;0;USD;2026-01-07 18:32:14.289+00;1;unit;0
0d468afd-4c34-438c-ace7-16f92e1fa617;option;e1d90154-c93d-48b1-9a90-817bd82de73c;8463fa5f-8430-4530-834c-ed01f7c26daf;Assault Expert Challenge 1;battlefield-6-challenges-assignments-completion-boost;Battlefield 6 Challenges & Assignments Completion Boost  - Assignments ( Class );Battlefield 6;Leveling;23;USD;2026-01-07 18:32:15.505+00;1;unit;23
d590d60c-fa42-49f1-98ac-a5ae857b5491;option;e1d90154-c93d-48b1-9a90-817bd82de73c;8463fa5f-8430-4530-834c-ed01f7c26daf;Support Challenge 1;battlefield-6-challenges-assignments-completion-boost;Battlefield 6 Challenges & Assignments Completion Boost  - Assignments ( Class );Battlefield 6;Leveling;8;USD;2026-01-07 18:32:15.905+00;1;unit;8
bbe6a828-0454-4080-bc45-72424153b1c2;option;e1d90154-c93d-48b1-9a90-817bd82de73c;8463fa5f-8430-4530-834c-ed01f7c26daf;Recon Specialist Challenge 1;battlefield-6-challenges-assignments-completion-boost;Battlefield 6 Challenges & Assignments Completion Boost  - Assignments ( Class );Battlefield 6;Leveling;46;USD;2026-01-07 18:32:16.308+00;1;unit;46
b28d9ffd-4d2f-429c-b952-bafd9243d425;product;affd735f-ebd8-4445-b00c-9bea7b43317b;;;glorious-tyranny-achievement;Glorious Tyranny Achievement;Mists of Pandaria;Achievements;359.88;USD;2026-01-07 14:02:08.255+00;1;unit;359.8800000000000000
2a200554-97e6-4b1e-b077-831a71fbbc1b;option;601e7f90-15ba-4fa0-842b-64615e995892;f0a57a62-f5df-4ce5-83f6-fef1d764f6d9;Pilot;thorium-brotherhood-reputation;Thorium Brotherhood Reputation - Boost Mode;20th Anniversary WoW;Reputations;0;USD;2026-01-07 18:32:01.767+00;1;unit;0
80dd52b2-5285-4c7d-b409-98d2495c8a53;option;3c97b9ad-b8c8-4eda-80ec-ef44877d923f;3292dede-a253-44d9-8562-88ee93493e72;Pilot;buckskin-bay-steed;Buckskin Bay Steed - Boost Mode;Diablo IV;Mounts;0;USD;2026-01-07 18:32:02.156+00;1;unit;0
5088e066-08a0-49b7-bba6-aba89b32abc1;option;ce498e92-cf8d-4029-915a-12b05073e14c;315f0fd0-64c4-4a99-9c5c-7af202209add;15 Unsaved Players;manaforge-omega-heroic-lootshare;Manaforge Omega Heroic Lootshare - Full Prio Loot;War Within;Raids;61.15;USD;2026-01-07 18:32:03.987+00;15;unsaved;4.076666666666666
f04bd6d8-7c4d-4196-a6ba-202bcc217ccc;product;ecaa627a-7887-4a43-98c8-c24e21c74498;;;trappers-steed;Trapper’s Steed;Diablo IV;Mounts;0;USD;2026-01-07 14:01:59.118+00;1;unit;0.00000000000000000000
5d4ad0bf-c71b-48ce-985b-d813bca8d759;option;67b40cc2-a507-4375-88b1-7d0eba73e3ed;02c6f0c2-4800-4c2b-b61c-a5a3cc6c099b;XBOX;rogue-builds;Rogue Builds - Select Your Platform;Diablo IV;Builds;0;USD;2026-01-07 18:32:04.351+00;1;unit;0
9e1d072c-0402-462d-9932-4ffa3d764beb;option;67b40cc2-a507-4375-88b1-7d0eba73e3ed;3fa47e9d-a1ff-471c-a127-3432867c62dc;Nightmare;rogue-builds;Rogue Builds - Select Build Level;Diablo IV;Builds;176;USD;2026-01-07 18:32:04.718+00;1;unit;176
fe355d5f-15da-412c-9754-a44b78c35eb4;option;ff4634b3-edf4-4d17-8207-d39816b323b2;f79862d1-e3ec-4b86-a84b-1bd11faa749e;EU;tier-3-set;Tier 3 Set - Region;20th Anniversary WoW;Gear;0;USD;2026-01-07 18:32:05.095+00;1;unit;0
c4671478-facc-42d7-95e9-70c5bc7dde30;option;3df88a4e-282d-4fc6-90ca-60f8ebb2dad1;b837dffe-af38-4c54-8ca6-5c0ec5d2eb85;Remote;skull-torch;Skull Torch - Boost Mode;Diablo IV;Cosmetics;15;USD;2026-01-07 18:32:05.345+00;1;unit;15
151ab631-61eb-4f91-80d0-a35f518cd56d;option;5205ce60-5f11-4af8-a652-ea3f8c717a88;50d69aa7-f3de-4024-8fd5-61c452400294;Honored - Revered;operation-shieldwall;Operation: Shieldwall - Select Desired Reputation Level;Mists of Pandaria;Reputations;35.2;USD;2026-01-07 18:32:06.102+00;1;unit;35.2
8adaced4-61a7-4c5f-aacf-56db46fca87c;option;e0c73ec2-09d5-46f9-8d6a-f1560c863d15;b4175c39-4961-41c0-8aad-7c7c28492ccd;NA;mogushan-vaults;Mogu’shan Vaults - Region;Mists of Pandaria;Raids;0;USD;2026-01-07 18:32:06.473+00;1;unit;0
304724b7-a5c0-4a6d-b371-5a7dbd159c3c;option;8cf3ff9d-97a0-4c50-91b2-ebb8ab71790f;f9650abd-88e5-49f9-aebd-61e00747c4be;Pilot;d4-paladin-build-season-11;Paladin Builds - Boost Mode;Diablo IV;Builds;0;USD;2026-01-07 18:32:06.712+00;1;unit;0
1d1f5439-189c-4318-9d83-ff1a5cc583c7;option;8cf3ff9d-97a0-4c50-91b2-ebb8ab71790f;a2f7230f-c9fb-4e91-a7bb-8173b63635d1;Fist of the Heavens;d4-paladin-build-season-11;Paladin Builds - Select Build;Diablo IV;Builds;0;USD;2026-01-07 18:32:07.193+00;1;unit;0
4747920b-041d-4e4f-9fef-e5fc9353d389;option;91f7fc88-3b7b-4802-9446-f9230a8b4a61;852e8184-b351-4d9e-826e-3ef9c0735ce9;Remote;loremaster-of-pandaria-achievement;Loremaster of Pandaria Achievement - Boost Mode;Mists of Pandaria;Achievements;15;USD;2026-01-07 18:32:07.577+00;1;unit;15
1dc32c73-5a24-408d-93e9-a85f7c63031e;option;91f7fc88-3b7b-4802-9446-f9230a8b4a61;cb06ecd6-28ed-4e85-b8bd-aaf59fa3cc23;Rally the Valley;loremaster-of-pandaria-achievement;Loremaster of Pandaria Achievement - Choose Desired Achievements;Mists of Pandaria;Achievements;17.56;USD;2026-01-07 18:32:07.889+00;1;unit;17.56
5b187d20-785a-410e-b772-e2705bb0a5c5;option;ec2e5c1a-9d25-4b1d-a09c-ea500c07353f;ece867a3-c7e7-46ec-a520-984eb794b875;EU;terrace-of-endless-spring;Terrace of Endless Spring - Region;Mists of Pandaria;Raids;0;USD;2026-01-07 18:32:08.199+00;1;unit;0
84f89c33-86a9-4b82-88d3-f96b5ea98f92;option;f8bb0ea7-9c25-4f3e-a179-a5f66e26a113;5ca5f01d-3d3d-4bc1-a783-78be58451ad5;NVO-228e ;battlefield-6-weapon-unlock-boost;Battlefield 6 Weapon Unlock Boost  - Assault Rifle;Battlefield 6;Leveling;15;USD;2026-01-07 18:32:08.954+00;228;e;0.06578947368421052
18a501ca-d568-4ef7-8b5c-8abef399a71d;option;f8bb0ea7-9c25-4f3e-a179-a5f66e26a113;bfbdb0f4-5422-4b22-b0cb-ed9b760badc4;PW7A2;battlefield-6-weapon-unlock-boost;Battlefield 6 Weapon Unlock Boost  - SMG;Battlefield 6;Leveling;34;USD;2026-01-07 18:32:09.333+00;7;a2;4.857142857142857
36bd1471-79ed-426c-a8d3-d6f0108143fb;option;f8bb0ea7-9c25-4f3e-a179-a5f66e26a113;896b236b-d867-4ac6-bd91-29a90f37fe8d;KTSMk8;battlefield-6-weapon-unlock-boost;Battlefield 6 Weapon Unlock Boost  - Lmg;Battlefield 6;Leveling;19;USD;2026-01-07 18:32:09.716+00;8;unit;2.375
0901d704-342f-45d8-ad2e-cc4ace124cd7;option;f8bb0ea7-9c25-4f3e-a179-a5f66e26a113;42691495-a962-4e6c-87a7-7dcb5fdb1a52;M277;battlefield-6-weapon-unlock-boost;Battlefield 6 Weapon Unlock Boost  - Carbine;Battlefield 6;Leveling;18;USD;2026-01-07 18:32:10.091+00;277;unit;0.06498194945848375
595ab891-39d5-404d-a467-27bbfd4a453f;option;f8b2faa3-8595-46a2-885c-483c2a74211b;5c876ceb-b710-4bed-ae8b-f032b73a4375;Pilot;difficulty-unlock;Difficulty Unlock - Boost Mode;Diablo IV;Leveling;0;USD;2026-01-07 18:32:10.635+00;1;unit;0
6e670ed9-a968-456d-9391-d52c9b75e07a;option;f8b2faa3-8595-46a2-885c-483c2a74211b;3091ec48-6684-4e4b-87a1-ecd9004a5a6a;Torment III;difficulty-unlock;Difficulty Unlock - Select Difficulties;Diablo IV;Leveling;1.49;USD;2026-01-07 18:32:11.034+00;1;unit;1.49
cfcc89b8-3a60-4949-9596-b9bfb8b0960f;option;fdbc4ed9-b7f0-44b9-9a48-71479be09ca3;c3700b67-cb35-4808-acbb-47e794c50184;Eternal - Softcore;spotted-shalecoat-steed;Spotted Shalecoat Steed - Select World;Diablo IV;Mounts;39.53;USD;2026-01-07 18:32:11.395+00;1;unit;39.53
1e70ee09-efde-41d0-982c-b8eba76c454b;option;b8847db0-d41c-4d30-a37c-f98e0362e04a;5e2ec025-f4b5-47f7-b804-f109c296aa19;Pilot;the-arena-master;The Arena Master - Boost Mode;Mists of Pandaria;PvP;0;USD;2026-01-07 18:32:11.765+00;1;unit;0
ebb8bd2c-02e1-4de1-9f8e-4976e52e2bbb;option;12b43851-c09f-4767-913a-851984a2e5d1;2fa1316e-a419-459c-9682-e4abff2f0a4a;Seasonal - Softcore;pale-steed;Pale Steed - Select World;Diablo IV;Mounts;26.36;USD;2026-01-07 18:32:12.16+00;1;unit;26.36
ce37a761-eb6c-49ac-804d-cac0da3f5c09;option;0ebcb560-f1dc-4ae6-ab70-cfd69f43b46f;1785924c-280e-40f9-8436-925a7ae98bde;Eternal - Softcore;caldeum-steed;Caldeum Steed - Select World;Diablo IV;Mounts;39.53;USD;2026-01-07 18:32:12.542+00;1;unit;39.53
578ae089-80e9-42bf-b49d-8bac95789576;option;28e7cc58-0b6d-474e-9d8f-e115d537fe32;e03ad817-3442-4f5b-b791-082b9140caf9;EU;glory-of-the-dragonflight-hero-boost;Glory of the Dragonflight Hero Boost - Region;War Within;Achievements;0;USD;2026-01-07 18:32:12.912+00;1;unit;0
f60c1dc8-7ab9-4908-bed2-be8c36c5ad66;option;3459e362-5cfd-4607-89a7-15b8329bfb36;dbb306be-34ab-4ed4-813f-34e15f0db9a9;Selfplay;vicious-void-creeper;Vicious Void Creeper - Boost Method;War Within;Mounts;25.5;USD;2026-01-07 18:32:13.344+00;1;unit;25.5
122c7448-8c59-43f4-ad7c-99912ec10525;option;150453b7-d604-4dd4-ad79-73186e2307cc;441efc67-38fe-4047-a9c4-bcb0b70e7f60;Remote;the-bone-freezer-mount;The Bone Freezer Mount - Boost Method;War Within;Mounts;25.5;USD;2026-01-07 18:32:13.716+00;1;unit;25.5
e104e25b-fc02-470b-9efe-db6831bbf3f8;option;1141e6fb-29bd-4caa-b2d3-94212b6e589e;61c6e2bf-c0fb-4ace-82cf-43c6fb2b11e3;Pilot;stormbreaker-achievement;Stormbreaker Achievement - Boost Mode;Mists of Pandaria;Achievements;0;USD;2026-01-07 18:32:14.516+00;1;unit;0
9ad9fd8c-fbdd-42ee-a45c-66f6fe979e51;option;e1d90154-c93d-48b1-9a90-817bd82de73c;217e8040-f1d9-4548-aca0-87ace595ccc2;Weekly ;battlefield-6-challenges-assignments-completion-boost;Battlefield 6 Challenges & Assignments Completion Boost  - Challenge Type;Battlefield 6;Leveling;15;USD;2026-01-07 18:32:15.309+00;1;unit;15
dfbbc51d-c6e8-4a9f-ac05-8a1653df8bbe;option;e1d90154-c93d-48b1-9a90-817bd82de73c;8463fa5f-8430-4530-834c-ed01f7c26daf;Engineer Challenge 3 ;battlefield-6-challenges-assignments-completion-boost;Battlefield 6 Challenges & Assignments Completion Boost  - Assignments ( Class );Battlefield 6;Leveling;23;USD;2026-01-07 18:32:15.729+00;3;unit;7.666666666666667
cca6a37b-2f26-4fb5-8c46-37fff28b20bc;option;c51e5227-5db5-477d-a560-cc85bad1eac7;42c29cf6-2619-4602-953a-93624d0953b3;Remote;glorious-tyranny-boost;Glorious Tyranny Boost - Boost Mode;Mists of Pandaria;PvP;15;USD;2026-01-07 18:32:31.496+00;1;unit;15
17898485-163f-4b08-80c0-5751e6f0588e;option;1590e3c0-c5d9-4cb5-8e67-42eb06a74f54;6bc8e9c5-4429-4896-8c67-f0ce46d9108b;EU;timbermaw-hold-reputation;Timbermaw Hold Reputation - Region;20th Anniversary WoW;Reputations;0;USD;2026-01-07 18:32:02.909+00;1;unit;0
ccfb79ac-67c4-4b4f-9231-8ce22b91c869;option;5ad040b5-69fc-4fbd-923f-6a2bfb0cd6e2;04efbeea-d2d4-4510-add0-4fbd77ddb4fe;PC;brimstone-mount;Brimstone Mount - Select Your Platform;Diablo IV;Mounts;0;USD;2026-01-07 18:32:03.288+00;1;unit;0
a13df144-4e6a-4e93-866d-8bd4e3f35f79;option;ce498e92-cf8d-4029-915a-12b05073e14c;524c1c22-d713-4442-8849-e0a0ce4145f6;10 Unsaved Players;manaforge-omega-heroic-lootshare;Manaforge Omega Heroic Lootshare - Armor and Tier Loot;War Within;Raids;46.71;USD;2026-01-07 18:32:03.661+00;10;unsaved;4.671
ba19e16a-2ca1-4e54-918f-0c567eaf2aa0;product;1141e6fb-29bd-4caa-b2d3-94212b6e589e;;;stormbreaker-achievement;Stormbreaker Achievement;Mists of Pandaria;Achievements;189.15;USD;2026-01-07 14:02:14.802+00;1;unit;189.1500000000000000
6102fa10-1fcc-4666-aa1f-b2dcef88d9ba;option;ce498e92-cf8d-4029-915a-12b05073e14c;315f0fd0-64c4-4a99-9c5c-7af202209add;20 Unsaved Players;manaforge-omega-heroic-lootshare;Manaforge Omega Heroic Lootshare - Full Prio Loot;War Within;Raids;79.83;USD;2026-01-07 18:32:04.027+00;20;unsaved;3.9915
56647e1d-0b37-4656-b623-58643da2d860;option;67b40cc2-a507-4375-88b1-7d0eba73e3ed;09e694d8-6fc4-495f-8a43-fee373de45eb;Seasonal;rogue-builds;Rogue Builds - Select World - Softcore;Diablo IV;Builds;0;USD;2026-01-07 18:32:04.389+00;1;unit;0
b24dd759-cd6f-40dc-98f8-174ef2174c63;option;67b40cc2-a507-4375-88b1-7d0eba73e3ed;3fa47e9d-a1ff-471c-a127-3432867c62dc;Tormented;rogue-builds;Rogue Builds - Select Build Level;Diablo IV;Builds;396;USD;2026-01-07 18:32:04.761+00;1;unit;396
354107ed-9c6a-4230-a2ce-8c2642c26119;option;ff4634b3-edf4-4d17-8207-d39816b323b2;f79862d1-e3ec-4b86-a84b-1bd11faa749e;NA;tier-3-set;Tier 3 Set - Region;20th Anniversary WoW;Gear;0;USD;2026-01-07 18:32:05.136+00;1;unit;0
4f884fb3-3ce3-4274-a04f-26b2d6c6583d;option;3df88a4e-282d-4fc6-90ca-60f8ebb2dad1;e21222be-3b64-4e23-9f7f-a0138471bb74;PC;skull-torch;Skull Torch - Select Your Platform;Diablo IV;Cosmetics;0;USD;2026-01-07 18:32:05.39+00;1;unit;0
1eef8e5e-ce3d-4313-9eb0-58ff99692334;option;5205ce60-5f11-4af8-a652-ea3f8c717a88;50d69aa7-f3de-4024-8fd5-61c452400294;Revered - Exalted;operation-shieldwall;Operation: Shieldwall - Select Desired Reputation Level;Mists of Pandaria;Reputations;70.4;USD;2026-01-07 18:32:06.14+00;1;unit;70.4
f3dd459a-c7dc-452e-961a-1a83e69ba0cb;option;e0c73ec2-09d5-46f9-8d6a-f1560c863d15;5a6198a0-9a96-4e73-acc7-9fcecec66ee8;3+ items loot run;mogushan-vaults;Mogu’shan Vaults - Loot Option;Mists of Pandaria;Raids;279.96;USD;2026-01-07 18:32:06.511+00;3;unit;93.32
3c24367c-177a-490d-8710-d72695d544c8;option;8cf3ff9d-97a0-4c50-91b2-ebb8ab71790f;f9650abd-88e5-49f9-aebd-61e00747c4be;Selfplay;d4-paladin-build-season-11;Paladin Builds - Boost Mode;Diablo IV;Builds;0;USD;2026-01-07 18:32:06.752+00;1;unit;0
8cad7c8c-f892-48db-b5e5-1ae553da2a29;option;8cf3ff9d-97a0-4c50-91b2-ebb8ab71790f;a2f7230f-c9fb-4e91-a7bb-8173b63635d1;Hammerdin;d4-paladin-build-season-11;Paladin Builds - Select Build;Diablo IV;Builds;0;USD;2026-01-07 18:32:07.288+00;1;unit;0
8ca5cffd-c2f7-4e07-abd1-f5f1f2ff24e8;option;ec2e5c1a-9d25-4b1d-a09c-ea500c07353f;ed2c95fb-c795-4f50-80d4-8daa7d22e240;Remote;terrace-of-endless-spring;Terrace of Endless Spring - Boost Mode;Mists of Pandaria;Raids;0;USD;2026-01-07 18:32:08.488+00;1;unit;0
a237ef26-dc25-4fab-891a-11822e2d0ffc;option;f8bb0ea7-9c25-4f3e-a179-a5f66e26a113;34960e3a-dcd6-40cd-a85c-85b8505edbf2;PS;battlefield-6-weapon-unlock-boost;Battlefield 6 Weapon Unlock Boost  - Platform;Battlefield 6;Leveling;0;USD;2026-01-07 18:32:08.875+00;1;unit;0
4c889128-03db-4365-9aab-ccfcb8e8384b;option;f8bb0ea7-9c25-4f3e-a179-a5f66e26a113;5ca5f01d-3d3d-4bc1-a783-78be58451ad5;L85A3;battlefield-6-weapon-unlock-boost;Battlefield 6 Weapon Unlock Boost  - Assault Rifle;Battlefield 6;Leveling;19;USD;2026-01-07 18:32:09.256+00;85;a3;0.2235294117647059
f7b2e895-0ace-4c72-a242-6ab8ccf3a90e;option;f8bb0ea7-9c25-4f3e-a179-a5f66e26a113;1188f62f-8e4b-4f40-b4d9-aa73422c7480;18.5KS-K;battlefield-6-weapon-unlock-boost;Battlefield 6 Weapon Unlock Boost  - Shotgun;Battlefield 6;Leveling;29;USD;2026-01-07 18:32:09.627+00;18500;s;0.0015675675675675676
440a3169-c2a6-4add-8e7a-257f8b52c239;option;f8bb0ea7-9c25-4f3e-a179-a5f66e26a113;42691495-a962-4e6c-87a7-7dcb5fdb1a52;AK-205;battlefield-6-weapon-unlock-boost;Battlefield 6 Weapon Unlock Boost  - Carbine;Battlefield 6;Leveling;41;USD;2026-01-07 18:32:09.997+00;205;unit;0.2
70323954-b978-4d50-8104-68a861a452eb;option;f8bb0ea7-9c25-4f3e-a179-a5f66e26a113;a71dff61-436b-4386-8b40-35c00d8e11fb;LMR27;battlefield-6-weapon-unlock-boost;Battlefield 6 Weapon Unlock Boost  - DMR;Battlefield 6;Leveling;28;USD;2026-01-07 18:32:10.37+00;27;unit;1.037037037037037
ffb98b30-bbbc-4b7a-9ac5-e23ca657d7fa;option;f8b2faa3-8595-46a2-885c-483c2a74211b;3091ec48-6684-4e4b-87a1-ecd9004a5a6a;Torment II;difficulty-unlock;Difficulty Unlock - Select Difficulties;Diablo IV;Leveling;1.32;USD;2026-01-07 18:32:10.985+00;1;unit;1.32
3b58304a-973e-4aad-81d2-3e0ae4090129;option;fdbc4ed9-b7f0-44b9-9a48-71479be09ca3;c3700b67-cb35-4808-acbb-47e794c50184;Seasonal - Softcore;spotted-shalecoat-steed;Spotted Shalecoat Steed - Select World;Diablo IV;Mounts;26.36;USD;2026-01-07 18:32:11.357+00;1;unit;26.36
0ad89186-8558-4799-b507-befc7a263488;option;12b43851-c09f-4767-913a-851984a2e5d1;089d3fc4-4d58-4270-8116-b7e93f2fa0bf;XBOX;pale-steed;Pale Steed - Select Your Platform;Diablo IV;Mounts;0;USD;2026-01-07 18:32:12.12+00;1;unit;0
e8e757cf-8a41-45a0-8d0a-18d91836bcfb;option;0ebcb560-f1dc-4ae6-ab70-cfd69f43b46f;1785924c-280e-40f9-8436-925a7ae98bde;Seasonal - Softcore;caldeum-steed;Caldeum Steed - Select World;Diablo IV;Mounts;26.36;USD;2026-01-07 18:32:12.499+00;1;unit;26.36
c27370e6-ab02-45d2-96df-73316d5d6a48;option;3459e362-5cfd-4607-89a7-15b8329bfb36;dbb306be-34ab-4ed4-813f-34e15f0db9a9;Pilot;vicious-void-creeper;Vicious Void Creeper - Boost Method;War Within;Mounts;0;USD;2026-01-07 18:32:13.304+00;1;unit;0
4ff0d731-b917-40e6-8af8-721c3b723bd5;option;150453b7-d604-4dd4-ad79-73186e2307cc;441efc67-38fe-4047-a9c4-bcb0b70e7f60;Pilot;the-bone-freezer-mount;The Bone Freezer Mount - Boost Method;War Within;Mounts;0;USD;2026-01-07 18:32:13.672+00;1;unit;0
558f1cab-810c-4777-b7e9-c014fd0d46de;option;7e7fb27d-27e9-4e93-bfef-dc89a31babf5;77b302c2-9215-4b05-b32f-eebc3c56e5dd;NA;glory-of-the-ulduar-raider-boost;Glory of the Ulduar Raider Boost - Region;War Within;Achievements;0;USD;2026-01-07 18:32:14.055+00;1;unit;0
9c3c267f-ac92-4330-86c3-c909b17ce0eb;option;96d1bf21-faa1-49bc-82a4-961746875bde;209fb04c-378f-4d06-8e60-36842bceeaab;NA;emperor-shaohao;Emperor Shaohao  - Region;Mists of Pandaria;Reputations;0;USD;2026-01-07 18:32:14.874+00;1;unit;0
0131422f-643f-4c11-8a9d-e27a1dff06c5;option;e1d90154-c93d-48b1-9a90-817bd82de73c;217e8040-f1d9-4548-aca0-87ace595ccc2;Daily;battlefield-6-challenges-assignments-completion-boost;Battlefield 6 Challenges & Assignments Completion Boost  - Challenge Type;Battlefield 6;Leveling;6;USD;2026-01-07 18:32:15.263+00;1;unit;6
1805c80b-6912-44ab-9ff6-744fa771fc7b;option;e1d90154-c93d-48b1-9a90-817bd82de73c;8463fa5f-8430-4530-834c-ed01f7c26daf;Engineer Challenge 2;battlefield-6-challenges-assignments-completion-boost;Battlefield 6 Challenges & Assignments Completion Boost  - Assignments ( Class );Battlefield 6;Leveling;18;USD;2026-01-07 18:32:15.687+00;2;unit;9
f1ff6e8b-ca33-4235-a7ea-0e3193505c6b;option;e1d90154-c93d-48b1-9a90-817bd82de73c;8463fa5f-8430-4530-834c-ed01f7c26daf;Support Specialist Challenge 2;battlefield-6-challenges-assignments-completion-boost;Battlefield 6 Challenges & Assignments Completion Boost  - Assignments ( Class );Battlefield 6;Leveling;27;USD;2026-01-07 18:32:16.079+00;2;unit;13.5
025f3a32-5c0a-48be-9fe1-b7f45914ae4c;option;e1d90154-c93d-48b1-9a90-817bd82de73c;0ea5c975-bdba-450c-9920-2528959f7ab0;Squadplay Challenge 2;battlefield-6-challenges-assignments-completion-boost;Battlefield 6 Challenges & Assignments Completion Boost  - Assignments ( Initiation );Battlefield 6;Leveling;14;USD;2026-01-07 18:32:16.508+00;2;unit;7
49703675-9019-4dd2-8871-fd587a802ab3;option;3c97b9ad-b8c8-4eda-80ec-ef44877d923f;d90dd8d7-454a-493a-9ab6-6ef6550ffda4;PC;buckskin-bay-steed;Buckskin Bay Steed - Select Your Platform;Diablo IV;Mounts;0;USD;2026-01-07 18:32:02.237+00;1;unit;0
719d64fa-844a-4b32-8734-99d53f390dec;option;006c20cd-0aa1-4429-bae9-974f3c5e4a61;031d8d6f-a699-4737-a9b5-667361bd6679;PSN;dustback-steed;Dustback Steed - Select Your Platform;Diablo IV;Mounts;0;USD;2026-01-07 18:32:02.627+00;1;unit;0
3a03a435-07bb-45ad-ac72-956a5310d4a0;option;1590e3c0-c5d9-4cb5-8e67-42eb06a74f54;213574c9-0fd0-4730-ac3e-2ce8e934f13d;Neutral - Friendly;timbermaw-hold-reputation;Timbermaw Hold Reputation - Select Desired Reputation Level;20th Anniversary WoW;Reputations;13.376;USD;2026-01-07 18:32:03.002+00;1;unit;13.376
f7a2977b-c5cc-448d-8f58-cee6f56396d1;option;5ad040b5-69fc-4fbd-923f-6a2bfb0cd6e2;04efbeea-d2d4-4510-add0-4fbd77ddb4fe;XBOX;brimstone-mount;Brimstone Mount - Select Your Platform;Diablo IV;Mounts;0;USD;2026-01-07 18:32:03.37+00;1;unit;0
8fc7a718-25c9-4e76-864e-d3b74cf741ba;option;ce498e92-cf8d-4029-915a-12b05073e14c;524c1c22-d713-4442-8849-e0a0ce4145f6;26 Unsaved Players;manaforge-omega-heroic-lootshare;Manaforge Omega Heroic Lootshare - Armor and Tier Loot;War Within;Raids;101.06;USD;2026-01-07 18:32:03.753+00;26;unsaved;3.886923076923077
01379963-c64b-4f4f-9d17-760987e3ba56;option;ce498e92-cf8d-4029-915a-12b05073e14c;315f0fd0-64c4-4a99-9c5c-7af202209add;29 Unsaved Players;manaforge-omega-heroic-lootshare;Manaforge Omega Heroic Lootshare - Full Prio Loot;War Within;Raids;119.74;USD;2026-01-07 18:32:04.115+00;29;unsaved;4.1289655172413795
70430945-d298-4146-85bd-b8cff7e76285;option;67b40cc2-a507-4375-88b1-7d0eba73e3ed;8501645a-90ae-4104-a291-28d523bb8728;Death Trap;rogue-builds;Rogue Builds - Select Build;Diablo IV;Builds;0;USD;2026-01-07 18:32:04.469+00;1;unit;0
6c412497-9f74-46fa-aa4f-27c2673de283;option;2632b6f8-a8fb-4232-87fa-c5a44372d150;7ffe2a81-c868-4c71-a3c3-d66b5b327785;Pilot;elite-pvp-set;Elite PvP Set - Boost Mode;Mists of Pandaria;PvP;0;USD;2026-01-07 18:32:04.84+00;1;unit;0
f712707d-8f4e-4976-9848-d93c0a0f2274;option;3df88a4e-282d-4fc6-90ca-60f8ebb2dad1;c4ac76e9-9a77-4049-9a7c-4ff44646a4ff;Seasonal - Softcore;skull-torch;Skull Torch - Select World;Diablo IV;Cosmetics;87.56;USD;2026-01-07 18:32:05.508+00;1;unit;87.56
f065c2f5-ac17-4be2-a2c7-937ab678603f;option;5205ce60-5f11-4af8-a652-ea3f8c717a88;72d0b7ba-be6f-42ea-977e-5ec5dd21f140;Remote;operation-shieldwall;Operation: Shieldwall - Boost Mode;Mists of Pandaria;Reputations;15;USD;2026-01-07 18:32:05.898+00;1;unit;15
476e8ea7-cc26-4274-bec1-3bd31b5b8874;option;e0c73ec2-09d5-46f9-8d6a-f1560c863d15;4dff5241-f2e5-4ea7-9d48-a3d465f3be5e;Heroic;mogushan-vaults;Mogu’shan Vaults - Difficulty;Mists of Pandaria;Raids;0;USD;2026-01-07 18:32:06.272+00;1;unit;0
fc8aca9d-8aec-4ca2-ba31-eb8e2e182701;option;e0c73ec2-09d5-46f9-8d6a-f1560c863d15;7a219f94-b668-40b3-9241-9e8945cd24a7;Add Astral Cloud Serpent mount;mogushan-vaults;Mogu’shan Vaults - Additional Options;Mists of Pandaria;Raids;550;USD;2026-01-07 18:32:06.627+00;1;unit;550
ea3ee3d0-3f34-4904-844b-146820b822a6;option;8cf3ff9d-97a0-4c50-91b2-ebb8ab71790f;4ac1ebd7-6965-48c7-8457-e8284f9d9343;Starter;d4-paladin-build-season-11;Paladin Builds - Select Build Level;Diablo IV;Builds;99;USD;2026-01-07 18:32:07+00;1;unit;99
f811c853-129b-4336-ac8b-c41e1573768f;option;8cf3ff9d-97a0-4c50-91b2-ebb8ab71790f;a2f7230f-c9fb-4e91-a7bb-8173b63635d1;Zeal ;d4-paladin-build-season-11;Paladin Builds - Select Build;Diablo IV;Builds;0;USD;2026-01-07 18:32:07.378+00;1;unit;0
08d0bd8d-bcde-4936-b0f8-77aab821d9bb;option;91f7fc88-3b7b-4802-9446-f9230a8b4a61;c773d3cf-7b67-4775-823d-3039b6f93661;EU;loremaster-of-pandaria-achievement;Loremaster of Pandaria Achievement - Region;Mists of Pandaria;Achievements;0;USD;2026-01-07 18:32:07.734+00;1;unit;0
dd08d2f8-9205-42b9-bea1-2f2b013c661b;option;91f7fc88-3b7b-4802-9446-f9230a8b4a61;cb06ecd6-28ed-4e85-b8bd-aaf59fa3cc23;One Steppe Forward, Two Steppes Back;loremaster-of-pandaria-achievement;Loremaster of Pandaria Achievement - Choose Desired Achievements;Mists of Pandaria;Achievements;17.56;USD;2026-01-07 18:32:08.033+00;1;unit;17.56
c9d8d2f1-2f32-4740-80d1-5334b8e0b8b8;option;ec2e5c1a-9d25-4b1d-a09c-ea500c07353f;ed2c95fb-c795-4f50-80d4-8daa7d22e240;Pilot;terrace-of-endless-spring;Terrace of Endless Spring - Boost Mode;Mists of Pandaria;Raids;0;USD;2026-01-07 18:32:08.408+00;1;unit;0
b5853022-3945-4508-8b99-5c80d128a35a;option;f8bb0ea7-9c25-4f3e-a179-a5f66e26a113;bfbdb0f4-5422-4b22-b0cb-ed9b760badc4;SL9;battlefield-6-weapon-unlock-boost;Battlefield 6 Weapon Unlock Boost  - SMG;Battlefield 6;Leveling;29;USD;2026-01-07 18:32:09.545+00;9;unit;3.2222222222222223
6f3ad9a8-ebe9-4cc6-8b59-e2a3a8cf6427;option;f8bb0ea7-9c25-4f3e-a179-a5f66e26a113;5ca5f01d-3d3d-4bc1-a783-78be58451ad5;B36A4;battlefield-6-weapon-unlock-boost;Battlefield 6 Weapon Unlock Boost  - Assault Rifle;Battlefield 6;Leveling;25;USD;2026-01-07 18:32:09.218+00;36;a4;0.6944444444444444
5614fd8e-b92c-4fd6-9af0-88c226a15060;option;f8bb0ea7-9c25-4f3e-a179-a5f66e26a113;896b236b-d867-4ac6-bd91-29a90f37fe8d;M240L;battlefield-6-weapon-unlock-boost;Battlefield 6 Weapon Unlock Boost  - Lmg;Battlefield 6;Leveling;25;USD;2026-01-07 18:32:09.913+00;240;l;0.10416666666666667
2f073ef4-f881-4859-a898-c6390af76123;option;f8bb0ea7-9c25-4f3e-a179-a5f66e26a113;420bb570-1f79-4f13-9cf4-ae96d3cfb847;PSR;battlefield-6-weapon-unlock-boost;Battlefield 6 Weapon Unlock Boost  - Sniper rifle;Battlefield 6;Leveling;65;USD;2026-01-07 18:32:10.295+00;1;unit;65
6b534d0d-f52e-43b5-ba4c-fce426ca770f;option;f8b2faa3-8595-46a2-885c-483c2a74211b;d6c0e61a-0224-462b-872f-9f1777f700d4;PSN;difficulty-unlock;Difficulty Unlock - Select Your Platform;Diablo IV;Leveling;0;USD;2026-01-07 18:32:10.767+00;1;unit;0
057f77be-c301-48de-8da7-a4cd7fdf8ed5;option;fdbc4ed9-b7f0-44b9-9a48-71479be09ca3;586f5ae8-2415-45c9-a982-b20e06df66ce;Pilot;spotted-shalecoat-steed;Spotted Shalecoat Steed - Boost Mode;Diablo IV;Mounts;0;USD;2026-01-07 18:32:11.159+00;1;unit;0
c040d393-c7ec-436f-b96c-47a025e99216;option;77db7c27-b639-4ae3-bb4d-d692ba2ade14;bae1c79c-122d-4da4-a6fe-accff0eabe50;Pilot;glory-of-the-pandaria-raider-boost;Glory of the Pandaria Raider Boost - Boost Mode;War Within;Achievements;0;USD;2026-01-07 18:32:11.517+00;1;unit;0
e6027d0c-b628-4ba0-8b61-3989f38ff87e;option;0ebcb560-f1dc-4ae6-ab70-cfd69f43b46f;688f0d41-6ad5-4829-817c-5eadaadb047d;Pilot;caldeum-steed;Caldeum Steed - Boost Mode;Diablo IV;Mounts;0;USD;2026-01-07 18:32:12.284+00;1;unit;0
908e617b-f9ba-401c-be5a-11d608fd1fb3;option;f373e46b-439f-4612-b949-db5ee37fbbd3;541bb322-f41c-490d-b559-05e22178b37c;Selfplay;glorious-tyranny;Glorious Tyranny - Boost Mode;Mists of Pandaria;Gear;0;USD;2026-01-07 18:32:12.675+00;1;unit;0
eff35bb9-0ba4-4f05-b5fd-892db1912aa2;option;28e7cc58-0b6d-474e-9d8f-e115d537fe32;575ac0bd-e310-43bf-8a0a-3b723625c2f2;Pilot;glory-of-the-dragonflight-hero-boost;Glory of the Dragonflight Hero Boost - Boost Mode;War Within;Achievements;0;USD;2026-01-07 18:32:13.081+00;1;unit;0
59660137-16b4-4463-8fd1-748aec092f63;option;71f1a47a-ecc7-4576-8577-5556b5e8a86b;07b4fca6-1105-45ae-8151-14dc9af79619;Pilot;sthaarbss-last-lunch;Sthaarbs's Last Lunch  - Boost Method;War Within;Mounts;0;USD;2026-01-07 18:32:13.478+00;1;unit;0
c53c72d4-5437-47db-b769-e55919c14042;option;eb13d0c2-7165-42bb-96b9-feab8c0d92f9;fcb90ac1-8140-480b-802c-8ce27aa09fef;PC;blood-bay-steed;Blood Bay Steed - Select Your Platform;Diablo IV;Mounts;0;USD;2026-01-07 18:32:14.245+00;1;unit;0
add42261-59a8-4fc1-b322-e87d4d026e98;option;1141e6fb-29bd-4caa-b2d3-94212b6e589e;f9e2f880-4d1d-438e-bf63-7e6a515f70bd;NA;stormbreaker-achievement;Stormbreaker Achievement - Region;Mists of Pandaria;Achievements;0;USD;2026-01-07 18:32:14.661+00;1;unit;0
08a51e78-f83e-46da-bfeb-9866777edbec;option;96d1bf21-faa1-49bc-82a4-961746875bde;9d0ef143-7f6e-44d3-a3ef-6825f774633b;Revered - Exalted;emperor-shaohao;Emperor Shaohao  - Select Desired Reputation Level;Mists of Pandaria;Reputations;73.04;USD;2026-01-07 18:32:15.049+00;1;unit;73.04
46b9b8b2-b227-4421-99b5-94151b0e152a;option;e1d90154-c93d-48b1-9a90-817bd82de73c;8463fa5f-8430-4530-834c-ed01f7c26daf;Engineer Specialist Challenge 3;battlefield-6-challenges-assignments-completion-boost;Battlefield 6 Challenges & Assignments Completion Boost  - Assignments ( Class );Battlefield 6;Leveling;46;USD;2026-01-07 18:32:15.86+00;3;unit;15.333333333333334
71e5b6ee-9ac7-4e58-b53b-330ca534039d;option;3c97b9ad-b8c8-4eda-80ec-ef44877d923f;3292dede-a253-44d9-8562-88ee93493e72;Remote;buckskin-bay-steed;Buckskin Bay Steed - Boost Mode;Diablo IV;Mounts;0;USD;2026-01-07 18:32:02.198+00;1;unit;0
c7774565-cf2b-43c4-8472-d0c3938871f4;option;006c20cd-0aa1-4429-bae9-974f3c5e4a61;031d8d6f-a699-4737-a9b5-667361bd6679;PC;dustback-steed;Dustback Steed - Select Your Platform;Diablo IV;Mounts;0;USD;2026-01-07 18:32:02.586+00;1;unit;0
16786d7c-4bb5-48cd-91f8-ba7f95ee8b36;option;1590e3c0-c5d9-4cb5-8e67-42eb06a74f54;6bc8e9c5-4429-4896-8c67-f0ce46d9108b;NA;timbermaw-hold-reputation;Timbermaw Hold Reputation - Region;20th Anniversary WoW;Reputations;0;USD;2026-01-07 18:32:02.951+00;1;unit;0
113963d4-6f4b-4d10-ab21-ce62d0a6f433;option;5ad040b5-69fc-4fbd-923f-6a2bfb0cd6e2;04efbeea-d2d4-4510-add0-4fbd77ddb4fe;PSN;brimstone-mount;Brimstone Mount - Select Your Platform;Diablo IV;Mounts;0;USD;2026-01-07 18:32:03.326+00;1;unit;0
ea6aafcd-12d2-4219-beaa-760a2d6b4c8c;product;94229ad5-33a1-48de-843d-c55950722b8e;;;wow-keystone-master;WoW Keystone Master ;War Within;Mythic+;63.79;USD;2026-01-07 14:02:05.735+00;1;unit;63.7900000000000000
c18ba77e-fc46-46e3-8c0f-038a880b7181;product;fdbc4ed9-b7f0-44b9-9a48-71479be09ca3;;;spotted-shalecoat-steed;Spotted Shalecoat Steed;Diablo IV;Mounts;0;USD;2026-01-07 14:02:11.112+00;1;unit;0.00000000000000000000
03cbd124-02ac-46a8-bbba-f519e3720540;option;ce498e92-cf8d-4029-915a-12b05073e14c;524c1c22-d713-4442-8849-e0a0ce4145f6;20 Unsaved Players;manaforge-omega-heroic-lootshare;Manaforge Omega Heroic Lootshare - Armor and Tier Loot;War Within;Raids;86.62;USD;2026-01-07 18:32:03.706+00;20;unsaved;4.331
8de01b74-ece6-4d68-914a-9e716608038d;option;ce498e92-cf8d-4029-915a-12b05073e14c;315f0fd0-64c4-4a99-9c5c-7af202209add;26 Unsaved Players;manaforge-omega-heroic-lootshare;Manaforge Omega Heroic Lootshare - Full Prio Loot;War Within;Raids;97.67;USD;2026-01-07 18:32:04.063+00;26;unsaved;3.7565384615384616
97c1eb0a-088e-451f-a138-88dcd4a63aca;option;67b40cc2-a507-4375-88b1-7d0eba73e3ed;09e694d8-6fc4-495f-8a43-fee373de45eb;Eternal;rogue-builds;Rogue Builds - Select World - Softcore;Diablo IV;Builds;50;USD;2026-01-07 18:32:04.431+00;1;unit;50
1b48ec86-281a-45d1-b080-b958e0044e79;option;ff4634b3-edf4-4d17-8207-d39816b323b2;5e533261-89f2-4449-a570-893087168535;Pilot;tier-3-set;Tier 3 Set - Boost Mode;20th Anniversary WoW;Gear;0;USD;2026-01-07 18:32:05.177+00;1;unit;0
2de0c94a-ec63-4140-8a20-7adc77308ea2;option;3df88a4e-282d-4fc6-90ca-60f8ebb2dad1;e21222be-3b64-4e23-9f7f-a0138471bb74;PSN;skull-torch;Skull Torch - Select Your Platform;Diablo IV;Cosmetics;0;USD;2026-01-07 18:32:05.428+00;1;unit;0
9d9d40fa-5f41-4ae2-a592-5284edb8c3af;option;e0c73ec2-09d5-46f9-8d6a-f1560c863d15;5a6198a0-9a96-4e73-acc7-9fcecec66ee8;4+ items loot run;mogushan-vaults;Mogu’shan Vaults - Loot Option;Mists of Pandaria;Raids;319.96;USD;2026-01-07 18:32:06.549+00;4;unit;79.99
c3b0a85a-8e12-43e7-a718-d812f8804519;option;8cf3ff9d-97a0-4c50-91b2-ebb8ab71790f;22576805-736d-483e-bfe2-87886e3eca88;PC;d4-paladin-build-season-11;Paladin Builds - Select Your Platform;Diablo IV;Builds;0;USD;2026-01-07 18:32:06.788+00;1;unit;0
6a415d10-bfa5-40f9-b1b7-6bb7c0298ad2;option;8cf3ff9d-97a0-4c50-91b2-ebb8ab71790f;a2f7230f-c9fb-4e91-a7bb-8173b63635d1;Avenger ;d4-paladin-build-season-11;Paladin Builds - Select Build;Diablo IV;Builds;0;USD;2026-01-07 18:32:07.234+00;1;unit;0
8bbcd8af-2a2c-4921-95a6-216fa6e0f4ee;option;91f7fc88-3b7b-4802-9446-f9230a8b4a61;cb06ecd6-28ed-4e85-b8bd-aaf59fa3cc23;Mighty Roamin' Krasaranger;loremaster-of-pandaria-achievement;Loremaster of Pandaria Achievement - Choose Desired Achievements;Mists of Pandaria;Achievements;17.56;USD;2026-01-07 18:32:07.983+00;1;unit;17.56
0d4b3c67-1bca-4c84-879a-3279d80fdd6a;option;ec2e5c1a-9d25-4b1d-a09c-ea500c07353f;f49026d4-c7af-4c9d-858b-264c994acebf;Full priority loot run;terrace-of-endless-spring;Terrace of Endless Spring - Loot Option;Mists of Pandaria;Raids;359.96;USD;2026-01-07 18:32:08.367+00;1;unit;359.96
84d67ee7-9ddb-41c3-9c40-81b561ad48c3;option;affd735f-ebd8-4445-b00c-9bea7b43317b;17db6b84-c56d-4a5d-a047-9b538b3193f4;Remote;glorious-tyranny-achievement;Glorious Tyranny Achievement - Boost Mode;Mists of Pandaria;Achievements;15;USD;2026-01-07 18:32:08.744+00;1;unit;15
a7620100-f08d-4580-92f5-9e6ef93e0736;option;f8bb0ea7-9c25-4f3e-a179-a5f66e26a113;5ca5f01d-3d3d-4bc1-a783-78be58451ad5;KORD 6P67;battlefield-6-weapon-unlock-boost;Battlefield 6 Weapon Unlock Boost  - Assault Rifle;Battlefield 6;Leveling;11;USD;2026-01-07 18:32:09.14+00;6;p67;1.8333333333333333
9f7a80ae-da58-40f8-b169-0faa56bcfbe8;option;f8bb0ea7-9c25-4f3e-a179-a5f66e26a113;bfbdb0f4-5422-4b22-b0cb-ed9b760badc4;SCW-10;battlefield-6-weapon-unlock-boost;Battlefield 6 Weapon Unlock Boost  - SMG;Battlefield 6;Leveling;25;USD;2026-01-07 18:32:09.505+00;10;unit;2.5
d9c3cab8-9f63-434c-8f22-df25ae7134d1;option;f8bb0ea7-9c25-4f3e-a179-a5f66e26a113;896b236b-d867-4ac6-bd91-29a90f37fe8d;M250;battlefield-6-weapon-unlock-boost;Battlefield 6 Weapon Unlock Boost  - Lmg;Battlefield 6;Leveling;109;USD;2026-01-07 18:32:09.873+00;250;unit;0.436
66be4e05-4a34-46d2-9fbc-a97266d8867d;option;f8bb0ea7-9c25-4f3e-a179-a5f66e26a113;420bb570-1f79-4f13-9cf4-ae96d3cfb847;SV-98;battlefield-6-weapon-unlock-boost;Battlefield 6 Weapon Unlock Boost  - Sniper rifle;Battlefield 6;Leveling;51;USD;2026-01-07 18:32:10.249+00;98;unit;0.5204081632653061
a7d6f18b-70b1-4a0d-acbc-b5cd0e3b31d6;option;f8bb0ea7-9c25-4f3e-a179-a5f66e26a113;35f22f3f-c3ab-4606-8704-e2b1391f08af;M45A1;battlefield-6-weapon-unlock-boost;Battlefield 6 Weapon Unlock Boost  - Secondary;Battlefield 6;Leveling;88;USD;2026-01-07 18:32:10.491+00;45;a1;1.9555555555555555
a1740aa3-5cc5-4855-9981-9ff3031d27b0;option;f8b2faa3-8595-46a2-885c-483c2a74211b;d6c0e61a-0224-462b-872f-9f1777f700d4;PC;difficulty-unlock;Difficulty Unlock - Select Your Platform;Diablo IV;Leveling;0;USD;2026-01-07 18:32:10.726+00;1;unit;0
3187c10d-aa84-454e-97a0-a06e5f6729eb;option;77db7c27-b639-4ae3-bb4d-d692ba2ade14;bae1c79c-122d-4da4-a6fe-accff0eabe50;Selfplay;glory-of-the-pandaria-raider-boost;Glory of the Pandaria Raider Boost - Boost Mode;War Within;Achievements;0;USD;2026-01-07 18:32:11.477+00;1;unit;0
91b9a486-bc89-4fb9-b473-f3a3921101bd;option;b8847db0-d41c-4d30-a37c-f98e0362e04a;f3aa6d4c-9b7c-4161-af0a-f2eee9f0628b;NA;the-arena-master;The Arena Master - Region;Mists of Pandaria;PvP;0;USD;2026-01-07 18:32:11.848+00;1;unit;0
700e8f2d-be2f-4cfe-b8b6-ccf36dc8b3d2;option;f373e46b-439f-4612-b949-db5ee37fbbd3;541bb322-f41c-490d-b559-05e22178b37c;Pilot;glorious-tyranny;Glorious Tyranny - Boost Mode;Mists of Pandaria;Gear;0;USD;2026-01-07 18:32:12.631+00;1;unit;0
ef5eef56-53ec-44ce-8b8d-ff2cd9ad863b;option;28e7cc58-0b6d-474e-9d8f-e115d537fe32;575ac0bd-e310-43bf-8a0a-3b723625c2f2;Selfplay;glory-of-the-dragonflight-hero-boost;Glory of the Dragonflight Hero Boost - Boost Mode;War Within;Achievements;0;USD;2026-01-07 18:32:12.998+00;1;unit;0
c06a8978-d9e4-44b5-b669-a183c93c9b67;option;150453b7-d604-4dd4-ad79-73186e2307cc;5a66148d-e569-40aa-82af-a5539a991845;NA;the-bone-freezer-mount;The Bone Freezer Mount - Region;War Within;Mounts;0;USD;2026-01-07 18:32:13.804+00;1;unit;0
99816e26-c125-4ec4-94d6-4d7dfc52e4a7;option;eb13d0c2-7165-42bb-96b9-feab8c0d92f9;fd0c8af8-89b3-4085-bfbc-61c5c3af1ef4;Remote;blood-bay-steed;Blood Bay Steed - Boost Mode;Diablo IV;Mounts;15;USD;2026-01-07 18:32:14.203+00;1;unit;15
b8812831-773d-4d88-8253-6cac8355ed0c;option;1141e6fb-29bd-4caa-b2d3-94212b6e589e;f9e2f880-4d1d-438e-bf63-7e6a515f70bd;EU;stormbreaker-achievement;Stormbreaker Achievement - Region;Mists of Pandaria;Achievements;0;USD;2026-01-07 18:32:14.604+00;1;unit;0
65776ea4-215d-433c-b6ce-8543fc781218;option;96d1bf21-faa1-49bc-82a4-961746875bde;9d0ef143-7f6e-44d3-a3ef-6825f774633b;Honored - Revered;emperor-shaohao;Emperor Shaohao  - Select Desired Reputation Level;Mists of Pandaria;Reputations;41.36;USD;2026-01-07 18:32:15.007+00;1;unit;41.36
50077f4a-4063-4733-9121-15f584f0e1e7;option;cebda02f-f480-4da3-8685-daffab059876;e8aa706e-b400-41fb-8b21-261234a63e35;Shadowblight;necromancer-builds;Necromancer Builds - Select Build;Diablo IV;Builds;0;USD;2026-01-07 18:32:41.965+00;1;unit;0
f9cf28b4-8cb0-446b-982f-ad575c6be2c9;option;e1d90154-c93d-48b1-9a90-817bd82de73c;8463fa5f-8430-4530-834c-ed01f7c26daf;Engineer Specialist Challenge 2;battlefield-6-challenges-assignments-completion-boost;Battlefield 6 Challenges & Assignments Completion Boost  - Assignments ( Class );Battlefield 6;Leveling;46;USD;2026-01-07 18:32:15.812+00;2;unit;23
fd914b69-c68d-463d-8b38-041e2c1b0960;option;e1d90154-c93d-48b1-9a90-817bd82de73c;8463fa5f-8430-4530-834c-ed01f7c26daf;Support Specialist Challenge 3;battlefield-6-challenges-assignments-completion-boost;Battlefield 6 Challenges & Assignments Completion Boost  - Assignments ( Class );Battlefield 6;Leveling;71;USD;2026-01-07 18:32:16.121+00;3;unit;23.666666666666668
11de79d6-42d4-47c1-b2ea-08e234807ac2;option;e1d90154-c93d-48b1-9a90-817bd82de73c;8463fa5f-8430-4530-834c-ed01f7c26daf;Recon Challenge 2;battlefield-6-challenges-assignments-completion-boost;Battlefield 6 Challenges & Assignments Completion Boost  - Assignments ( Class );Battlefield 6;Leveling;42;USD;2026-01-07 18:32:16.223+00;2;unit;21
2e29983f-7bca-4ee2-9f04-d87d106831ee;option;e1d90154-c93d-48b1-9a90-817bd82de73c;0ea5c975-bdba-450c-9920-2528959f7ab0;Teamplay Challenge 1;battlefield-6-challenges-assignments-completion-boost;Battlefield 6 Challenges & Assignments Completion Boost  - Assignments ( Initiation );Battlefield 6;Leveling;8;USD;2026-01-07 18:32:16.552+00;1;unit;8
7d7108d5-3c5c-4221-afba-1e73dcf98840;option;e1d90154-c93d-48b1-9a90-817bd82de73c;0ea5c975-bdba-450c-9920-2528959f7ab0;Small Modes Challenge 3 ;battlefield-6-challenges-assignments-completion-boost;Battlefield 6 Challenges & Assignments Completion Boost  - Assignments ( Initiation );Battlefield 6;Leveling;8;USD;2026-01-07 18:32:16.949+00;3;unit;2.6666666666666665
a5b4cd2c-7a53-4b9e-be18-619c44e34049;option;e1d90154-c93d-48b1-9a90-817bd82de73c;bff1b4ef-9d27-47ef-aeff-d99b194d25ac;Breakthourgh Challenge 2 ;battlefield-6-challenges-assignments-completion-boost;Battlefield 6 Challenges & Assignments Completion Boost  - Assignments ( Unit );Battlefield 6;Leveling;18;USD;2026-01-07 18:32:17.365+00;2;unit;9
7790faa8-a00e-4cad-b6bf-8a1c4f77c31d;option;e1d90154-c93d-48b1-9a90-817bd82de73c;bff1b4ef-9d27-47ef-aeff-d99b194d25ac;Rush Challenge 3 ;battlefield-6-challenges-assignments-completion-boost;Battlefield 6 Challenges & Assignments Completion Boost  - Assignments ( Unit );Battlefield 6;Leveling;18;USD;2026-01-07 18:32:17.767+00;3;unit;6
7e96bb6c-49c0-4ad1-b4d0-3ee14507a509;option;e1d90154-c93d-48b1-9a90-817bd82de73c;bff1b4ef-9d27-47ef-aeff-d99b194d25ac;Team Deatmatch Challenge 4 ;battlefield-6-challenges-assignments-completion-boost;Battlefield 6 Challenges & Assignments Completion Boost  - Assignments ( Unit );Battlefield 6;Leveling;27;USD;2026-01-07 18:32:18.584+00;4;unit;6.75
72efff7f-424f-45e5-97cf-4b878e243388;option;e1d90154-c93d-48b1-9a90-817bd82de73c;bff1b4ef-9d27-47ef-aeff-d99b194d25ac;Aerial Combat Expert Challenge 2;battlefield-6-challenges-assignments-completion-boost;Battlefield 6 Challenges & Assignments Completion Boost  - Assignments ( Unit );Battlefield 6;Leveling;94;USD;2026-01-07 18:32:18.987+00;2;unit;47
6245a4b5-8ebd-4964-b25d-4900c89d2930;option;e1d90154-c93d-48b1-9a90-817bd82de73c;bff1b4ef-9d27-47ef-aeff-d99b194d25ac;Weapon Expert Challenge 2;battlefield-6-challenges-assignments-completion-boost;Battlefield 6 Challenges & Assignments Completion Boost  - Assignments ( Unit );Battlefield 6;Leveling;33;USD;2026-01-07 18:32:19.381+00;2;unit;16.5
1efe9a8c-2330-4ec9-a71f-73ae5f219c3e;option;e1d90154-c93d-48b1-9a90-817bd82de73c;5b1700c0-df5f-4fe2-bcdd-9a45d89f600f;Rapid Fire Challenge 2 ;battlefield-6-challenges-assignments-completion-boost;Battlefield 6 Challenges & Assignments Completion Boost  - Assignments ( Weapon );Battlefield 6;Leveling;14;USD;2026-01-07 18:32:19.794+00;2;unit;7
6d9c845f-0da0-4a2c-9fb7-766c9c186bca;option;e1d90154-c93d-48b1-9a90-817bd82de73c;5b1700c0-df5f-4fe2-bcdd-9a45d89f600f;Point Blank Challenge 2 ;battlefield-6-challenges-assignments-completion-boost;Battlefield 6 Challenges & Assignments Completion Boost  - Assignments ( Weapon );Battlefield 6;Leveling;27;USD;2026-01-07 18:32:20.206+00;2;unit;13.5
7a462e4b-11c9-41c7-8783-97caf44b9f48;option;7e760c51-3a4b-4d8c-b960-d3ba80378862;a41281fe-c303-417e-b119-f161e23c027f;Seasonal - Softcore;striped-steppe-steed;Striped Steppe Steed - Select World;Diablo IV;Mounts;26.36;USD;2026-01-07 18:32:20.632+00;1;unit;26.36
dd844096-3504-4e53-94d3-955fef5d4e28;option;6cc3e0b2-d6f6-44c7-a33c-3bdf8b343e02;b4ceafd6-2330-4a42-aa8e-35ccb5abd3e0;Pilot;campaign;Campaign - Boost Mode;Diablo IV;Leveling;0;USD;2026-01-07 18:32:21.078+00;1;unit;0
fa0e2f37-9ece-47a4-b2df-cf9c9bb4f111;option;c0ed037d-e048-4efc-943d-26d63d8b8bc4;d9b2088c-0830-42be-ba76-baa17e3e750b;NA;glory-of-the-cataclysm-hero-boost;Glory of the Cataclysm Hero Boost - Region;War Within;Achievements;0;USD;2026-01-07 18:32:21.503+00;1;unit;0
5aebeefa-034f-44b5-a3a2-c3a3598de2e0;option;f815015e-5bfb-41a4-b1fa-9f8475798acd;c9cc96c6-5945-49e3-a19b-1fcec5016f19;Neutral - Friendly;the-dominance-offensive;The Dominance Offensive - Select Desired Reputation Level;Mists of Pandaria;Reputations;10.52;USD;2026-01-07 18:32:21.902+00;1;unit;10.52
94b41fb7-0eee-4ae5-821c-549e544a7961;option;00a71e88-7632-4d78-b708-421317aafe14;9d1a366d-b3a0-4d08-87cc-07b81607cffe;Andariel's Visage;mythic-unique-items;Mythic Unique Items - Select Mythic Unique(s);Diablo IV;Items;35.2;USD;2026-01-07 18:32:22.318+00;1;unit;35.2
3e76cdea-1ddc-4778-abbc-0e4e058056db;option;00a71e88-7632-4d78-b708-421317aafe14;339cdb8c-ec74-4339-9b06-05150a51d9bd;Remote;mythic-unique-items;Mythic Unique Items - Boost Mode;Diablo IV;Items;15;USD;2026-01-07 18:32:22.723+00;1;unit;15
b97dce9b-c676-421b-b3a5-17f280cc07ef;option;1f7c0235-c537-42b9-a396-c9ec9f7dfe56;d85e943b-ed2f-4434-883b-1800278ed912;Remote;glory-of-the-cataclysm-raider-boost;Glory of the Cataclysm Raider Boost - Boost Mode;War Within;Achievements;12.11;USD;2026-01-07 18:32:23.164+00;1;unit;12.11
6fc1fc9c-eccb-4c3f-936c-8b1bfedb06b3;option;398cc7e4-d58e-4ad7-8f9a-e0b56ed8347f;5437688c-54ae-4795-a532-0ee180a503a8;PSN;galvanic-azurite;Galvanic Azurite - Select Your Platform;Diablo IV;Items;0;USD;2026-01-07 18:32:23.944+00;1;unit;0
51206e6b-852c-4c52-b7b3-ae5f5f061f88;option;398cc7e4-d58e-4ad7-8f9a-e0b56ed8347f;b72edf0a-18ee-49d5-9c5a-8da75a1dbfed;High Roll Unique Power;galvanic-azurite;Galvanic Azurite - Extra Power ;Diablo IV;Items;8.8;USD;2026-01-07 18:32:24.369+00;1;unit;8.8
cbf197f9-cea9-48bd-89d0-e92f6f210668;option;c74b349f-5e3d-4322-8e70-db22dfb7a98c;704b9e27-8d6f-4e40-bcc6-a06ad110d393;Remote;executioners-steed;Executioner's Steed - Boost Mode;Diablo IV;Mounts;15;USD;2026-01-07 18:32:24.796+00;1;unit;15
8cb03b70-7146-4fce-a409-86707c29021e;option;1c1db7aa-eacc-4fb2-962d-86b41dc01313;4a20519d-e50d-4000-b89c-b4f61d6b2992;PC;marshback-steed;Marshback Steed - Select Your Platform;Diablo IV;Mounts;0;USD;2026-01-07 18:32:25.199+00;1;unit;0
a382018c-8dcb-45e3-aa93-2b0d1b619300;option;2687c4df-b1a5-45a0-b0c6-2de4f9dbd343;ca755c7b-de95-4f0c-8c1e-4f571e6beaab;NA;curious-slateback;Curious Slateback  - Region;War Within;Mounts;0;USD;2026-01-07 18:32:25.694+00;1;unit;0
67678fa4-1b26-4b77-b937-3564f5690776;option;453b3b37-afbe-4a4d-bcfc-a0fa4ae3202f;9145ca1e-b22c-4137-882b-69e485627bdd;EU;legendary-cloak;Legendary Cloak - Region;Mists of Pandaria;Gear;0;USD;2026-01-07 18:32:26.083+00;1;unit;0
eadf3a55-eda7-4bfc-ac13-29092c5b24bc;option;f4556954-c692-4bf3-b0ce-ea05b6e217b4;c51e9066-e547-4114-a751-bbab870f1e9d;NA;gear-boost;Gear Boost - Region;Mists of Pandaria;Gear;0;USD;2026-01-07 18:32:26.886+00;1;unit;0
37c922b5-d97c-4251-b734-8cf9c1c81eb1;option;da371775-f083-4421-b29f-41819c3c927e;abf96362-f48f-4e6d-8457-d8954a7ee7f6;EU;gladiator-boost;Gladiator Boost - Region;Mists of Pandaria;PvP;0;USD;2026-01-07 18:32:27.284+00;1;unit;0
1432349f-eb80-4d31-87d8-cbe49235ee7f;option;c51e5227-5db5-477d-a560-cc85bad1eac7;68f05f12-8e17-4d2d-854d-e5744cf7919e;NA;glorious-tyranny-boost;Glorious Tyranny Boost - Region;Mists of Pandaria;PvP;0;USD;2026-01-07 18:32:31.579+00;1;unit;0
87e51539-f72b-40ed-8150-fac2b9e6d5dc;product;35b15c72-384e-479b-9347-4d9e6d3e9ff9;;;keystone-legend-ksl-season-3;Keystone Legend (KSL) Season 3;War Within;Mythic+;88.02;USD;2026-01-07 14:02:42.404+00;1;unit;88.0200000000000000
78b8b155-8f07-418e-b8f6-4e11081e927f;product;9a9c85db-7fb7-44cc-a36a-e93a3315a17c;;;elite-pvp-set-boost;Elite PvP Set Boost;Mists of Pandaria;Gear;0;USD;2026-01-07 14:02:43.924+00;1;unit;0.00000000000000000000
93d890f1-9d02-4ec9-87dd-0ba9906b0f17;option;e1d90154-c93d-48b1-9a90-817bd82de73c;0ea5c975-bdba-450c-9920-2528959f7ab0;Vehicle Challenge 3;battlefield-6-challenges-assignments-completion-boost;Battlefield 6 Challenges & Assignments Completion Boost  - Assignments ( Initiation );Battlefield 6;Leveling;8;USD;2026-01-07 18:32:17.076+00;3;unit;2.6666666666666665
b96264a2-2e96-4f94-bf5d-f960439d6e31;option;e1d90154-c93d-48b1-9a90-817bd82de73c;bff1b4ef-9d27-47ef-aeff-d99b194d25ac;Escalation Challenge 1 ;battlefield-6-challenges-assignments-completion-boost;Battlefield 6 Challenges & Assignments Completion Boost  - Assignments ( Unit );Battlefield 6;Leveling;18;USD;2026-01-07 18:32:17.497+00;1;unit;18
c1e7c44a-1f73-4b32-8892-2ebfc7e2bd94;option;e1d90154-c93d-48b1-9a90-817bd82de73c;bff1b4ef-9d27-47ef-aeff-d99b194d25ac;King of the Hill Challenge 2 ;battlefield-6-challenges-assignments-completion-boost;Battlefield 6 Challenges & Assignments Completion Boost  - Assignments ( Unit );Battlefield 6;Leveling;18;USD;2026-01-07 18:32:17.901+00;2;unit;9
3ec1939a-4c68-4291-9722-e4ed660e5f3b;option;e1d90154-c93d-48b1-9a90-817bd82de73c;bff1b4ef-9d27-47ef-aeff-d99b194d25ac;Domination Challenge 1 ;battlefield-6-challenges-assignments-completion-boost;Battlefield 6 Challenges & Assignments Completion Boost  - Assignments ( Unit );Battlefield 6;Leveling;18;USD;2026-01-07 18:32:18.322+00;1;unit;18
61b58cb1-6a5a-416d-9620-42f40d258df5;option;e1d90154-c93d-48b1-9a90-817bd82de73c;bff1b4ef-9d27-47ef-aeff-d99b194d25ac;Combat Expert Challenge 2 ;battlefield-6-challenges-assignments-completion-boost;Battlefield 6 Challenges & Assignments Completion Boost  - Assignments ( Unit );Battlefield 6;Leveling;71;USD;2026-01-07 18:32:18.717+00;2;unit;35.5
0cecf3ce-5d3e-40b7-83f2-1ef39171919e;option;e1d90154-c93d-48b1-9a90-817bd82de73c;bff1b4ef-9d27-47ef-aeff-d99b194d25ac;Protection Expert Challenge 2;battlefield-6-challenges-assignments-completion-boost;Battlefield 6 Challenges & Assignments Completion Boost  - Assignments ( Unit );Battlefield 6;Leveling;71;USD;2026-01-07 18:32:19.116+00;2;unit;35.5
9fbf1f13-9d0f-4bfd-a22a-12a53d68c3e9;option;e1d90154-c93d-48b1-9a90-817bd82de73c;bff1b4ef-9d27-47ef-aeff-d99b194d25ac;Headshot Expert Challenge 2;battlefield-6-challenges-assignments-completion-boost;Battlefield 6 Challenges & Assignments Completion Boost  - Assignments ( Unit );Battlefield 6;Leveling;41;USD;2026-01-07 18:32:19.514+00;2;unit;20.5
9568c200-9d4d-4658-9332-62041ed0213f;option;e1d90154-c93d-48b1-9a90-817bd82de73c;5b1700c0-df5f-4fe2-bcdd-9a45d89f600f;Danger Close Challenge 2;battlefield-6-challenges-assignments-completion-boost;Battlefield 6 Challenges & Assignments Completion Boost  - Assignments ( Weapon );Battlefield 6;Leveling;27;USD;2026-01-07 18:32:19.939+00;2;unit;13.5
a362a111-f733-4e3b-a52e-48ca061143c9;option;83cbdbaa-3c65-4cb7-8ad9-4c9c4c15564f;1d167bb1-0ff1-408a-8f35-2ab80320224a;Pilot;steamwheedle-cartel-reputation-boost;Steamwheedle Cartel Reputation Boost - Boost Mode;War Within;Reputations;0;USD;2026-01-07 18:32:20.8+00;1;unit;0
20892172-c558-49dc-9607-652cff119633;option;6cc3e0b2-d6f6-44c7-a33c-3bdf8b343e02;20f05150-473e-49c7-8450-fd9247537686;PSN;campaign;Campaign - Select Your Platform;Diablo IV;Leveling;0;USD;2026-01-07 18:32:21.225+00;1;unit;0
41f448f8-1af2-4d73-a1c7-842a3c070d14;option;c0ed037d-e048-4efc-943d-26d63d8b8bc4;9cc8ba83-04de-423a-8747-a68403049a79;Remote;glory-of-the-cataclysm-hero-boost;Glory of the Cataclysm Hero Boost - Boost Mode;War Within;Achievements;12.11;USD;2026-01-07 18:32:21.64+00;1;unit;12.11
8e2a7ab6-0bc0-4969-a5a3-d63b21254956;option;f815015e-5bfb-41a4-b1fa-9f8475798acd;c9cc96c6-5945-49e3-a19b-1fcec5016f19;Revered - Exalted;the-dominance-offensive;The Dominance Offensive - Select Desired Reputation Level;Mists of Pandaria;Reputations;73.04;USD;2026-01-07 18:32:22.036+00;1;unit;73.04
c1d7ce1e-ad41-498f-9568-de9891a41cfe;option;00a71e88-7632-4d78-b708-421317aafe14;9d1a366d-b3a0-4d08-87cc-07b81607cffe;Ring of Starless Skies;mythic-unique-items;Mythic Unique Items - Select Mythic Unique(s);Diablo IV;Items;35.2;USD;2026-01-07 18:32:22.462+00;1;unit;35.2
e785d098-0220-4b4e-8ba1-c2c7fd7a27dc;option;00a71e88-7632-4d78-b708-421317aafe14;2f683596-ee9d-4ec3-83be-d05578bf2fd1;XBOX;mythic-unique-items;Mythic Unique Items - Select Your Platform;Diablo IV;Items;0;USD;2026-01-07 18:32:22.884+00;1;unit;0
dd83bd73-9294-4853-87e0-92b68aace634;option;7d5f5faa-b632-4057-bb74-5c325ec1de07;a671d12d-a909-4a49-81a7-df23b14e5ff1;EU;reins-of-the-azure-water-strider;Reins of the Azure Water Strider - Region;Mists of Pandaria;Mounts;0;USD;2026-01-07 18:32:23.684+00;1;unit;0
3da77a7e-7090-4576-afcc-861304ef9600;option;398cc7e4-d58e-4ad7-8f9a-e0b56ed8347f;06881e8d-ab97-4d25-8104-ef1da2a31ee1;Eternal;galvanic-azurite;Galvanic Azurite - Select World - Softcore;Diablo IV;Items;50;USD;2026-01-07 18:32:24.082+00;1;unit;50
c635ebb4-731d-4d20-884b-27bb6ea71821;option;4aefb210-5339-4962-9122-6060f5302fb0;476ce1e5-2777-4c3c-a5b9-6f023e8e5eb0;Pilot;reins-of-the-grand-expedition-yak;Reins of the Grand Expedition Yak - Boost Mode;Mists of Pandaria;Mounts;0;USD;2026-01-07 18:32:24.503+00;1;unit;0
98ff2066-267d-40b8-b187-9a39ca89a6cd;option;c74b349f-5e3d-4322-8e70-db22dfb7a98c;cc50f3c9-b2ee-4734-9c42-406717e0064a;XBOX;executioners-steed;Executioner's Steed - Select Your Platform;Diablo IV;Mounts;0;USD;2026-01-07 18:32:24.92+00;1;unit;0
67717d13-6b83-4a22-b411-182dea04af38;option;1c1db7aa-eacc-4fb2-962d-86b41dc01313;fd2430e4-4c09-43be-9e46-55d48c55b2ae;Seasonal - Softcore;marshback-steed;Marshback Steed - Select World;Diablo IV;Mounts;26.36;USD;2026-01-07 18:32:25.361+00;1;unit;26.36
c3819afc-1782-4e4e-9116-a2fd053b338f;option;194bd666-bd14-491f-9dd1-97380dd212b1;a8ad9ae8-2519-43e8-9c7b-8b750d21ade9;Remote;g-99-breakneck;G-99 Breakneck  - Boost Method;War Within;Mounts;25.5;USD;2026-01-07 18:32:25.82+00;1;unit;25.5
a0440f9d-57af-43d0-9ef7-bac53b212712;option;453b3b37-afbe-4a4d-bcfc-a0fa4ae3202f;46c02e93-2e6b-4c34-8ce4-c740bb1d4b2f;Chapter II: Wrathion's War;legendary-cloak;Legendary Cloak - Desired Chapters;Mists of Pandaria;Gear;491;USD;2026-01-07 18:32:26.211+00;1;unit;491
469afb16-a1ad-4e4d-8c06-9a6b930b7336;option;0ef10f78-1361-4857-a55a-4a05f9a134aa;d29f76e2-7a3c-44a5-92e5-e58a641e7afb;Honored - Revered;the-lorewalkers;The Lorewalkers - Select Desired Reputation Level;Mists of Pandaria;Reputations;7.95;USD;2026-01-07 18:32:27.699+00;1;unit;7.95
ba204104-4e89-472b-86bc-aa881da2a05a;option;bf24b415-4b2d-4980-bb0e-fac51bc02803;66bab9f7-ec2e-4943-bc1d-44b2804ae4c6;Missing Informant;eft-lightkeeper-quests-boost; Lightkeeper Quests - Quests;Escape From Tarkov;Quests;19;USD;2026-01-07 18:32:28.102+00;1;unit;19
0d6735b1-fab4-490c-a91e-929d9cb69bf5;option;570804c3-3ff2-4326-b791-2339d538630b;63b1f571-5bdb-43cd-8849-bf50ffd87bf6;Pilot;the-scale-of-the-sands;The Scale of the Sands - Boost Method;WoW: TBC;Reputations;0;USD;2026-01-07 18:32:28.492+00;1;unit;0
e05fa2b6-a21b-4d40-84c9-ad92b1f470fd;option;492e6763-5aa9-4fc4-bc2c-675b7a1f7eb0;8d41bae8-bc63-4f17-91d6-2abb8f519002;Pilot;heart-of-fear;Heart of Fear - Boost Mode;Mists of Pandaria;Raids;0;USD;2026-01-07 18:32:28.894+00;1;unit;0
fc92b989-d7e4-47d3-b6ab-30a31eb03ec7;option;9691f18a-f7dd-4dab-a8d9-212be4b9faa1;15fe6147-d5d6-4920-a3d0-e2a2e7e30ef0;Gold;challenge-mode;Challenge Mode - All 9/9 Dungeons;Mists of Pandaria;Challenge Mode;69;USD;2026-01-07 18:32:29.713+00;1;unit;69
edf4f09b-d0f9-4ee7-998d-c58e1f9a6fb9;option;9691f18a-f7dd-4dab-a8d9-212be4b9faa1;cf3a85a3-8041-4a2e-b788-fd34f5fe5e53;Temple of Jade Serpent;challenge-mode;Challenge Mode - Specific Dungeons (Gold);Mists of Pandaria;Challenge Mode;12.76;USD;2026-01-07 18:32:30.145+00;1;unit;12.76
0d6ff5c1-7fd9-49fb-a436-48643a945f26;option;cd0edc07-ad7c-43a4-816c-b868a02c5648;68964f04-7a0e-4026-bd9d-35ac36dc0eee;PC;ghastly-reins;Ghastly Reins - Select Your Platform;Diablo IV;Mounts;0;USD;2026-01-07 18:32:30.95+00;1;unit;0
4f92c1e9-764f-4f45-a4da-6cd99897c94d;option;e1d90154-c93d-48b1-9a90-817bd82de73c;0ea5c975-bdba-450c-9920-2528959f7ab0;Large Modes Challenge 4;battlefield-6-challenges-assignments-completion-boost;Battlefield 6 Challenges & Assignments Completion Boost  - Assignments ( Initiation );Battlefield 6;Leveling;8;USD;2026-01-07 18:32:16.823+00;4;unit;2
3d34279e-d4ae-4a1a-ab6f-8e7ff4232aff;option;e1d90154-c93d-48b1-9a90-817bd82de73c;bff1b4ef-9d27-47ef-aeff-d99b194d25ac;Conquest Challenge 3;battlefield-6-challenges-assignments-completion-boost;Battlefield 6 Challenges & Assignments Completion Boost  - Assignments ( Unit );Battlefield 6;Leveling;18;USD;2026-01-07 18:32:17.237+00;3;unit;6
ed09e1b4-e9c0-4982-9417-232c3c2de633;option;e1d90154-c93d-48b1-9a90-817bd82de73c;bff1b4ef-9d27-47ef-aeff-d99b194d25ac;King of the Hill Challenge 5 ;battlefield-6-challenges-assignments-completion-boost;Battlefield 6 Challenges & Assignments Completion Boost  - Assignments ( Unit );Battlefield 6;Leveling;84;USD;2026-01-07 18:32:18.051+00;5;unit;16.8
9368b2cf-331d-4dd2-a8f1-c92f120ec62a;product;1c1db7aa-eacc-4fb2-962d-86b41dc01313;;;marshback-steed;Marshback Steed;Diablo IV;Mounts;0;USD;2026-01-07 14:02:37.154+00;1;unit;0.00000000000000000000
b16cc4d0-24fc-4093-9d88-d04e1ed5fee8;option;e1d90154-c93d-48b1-9a90-817bd82de73c;bff1b4ef-9d27-47ef-aeff-d99b194d25ac;Team Deathmatch Challenge 1 ;battlefield-6-challenges-assignments-completion-boost;Battlefield 6 Challenges & Assignments Completion Boost  - Assignments ( Unit );Battlefield 6;Leveling;18;USD;2026-01-07 18:32:18.459+00;1;unit;18
2b8ef9ef-4f56-48fb-aa95-86e36ad6d37e;option;e1d90154-c93d-48b1-9a90-817bd82de73c;bff1b4ef-9d27-47ef-aeff-d99b194d25ac;Land Vehicle Expert Challenge 2;battlefield-6-challenges-assignments-completion-boost;Battlefield 6 Challenges & Assignments Completion Boost  - Assignments ( Unit );Battlefield 6;Leveling;46;USD;2026-01-07 18:32:18.855+00;2;unit;23
87051c45-c8cc-42ed-baab-206ea56e2a84;option;e1d90154-c93d-48b1-9a90-817bd82de73c;bff1b4ef-9d27-47ef-aeff-d99b194d25ac;Explosives Expert Challenge 2;battlefield-6-challenges-assignments-completion-boost;Battlefield 6 Challenges & Assignments Completion Boost  - Assignments ( Unit );Battlefield 6;Leveling;71;USD;2026-01-07 18:32:19.25+00;2;unit;35.5
524e8a0c-87db-41b9-b999-e010db3a4829;option;e1d90154-c93d-48b1-9a90-817bd82de73c;5b1700c0-df5f-4fe2-bcdd-9a45d89f600f;Bullet Storm Challenge 1;battlefield-6-challenges-assignments-completion-boost;Battlefield 6 Challenges & Assignments Completion Boost  - Assignments ( Weapon );Battlefield 6;Leveling;18;USD;2026-01-07 18:32:20.071+00;1;unit;18
1ce80ccb-8ac4-4deb-ab9e-697604ffa966;option;7e760c51-3a4b-4d8c-b960-d3ba80378862;710a8030-1c89-4b86-91fb-64cc7e2704ed;PC;striped-steppe-steed;Striped Steppe Steed - Select Your Platform;Diablo IV;Mounts;0;USD;2026-01-07 18:32:20.476+00;1;unit;0
720b7462-e69e-43de-b531-8f3a45a07d91;option;83cbdbaa-3c65-4cb7-8ad9-4c9c4c15564f;0758215a-e2cd-40a8-b167-4859f4556c60;Honored - Revered;steamwheedle-cartel-reputation-boost;Steamwheedle Cartel Reputation Boost - Reputation;War Within;Reputations;18.48;USD;2026-01-07 18:32:20.936+00;1;unit;18.48
2354d158-fc72-4559-93cf-aa186806fe51;option;6cc3e0b2-d6f6-44c7-a33c-3bdf8b343e02;588b91c0-7792-469e-82d8-b0ff7243ab76;Eternal;campaign;Campaign - Select World - Softcore;Diablo IV;Leveling;50;USD;2026-01-07 18:32:21.358+00;1;unit;50
c7235fb7-3333-47ed-9ec8-6034c207104b;option;f815015e-5bfb-41a4-b1fa-9f8475798acd;b2df6442-790c-494c-804d-4a623daedbb1;Remote;the-dominance-offensive;The Dominance Offensive - Boost Mode;Mists of Pandaria;Reputations;15;USD;2026-01-07 18:32:21.767+00;1;unit;15
4a63f64f-43c6-4944-a500-8644821d82bc;option;00a71e88-7632-4d78-b708-421317aafe14;9d1a366d-b3a0-4d08-87cc-07b81607cffe;Heir of Perdition;mythic-unique-items;Mythic Unique Items - Select Mythic Unique(s);Diablo IV;Items;35.2;USD;2026-01-07 18:32:22.168+00;1;unit;35.2
7ceb1b98-4bb1-4f2c-a6b5-ed830de2d6ab;option;00a71e88-7632-4d78-b708-421317aafe14;9d1a366d-b3a0-4d08-87cc-07b81607cffe;Ahavarion, Spear of Lycander;mythic-unique-items;Mythic Unique Items - Select Mythic Unique(s);Diablo IV;Items;35.2;USD;2026-01-07 18:32:22.601+00;1;unit;35.2
8a01ad3a-3d86-467a-b532-dface0e0e08c;option;671844da-ab74-4e73-b258-f88f3ad11411;baebeac5-109e-49a7-9caf-e21d97f32482;Remote;glory-of-the-orgrimmar-raider-achievement;Glory of the Orgrimmar Raider Achievement - Boost Mode;Mists of Pandaria;Achievements;15;USD;2026-01-07 18:32:23.422+00;1;unit;15
0258a392-5728-429d-8b77-b41aab28e7dc;option;398cc7e4-d58e-4ad7-8f9a-e0b56ed8347f;242e6614-57e4-4b5f-9829-0158b121ee13;Pilot;galvanic-azurite;Galvanic Azurite - Boost Mode;Diablo IV;Items;0;USD;2026-01-07 18:32:23.818+00;1;unit;0
38ac4744-e815-4a08-a35c-1cf7d540efc4;option;398cc7e4-d58e-4ad7-8f9a-e0b56ed8347f;97cc9af5-c94f-4783-997d-9fccc7693683;2/4 - Greater Affixes;galvanic-azurite;Galvanic Azurite - Greater Affixes;Diablo IV;Items;17.6;USD;2026-01-07 18:32:24.225+00;2;unit;8.8
dcb2e58f-2142-437e-aaf7-6c6d9bc76ccf;option;4aefb210-5339-4962-9122-6060f5302fb0;5383d17b-4596-4893-85ee-7dd6dd56b7cb;NA;reins-of-the-grand-expedition-yak;Reins of the Grand Expedition Yak - Region;Mists of Pandaria;Mounts;0;USD;2026-01-07 18:32:24.647+00;1;unit;0
17fcc2d9-aa97-487f-9525-94df01afbb7f;option;2687c4df-b1a5-45a0-b0c6-2de4f9dbd343;172a0c97-1e2b-41e4-8d1a-d8da628fe1eb;Pilot;curious-slateback;Curious Slateback  - Boost Method;War Within;Mounts;0;USD;2026-01-07 18:32:25.562+00;1;unit;0
ecdc443a-b576-43a4-852e-95b928fc0573;option;a10917d0-4b63-4009-8f54-ae2e874f13d3;29256ac9-bd53-49ad-936f-93ebd023a732;NA;reins-of-the-thundering-onyx-cloud-serpent;Reins of the Thundering Onyx Cloud Serpent - Region;Mists of Pandaria;Mounts;0;USD;2026-01-07 18:32:26.595+00;1;unit;0
33eb14e1-e295-46bb-8963-e19481b290b5;option;f4556954-c692-4bf3-b0ce-ea05b6e217b4;46f83faf-8b43-403e-aff2-4f5d9b2db635;489 ilvl;gear-boost;Gear Boost - PvE Gear;Mists of Pandaria;Gear;279.96;USD;2026-01-07 18:32:27.024+00;489;ilvl;0.5725153374233128
7c7c585f-6913-451d-8406-d265281b0417;option;0ef10f78-1361-4857-a55a-4a05f9a134aa;d363be50-eb0e-48d1-89ad-35dcf291bc27;Pilot;the-lorewalkers;The Lorewalkers - Boost Mode;Mists of Pandaria;Reputations;0;USD;2026-01-07 18:32:27.414+00;1;unit;0
dad285c2-5e82-4b64-9f51-16aa73784951;option;bf24b415-4b2d-4980-bb0e-fac51bc02803;7526e921-8b54-434f-8bd3-203e053afc22;PvP;eft-lightkeeper-quests-boost; Lightkeeper Quests - Server;Escape From Tarkov;Quests;0;USD;2026-01-07 18:32:27.82+00;1;unit;0
85ffbdae-5f10-4675-a4c0-d599f106bbfa;option;bf24b415-4b2d-4980-bb0e-fac51bc02803;66bab9f7-ec2e-4943-bc1d-44b2804ae4c6;Payback;eft-lightkeeper-quests-boost; Lightkeeper Quests - Quests;Escape From Tarkov;Quests;69;USD;2026-01-07 18:32:28.236+00;1;unit;69
288c5c83-1f30-4499-b0bd-8ebe4bad0411;option;570804c3-3ff2-4326-b791-2339d538630b;dccc358a-9964-4f8a-a34f-8f927f019e71;NA;the-scale-of-the-sands;The Scale of the Sands - Region;WoW: TBC;Reputations;0;USD;2026-01-07 18:32:28.625+00;1;unit;0
de6c5be5-2212-4cdd-bf87-ad418bfab3db;option;492e6763-5aa9-4fc4-bc2c-675b7a1f7eb0;2dc4f772-eb46-4b05-b948-fbe299e7d495;EU;heart-of-fear;Heart of Fear - Region;Mists of Pandaria;Raids;0;USD;2026-01-07 18:32:29.032+00;1;unit;0
e501a86a-184e-4689-9dd4-2b8070fd2b23;option;9691f18a-f7dd-4dab-a8d9-212be4b9faa1;03c96dd6-d19d-4954-93d9-431b2f4c89c1;Selfplay;challenge-mode;Challenge Mode - Boost Mode;Mists of Pandaria;Challenge Mode;0;USD;2026-01-07 18:32:29.444+00;1;unit;0
fcf2df23-b89d-40c7-adc4-af6f5cb3f748;option;9691f18a-f7dd-4dab-a8d9-212be4b9faa1;cf3a85a3-8041-4a2e-b788-fd34f5fe5e53;Scarlet Halls;challenge-mode;Challenge Mode - Specific Dungeons (Gold);Mists of Pandaria;Challenge Mode;12.76;USD;2026-01-07 18:32:29.851+00;1;unit;12.76
286a87c8-8421-4edc-8c7b-ee2c4dccb489;option;0a80a4c7-d5d0-4fea-8b7e-aeca3b977971;67c04e47-3b47-46bc-b1e9-cb0ad473fc24;Remote;bloody-liquid-steed;Bloody Liquid Steed - Boost Mode;Diablo IV;Mounts;15;USD;2026-01-07 18:32:30.278+00;1;unit;15
8ebc2a85-d2d1-42e5-864e-8f5f944734de;option;9a9c85db-7fb7-44cc-a36a-e93a3315a17c;e11a09ef-1f1c-45ff-8244-f8c0030c92e3;EU;elite-pvp-set-boost;Elite PvP Set Boost - Region;Mists of Pandaria;Gear;0;USD;2026-01-07 18:32:30.677+00;1;unit;0
b58a2007-44c5-46ef-a7bf-a181486caba5;option;cd0edc07-ad7c-43a4-816c-b868a02c5648;965e8c15-7ffa-4327-9df1-e6d4e5e82f95;Seasonal - Softcore;ghastly-reins;Ghastly Reins - Select World;Diablo IV;Mounts;303.6;USD;2026-01-07 18:32:31.079+00;1;unit;303.6
335822d7-d4bf-44e9-8066-180f9411bfb1;option;e1d90154-c93d-48b1-9a90-817bd82de73c;bff1b4ef-9d27-47ef-aeff-d99b194d25ac;Conquest Challenge 4 ;battlefield-6-challenges-assignments-completion-boost;Battlefield 6 Challenges & Assignments Completion Boost  - Assignments ( Unit );Battlefield 6;Leveling;94;USD;2026-01-07 18:32:17.277+00;4;unit;23.5
040e566c-b507-4bb6-a270-11dad2e44f15;option;e1d90154-c93d-48b1-9a90-817bd82de73c;bff1b4ef-9d27-47ef-aeff-d99b194d25ac;Rush Challenge 1 ;battlefield-6-challenges-assignments-completion-boost;Battlefield 6 Challenges & Assignments Completion Boost  - Assignments ( Unit );Battlefield 6;Leveling;18;USD;2026-01-07 18:32:17.682+00;1;unit;18
464544f7-6145-4379-bc8d-ee8a3731ef92;option;e1d90154-c93d-48b1-9a90-817bd82de73c;bff1b4ef-9d27-47ef-aeff-d99b194d25ac;Squad Deathmatch Challenge 1 ;battlefield-6-challenges-assignments-completion-boost;Battlefield 6 Challenges & Assignments Completion Boost  - Assignments ( Unit );Battlefield 6;Leveling;18;USD;2026-01-07 18:32:18.095+00;1;unit;18
d322acfb-99d2-4bd1-8811-15980bb47f1f;option;e1d90154-c93d-48b1-9a90-817bd82de73c;bff1b4ef-9d27-47ef-aeff-d99b194d25ac;Team Deathmatch Challenge 2 ;battlefield-6-challenges-assignments-completion-boost;Battlefield 6 Challenges & Assignments Completion Boost  - Assignments ( Unit );Battlefield 6;Leveling;18;USD;2026-01-07 18:32:18.501+00;2;unit;9
d47c09d4-53a0-412f-9f4b-6986bcaaa47f;option;e1d90154-c93d-48b1-9a90-817bd82de73c;bff1b4ef-9d27-47ef-aeff-d99b194d25ac;Land Vehicle Expert Challenge 3;battlefield-6-challenges-assignments-completion-boost;Battlefield 6 Challenges & Assignments Completion Boost  - Assignments ( Unit );Battlefield 6;Leveling;46;USD;2026-01-07 18:32:18.897+00;3;unit;15.333333333333334
fbda5912-fc01-4784-a243-55cd9c0d9b87;product;c0ed037d-e048-4efc-943d-26d63d8b8bc4;;;glory-of-the-cataclysm-hero-boost;Glory of the Cataclysm Hero Boost;War Within;Achievements;12.04;USD;2026-01-07 14:02:32.958+00;1;unit;12.0400000000000000
9b03492b-138d-49a1-806a-c1184e76c0cf;option;e1d90154-c93d-48b1-9a90-817bd82de73c;bff1b4ef-9d27-47ef-aeff-d99b194d25ac;Explosives Expert Challenge 3;battlefield-6-challenges-assignments-completion-boost;Battlefield 6 Challenges & Assignments Completion Boost  - Assignments ( Unit );Battlefield 6;Leveling;80;USD;2026-01-07 18:32:19.296+00;3;unit;26.666666666666668
6f6891e2-0fe9-4e07-b114-8cb3c96b3239;option;e1d90154-c93d-48b1-9a90-817bd82de73c;5b1700c0-df5f-4fe2-bcdd-9a45d89f600f;Bullet Storm Challenge 2;battlefield-6-challenges-assignments-completion-boost;Battlefield 6 Challenges & Assignments Completion Boost  - Assignments ( Weapon );Battlefield 6;Leveling;23;USD;2026-01-07 18:32:20.113+00;2;unit;11.5
edeb155d-4112-41a7-9d01-1ff132b70ac6;option;7e760c51-3a4b-4d8c-b960-d3ba80378862;710a8030-1c89-4b86-91fb-64cc7e2704ed;PSN;striped-steppe-steed;Striped Steppe Steed - Select Your Platform;Diablo IV;Mounts;0;USD;2026-01-07 18:32:20.518+00;1;unit;0
c3d52f15-0ad6-4ff3-b0ef-f79e07363b48;option;83cbdbaa-3c65-4cb7-8ad9-4c9c4c15564f;0758215a-e2cd-40a8-b167-4859f4556c60;Revered - Exalted;steamwheedle-cartel-reputation-boost;Steamwheedle Cartel Reputation Boost - Reputation;War Within;Reputations;31.27;USD;2026-01-07 18:32:20.983+00;1;unit;31.27
4639c7bc-769d-4b1a-bdd8-e4380831996b;option;f815015e-5bfb-41a4-b1fa-9f8475798acd;9b67ec93-bd47-4dc9-9eb3-9524d910f2c7;EU;the-dominance-offensive;The Dominance Offensive - Region;Mists of Pandaria;Reputations;0;USD;2026-01-07 18:32:21.809+00;1;unit;0
27d5ea9e-383a-4293-a931-8f3b20106457;option;00a71e88-7632-4d78-b708-421317aafe14;9d1a366d-b3a0-4d08-87cc-07b81607cffe;Shroud of False Death;mythic-unique-items;Mythic Unique Items - Select Mythic Unique(s);Diablo IV;Items;35.2;USD;2026-01-07 18:32:22.234+00;1;unit;35.2
79dbd725-92e2-44bc-827f-f5135f3ffbca;option;00a71e88-7632-4d78-b708-421317aafe14;9d1a366d-b3a0-4d08-87cc-07b81607cffe;Tyrael's Might;mythic-unique-items;Mythic Unique Items - Select Mythic Unique(s);Diablo IV;Items;35.2;USD;2026-01-07 18:32:22.643+00;1;unit;35.2
6b53e2cf-7d1d-4fa8-aab9-474127dad59f;option;1f7c0235-c537-42b9-a396-c9ec9f7dfe56;d85e943b-ed2f-4434-883b-1800278ed912;Selfplay;glory-of-the-cataclysm-raider-boost;Glory of the Cataclysm Raider Boost - Boost Mode;War Within;Achievements;0;USD;2026-01-07 18:32:23.072+00;1;unit;0
4a02c330-af64-4b60-b255-fe100b180c6a;option;671844da-ab74-4e73-b258-f88f3ad11411;ff5f52ed-571d-491f-b7b2-efbe63232d27;EU;glory-of-the-orgrimmar-raider-achievement;Glory of the Orgrimmar Raider Achievement - Region;Mists of Pandaria;Achievements;0;USD;2026-01-07 18:32:23.465+00;1;unit;0
68386069-5004-47d2-b818-c8ccfb17b5a9;option;398cc7e4-d58e-4ad7-8f9a-e0b56ed8347f;242e6614-57e4-4b5f-9829-0158b121ee13;Remote;galvanic-azurite;Galvanic Azurite - Boost Mode;Diablo IV;Items;15;USD;2026-01-07 18:32:23.859+00;1;unit;15
fb9c1312-aac4-4d4b-ad37-6184c6152a9b;option;398cc7e4-d58e-4ad7-8f9a-e0b56ed8347f;97cc9af5-c94f-4783-997d-9fccc7693683;3/4 - Greater Affixes;galvanic-azurite;Galvanic Azurite - Greater Affixes;Diablo IV;Items;52.8;USD;2026-01-07 18:32:24.275+00;3;unit;17.599999999999998
c403a598-1bc6-46f6-9293-3319e99757bd;option;453b3b37-afbe-4a4d-bcfc-a0fa4ae3202f;46c02e93-2e6b-4c34-8ce4-c740bb1d4b2f;Chapter V: Judgment of the Black Prince;legendary-cloak;Legendary Cloak - Desired Chapters;Mists of Pandaria;Gear;491;USD;2026-01-07 18:32:26.334+00;1;unit;491
f85207c8-dc7e-40d0-a096-4e741b52dc86;option;f4556954-c692-4bf3-b0ce-ea05b6e217b4;02674886-56f2-45b8-bb96-259031556b6b;Selfplay;gear-boost;Gear Boost - Boost Mode;Mists of Pandaria;Gear;0;USD;2026-01-07 18:32:26.738+00;1;unit;0
afca0fda-dd1d-4e7b-8f97-2ec3b163e0d8;option;f4556954-c692-4bf3-b0ce-ea05b6e217b4;46f83faf-8b43-403e-aff2-4f5d9b2db635;509 ilvl;gear-boost;Gear Boost - PvE Gear;Mists of Pandaria;Gear;1599.96;USD;2026-01-07 18:32:27.155+00;509;ilvl;3.1433398821218077
ace0740a-c715-4b11-8cdc-974d58e3bed1;option;0ef10f78-1361-4857-a55a-4a05f9a134aa;8bcc80db-2658-441d-8dc7-be327a7469a3;NA;the-lorewalkers;The Lorewalkers - Boost Mode;Mists of Pandaria;Reputations;0;USD;2026-01-07 18:32:27.564+00;1;unit;0
2dc4c9dc-db74-47a1-9455-c1d9f3c6a0ce;option;bf24b415-4b2d-4980-bb0e-fac51bc02803;b3a9d0d3-387a-4bc8-9262-442d8a63078d;Selfplay;eft-lightkeeper-quests-boost; Lightkeeper Quests - Boost Method;Escape From Tarkov;Quests;30;USD;2026-01-07 18:32:27.971+00;1;unit;30
4060587b-9824-4e47-bc3e-5d66910a9ac7;option;bf24b415-4b2d-4980-bb0e-fac51bc02803;66bab9f7-ec2e-4943-bc1d-44b2804ae4c6;Make an Impression;eft-lightkeeper-quests-boost; Lightkeeper Quests - Quests;Escape From Tarkov;Quests;69;USD;2026-01-07 18:32:28.362+00;1;unit;69
028713a0-e5df-42d3-9d8c-be4b7c384c62;option;570804c3-3ff2-4326-b791-2339d538630b;0fd0e315-bcbc-484c-bcaf-c762576a7d5b;Honored - Revered;the-scale-of-the-sands;The Scale of the Sands - Desired Reputation Level;WoW: TBC;Reputations;69;USD;2026-01-07 18:32:28.768+00;1;unit;69
234789ac-d69c-4064-b260-6401800a85c6;option;492e6763-5aa9-4fc4-bc2c-675b7a1f7eb0;16e3ba1a-de4d-45e0-9cb1-18581ff92c58;4+ items loot run;heart-of-fear;Heart of Fear - Loot Option;Mists of Pandaria;Raids;319.96;USD;2026-01-07 18:32:29.163+00;4;unit;79.99
8d9ced83-2491-45a2-a331-cd9fd4226c07;option;9691f18a-f7dd-4dab-a8d9-212be4b9faa1;3db2e53a-01f1-4028-adc6-e48d820f7b19;NA;challenge-mode;Challenge Mode - Region;Mists of Pandaria;Challenge Mode;0;USD;2026-01-07 18:32:29.578+00;1;unit;0
2380c08d-b1c7-4dec-8742-2e8cc8961436;option;9691f18a-f7dd-4dab-a8d9-212be4b9faa1;cf3a85a3-8041-4a2e-b788-fd34f5fe5e53;Shado-pan Monastery;challenge-mode;Challenge Mode - Specific Dungeons (Gold);Mists of Pandaria;Challenge Mode;12.76;USD;2026-01-07 18:32:30.012+00;1;unit;12.76
92ebbb2c-4afa-4e99-89fe-3dbf08cba5aa;option;0a80a4c7-d5d0-4fea-8b7e-aeca3b977971;cc357123-cb31-4337-8ca2-d46a1355bb1f;XBOX;bloody-liquid-steed;Bloody Liquid Steed - Select Your Platform;Diablo IV;Mounts;0;USD;2026-01-07 18:32:30.41+00;1;unit;0
94364cf1-e2f6-49b2-9113-4c3c6979077a;option;b2c5afb3-385c-4a4a-8c98-a7ccf7432fb7;e93031a5-cde7-4d64-b5f9-091a44af67c9;Pilot;going-to-need-a-bigger-bag-achievement;Going To Need A Bigger Bag Achievement - Boost Mode;Mists of Pandaria;Achievements;0;USD;2026-01-07 18:32:31.219+00;1;unit;0
adffed75-3c4a-41a5-ac81-be8b51de92e2;product;da371775-f083-4421-b29f-41819c3c927e;;;gladiator-boost;Gladiator Boost;Mists of Pandaria;PvP;2399.96;USD;2026-01-07 14:02:39.807+00;1;unit;2399.9600000000000000
f524afdc-c798-4ffb-b338-a0b2a02b633b;option;e1d90154-c93d-48b1-9a90-817bd82de73c;0ea5c975-bdba-450c-9920-2528959f7ab0;Vehicle Challenge 1 ;battlefield-6-challenges-assignments-completion-boost;Battlefield 6 Challenges & Assignments Completion Boost  - Assignments ( Initiation );Battlefield 6;Leveling;4;USD;2026-01-07 18:32:16.991+00;1;unit;4
70d7f607-1c2d-40fc-aa51-3bd1ad58ca93;option;e1d90154-c93d-48b1-9a90-817bd82de73c;bff1b4ef-9d27-47ef-aeff-d99b194d25ac;Breakthourgh Challenge 3 ;battlefield-6-challenges-assignments-completion-boost;Battlefield 6 Challenges & Assignments Completion Boost  - Assignments ( Unit );Battlefield 6;Leveling;37;USD;2026-01-07 18:32:17.409+00;3;unit;12.333333333333334
8b03b4f2-d253-4e1c-8654-a9fda2c1ec0b;option;e1d90154-c93d-48b1-9a90-817bd82de73c;bff1b4ef-9d27-47ef-aeff-d99b194d25ac;Squad Deathmatch Challenge 4 ;battlefield-6-challenges-assignments-completion-boost;Battlefield 6 Challenges & Assignments Completion Boost  - Assignments ( Unit );Battlefield 6;Leveling;33;USD;2026-01-07 18:32:18.231+00;4;unit;8.25
49e34865-3508-460c-bf9e-cc752eb11e75;option;e1d90154-c93d-48b1-9a90-817bd82de73c;bff1b4ef-9d27-47ef-aeff-d99b194d25ac;Team Deatmatch Challenge 5 ;battlefield-6-challenges-assignments-completion-boost;Battlefield 6 Challenges & Assignments Completion Boost  - Assignments ( Unit );Battlefield 6;Leveling;33;USD;2026-01-07 18:32:18.625+00;5;unit;6.6
2447efee-8a1d-4657-aa2e-61b5b8af6ec3;option;e1d90154-c93d-48b1-9a90-817bd82de73c;bff1b4ef-9d27-47ef-aeff-d99b194d25ac;Aerial Combat Expert Challenge 3;battlefield-6-challenges-assignments-completion-boost;Battlefield 6 Challenges & Assignments Completion Boost  - Assignments ( Unit );Battlefield 6;Leveling;71;USD;2026-01-07 18:32:19.034+00;3;unit;23.666666666666668
b3840eea-7b3a-480a-9c12-30410c7f8bc2;option;e1d90154-c93d-48b1-9a90-817bd82de73c;bff1b4ef-9d27-47ef-aeff-d99b194d25ac;Weapon Expert Challenge 3;battlefield-6-challenges-assignments-completion-boost;Battlefield 6 Challenges & Assignments Completion Boost  - Assignments ( Unit );Battlefield 6;Leveling;23;USD;2026-01-07 18:32:19.422+00;3;unit;7.666666666666667
f276876b-6888-4b56-8cbb-06e23c73f935;option;e1d90154-c93d-48b1-9a90-817bd82de73c;5b1700c0-df5f-4fe2-bcdd-9a45d89f600f;Rapid Fire Challenge 3 ;battlefield-6-challenges-assignments-completion-boost;Battlefield 6 Challenges & Assignments Completion Boost  - Assignments ( Weapon );Battlefield 6;Leveling;18;USD;2026-01-07 18:32:19.847+00;3;unit;6
4ad7a214-2b69-45e6-9c5f-5c1e3fcee31c;option;e1d90154-c93d-48b1-9a90-817bd82de73c;5b1700c0-df5f-4fe2-bcdd-9a45d89f600f;Deadeye Challenge 1 ;battlefield-6-challenges-assignments-completion-boost;Battlefield 6 Challenges & Assignments Completion Boost  - Assignments ( Weapon );Battlefield 6;Leveling;37;USD;2026-01-07 18:32:20.249+00;1;unit;37
5f1cb028-3408-4435-bb73-c0854c7a9d6a;option;7e760c51-3a4b-4d8c-b960-d3ba80378862;a41281fe-c303-417e-b119-f161e23c027f;Eternal - Softcore;striped-steppe-steed;Striped Steppe Steed - Select World;Diablo IV;Mounts;39.53;USD;2026-01-07 18:32:20.703+00;1;unit;39.53
35b02be6-a7cd-4c8c-aa4c-cc6d371590e9;option;6cc3e0b2-d6f6-44c7-a33c-3bdf8b343e02;b4ceafd6-2330-4a42-aa8e-35ccb5abd3e0;Remote;campaign;Campaign - Boost Mode;Diablo IV;Leveling;15;USD;2026-01-07 18:32:21.132+00;1;unit;15
5ccd7560-034d-4c50-bd20-60c297b840be;option;c0ed037d-e048-4efc-943d-26d63d8b8bc4;9cc8ba83-04de-423a-8747-a68403049a79;Selfplay;glory-of-the-cataclysm-hero-boost;Glory of the Cataclysm Hero Boost - Boost Mode;War Within;Achievements;0;USD;2026-01-07 18:32:21.544+00;1;unit;0
d8812c53-f790-4ac9-8df7-c1c6efa65ba2;option;f815015e-5bfb-41a4-b1fa-9f8475798acd;c9cc96c6-5945-49e3-a19b-1fcec5016f19;Friendly - Honored;the-dominance-offensive;The Dominance Offensive - Select Desired Reputation Level;Mists of Pandaria;Reputations;21.12;USD;2026-01-07 18:32:21.95+00;1;unit;21.12
44f5094e-b41f-4368-a531-86f0b59d94b9;option;00a71e88-7632-4d78-b708-421317aafe14;9d1a366d-b3a0-4d08-87cc-07b81607cffe;Harlequin Crest;mythic-unique-items;Mythic Unique Items - Select Mythic Unique(s);Diablo IV;Items;35.2;USD;2026-01-07 18:32:22.361+00;1;unit;35.2
2f30cfde-702c-4d9f-9e17-3b8bd8641d8e;option;00a71e88-7632-4d78-b708-421317aafe14;2f683596-ee9d-4ec3-83be-d05578bf2fd1;PC;mythic-unique-items;Mythic Unique Items - Select Your Platform;Diablo IV;Items;0;USD;2026-01-07 18:32:22.784+00;1;unit;0
949e6495-b842-434a-800e-ca7bdf439029;option;1f7c0235-c537-42b9-a396-c9ec9f7dfe56;3716a848-ea83-4ac5-a8f3-a83d51bcc0e4;EU;glory-of-the-cataclysm-raider-boost;Glory of the Cataclysm Raider Boost - Region;War Within;Achievements;0;USD;2026-01-07 18:32:23.207+00;1;unit;0
94e54edb-fa2d-4c73-bea5-7e873420171b;option;1c1db7aa-eacc-4fb2-962d-86b41dc01313;c1f6c91b-b74e-4650-b9fd-2df79fb5630f;Pilot;marshback-steed;Marshback Steed - Boost Mode;Diablo IV;Mounts;0;USD;2026-01-07 18:32:25.112+00;1;unit;0
c9d5a146-2009-42aa-af0a-b44f282b337c;option;2687c4df-b1a5-45a0-b0c6-2de4f9dbd343;172a0c97-1e2b-41e4-8d1a-d8da628fe1eb;Remote;curious-slateback;Curious Slateback  - Boost Method;War Within;Mounts;25.5;USD;2026-01-07 18:32:25.611+00;1;unit;25.5
2b724679-fafc-4e7a-8575-18e06bf65db5;option;453b3b37-afbe-4a4d-bcfc-a0fa4ae3202f;7d4f5193-72b7-4131-82c1-5ced2b964e5f;Pilot;legendary-cloak;Legendary Cloak - Boost Mode;Mists of Pandaria;Gear;0;USD;2026-01-07 18:32:25.994+00;1;unit;0
8720e3f5-759a-4942-a9c4-b456fe0bd082;option;453b3b37-afbe-4a4d-bcfc-a0fa4ae3202f;668d93a1-46df-4234-a6d7-02603c2f7782;BiS gear;legendary-cloak;Legendary Cloak - Additional Options;Mists of Pandaria;Gear;2120.76;USD;2026-01-07 18:32:26.375+00;1;unit;2120.76
371a2e98-233b-4bf8-84f5-cedcfffeb6df;option;f4556954-c692-4bf3-b0ce-ea05b6e217b4;02674886-56f2-45b8-bb96-259031556b6b;Remote;gear-boost;Gear Boost - Boost Mode;Mists of Pandaria;Gear;15;USD;2026-01-07 18:32:26.782+00;1;unit;15
cb575e01-6fef-4d73-acf0-5a6e073de664;option;0ef10f78-1361-4857-a55a-4a05f9a134aa;d29f76e2-7a3c-44a5-92e5-e58a641e7afb;Neutral - Friendly;the-lorewalkers;The Lorewalkers - Select Desired Reputation Level;Mists of Pandaria;Reputations;2.64;USD;2026-01-07 18:32:27.607+00;1;unit;2.64
1fad8693-e9a4-42cc-bee7-aa7ae13ca337;option;bf24b415-4b2d-4980-bb0e-fac51bc02803;66bab9f7-ec2e-4943-bc1d-44b2804ae4c6;Following the Bread Crumbs;eft-lightkeeper-quests-boost; Lightkeeper Quests - Quests;Escape From Tarkov;Quests;69;USD;2026-01-07 18:32:28.018+00;1;unit;69
ebb7a01b-4add-4aaf-a8e8-d4d4a232ad68;option;bf24b415-4b2d-4980-bb0e-fac51bc02803;66bab9f7-ec2e-4943-bc1d-44b2804ae4c6;Trouble in the Big City;eft-lightkeeper-quests-boost; Lightkeeper Quests - Quests;Escape From Tarkov;Quests;229;USD;2026-01-07 18:32:28.404+00;1;unit;229
b6485794-a0da-428e-bb00-792c6d2b5ce4;option;570804c3-3ff2-4326-b791-2339d538630b;0fd0e315-bcbc-484c-bcaf-c762576a7d5b;Revered - Exalted;the-scale-of-the-sands;The Scale of the Sands - Desired Reputation Level;WoW: TBC;Reputations;89;USD;2026-01-07 18:32:28.809+00;1;unit;89
a4b6417a-d7cb-41e1-aaeb-f449c9a46291;option;492e6763-5aa9-4fc4-bc2c-675b7a1f7eb0;16e3ba1a-de4d-45e0-9cb1-18581ff92c58;Full priority loot run;heart-of-fear;Heart of Fear - Loot Option;Mists of Pandaria;Raids;359.96;USD;2026-01-07 18:32:29.206+00;1;unit;359.96
bfda5895-a0cb-439f-a987-761f05b45c95;option;9691f18a-f7dd-4dab-a8d9-212be4b9faa1;15fe6147-d5d6-4920-a3d0-e2a2e7e30ef0;Bronze ;challenge-mode;Challenge Mode - All 9/9 Dungeons;Mists of Pandaria;Challenge Mode;49;USD;2026-01-07 18:32:29.623+00;1;unit;49
a5f730b5-b27f-412a-a038-50f20a434958;option;9691f18a-f7dd-4dab-a8d9-212be4b9faa1;cf3a85a3-8041-4a2e-b788-fd34f5fe5e53;Siege of Niuzao;challenge-mode;Challenge Mode - Specific Dungeons (Gold);Mists of Pandaria;Challenge Mode;12.76;USD;2026-01-07 18:32:30.055+00;1;unit;12.76
ce73f868-96f4-429d-a369-9285ef8e2323;option;0a80a4c7-d5d0-4fea-8b7e-aeca3b977971;7b0feaa3-a50c-4869-bc64-d9056ab956ab;Seasonal - Softcore;bloody-liquid-steed;Bloody Liquid Steed - Select World;Diablo IV;Mounts;26.36;USD;2026-01-07 18:32:30.453+00;1;unit;26.36
1a700570-f689-49b7-9679-5854bbae6d58;option;cd0edc07-ad7c-43a4-816c-b868a02c5648;8033d095-d7a3-48a5-8c79-f4f9bb69de0c;Pilot;ghastly-reins;Ghastly Reins - Boost Mode;Diablo IV;Mounts;0;USD;2026-01-07 18:32:30.864+00;1;unit;0
909ddc3b-5faa-4963-b833-62a85fa0804b;option;b2c5afb3-385c-4a4a-8c98-a7ccf7432fb7;e93031a5-cde7-4d64-b5f9-091a44af67c9;Remote;going-to-need-a-bigger-bag-achievement;Going To Need A Bigger Bag Achievement - Boost Mode;Mists of Pandaria;Achievements;15;USD;2026-01-07 18:32:31.266+00;1;unit;15
a116dbda-3443-4888-85d5-6bb934070735;option;0538bef4-3fd6-415a-814b-4a052ba7284c;7c35ea0f-64e9-4c6a-a1f0-c7c03456883d;Pilot;the-tillers;The Tillers - Boost Mode;Mists of Pandaria;Reputations;0;USD;2026-01-07 18:32:31.673+00;1;unit;0
6dfd3a25-5cee-4586-9849-142c8e87cc81;product;194bd666-bd14-491f-9dd1-97380dd212b1;;;g-99-breakneck;G-99 Breakneck ;War Within;Mounts;5.1;USD;2026-01-07 14:02:37.875+00;1;unit;5.1000000000000000
9b6f0a73-bc08-4999-b674-ad7e38dd2c4d;option;e1d90154-c93d-48b1-9a90-817bd82de73c;bff1b4ef-9d27-47ef-aeff-d99b194d25ac;Breaktrough Challenge 4 ;battlefield-6-challenges-assignments-completion-boost;Battlefield 6 Challenges & Assignments Completion Boost  - Assignments ( Unit );Battlefield 6;Leveling;84;USD;2026-01-07 18:32:17.451+00;4;unit;21
c29585e7-deab-40b8-bb81-2f931ef38ee2;option;e1d90154-c93d-48b1-9a90-817bd82de73c;bff1b4ef-9d27-47ef-aeff-d99b194d25ac;King of the Hill Challenge 1 ;battlefield-6-challenges-assignments-completion-boost;Battlefield 6 Challenges & Assignments Completion Boost  - Assignments ( Unit );Battlefield 6;Leveling;18;USD;2026-01-07 18:32:17.853+00;1;unit;18
c60c7055-8efc-4328-81f9-9ec251c4ef1b;product;c51e5227-5db5-477d-a560-cc85bad1eac7;;;glorious-tyranny-boost;Glorious Tyranny Boost;Mists of Pandaria;PvP;359.88;USD;2026-01-07 14:02:45.058+00;1;unit;359.8800000000000000
e621cdfa-3a65-4eb7-bbf1-1a266f66cc8a;option;e1d90154-c93d-48b1-9a90-817bd82de73c;bff1b4ef-9d27-47ef-aeff-d99b194d25ac;Squad Deathmatch Challenge 5 ;battlefield-6-challenges-assignments-completion-boost;Battlefield 6 Challenges & Assignments Completion Boost  - Assignments ( Unit );Battlefield 6;Leveling;46;USD;2026-01-07 18:32:18.274+00;5;unit;9.2
267492e7-aefb-410e-b190-68283fca794a;option;e1d90154-c93d-48b1-9a90-817bd82de73c;bff1b4ef-9d27-47ef-aeff-d99b194d25ac;Combat Expert Challenge 1 ;battlefield-6-challenges-assignments-completion-boost;Battlefield 6 Challenges & Assignments Completion Boost  - Assignments ( Unit );Battlefield 6;Leveling;42;USD;2026-01-07 18:32:18.668+00;1;unit;42
f47809ae-5694-44b8-b27a-8ef1b608e5c2;product;83cbdbaa-3c65-4cb7-8ad9-4c9c4c15564f;;;steamwheedle-cartel-reputation-boost;Steamwheedle Cartel Reputation Boost;War Within;Reputations;0.81;USD;2026-01-07 14:02:31.943+00;1;unit;0.81000000000000000000
e3f09a16-45bc-4774-bdcd-61e5f7ceeee0;option;e1d90154-c93d-48b1-9a90-817bd82de73c;bff1b4ef-9d27-47ef-aeff-d99b194d25ac;Protection Expert Challenge 1;battlefield-6-challenges-assignments-completion-boost;Battlefield 6 Challenges & Assignments Completion Boost  - Assignments ( Unit );Battlefield 6;Leveling;33;USD;2026-01-07 18:32:19.076+00;1;unit;33
df580deb-da6f-41d0-ab11-528b90250a92;option;e1d90154-c93d-48b1-9a90-817bd82de73c;bff1b4ef-9d27-47ef-aeff-d99b194d25ac;Headshot Expert Challenge 1;battlefield-6-challenges-assignments-completion-boost;Battlefield 6 Challenges & Assignments Completion Boost  - Assignments ( Unit );Battlefield 6;Leveling;23;USD;2026-01-07 18:32:19.474+00;1;unit;23
d2d42cb6-3f97-40c4-9217-241dbc2947d7;option;e1d90154-c93d-48b1-9a90-817bd82de73c;5b1700c0-df5f-4fe2-bcdd-9a45d89f600f;Danger Close Challenge 1;battlefield-6-challenges-assignments-completion-boost;Battlefield 6 Challenges & Assignments Completion Boost  - Assignments ( Weapon );Battlefield 6;Leveling;10;USD;2026-01-07 18:32:19.894+00;1;unit;10
8cf21cb9-ee71-4234-ac33-538b66229ef6;option;e1d90154-c93d-48b1-9a90-817bd82de73c;5b1700c0-df5f-4fe2-bcdd-9a45d89f600f;Deadeye Challenge 2 ;battlefield-6-challenges-assignments-completion-boost;Battlefield 6 Challenges & Assignments Completion Boost  - Assignments ( Weapon );Battlefield 6;Leveling;61;USD;2026-01-07 18:32:20.291+00;2;unit;30.5
29303ed2-3146-453d-9b07-ceaa47e0e08d;option;6cc3e0b2-d6f6-44c7-a33c-3bdf8b343e02;20f05150-473e-49c7-8450-fd9247537686;PC;campaign;Campaign - Select Your Platform;Diablo IV;Leveling;0;USD;2026-01-07 18:32:21.18+00;1;unit;0
8199b8cd-a488-40de-9bd1-3d3474f0dd42;option;c0ed037d-e048-4efc-943d-26d63d8b8bc4;9cc8ba83-04de-423a-8747-a68403049a79;Pilot;glory-of-the-cataclysm-hero-boost;Glory of the Cataclysm Hero Boost - Boost Mode;War Within;Achievements;0;USD;2026-01-07 18:32:21.587+00;1;unit;0
8d1c36c6-1d34-4afa-9bc6-68bb1d8dcfd2;option;f815015e-5bfb-41a4-b1fa-9f8475798acd;c9cc96c6-5945-49e3-a19b-1fcec5016f19;Honored - Revered;the-dominance-offensive;The Dominance Offensive - Select Desired Reputation Level;Mists of Pandaria;Reputations;41.36;USD;2026-01-07 18:32:21.992+00;1;unit;41.36
f25213ed-6f00-4056-b9b0-ac43c3040fee;option;7d5f5faa-b632-4057-bb74-5c325ec1de07;5a4c1038-3d49-4191-add8-339e4efe0a1a;Pilot;reins-of-the-azure-water-strider;Reins of the Azure Water Strider - Boost Mode;Mists of Pandaria;Mounts;0;USD;2026-01-07 18:32:23.597+00;1;unit;0
835f8105-f298-49c3-adf7-97546ec534c8;option;398cc7e4-d58e-4ad7-8f9a-e0b56ed8347f;5437688c-54ae-4795-a532-0ee180a503a8;XBOX;galvanic-azurite;Galvanic Azurite - Select Your Platform;Diablo IV;Items;0;USD;2026-01-07 18:32:23.989+00;1;unit;0
77f9e45a-8923-4232-b338-35b81e9f2ae1;option;398cc7e4-d58e-4ad7-8f9a-e0b56ed8347f;b72edf0a-18ee-49d5-9c5a-8da75a1dbfed;High Roll Stats;galvanic-azurite;Galvanic Azurite - Extra Power ;Diablo IV;Items;20;USD;2026-01-07 18:32:24.413+00;1;unit;20
c7b33765-a1e8-4dc2-8ee3-19986f02574d;option;c74b349f-5e3d-4322-8e70-db22dfb7a98c;cc50f3c9-b2ee-4734-9c42-406717e0064a;PC;executioners-steed;Executioner's Steed - Select Your Platform;Diablo IV;Mounts;0;USD;2026-01-07 18:32:24.835+00;1;unit;0
b7ad4158-1884-4f03-9588-4b4c7fd7283e;option;1c1db7aa-eacc-4fb2-962d-86b41dc01313;4a20519d-e50d-4000-b89c-b4f61d6b2992;PSN;marshback-steed;Marshback Steed - Select Your Platform;Diablo IV;Mounts;0;USD;2026-01-07 18:32:25.249+00;1;unit;0
5905a8f0-c58d-45ed-92d6-5b52ac035577;option;453b3b37-afbe-4a4d-bcfc-a0fa4ae3202f;9145ca1e-b22c-4137-882b-69e485627bdd;NA;legendary-cloak;Legendary Cloak - Region;Mists of Pandaria;Gear;0;USD;2026-01-07 18:32:26.129+00;1;unit;0
0ef7d2a1-4427-4031-bee6-aed8b1c7dd80;option;a10917d0-4b63-4009-8f54-ae2e874f13d3;17f855a2-f908-4537-a25d-fd68ed95e4ac;Pilot;reins-of-the-thundering-onyx-cloud-serpent;Reins of the Thundering Onyx Cloud Serpent - Boost Mode;Mists of Pandaria;Mounts;0;USD;2026-01-07 18:32:26.511+00;1;unit;0
ce681642-0bda-433d-8b6e-b2ca2faea48a;option;f4556954-c692-4bf3-b0ce-ea05b6e217b4;46f83faf-8b43-403e-aff2-4f5d9b2db635;463 ilvl;gear-boost;Gear Boost - PvE Gear;Mists of Pandaria;Gear;27.96;USD;2026-01-07 18:32:26.934+00;463;ilvl;0.06038876889848812
99409a5d-f6cd-4538-afe7-4e28c8841b73;option;da371775-f083-4421-b29f-41819c3c927e;abf96362-f48f-4e6d-8457-d8954a7ee7f6;NA;gladiator-boost;Gladiator Boost - Region;Mists of Pandaria;PvP;0;USD;2026-01-07 18:32:27.325+00;1;unit;0
c7d3ba49-0f63-4336-9fb5-0db8a0a9140b;option;0ef10f78-1361-4857-a55a-4a05f9a134aa;d29f76e2-7a3c-44a5-92e5-e58a641e7afb;Revered - Exalted;the-lorewalkers;The Lorewalkers - Select Desired Reputation Level;Mists of Pandaria;Reputations;10.56;USD;2026-01-07 18:32:27.74+00;1;unit;10.56
83bcc4f1-fa97-4015-ae39-bab8f1456f4a;option;bf24b415-4b2d-4980-bb0e-fac51bc02803;66bab9f7-ec2e-4943-bc1d-44b2804ae4c6;Snatch;eft-lightkeeper-quests-boost; Lightkeeper Quests - Quests;Escape From Tarkov;Quests;39;USD;2026-01-07 18:32:28.142+00;1;unit;39
a3e6e0d8-30cd-4309-a32f-bc06db8f2c0d;option;570804c3-3ff2-4326-b791-2339d538630b;63b1f571-5bdb-43cd-8849-bf50ffd87bf6;Remote;the-scale-of-the-sands;The Scale of the Sands - Boost Method;WoW: TBC;Reputations;30;USD;2026-01-07 18:32:28.538+00;1;unit;30
0f557838-cb30-4307-99aa-fb44e1d07a35;option;492e6763-5aa9-4fc4-bc2c-675b7a1f7eb0;8d41bae8-bc63-4f17-91d6-2abb8f519002;Selfplay;heart-of-fear;Heart of Fear - Boost Mode;Mists of Pandaria;Raids;0;USD;2026-01-07 18:32:28.937+00;1;unit;0
30e01b5f-0ab3-4cd7-b5df-81b7d22474ba;option;9691f18a-f7dd-4dab-a8d9-212be4b9faa1;cf3a85a3-8041-4a2e-b788-fd34f5fe5e53;Gate of the Setting Sun ;challenge-mode;Challenge Mode - Specific Dungeons (Gold);Mists of Pandaria;Challenge Mode;12.76;USD;2026-01-07 18:32:29.758+00;1;unit;12.76
59351b1c-abe9-4f9a-8dff-a013edd52e77;option;9a9c85db-7fb7-44cc-a36a-e93a3315a17c;833249ca-6e9a-43f5-be71-a458ae147f84;Pilot;elite-pvp-set-boost;Elite PvP Set Boost - Boost Mode;Mists of Pandaria;Gear;0;USD;2026-01-07 18:32:30.593+00;1;unit;0
2130f5a9-e347-4dba-8c14-876e73c56306;option;cd0edc07-ad7c-43a4-816c-b868a02c5648;68964f04-7a0e-4026-bd9d-35ac36dc0eee;PSN;ghastly-reins;Ghastly Reins - Select Your Platform;Diablo IV;Mounts;0;USD;2026-01-07 18:32:30.994+00;1;unit;0
c29acddf-a64e-43b5-86aa-eb00b9ee8db0;option;0538bef4-3fd6-415a-814b-4a052ba7284c;d620a083-8e1e-4390-997d-dd03c3165996;NA;the-tillers;The Tillers - Region;Mists of Pandaria;Reputations;0;USD;2026-01-07 18:32:31.815+00;1;unit;0
ebe8c58d-5697-4b5b-9d94-10e68a95c219;product;4aefb210-5339-4962-9122-6060f5302fb0;;;reins-of-the-grand-expedition-yak;Reins of the Grand Expedition Yak;Mists of Pandaria;Mounts;123.16;USD;2026-01-07 14:02:36.443+00;1;unit;123.1600000000000000
6a482b52-b41f-4f73-afd6-f977621fae88;product;0ef10f78-1361-4857-a55a-4a05f9a134aa;;;the-lorewalkers;The Lorewalkers;Mists of Pandaria;Reputations;0;USD;2026-01-07 14:02:40.033+00;1;unit;0.00000000000000000000
695b0432-5761-4e63-9ae3-bfd9564f699d;product;bf24b415-4b2d-4980-bb0e-fac51bc02803;;;eft-lightkeeper-quests-boost; Lightkeeper Quests;Escape From Tarkov;Quests;1.99;USD;2026-01-07 14:02:40.506+00;1;unit;1.99000000000000000000
101be0a2-533a-437f-98af-29aed58e9f28;option;e1d90154-c93d-48b1-9a90-817bd82de73c;bff1b4ef-9d27-47ef-aeff-d99b194d25ac;Conquest Challenge 1;battlefield-6-challenges-assignments-completion-boost;Battlefield 6 Challenges & Assignments Completion Boost  - Assignments ( Unit );Battlefield 6;Leveling;18;USD;2026-01-07 18:32:17.118+00;1;unit;18
64d35e2e-da09-426b-927e-111969fbee33;option;e1d90154-c93d-48b1-9a90-817bd82de73c;bff1b4ef-9d27-47ef-aeff-d99b194d25ac;Escalation Challenge 2 ;battlefield-6-challenges-assignments-completion-boost;Battlefield 6 Challenges & Assignments Completion Boost  - Assignments ( Unit );Battlefield 6;Leveling;18;USD;2026-01-07 18:32:17.542+00;2;unit;9
d5388a5d-9456-4aae-8e22-99fb952ac4fd;option;e1d90154-c93d-48b1-9a90-817bd82de73c;bff1b4ef-9d27-47ef-aeff-d99b194d25ac;King of the Hill Challenge 3;battlefield-6-challenges-assignments-completion-boost;Battlefield 6 Challenges & Assignments Completion Boost  - Assignments ( Unit );Battlefield 6;Leveling;18;USD;2026-01-07 18:32:17.961+00;3;unit;6
7ad96b58-58c1-4e91-b23d-587ded0793fc;option;e1d90154-c93d-48b1-9a90-817bd82de73c;bff1b4ef-9d27-47ef-aeff-d99b194d25ac;Domination Challenge 2 ;battlefield-6-challenges-assignments-completion-boost;Battlefield 6 Challenges & Assignments Completion Boost  - Assignments ( Unit );Battlefield 6;Leveling;18;USD;2026-01-07 18:32:18.373+00;2;unit;9
1e7ce3ce-a8f0-4e20-b143-962dd6c34b7a;option;e1d90154-c93d-48b1-9a90-817bd82de73c;bff1b4ef-9d27-47ef-aeff-d99b194d25ac;Combat Expert Challenge 3 ;battlefield-6-challenges-assignments-completion-boost;Battlefield 6 Challenges & Assignments Completion Boost  - Assignments ( Unit );Battlefield 6;Leveling;71;USD;2026-01-07 18:32:18.769+00;3;unit;23.666666666666668
095f2393-44e6-4300-b15b-dfa9c854dec2;option;e1d90154-c93d-48b1-9a90-817bd82de73c;bff1b4ef-9d27-47ef-aeff-d99b194d25ac;Protection Expert Challenge 3;battlefield-6-challenges-assignments-completion-boost;Battlefield 6 Challenges & Assignments Completion Boost  - Assignments ( Unit );Battlefield 6;Leveling;71;USD;2026-01-07 18:32:19.162+00;3;unit;23.666666666666668
935c80f9-6c57-4d8b-aaa4-4c1ef37bd1bc;option;e1d90154-c93d-48b1-9a90-817bd82de73c;5b1700c0-df5f-4fe2-bcdd-9a45d89f600f;Close Quaters Challenge 1;battlefield-6-challenges-assignments-completion-boost;Battlefield 6 Challenges & Assignments Completion Boost  - Assignments ( Weapon );Battlefield 6;Leveling;23;USD;2026-01-07 18:32:19.983+00;1;unit;23
7a748fdb-f0ff-4805-8d30-58cd832ff8d5;option;7e760c51-3a4b-4d8c-b960-d3ba80378862;7c8a07c1-4e08-4a19-af05-eb26ab3f0bea;Pilot;striped-steppe-steed;Striped Steppe Steed - Boost Mode;Diablo IV;Mounts;0;USD;2026-01-07 18:32:20.375+00;1;unit;0
675c6707-edf8-4f6e-b754-0231c546032f;option;83cbdbaa-3c65-4cb7-8ad9-4c9c4c15564f;1d167bb1-0ff1-408a-8f35-2ab80320224a;Remote;steamwheedle-cartel-reputation-boost;Steamwheedle Cartel Reputation Boost - Boost Mode;War Within;Reputations;12.11;USD;2026-01-07 18:32:20.848+00;1;unit;12.11
d31dd669-15b0-4f22-9158-2575d58ec438;option;6cc3e0b2-d6f6-44c7-a33c-3bdf8b343e02;20f05150-473e-49c7-8450-fd9247537686;XBOX;campaign;Campaign - Select Your Platform;Diablo IV;Leveling;0;USD;2026-01-07 18:32:21.271+00;1;unit;0
bbcd2b00-3027-491a-886a-6580af6c23a1;option;00a71e88-7632-4d78-b708-421317aafe14;9d1a366d-b3a0-4d08-87cc-07b81607cffe;Melted Heart of Selig;mythic-unique-items;Mythic Unique Items - Select Mythic Unique(s);Diablo IV;Items;35.2;USD;2026-01-07 18:32:22.421+00;1;unit;35.2
1a975e27-9b55-4d6c-a01d-dfa6ca7cf008;option;00a71e88-7632-4d78-b708-421317aafe14;2f683596-ee9d-4ec3-83be-d05578bf2fd1;PSN;mythic-unique-items;Mythic Unique Items - Select Your Platform;Diablo IV;Items;0;USD;2026-01-07 18:32:22.827+00;1;unit;0
b5ccd5c8-3d28-4e1d-a677-f93cc1253c15;option;1f7c0235-c537-42b9-a396-c9ec9f7dfe56;3716a848-ea83-4ac5-a8f3-a83d51bcc0e4;NA;glory-of-the-cataclysm-raider-boost;Glory of the Cataclysm Raider Boost - Region;War Within;Achievements;0;USD;2026-01-07 18:32:23.252+00;1;unit;0
f78fbf3b-9005-4ed8-8bea-516702f5840e;option;7d5f5faa-b632-4057-bb74-5c325ec1de07;5a4c1038-3d49-4191-add8-339e4efe0a1a;Selfplay;reins-of-the-azure-water-strider;Reins of the Azure Water Strider - Boost Mode;Mists of Pandaria;Mounts;0;USD;2026-01-07 18:32:23.641+00;1;unit;0
6adb3034-4e10-4c85-a1b6-c0af2539d179;option;398cc7e4-d58e-4ad7-8f9a-e0b56ed8347f;06881e8d-ab97-4d25-8104-ef1da2a31ee1;Seasonal;galvanic-azurite;Galvanic Azurite - Select World - Softcore;Diablo IV;Items;0;USD;2026-01-07 18:32:24.038+00;1;unit;0
3cbbc5c7-a6a6-423b-a617-eff3f2ac05f5;option;c74b349f-5e3d-4322-8e70-db22dfb7a98c;cc50f3c9-b2ee-4734-9c42-406717e0064a;PSN;executioners-steed;Executioner's Steed - Select Your Platform;Diablo IV;Mounts;0;USD;2026-01-07 18:32:24.877+00;1;unit;0
e8bc1517-c761-4266-8528-cc52b325c62a;option;1c1db7aa-eacc-4fb2-962d-86b41dc01313;4a20519d-e50d-4000-b89c-b4f61d6b2992;XBOX;marshback-steed;Marshback Steed - Select Your Platform;Diablo IV;Mounts;0;USD;2026-01-07 18:32:25.317+00;1;unit;0
3b0053de-8775-40c7-b714-dbfc1cd0a467;option;194bd666-bd14-491f-9dd1-97380dd212b1;a8ad9ae8-2519-43e8-9c7b-8b750d21ade9;Pilot;g-99-breakneck;G-99 Breakneck  - Boost Method;War Within;Mounts;0;USD;2026-01-07 18:32:25.78+00;1;unit;0
75613193-cee7-4c85-87e0-4310c6c9b973;option;453b3b37-afbe-4a4d-bcfc-a0fa4ae3202f;46c02e93-2e6b-4c34-8ce4-c740bb1d4b2f;Chapter I: Trial of the Black Prince;legendary-cloak;Legendary Cloak - Desired Chapters;Mists of Pandaria;Gear;491;USD;2026-01-07 18:32:26.17+00;1;unit;491
98cc42bb-fd60-4540-88bd-ad90906cca6e;option;a10917d0-4b63-4009-8f54-ae2e874f13d3;29256ac9-bd53-49ad-936f-93ebd023a732;EU;reins-of-the-thundering-onyx-cloud-serpent;Reins of the Thundering Onyx Cloud Serpent - Region;Mists of Pandaria;Mounts;0;USD;2026-01-07 18:32:26.55+00;1;unit;0
69bbe78f-890f-421d-8e11-b29b022c9df4;option;f4556954-c692-4bf3-b0ce-ea05b6e217b4;46f83faf-8b43-403e-aff2-4f5d9b2db635;483 ilvl;gear-boost;Gear Boost - PvE Gear;Mists of Pandaria;Gear;67.96;USD;2026-01-07 18:32:26.975+00;483;ilvl;0.140703933747412
eb0e66d2-b2cd-4f45-8f59-154e2075d719;option;bf24b415-4b2d-4980-bb0e-fac51bc02803;66bab9f7-ec2e-4943-bc1d-44b2804ae4c6;Return the Favor;eft-lightkeeper-quests-boost; Lightkeeper Quests - Quests;Escape From Tarkov;Quests;89;USD;2026-01-07 18:32:28.184+00;1;unit;89
239a23b6-64ad-414a-b6a7-0289de297aee;option;570804c3-3ff2-4326-b791-2339d538630b;dccc358a-9964-4f8a-a34f-8f927f019e71;EU;the-scale-of-the-sands;The Scale of the Sands - Region;WoW: TBC;Reputations;0;USD;2026-01-07 18:32:28.583+00;1;unit;0
bc5df384-d866-4aaa-8650-db5f9f5a2269;option;492e6763-5aa9-4fc4-bc2c-675b7a1f7eb0;8d41bae8-bc63-4f17-91d6-2abb8f519002;Remote;heart-of-fear;Heart of Fear - Boost Mode;Mists of Pandaria;Raids;0;USD;2026-01-07 18:32:28.988+00;1;unit;0
7aa064da-1208-4545-abd7-10dc3fffa05e;option;9691f18a-f7dd-4dab-a8d9-212be4b9faa1;03c96dd6-d19d-4954-93d9-431b2f4c89c1;Pilot;challenge-mode;Challenge Mode - Boost Mode;Mists of Pandaria;Challenge Mode;0;USD;2026-01-07 18:32:29.395+00;1;unit;0
df9bc25c-2bfd-447c-8976-558f2704f2b9;option;9691f18a-f7dd-4dab-a8d9-212be4b9faa1;cf3a85a3-8041-4a2e-b788-fd34f5fe5e53;Mogu'shan Palace;challenge-mode;Challenge Mode - Specific Dungeons (Gold);Mists of Pandaria;Challenge Mode;12.76;USD;2026-01-07 18:32:29.809+00;1;unit;12.76
3b319db1-bbfb-4986-807f-58beaa24b906;option;0a80a4c7-d5d0-4fea-8b7e-aeca3b977971;67c04e47-3b47-46bc-b1e9-cb0ad473fc24;Pilot;bloody-liquid-steed;Bloody Liquid Steed - Boost Mode;Diablo IV;Mounts;0;USD;2026-01-07 18:32:30.233+00;1;unit;0
2e92b72e-e272-4a3c-9c8f-162a4ee3abe2;option;9a9c85db-7fb7-44cc-a36a-e93a3315a17c;833249ca-6e9a-43f5-be71-a458ae147f84;Remote;elite-pvp-set-boost;Elite PvP Set Boost - Boost Mode;Mists of Pandaria;Gear;15;USD;2026-01-07 18:32:30.635+00;1;unit;15
1ec0cfb6-bcff-406c-91fd-3383f6982c1a;option;cd0edc07-ad7c-43a4-816c-b868a02c5648;68964f04-7a0e-4026-bd9d-35ac36dc0eee;XBOX;ghastly-reins;Ghastly Reins - Select Your Platform;Diablo IV;Mounts;0;USD;2026-01-07 18:32:31.037+00;1;unit;0
979ab347-0fbc-4225-a4a4-5e2fcdc9cf77;option;c51e5227-5db5-477d-a560-cc85bad1eac7;42c29cf6-2619-4602-953a-93624d0953b3;Pilot;glorious-tyranny-boost;Glorious Tyranny Boost - Boost Mode;Mists of Pandaria;PvP;0;USD;2026-01-07 18:32:31.453+00;1;unit;0
9ab768b9-4ef0-43a1-b2c4-c6997eb25e5d;product;f815015e-5bfb-41a4-b1fa-9f8475798acd;;;the-dominance-offensive;The Dominance Offensive;Mists of Pandaria;Reputations;0;USD;2026-01-07 14:02:33.258+00;1;unit;0.00000000000000000000
c0eaf376-2801-4805-be1f-1b38e404317d;option;e1d90154-c93d-48b1-9a90-817bd82de73c;bff1b4ef-9d27-47ef-aeff-d99b194d25ac;Breakthourgh Challenge 1 ;battlefield-6-challenges-assignments-completion-boost;Battlefield 6 Challenges & Assignments Completion Boost  - Assignments ( Unit );Battlefield 6;Leveling;18;USD;2026-01-07 18:32:17.322+00;1;unit;18
985c6077-03a4-460a-842b-689963c5eabe;option;e1d90154-c93d-48b1-9a90-817bd82de73c;bff1b4ef-9d27-47ef-aeff-d99b194d25ac;Rush Challenge 2 ;battlefield-6-challenges-assignments-completion-boost;Battlefield 6 Challenges & Assignments Completion Boost  - Assignments ( Unit );Battlefield 6;Leveling;37;USD;2026-01-07 18:32:17.723+00;2;unit;18.5
1fa4abc9-59f3-4c9c-8fee-882f0e011e5a;option;e1d90154-c93d-48b1-9a90-817bd82de73c;bff1b4ef-9d27-47ef-aeff-d99b194d25ac;Squad Deathmatch Challenge 2 ;battlefield-6-challenges-assignments-completion-boost;Battlefield 6 Challenges & Assignments Completion Boost  - Assignments ( Unit );Battlefield 6;Leveling;33;USD;2026-01-07 18:32:18.145+00;2;unit;16.5
86f2b0f2-31bc-468f-ae11-f1a83ab4cb79;option;e1d90154-c93d-48b1-9a90-817bd82de73c;bff1b4ef-9d27-47ef-aeff-d99b194d25ac;Aerial Combat Expert Challenge 1;battlefield-6-challenges-assignments-completion-boost;Battlefield 6 Challenges & Assignments Completion Boost  - Assignments ( Unit );Battlefield 6;Leveling;46;USD;2026-01-07 18:32:18.947+00;1;unit;46
0081d823-dec8-4610-b6a3-bc9624b45574;option;e1d90154-c93d-48b1-9a90-817bd82de73c;bff1b4ef-9d27-47ef-aeff-d99b194d25ac;Weapon Expert Challenge 1;battlefield-6-challenges-assignments-completion-boost;Battlefield 6 Challenges & Assignments Completion Boost  - Assignments ( Unit );Battlefield 6;Leveling;46;USD;2026-01-07 18:32:19.34+00;1;unit;46
55c0e9fb-8de6-459d-9b78-b1a753a63a3a;option;e1d90154-c93d-48b1-9a90-817bd82de73c;5b1700c0-df5f-4fe2-bcdd-9a45d89f600f;Rapid Fire Challenge 1;battlefield-6-challenges-assignments-completion-boost;Battlefield 6 Challenges & Assignments Completion Boost  - Assignments ( Weapon );Battlefield 6;Leveling;10;USD;2026-01-07 18:32:19.753+00;1;unit;10
6c5bc90b-a0f5-4de9-832d-013c3f32dcf8;option;e1d90154-c93d-48b1-9a90-817bd82de73c;5b1700c0-df5f-4fe2-bcdd-9a45d89f600f;Point Blank  Challenge 1 ;battlefield-6-challenges-assignments-completion-boost;Battlefield 6 Challenges & Assignments Completion Boost  - Assignments ( Weapon );Battlefield 6;Leveling;27;USD;2026-01-07 18:32:20.154+00;1;unit;27
70da2a38-829c-4813-b37e-51d7603dad42;option;00a71e88-7632-4d78-b708-421317aafe14;9d1a366d-b3a0-4d08-87cc-07b81607cffe;Doombringer;mythic-unique-items;Mythic Unique Items - Select Mythic Unique(s);Diablo IV;Items;35.2;USD;2026-01-07 18:32:22.504+00;1;unit;35.2
cdf8f16c-2519-4853-b858-872d6faeff09;option;00a71e88-7632-4d78-b708-421317aafe14;39716b16-b449-48a1-b749-694461d196c0;Seasonal;mythic-unique-items;Mythic Unique Items - Select World - Softcore;Diablo IV;Items;0;USD;2026-01-07 18:32:22.933+00;1;unit;0
92af2456-26f1-4c6b-9ad5-e49bee615a1a;option;671844da-ab74-4e73-b258-f88f3ad11411;baebeac5-109e-49a7-9caf-e21d97f32482;Pilot;glory-of-the-orgrimmar-raider-achievement;Glory of the Orgrimmar Raider Achievement - Boost Mode;Mists of Pandaria;Achievements;0;USD;2026-01-07 18:32:23.336+00;1;unit;0
943afa88-cbb8-4652-a62f-00abe4787cee;option;7d5f5faa-b632-4057-bb74-5c325ec1de07;a671d12d-a909-4a49-81a7-df23b14e5ff1;NA;reins-of-the-azure-water-strider;Reins of the Azure Water Strider - Region;Mists of Pandaria;Mounts;0;USD;2026-01-07 18:32:23.73+00;1;unit;0
3d2b7f86-4629-4d99-8825-04b0c484f139;option;398cc7e4-d58e-4ad7-8f9a-e0b56ed8347f;97cc9af5-c94f-4783-997d-9fccc7693683;Without Greater Affixes;galvanic-azurite;Galvanic Azurite - Greater Affixes;Diablo IV;Items;0;USD;2026-01-07 18:32:24.131+00;1;unit;0
8c332e9a-eb69-404d-894f-bd0fa589245e;option;4aefb210-5339-4962-9122-6060f5302fb0;476ce1e5-2777-4c3c-a5b9-6f023e8e5eb0;Selfplay;reins-of-the-grand-expedition-yak;Reins of the Grand Expedition Yak - Boost Mode;Mists of Pandaria;Mounts;0;USD;2026-01-07 18:32:24.548+00;1;unit;0
5fbaa6e7-d5b9-4b51-a061-b06e1d0f2a38;option;c74b349f-5e3d-4322-8e70-db22dfb7a98c;dae5d5d2-f280-4130-b52f-1fecf6073bfe;Seasonal - Softcore;executioners-steed;Executioner's Steed - Select World;Diablo IV;Mounts;26.36;USD;2026-01-07 18:32:24.961+00;1;unit;26.36
cda103a7-c9c5-4e27-9dc8-c24fcaf7881a;option;1c1db7aa-eacc-4fb2-962d-86b41dc01313;fd2430e4-4c09-43be-9e46-55d48c55b2ae;Eternal - Softcore;marshback-steed;Marshback Steed - Select World;Diablo IV;Mounts;39.53;USD;2026-01-07 18:32:25.403+00;1;unit;39.53
ba81480e-9389-435f-9364-c17d26dc6731;option;194bd666-bd14-491f-9dd1-97380dd212b1;d8c6a9f9-f8a2-4c2f-a345-113b339625a2;EU;g-99-breakneck;G-99 Breakneck  - Region;War Within;Mounts;0;USD;2026-01-07 18:32:25.86+00;1;unit;0
898c5983-e38e-4705-89cd-013b23350f18;option;453b3b37-afbe-4a4d-bcfc-a0fa4ae3202f;46c02e93-2e6b-4c34-8ce4-c740bb1d4b2f;Chapter III: Two Princess;legendary-cloak;Legendary Cloak - Desired Chapters;Mists of Pandaria;Gear;491;USD;2026-01-07 18:32:26.251+00;1;unit;491
d95521c4-9c8c-43b5-aa78-5cb8da844877;option;f4556954-c692-4bf3-b0ce-ea05b6e217b4;46f83faf-8b43-403e-aff2-4f5d9b2db635;496 ilvl;gear-boost;Gear Boost - PvE Gear;Mists of Pandaria;Gear;399.96;USD;2026-01-07 18:32:27.065+00;496;ilvl;0.8063709677419354
bb13c02d-deba-4fc9-832c-f6a989cb95f7;option;0ef10f78-1361-4857-a55a-4a05f9a134aa;d363be50-eb0e-48d1-89ad-35dcf291bc27;Remote;the-lorewalkers;The Lorewalkers - Boost Mode;Mists of Pandaria;Reputations;15;USD;2026-01-07 18:32:27.467+00;1;unit;15
ec36f8d0-1d4e-4efa-92be-766c0e5e2098;option;bf24b415-4b2d-4980-bb0e-fac51bc02803;7526e921-8b54-434f-8bd3-203e053afc22;PvE;eft-lightkeeper-quests-boost; Lightkeeper Quests - Server;Escape From Tarkov;Quests;0;USD;2026-01-07 18:32:27.861+00;1;unit;0
995fb71b-1694-4a7d-a365-6fca08af32e9;option;bf24b415-4b2d-4980-bb0e-fac51bc02803;66bab9f7-ec2e-4943-bc1d-44b2804ae4c6;Provocation;eft-lightkeeper-quests-boost; Lightkeeper Quests - Quests;Escape From Tarkov;Quests;109;USD;2026-01-07 18:32:28.279+00;1;unit;109
2a171e7a-bf88-41e7-aebb-6f1374bed314;option;570804c3-3ff2-4326-b791-2339d538630b;0fd0e315-bcbc-484c-bcaf-c762576a7d5b;Neutral - Friendly;the-scale-of-the-sands;The Scale of the Sands - Desired Reputation Level;WoW: TBC;Reputations;29;USD;2026-01-07 18:32:28.666+00;1;unit;29
fbd3f05f-c738-4d24-a8a3-14300f56bdac;option;492e6763-5aa9-4fc4-bc2c-675b7a1f7eb0;2dc4f772-eb46-4b05-b948-fbe299e7d495;NA;heart-of-fear;Heart of Fear - Region;Mists of Pandaria;Raids;0;USD;2026-01-07 18:32:29.074+00;1;unit;0
0ae20716-c042-43db-a92f-d1fe6d4b25d1;option;9691f18a-f7dd-4dab-a8d9-212be4b9faa1;03c96dd6-d19d-4954-93d9-431b2f4c89c1;Remote;challenge-mode;Challenge Mode - Boost Mode;Mists of Pandaria;Challenge Mode;15;USD;2026-01-07 18:32:29.49+00;1;unit;15
b6782107-5635-4168-a511-53b05b7e1fd3;option;9691f18a-f7dd-4dab-a8d9-212be4b9faa1;cf3a85a3-8041-4a2e-b788-fd34f5fe5e53;Scarlet Monastery;challenge-mode;Challenge Mode - Specific Dungeons (Gold);Mists of Pandaria;Challenge Mode;12.76;USD;2026-01-07 18:32:29.892+00;1;unit;12.76
7d17ce38-ab19-47c0-b8d6-2ada964626b1;option;0a80a4c7-d5d0-4fea-8b7e-aeca3b977971;cc357123-cb31-4337-8ca2-d46a1355bb1f;PC;bloody-liquid-steed;Bloody Liquid Steed - Select Your Platform;Diablo IV;Mounts;0;USD;2026-01-07 18:32:30.321+00;1;unit;0
38169768-6e84-45d3-a776-6a08363d0306;option;9a9c85db-7fb7-44cc-a36a-e93a3315a17c;e11a09ef-1f1c-45ff-8244-f8c0030c92e3;NA;elite-pvp-set-boost;Elite PvP Set Boost - Region;Mists of Pandaria;Gear;0;USD;2026-01-07 18:32:30.72+00;1;unit;0
d415fee1-84e6-41d3-964f-fc73d6df9dca;option;cd0edc07-ad7c-43a4-816c-b868a02c5648;965e8c15-7ffa-4327-9df1-e6d4e5e82f95;Eternal - Softcore;ghastly-reins;Ghastly Reins - Select World;Diablo IV;Mounts;455.4;USD;2026-01-07 18:32:31.123+00;1;unit;455.4
ac624ffc-3dda-4a2d-a46d-4251b4045343;option;c51e5227-5db5-477d-a560-cc85bad1eac7;68f05f12-8e17-4d2d-854d-e5744cf7919e;EU;glorious-tyranny-boost;Glorious Tyranny Boost - Region;Mists of Pandaria;PvP;0;USD;2026-01-07 18:32:31.538+00;1;unit;0
131652d0-e6a8-4c68-9339-f8f361ba4e77;option;0538bef4-3fd6-415a-814b-4a052ba7284c;d063ac64-d105-47e9-a889-d3816348bc38;Honored - Revered;the-tillers;The Tillers - Select Desired Reputation Level;Mists of Pandaria;Reputations;21.12;USD;2026-01-07 18:32:31.989+00;1;unit;21.12
29fb66e7-3dae-417e-bd18-8c83e4ae0adc;option;e1d90154-c93d-48b1-9a90-817bd82de73c;bff1b4ef-9d27-47ef-aeff-d99b194d25ac;King of the Hill Challenge 4 ;battlefield-6-challenges-assignments-completion-boost;Battlefield 6 Challenges & Assignments Completion Boost  - Assignments ( Unit );Battlefield 6;Leveling;33;USD;2026-01-07 18:32:18.004+00;4;unit;8.25
e7144fe6-d1ac-42a5-9cb1-9fb6a285e661;product;570804c3-3ff2-4326-b791-2339d538630b;;;the-scale-of-the-sands;The Scale of the Sands;WoW: TBC;Reputations;0;USD;2026-01-07 14:02:41.281+00;1;unit;0.00000000000000000000
a36cdb31-169c-4aeb-9557-b0f72b5f67ed;option;e1d90154-c93d-48b1-9a90-817bd82de73c;bff1b4ef-9d27-47ef-aeff-d99b194d25ac;Domination Challenge 3 ;battlefield-6-challenges-assignments-completion-boost;Battlefield 6 Challenges & Assignments Completion Boost  - Assignments ( Unit );Battlefield 6;Leveling;42;USD;2026-01-07 18:32:18.418+00;3;unit;14
111d5bfd-8b36-44f6-b959-3790dd3d5da7;option;e1d90154-c93d-48b1-9a90-817bd82de73c;bff1b4ef-9d27-47ef-aeff-d99b194d25ac;Land Vehicle Expert Challenge 1 ;battlefield-6-challenges-assignments-completion-boost;Battlefield 6 Challenges & Assignments Completion Boost  - Assignments ( Unit );Battlefield 6;Leveling;33;USD;2026-01-07 18:32:18.814+00;1;unit;33
1ee62246-1bb3-4fea-93a8-eaadd115880c;option;e1d90154-c93d-48b1-9a90-817bd82de73c;bff1b4ef-9d27-47ef-aeff-d99b194d25ac;Explosives Expert Challenge 1;battlefield-6-challenges-assignments-completion-boost;Battlefield 6 Challenges & Assignments Completion Boost  - Assignments ( Unit );Battlefield 6;Leveling;23;USD;2026-01-07 18:32:19.206+00;1;unit;23
94b19755-9682-4e37-b327-b4e500f843f6;option;7e760c51-3a4b-4d8c-b960-d3ba80378862;710a8030-1c89-4b86-91fb-64cc7e2704ed;XBOX;striped-steppe-steed;Striped Steppe Steed - Select Your Platform;Diablo IV;Mounts;0;USD;2026-01-07 18:32:20.575+00;1;unit;0
b5b756fd-d865-42ce-bb3c-e0eb3a5190e4;option;c0ed037d-e048-4efc-943d-26d63d8b8bc4;d9b2088c-0830-42be-ba76-baa17e3e750b;EU;glory-of-the-cataclysm-hero-boost;Glory of the Cataclysm Hero Boost - Region;War Within;Achievements;0;USD;2026-01-07 18:32:21.462+00;1;unit;0
1e79a3d6-85a9-48f6-b0e1-e4357201a1f6;option;f815015e-5bfb-41a4-b1fa-9f8475798acd;9b67ec93-bd47-4dc9-9eb3-9524d910f2c7;NA;the-dominance-offensive;The Dominance Offensive - Region;Mists of Pandaria;Reputations;0;USD;2026-01-07 18:32:21.852+00;1;unit;0
87640f8b-6f1a-47d3-87ce-88af6281820a;option;00a71e88-7632-4d78-b708-421317aafe14;9d1a366d-b3a0-4d08-87cc-07b81607cffe;Nesekem, the Herald;mythic-unique-items;Mythic Unique Items - Select Mythic Unique(s);Diablo IV;Items;35.2;USD;2026-01-07 18:32:22.276+00;1;unit;35.2
ec01f37d-6dcb-4a65-97e2-ffd3ee17d766;option;00a71e88-7632-4d78-b708-421317aafe14;339cdb8c-ec74-4339-9b06-05150a51d9bd;Pilot;mythic-unique-items;Mythic Unique Items - Boost Mode;Diablo IV;Items;0;USD;2026-01-07 18:32:22.682+00;1;unit;0
d584ae1f-e183-4cda-b50a-b1e2c0917050;option;1f7c0235-c537-42b9-a396-c9ec9f7dfe56;d85e943b-ed2f-4434-883b-1800278ed912;Pilot;glory-of-the-cataclysm-raider-boost;Glory of the Cataclysm Raider Boost - Boost Mode;War Within;Achievements;0;USD;2026-01-07 18:32:23.119+00;1;unit;0
33c4d86a-0b2c-4a88-b473-7778b29b60e5;option;671844da-ab74-4e73-b258-f88f3ad11411;ff5f52ed-571d-491f-b7b2-efbe63232d27;NA;glory-of-the-orgrimmar-raider-achievement;Glory of the Orgrimmar Raider Achievement - Region;Mists of Pandaria;Achievements;0;USD;2026-01-07 18:32:23.506+00;1;unit;0
184552e3-9d1d-4e19-87e6-c922b8800ea0;option;398cc7e4-d58e-4ad7-8f9a-e0b56ed8347f;5437688c-54ae-4795-a532-0ee180a503a8;PC;galvanic-azurite;Galvanic Azurite - Select Your Platform;Diablo IV;Items;0;USD;2026-01-07 18:32:23.901+00;1;unit;0
021e57f3-58bf-4887-ad5d-39ffe87e8b94;option;398cc7e4-d58e-4ad7-8f9a-e0b56ed8347f;97cc9af5-c94f-4783-997d-9fccc7693683;4/4 - Greater Affixes;galvanic-azurite;Galvanic Azurite - Greater Affixes;Diablo IV;Items;88;USD;2026-01-07 18:32:24.321+00;4;unit;22
82ec273e-e0ae-4ffa-ac46-809e6d3d4549;option;c74b349f-5e3d-4322-8e70-db22dfb7a98c;704b9e27-8d6f-4e40-bcc6-a06ad110d393;Pilot;executioners-steed;Executioner's Steed - Boost Mode;Diablo IV;Mounts;0;USD;2026-01-07 18:32:24.749+00;1;unit;0
61672062-3948-42ad-ac27-1390c7a74054;option;1c1db7aa-eacc-4fb2-962d-86b41dc01313;c1f6c91b-b74e-4650-b9fd-2df79fb5630f;Remote;marshback-steed;Marshback Steed - Boost Mode;Diablo IV;Mounts;15;USD;2026-01-07 18:32:25.156+00;1;unit;15
1963200f-c714-441a-881d-cd80d23e8eaf;option;2687c4df-b1a5-45a0-b0c6-2de4f9dbd343;ca755c7b-de95-4f0c-8c1e-4f571e6beaab;EU;curious-slateback;Curious Slateback  - Region;War Within;Mounts;0;USD;2026-01-07 18:32:25.652+00;1;unit;0
a83b77ba-0f18-43d1-ba4a-ce782ad30098;option;453b3b37-afbe-4a4d-bcfc-a0fa4ae3202f;7d4f5193-72b7-4131-82c1-5ced2b964e5f;Remote;legendary-cloak;Legendary Cloak - Boost Mode;Mists of Pandaria;Gear;15;USD;2026-01-07 18:32:26.036+00;1;unit;15
3b3021d0-51a7-444e-9334-a242a7ace744;option;453b3b37-afbe-4a4d-bcfc-a0fa4ae3202f;668d93a1-46df-4234-a6d7-02603c2f7782;Stream;legendary-cloak;Legendary Cloak - Additional Options;Mists of Pandaria;Gear;8.76;USD;2026-01-07 18:32:26.418+00;1;unit;8.76
1f18952c-4b80-4752-b665-b80fd7d07210;option;f4556954-c692-4bf3-b0ce-ea05b6e217b4;c51e9066-e547-4114-a751-bbab870f1e9d;EU;gear-boost;Gear Boost - Region;Mists of Pandaria;Gear;0;USD;2026-01-07 18:32:26.843+00;1;unit;0
d81dd0dc-b903-40b0-a491-297d2b0a454d;option;da371775-f083-4421-b29f-41819c3c927e;256a1184-1a0e-4720-ad06-8055b9d5954f;Pilot;gladiator-boost;Gladiator Boost - Boost Mode;Mists of Pandaria;PvP;0;USD;2026-01-07 18:32:27.241+00;1;unit;0
717cf2c8-a70a-4962-aac2-30af15c4d449;option;0ef10f78-1361-4857-a55a-4a05f9a134aa;d29f76e2-7a3c-44a5-92e5-e58a641e7afb;Friendly - Honored;the-lorewalkers;The Lorewalkers - Select Desired Reputation Level;Mists of Pandaria;Reputations;5.28;USD;2026-01-07 18:32:27.657+00;1;unit;5.28
19f80b5b-1701-42f6-b3dc-4e81e7492543;option;bf24b415-4b2d-4980-bb0e-fac51bc02803;66bab9f7-ec2e-4943-bc1d-44b2804ae4c6;Information Source;eft-lightkeeper-quests-boost; Lightkeeper Quests - Quests;Escape From Tarkov;Quests;39;USD;2026-01-07 18:32:28.062+00;1;unit;39
49db8b9d-2139-4987-a8fd-8c40693185c0;option;492e6763-5aa9-4fc4-bc2c-675b7a1f7eb0;f2dd925c-85c7-4716-8128-3402a674984d;Heroic;heart-of-fear;Heart of Fear - Difficulty;Mists of Pandaria;Raids;0;USD;2026-01-07 18:32:29.249+00;1;unit;0
da054454-5736-4156-8e5b-d7ee6eece3ac;option;9691f18a-f7dd-4dab-a8d9-212be4b9faa1;15fe6147-d5d6-4920-a3d0-e2a2e7e30ef0;Silver;challenge-mode;Challenge Mode - All 9/9 Dungeons;Mists of Pandaria;Challenge Mode;59;USD;2026-01-07 18:32:29.671+00;1;unit;59
916fd3f2-2b16-41f9-9fd5-4d75f0306b3e;option;9691f18a-f7dd-4dab-a8d9-212be4b9faa1;cf3a85a3-8041-4a2e-b788-fd34f5fe5e53;Stormstout Brewery;challenge-mode;Challenge Mode - Specific Dungeons (Gold);Mists of Pandaria;Challenge Mode;12.76;USD;2026-01-07 18:32:30.098+00;1;unit;12.76
705ca28c-faba-49f7-b803-34d0a70157ab;option;0a80a4c7-d5d0-4fea-8b7e-aeca3b977971;7b0feaa3-a50c-4869-bc64-d9056ab956ab;Eternal - Softcore;bloody-liquid-steed;Bloody Liquid Steed - Select World;Diablo IV;Mounts;39.53;USD;2026-01-07 18:32:30.496+00;1;unit;39.53
23edaed0-8b03-401b-99d4-a0e70d397ca8;option;cd0edc07-ad7c-43a4-816c-b868a02c5648;8033d095-d7a3-48a5-8c79-f4f9bb69de0c;Remote;ghastly-reins;Ghastly Reins - Boost Mode;Diablo IV;Mounts;15;USD;2026-01-07 18:32:30.907+00;1;unit;15
b761c74a-784c-4572-926d-5ca018dd68da;option;b2c5afb3-385c-4a4a-8c98-a7ccf7432fb7;ce600ef1-b39e-4c4c-bd0f-10bab6bda571;EU;going-to-need-a-bigger-bag-achievement;Going To Need A Bigger Bag Achievement - Region;Mists of Pandaria;Achievements;0;USD;2026-01-07 18:32:31.312+00;1;unit;0
1c33c923-6177-47d7-9831-7a2b2208485c;option;0538bef4-3fd6-415a-814b-4a052ba7284c;7c35ea0f-64e9-4c6a-a1f0-c7c03456883d;Remote;the-tillers;The Tillers - Boost Mode;Mists of Pandaria;Reputations;15;USD;2026-01-07 18:32:31.718+00;1;unit;15
59d1bf4a-9904-42e5-ad79-faa82a925fe1;option;f7f969eb-23c0-4e7f-8b66-560ff336cb31;4c8570fd-812a-4caf-8110-aa32ef0454aa;Remote;heir-of-perdition;Heir of Perdition - Boost Mode;Diablo IV;Items;50;USD;2026-01-07 18:32:32.179+00;1;unit;50
e692e1a5-0335-45de-aa03-b79ce8f247a1;option;304d1194-987a-464c-8906-24e44831f0e1;f2abf21a-71a8-436f-b1e1-5fd758b4a079;EU;kurenai;Kurenai - Region;WoW: TBC;Reputations;0;USD;2026-01-07 18:32:32.603+00;1;unit;0
1d1adb75-e764-4cff-9c33-0f3d3236bcae;option;8641a229-a57e-4df3-b1ed-241abffa89f4;ddf4fad5-c766-4452-9fb3-e8a7c5a860ba;PC;hesha-e-kesungi;Hesha e Kesungi - Select Your Platform;Diablo IV;Items;0;USD;2026-01-07 18:32:42.362+00;1;unit;0
91263505-f271-4d0f-8bc9-97aa32e36498;option;e1d90154-c93d-48b1-9a90-817bd82de73c;5b1700c0-df5f-4fe2-bcdd-9a45d89f600f;Close Quaters Challenge 2;battlefield-6-challenges-assignments-completion-boost;Battlefield 6 Challenges & Assignments Completion Boost  - Assignments ( Weapon );Battlefield 6;Leveling;27;USD;2026-01-07 18:32:20.026+00;2;unit;13.5
0733b3ad-2c39-4a11-b97d-9719980c5384;option;7e760c51-3a4b-4d8c-b960-d3ba80378862;7c8a07c1-4e08-4a19-af05-eb26ab3f0bea;Remote;striped-steppe-steed;Striped Steppe Steed - Boost Mode;Diablo IV;Mounts;15;USD;2026-01-07 18:32:20.424+00;1;unit;15
b852bf70-c936-436d-98cd-d80e93f5abd4;product;2687c4df-b1a5-45a0-b0c6-2de4f9dbd343;;;curious-slateback;Curious Slateback ;War Within;Mounts;92.65;USD;2026-01-07 14:02:37.598+00;1;unit;92.6500000000000000
75d839c6-ab6e-4592-92f0-506bb0e113b8;product;b2c5afb3-385c-4a4a-8c98-a7ccf7432fb7;;;going-to-need-a-bigger-bag-achievement;Going To Need A Bigger Bag Achievement;Mists of Pandaria;Achievements;527.95;USD;2026-01-07 14:02:44.702+00;1;unit;527.9500000000000000
7165560f-0111-4bc6-9465-ee98fe2a191e;option;83cbdbaa-3c65-4cb7-8ad9-4c9c4c15564f;0758215a-e2cd-40a8-b167-4859f4556c60;Friendly - Honored;steamwheedle-cartel-reputation-boost;Steamwheedle Cartel Reputation Boost - Reputation;War Within;Reputations;12.79;USD;2026-01-07 18:32:20.89+00;1;unit;12.79
972ed6b9-174a-471d-9a3f-8c486a7d3d7f;option;6cc3e0b2-d6f6-44c7-a33c-3bdf8b343e02;588b91c0-7792-469e-82d8-b0ff7243ab76;Seasonal;campaign;Campaign - Select World - Softcore;Diablo IV;Leveling;0;USD;2026-01-07 18:32:21.312+00;1;unit;0
d395e45c-9873-44a8-b6f6-45ca9c7a49bc;option;f815015e-5bfb-41a4-b1fa-9f8475798acd;b2df6442-790c-494c-804d-4a623daedbb1;Pilot;the-dominance-offensive;The Dominance Offensive - Boost Mode;Mists of Pandaria;Reputations;0;USD;2026-01-07 18:32:21.724+00;1;unit;0
f00c287b-fde1-4496-beee-7959ca629f43;option;00a71e88-7632-4d78-b708-421317aafe14;9d1a366d-b3a0-4d08-87cc-07b81607cffe;Shattered Vow;mythic-unique-items;Mythic Unique Items - Select Mythic Unique(s);Diablo IV;Items;35.2;USD;2026-01-07 18:32:22.123+00;1;unit;35.2
76de573e-d03c-411d-b623-13fcf3b284dc;option;00a71e88-7632-4d78-b708-421317aafe14;9d1a366d-b3a0-4d08-87cc-07b81607cffe;The Grandfather ;mythic-unique-items;Mythic Unique Items - Select Mythic Unique(s);Diablo IV;Items;35.2;USD;2026-01-07 18:32:22.55+00;1;unit;35.2
91963157-8df2-4ef9-b2a3-fa59f7b0ec1d;option;00a71e88-7632-4d78-b708-421317aafe14;39716b16-b449-48a1-b749-694461d196c0;Eternal;mythic-unique-items;Mythic Unique Items - Select World - Softcore;Diablo IV;Items;50;USD;2026-01-07 18:32:22.98+00;1;unit;50
0d317198-5275-4ecc-ab9c-59843bea8f7e;option;671844da-ab74-4e73-b258-f88f3ad11411;baebeac5-109e-49a7-9caf-e21d97f32482;Selfplay;glory-of-the-orgrimmar-raider-achievement;Glory of the Orgrimmar Raider Achievement - Boost Mode;Mists of Pandaria;Achievements;0;USD;2026-01-07 18:32:23.377+00;1;unit;0
67fc1a21-4e53-4239-9031-9dc7f4c2e82b;option;398cc7e4-d58e-4ad7-8f9a-e0b56ed8347f;97cc9af5-c94f-4783-997d-9fccc7693683;1/4 - Greater Affixes;galvanic-azurite;Galvanic Azurite - Greater Affixes;Diablo IV;Items;4.84;USD;2026-01-07 18:32:24.181+00;1;unit;4.84
a326a9dc-8485-4d42-8d6e-03a9df82e045;option;4aefb210-5339-4962-9122-6060f5302fb0;5383d17b-4596-4893-85ee-7dd6dd56b7cb;EU;reins-of-the-grand-expedition-yak;Reins of the Grand Expedition Yak - Region;Mists of Pandaria;Mounts;0;USD;2026-01-07 18:32:24.604+00;1;unit;0
fa93f9a0-3255-4e53-a518-b74c98881ea4;option;c74b349f-5e3d-4322-8e70-db22dfb7a98c;dae5d5d2-f280-4130-b52f-1fecf6073bfe;Eternal - Softcore;executioners-steed;Executioner's Steed - Select World;Diablo IV;Mounts;39.53;USD;2026-01-07 18:32:25.017+00;1;unit;39.53
528844b8-5504-4d8c-973b-6eddb5062f18;option;194bd666-bd14-491f-9dd1-97380dd212b1;d8c6a9f9-f8a2-4c2f-a345-113b339625a2;NA;g-99-breakneck;G-99 Breakneck  - Region;War Within;Mounts;0;USD;2026-01-07 18:32:25.909+00;1;unit;0
7d5a2476-6075-40df-b1b9-4d230f69b97c;option;453b3b37-afbe-4a4d-bcfc-a0fa4ae3202f;46c02e93-2e6b-4c34-8ce4-c740bb1d4b2f;Chapter IV: Celestial Blessings;legendary-cloak;Legendary Cloak - Desired Chapters;Mists of Pandaria;Gear;491;USD;2026-01-07 18:32:26.291+00;1;unit;491
e5c57352-1a32-4fcc-989d-b6ce857796cb;option;f4556954-c692-4bf3-b0ce-ea05b6e217b4;02674886-56f2-45b8-bb96-259031556b6b;Pilot;gear-boost;Gear Boost - Boost Mode;Mists of Pandaria;Gear;0;USD;2026-01-07 18:32:26.698+00;1;unit;0
9cf77635-0b3c-4ca4-bfe7-433c5d2e15f3;option;f4556954-c692-4bf3-b0ce-ea05b6e217b4;46f83faf-8b43-403e-aff2-4f5d9b2db635;502 ilvl;gear-boost;Gear Boost - PvE Gear;Mists of Pandaria;Gear;401.6;USD;2026-01-07 18:32:27.107+00;502;ilvl;0.8
d7ee9727-9f9d-4704-9964-5d079730f271;option;0ef10f78-1361-4857-a55a-4a05f9a134aa;8bcc80db-2658-441d-8dc7-be327a7469a3;EU;the-lorewalkers;The Lorewalkers - Boost Mode;Mists of Pandaria;Reputations;0;USD;2026-01-07 18:32:27.507+00;1;unit;0
9bc137e1-4b64-4028-919a-dd6b139cc2ad;option;bf24b415-4b2d-4980-bb0e-fac51bc02803;b3a9d0d3-387a-4bc8-9262-442d8a63078d;Pilot;eft-lightkeeper-quests-boost; Lightkeeper Quests - Boost Method;Escape From Tarkov;Quests;0;USD;2026-01-07 18:32:27.907+00;1;unit;0
9a273953-8617-42fb-9e25-28df8c64c500;option;bf24b415-4b2d-4980-bb0e-fac51bc02803;66bab9f7-ec2e-4943-bc1d-44b2804ae4c6;Spotter;eft-lightkeeper-quests-boost; Lightkeeper Quests - Quests;Escape From Tarkov;Quests;39;USD;2026-01-07 18:32:28.321+00;1;unit;39
b05008d2-7552-46c7-96bc-2b4fa0de8440;option;570804c3-3ff2-4326-b791-2339d538630b;0fd0e315-bcbc-484c-bcaf-c762576a7d5b;Friendly - Honored;the-scale-of-the-sands;The Scale of the Sands - Desired Reputation Level;WoW: TBC;Reputations;39;USD;2026-01-07 18:32:28.726+00;1;unit;39
532f1716-8277-4a05-b474-fc9a1dbc6274;option;492e6763-5aa9-4fc4-bc2c-675b7a1f7eb0;16e3ba1a-de4d-45e0-9cb1-18581ff92c58;3+ Items loot run;heart-of-fear;Heart of Fear - Loot Option;Mists of Pandaria;Raids;279.96;USD;2026-01-07 18:32:29.116+00;3;unit;93.32
6b0096e3-fc03-4e51-a898-489fc6eae00e;option;9691f18a-f7dd-4dab-a8d9-212be4b9faa1;3db2e53a-01f1-4028-adc6-e48d820f7b19;EU;challenge-mode;Challenge Mode - Region;Mists of Pandaria;Challenge Mode;0;USD;2026-01-07 18:32:29.532+00;1;unit;0
3a7720b4-7374-4ec5-a9ee-08b2afe35d96;option;9691f18a-f7dd-4dab-a8d9-212be4b9faa1;cf3a85a3-8041-4a2e-b788-fd34f5fe5e53;Scholomance;challenge-mode;Challenge Mode - Specific Dungeons (Gold);Mists of Pandaria;Challenge Mode;12.76;USD;2026-01-07 18:32:29.962+00;1;unit;12.76
4c9cb876-5140-48eb-a9d6-aee33a72eec6;option;0a80a4c7-d5d0-4fea-8b7e-aeca3b977971;cc357123-cb31-4337-8ca2-d46a1355bb1f;PSN;bloody-liquid-steed;Bloody Liquid Steed - Select Your Platform;Diablo IV;Mounts;0;USD;2026-01-07 18:32:30.368+00;1;unit;0
f65008d2-7695-4332-8bb7-dbe825420de1;option;9a9c85db-7fb7-44cc-a36a-e93a3315a17c;d13e9222-bed1-4ace-a722-58eb70dc49f8;Gladiator Title;elite-pvp-set-boost;Elite PvP Set Boost - Extra Options;Mists of Pandaria;Gear;2160;USD;2026-01-07 18:32:30.777+00;1;unit;2160
3ca3c60d-546b-4e21-a228-ffe6b35e0f45;option;0538bef4-3fd6-415a-814b-4a052ba7284c;d620a083-8e1e-4390-997d-dd03c3165996;EU;the-tillers;The Tillers - Region;Mists of Pandaria;Reputations;0;USD;2026-01-07 18:32:31.768+00;1;unit;0
d188d199-154d-41bd-95e6-a9df73796563;option;f7f969eb-23c0-4e7f-8b66-560ff336cb31;a5c78fce-2f28-43f4-8e5a-39b38b2f2112;PC;heir-of-perdition;Heir of Perdition - Select Your Platform;Diablo IV;Items;0;USD;2026-01-07 18:32:32.22+00;1;unit;0
231b989d-3780-408e-b7ac-c97afe03c14d;option;304d1194-987a-464c-8906-24e44831f0e1;f2abf21a-71a8-436f-b1e1-5fd758b4a079;NA;kurenai;Kurenai - Region;WoW: TBC;Reputations;0;USD;2026-01-07 18:32:32.645+00;1;unit;0
8826c3a6-48e8-475b-8a9b-bc13416ad257;option;14e372f8-76d7-4ea8-a348-54c2343632d9;3c975a95-1d68-4815-9c53-563428c4b574;Conquest Gear;pvp-gear;PvP Gear - Select Gear Set;Mists of Pandaria;PvP;79.96;USD;2026-01-07 18:32:33.125+00;1;unit;79.96
f80f4a41-178d-4dc4-9dd2-3ba14537bbf8;option;56a1d7c4-ff38-4261-b9ed-c98eca3cff6a;b4dcd34d-4af2-48c6-9472-bdad7f43e3da;Destroy Ticks;trials-boost;Trials Boost - 3 Stars Challenge;Arc Raiders;Leveling;12;USD;2026-01-07 18:32:33.933+00;1;unit;12
569aec82-34ad-4ba5-a5e9-23c8a2ba6e9f;option;b6b3e826-a628-4349-b8d3-e9212236d73d;861839b1-1f59-4da0-90c2-cf58b4b96c86;PC;gospel-of-the-devotee-9709;Gospel of the Devotee - Select Your Platform;Diablo IV;Items;0;USD;2026-01-07 18:32:34.398+00;1;unit;0
a4052435-62ec-4e39-94f2-5d34dcad98c1;option;8641a229-a57e-4df3-b1ed-241abffa89f4;0ea31b09-43b4-4c75-b627-0c2512f66179;4/4 - Greater Affixes;hesha-e-kesungi;Hesha e Kesungi - Greater Affixes;Diablo IV;Items;88;USD;2026-01-07 18:32:42.75+00;4;unit;22
5af19af2-6c08-4f8c-aa5e-ebf2bf817a36;option;f7f969eb-23c0-4e7f-8b66-560ff336cb31;a5c78fce-2f28-43f4-8e5a-39b38b2f2112;XBOX;heir-of-perdition;Heir of Perdition - Select Your Platform;Diablo IV;Items;0;USD;2026-01-07 18:32:32.318+00;1;unit;0
17a23577-6795-46af-8a2d-17b360691342;option;b6b3e826-a628-4349-b8d3-e9212236d73d;e6de4a64-5e9f-45d4-91f1-36c8143f3fc4;High Roll Stats;gospel-of-the-devotee-9709;Gospel of the Devotee - Extra Power ;Diablo IV;Items;20;USD;2026-01-07 18:32:34.848+00;1;unit;20
a6c823b2-78cc-45a1-8a59-4508b1d758d1;product;689fe660-578c-48f5-91d4-fa6888cb8eb4;;;undercoin-farm;Undercoin Farm;War Within;Delves;1.42;USD;2026-01-07 14:03:07.585+00;1;unit;1.42000000000000000000
581fe334-8ab0-4983-98ac-876f3a8de5ba;option;c403358d-a790-479e-b7d1-15844225da81;4ac3d069-3a96-41fb-8aa2-06d6a305c08c;The Lorewalkers (Exalted);pandaren-ambassador;Pandaren Ambassador - Choose Desired Achievements;Mists of Pandaria;Reputations;26.36;USD;2026-01-07 18:32:35.245+00;1;unit;26.36
8b2398ae-5e70-489d-a53d-7fbe1dd37468;option;4fb3d480-f8e8-4a3f-a1d7-869c2a14786c;4030ba98-4198-423e-a8f3-cd9b34352dbc;EU;netherwing;Netherwing - Region;WoW: TBC;Reputations;0;USD;2026-01-07 18:32:35.682+00;1;unit;0
753b6663-2567-4b47-946d-b4c416bb7edf;option;2cdb211d-2957-404f-8cf3-cdc89d7680d5;18c82d24-05b2-4637-a0b8-9db4c1e7c962;Remote;siege-of-orgrimmar;Siege of Orgrimmar - Boost Mode;Mists of Pandaria;Raids;15;USD;2026-01-07 18:32:36.186+00;1;unit;15
0941898b-e219-4c55-9f73-8ed256ae8ac7;option;2cdb211d-2957-404f-8cf3-cdc89d7680d5;683742be-8607-4b27-9830-a500ad7b0f75;Add Kor'kron Juggernaut mount (Heroic Only);siege-of-orgrimmar;Siege of Orgrimmar - Additional Options;Mists of Pandaria;Raids;600;USD;2026-01-07 18:32:36.587+00;1;unit;600
0c1091d1-10fa-405a-bcb5-aeee0483928a;option;8faafe63-1b68-4165-a5af-82f0fcb5f9b8;bfc7f63c-4e16-43f5-be33-def3b9938ffd;Without Greater Affixes;orphan-maker;Orphan Maker - Greater Affixes;Diablo IV;Items;0;USD;2026-01-07 18:32:36.965+00;1;unit;0
8430c972-3e5f-4a6e-947e-279f7663b9d8;option;8e2499c1-bd4a-449d-bd9b-e16a3c26af02;a6de80ce-fd2c-40b1-aa8a-24f5c5c4f566;Remote;mage-tower-boost;Mage Tower Boost - Boost Method;War Within;Legacy Content;16.15;USD;2026-01-07 18:32:37.38+00;1;unit;16.15
dc5e58b7-22a0-41e8-b34b-6f2bbc411d08;option;8e2499c1-bd4a-449d-bd9b-e16a3c26af02;56a3889a-d9af-48c8-96ab-b9ab21cf4ff8;Rogue;mage-tower-boost;Mage Tower Boost - Class;War Within;Legacy Content;0;USD;2026-01-07 18:32:37.791+00;1;unit;0
69960567-e539-4a85-bb74-2b3be9137d31;option;0108fd90-cc34-4c84-b491-68d3b6b8d064;ae73fbb3-9259-41bf-8e7c-df70cdee9786;Revered - Exalted;bilgewater-cartel-reputation;Bilgewater Cartel Reputation - Reputation;War Within;Reputations;31.27;USD;2026-01-07 18:32:38.178+00;1;unit;31.27
4ce7a8a4-126f-4c3d-bfbd-ccebc9b4a658;option;86c23f21-7611-401a-9705-67c8f3c68281;f708c641-5a45-413e-a921-b9b90eab9033;EU;ancestral-phoenix-egg;Ancestral Phoenix Egg - Region;Mists of Pandaria;Challenge Mode;0;USD;2026-01-07 18:32:39.026+00;1;unit;0
437139ff-b429-45a8-b01c-89d73a5ceb59;option;30b9079b-4d9f-425c-9842-de2f76052bb4;76af0168-ee42-4c28-bd9a-e1e6c617a081;Eternal;barbarian-builds;Barbarian Builds - Select World - Softcore;Diablo IV;Builds;50;USD;2026-01-07 18:32:39.416+00;1;unit;50
3e7ed451-3ae6-4529-ae26-daff747b81d0;option;58710ab8-a29e-4f2a-82a7-867f664c50f0;ed35cd8d-49d6-4b73-b4c3-ffd9e88c4ec0;Pilot;celestial-riding-crane;Celestial Riding Crane - Boost Mode;Mists of Pandaria;Mounts;0;USD;2026-01-07 18:32:39.846+00;1;unit;0
d5a93e92-f3ef-47f4-8989-452684760d30;option;fc956f17-5283-48a9-8d8e-9a91eb8b5f9f;5e41801c-eda1-4426-baa3-c75b6eb797d4;XBOX;harlequin-crest;Harlequin Crest - Select Your Platform;Diablo IV;Items;0;USD;2026-01-07 18:32:40.251+00;1;unit;0
b65daad6-ed68-43da-9b20-b8b8d63bea64;option;4c45788c-07fc-45e7-882b-a13d0604448a;4240fad1-a8cd-42e6-8ad9-9b5f178c5241;Pilot;glory-of-the-sepulcher-raider-boost;Glory of the Sepulcher Raider Boost - Boost Mode;War Within;Achievements;0;USD;2026-01-07 18:32:41.046+00;1;unit;0
6c7a2093-e131-4864-9da9-efa7dbbbd5af;option;65e3d3b1-46de-4c77-82da-4d5e04214cf7;69400036-8edb-45a2-a1a3-fd18cb9b5147;Honored - Revered;the-august-celestials;The August Celestials - Select Desired Reputation Level;Mists of Pandaria;Reputations;21.12;USD;2026-01-07 18:32:41.446+00;1;unit;21.12
be028984-0528-462c-b2c5-ae639f8e41ac;option;71a0892c-72e4-4acd-9448-9a37c3090166;9d9a63da-60a2-49bc-9580-89afdd7609a7;Seasonal - Softcore;bloody-steed-mount;Bloody Steed Mount - Select World;Diablo IV;Mounts;26.36;USD;2026-01-07 18:32:43.598+00;1;unit;26.36
02713eba-c3ab-42d8-aa7c-e7bef89ea956;option;936a554d-3345-4011-b141-7fea391fe3a7;66421ed4-d02f-4735-a695-72046c57bab0;Warpforged Key ;dungeons-unlock;Dungeons Unlock - Dungeon Keys;WoW: TBC;Attunements;86.9;USD;2026-01-07 18:32:43.981+00;1;unit;86.9
580d26f0-9e43-4e72-a321-9a7b3edd11bf;option;444b643e-3637-4fcb-b14c-bd3ff5a6dba0;4685d67f-4e04-4268-b009-98e160b16d9d;PC;brigands-steed;Brigand’s Steed - Select Your Platform;Diablo IV;Mounts;0;USD;2026-01-07 18:32:44.367+00;1;unit;0
9247521d-c1f6-4fcf-8d17-ac362d7b1c1b;option;a4cbd4fc-09ab-48a2-9b54-5d01b64b999f;5b3dbd09-28e0-42ca-9e43-5eaba03e9453;NA;immortal-spelunker;Immortal Spelunker - Region;War Within;Delves;0;USD;2026-01-07 18:32:44.751+00;1;unit;0
782cb36f-79c4-4389-a7f0-a4db2231c53e;option;02d6f9ea-cb93-40bc-a87d-9d2e36fc715e;81f0dade-170c-4bf9-a22f-9e1d99f071b6;Remote;the-kirin-tor-offensive;The Kirin Tor Offensive - Boost Mode;Mists of Pandaria;Reputations;15;USD;2026-01-07 18:32:45.187+00;1;unit;15
98110b76-c6e9-4aa5-8c44-d50ba015299b;option;2c784d82-ea30-4860-b864-ebd32b90b9b6;2dc4fdb0-484a-4db8-9424-b54c3eddb95d;Remote;the-cipher-of-damnation;The Cipher of Damnation - Boost Method;WoW: TBC;Attunements;33;USD;2026-01-07 18:32:45.579+00;1;unit;33
3fe16d52-1273-408d-a206-ce758812fdb8;option;ba6025ed-7681-4d28-8aa3-06c474fde6c7;825b9437-f5b1-45ce-9efe-8053a64391f6;30% Faster;eft-hideout-upgrade-boost;Hideout Upgrades  - Delivery Speed;Escape From Tarkov;Leveling;30;USD;2026-01-07 18:32:46.01+00;30;unit;1
446257d9-9169-4f46-9dbc-2bd712d32b0c;option;2afcf3ba-cdaf-4f04-af02-5654b99959fd;ca44df21-2ab3-4b1d-9d6b-02146425d6ad;Remote;the-klaxxi;The Klaxxi - Boost Mode;Mists of Pandaria;Reputations;15;USD;2026-01-07 18:32:46.408+00;1;unit;15
7a9ded7e-e84f-425f-beb3-f3da8ce53bd0;option;0725d1ad-cc34-4b43-922a-91a1f013ab57;71ee37c5-09ec-45fa-b4f7-ba14608dd271;Remote;mop-platinum-challenge-mode;Platinum Challenge Mode - Boost Mode;Mists of Pandaria;Challenge Mode;24;USD;2026-01-07 18:32:46.828+00;1;unit;24
33bf4401-bb2d-4801-b6c0-e8a8a2645f0f;option;0725d1ad-cc34-4b43-922a-91a1f013ab57;d57e9a2d-27b5-47d4-9b86-1ee63678ec20;Siege of Niuzao Temple ;mop-platinum-challenge-mode;Platinum Challenge Mode - Dungeons;Mists of Pandaria;Challenge Mode;14;USD;2026-01-07 18:32:47.229+00;1;unit;14
4a0b7f18-8075-457e-aa0a-42ab925d883e;option;9dd3bb46-dfed-46cd-b180-bf9d52fdf206;9d54e08f-d3f9-4f73-ba5f-b0d16786ebac;NA;delves-boost;Delves Boost - Region;War Within;Delves;0;USD;2026-01-07 18:32:47.686+00;1;unit;0
6c7a838c-9179-4ed8-a18b-1aa84ed38122;option;9dd3bb46-dfed-46cd-b180-bf9d52fdf206;37d0abaf-c747-4b08-a8ac-4b72f9fc4e80;Tier 6 ;delves-boost;Delves Boost - Select Delve Tier;War Within;Delves;2.55;USD;2026-01-07 18:32:48.076+00;6;unit;0.425
8e5cf891-ed25-4a97-afde-43b5e3ea7e12;option;9dd3bb46-dfed-46cd-b180-bf9d52fdf206;7712a575-6eda-4219-b13b-09a039c8dc80;Excavation Site 9;delves-boost;Delves Boost - Select Delve;War Within;Delves;0;USD;2026-01-07 18:32:48.461+00;9;unit;0
d293f37d-d4ab-486e-b758-cf83a4f95196;option;9dd3bb46-dfed-46cd-b180-bf9d52fdf206;7712a575-6eda-4219-b13b-09a039c8dc80;The waterworks;delves-boost;Delves Boost - Select Delve;War Within;Delves;0;USD;2026-01-07 18:32:48.863+00;1;unit;0
d2d11cb5-0da1-4fed-be0c-338dfddd5e69;option;35de5914-0bf3-4035-ac09-e3d53bacca41;baaf25e7-2eab-47f7-a77d-47358cba906a;Neutral - Friendly;the-shado-pan;The Shado-Pan - Select Desired Reputation Level;Mists of Pandaria;Reputations;5.28;USD;2026-01-07 18:32:49.262+00;1;unit;5.28
5b89e982-976f-4764-84a2-2b0e42606d1b;option;97edaff8-0530-4de2-adec-7e1dfed78beb;ae1ae49e-f166-427e-8844-0a12fe067972;XBOX;lilith;Lilith - Select Your Platform;Diablo IV;Bosses;0;USD;2026-01-07 18:32:49.655+00;1;unit;0
455287fa-6b91-446c-93b6-37a98c0ab844;option;f54f6fca-3d74-4288-a4cc-8f17227cb239;806dbb12-a34b-4a95-84f6-163d6709ea41;NA;the-shado-pan-assault;The Shado-Pan Assault - Region;Mists of Pandaria;Reputations;0;USD;2026-01-07 18:32:50.878+00;1;unit;0
d7066893-f595-48ee-997d-9c8533e9ed59;option;14e372f8-76d7-4ea8-a348-54c2343632d9;aa0060ea-134f-43be-8fc7-17524a927ed4;EU;pvp-gear;PvP Gear - Region;Mists of Pandaria;PvP;0;USD;2026-01-07 18:32:33.216+00;1;unit;0
4dd2ff46-816c-437b-86d7-408b1842d417;option;56a1d7c4-ff38-4261-b9ed-c98eca3cff6a;bdf81fb8-0be7-41e0-a763-2c9690255986;PSN;trials-boost;Trials Boost - Platform;Arc Raiders;Leveling;0;USD;2026-01-07 18:32:33.628+00;1;unit;0
36d7f626-2e14-4b80-94db-ed0e96817d98;option;56a1d7c4-ff38-4261-b9ed-c98eca3cff6a;168bd87b-18ac-4dfb-b344-6e735d80faa2;Current Week 1 Rank Up;trials-boost;Trials Boost - Rank Up;Arc Raiders;Leveling;169;USD;2026-01-07 18:32:34.016+00;1;rank;169
e2a6603a-106c-4f67-953d-4d2eb719d348;option;c403358d-a790-479e-b7d1-15844225da81;69140cf4-558b-4cbc-8753-280f42151c24;Pilot;pandaren-ambassador;Pandaren Ambassador - Boost Mode;Mists of Pandaria;Reputations;0;USD;2026-01-07 18:32:34.93+00;1;unit;0
e3b93e53-faee-4263-b2d4-8be02010678f;product;cebda02f-f480-4da3-8685-daffab059876;;;necromancer-builds;Necromancer Builds;Diablo IV;Builds;0;USD;2026-01-07 14:02:56.761+00;1;unit;0.00000000000000000000
e7a7f92e-ccac-4d19-aca9-e3cb6e862484;product;12bfc26c-8c29-499d-837d-86b2232e5be4;;;doombringer;Doombringer;Diablo IV;Items;35.2;USD;2026-01-07 14:03:08.992+00;1;unit;35.2000000000000000
22c2c577-299c-455a-a743-76b11adc9cee;option;c403358d-a790-479e-b7d1-15844225da81;4ac3d069-3a96-41fb-8aa2-06d6a305c08c;Tushui/Huojin Pandaren (Exalted);pandaren-ambassador;Pandaren Ambassador - Choose Desired Achievements;Mists of Pandaria;Reputations;87.96;USD;2026-01-07 18:32:35.335+00;1;unit;87.96
f890f57b-0015-4a6c-8713-8dd6cb482f21;option;4fb3d480-f8e8-4a3f-a1d7-869c2a14786c;632a1ffe-f290-4601-9e40-b6b2cf2ef5d3;Neutral - Friendly;netherwing;Netherwing - Desired Reputation Level;WoW: TBC;Reputations;15;USD;2026-01-07 18:32:35.858+00;1;unit;15
9d54d251-cc7a-46a0-86a7-40f002d439d5;option;2cdb211d-2957-404f-8cf3-cdc89d7680d5;38aeba85-6763-468c-9c74-71c70eef9608;NA;siege-of-orgrimmar;Siege of Orgrimmar - Region;Mists of Pandaria;Raids;0;USD;2026-01-07 18:32:36.279+00;1;unit;0
48dd8886-bbaf-4ef9-88d5-5ea986132ab4;option;8faafe63-1b68-4165-a5af-82f0fcb5f9b8;3072ea40-25cb-46b2-936a-c31d4de30e9b;Pilot;orphan-maker;Orphan Maker - Boost Mode;Diablo IV;Items;0;USD;2026-01-07 18:32:36.671+00;1;unit;0
cbf7d7df-78d3-4692-97c6-c6830a4cc71d;option;8faafe63-1b68-4165-a5af-82f0fcb5f9b8;bfc7f63c-4e16-43f5-be33-def3b9938ffd;2/4 - Greater Affixes;orphan-maker;Orphan Maker - Greater Affixes;Diablo IV;Items;17.6;USD;2026-01-07 18:32:37.05+00;2;unit;8.8
cf2d4ec7-6eff-4875-923d-6f82a1f81c31;option;8e2499c1-bd4a-449d-bd9b-e16a3c26af02;56a3889a-d9af-48c8-96ab-b9ab21cf4ff8;Demon Hunter;mage-tower-boost;Mage Tower Boost - Class;War Within;Legacy Content;0;USD;2026-01-07 18:32:37.462+00;1;unit;0
8524c7dc-4658-4416-bf25-2d888c9b107a;option;8e2499c1-bd4a-449d-bd9b-e16a3c26af02;56a3889a-d9af-48c8-96ab-b9ab21cf4ff8;Warlock;mage-tower-boost;Mage Tower Boost - Class;War Within;Legacy Content;0;USD;2026-01-07 18:32:37.882+00;1;unit;0
f5d3aae9-48c3-48b9-9264-eb895854664f;option;215f1e43-160c-43f8-8ed4-95e8e867078f;29e0ed59-f94a-4e2c-ab42-6d34839012f7;Pilot;tyraels-might;Tyrael’s Might - Boost Mode;Diablo IV;Items;0;USD;2026-01-07 18:32:38.278+00;1;unit;0
e574d93e-4eb2-4a7d-a60f-16caf37bf81a;option;2dec039d-20db-4e0e-be07-f4de8cdc9d24;cfbd65d0-3cd1-4934-aa61-76a9d428c230;PC;diablo-4-season-of-divine-intervention-campaign;Divine Intervention Campaign - Platform;Diablo IV;Season of Divine Intervention;0;USD;2026-01-07 18:32:38.694+00;1;unit;0
2761beb4-2d77-4acb-a0a9-630d88568f64;option;30b9079b-4d9f-425c-9842-de2f76052bb4;e85a7a70-28aa-4847-a29f-bb3258472c71;Mighty Throw;barbarian-builds;Barbarian Builds - Select Build;Diablo IV;Builds;0;USD;2026-01-07 18:32:39.504+00;1;unit;0
a321b257-0a97-497c-980a-56879bec44fb;option;58710ab8-a29e-4f2a-82a7-867f664c50f0;b0c1e452-2c9f-4926-8a01-2f0990d5e5c5;EU;celestial-riding-crane;Celestial Riding Crane - Region;Mists of Pandaria;Mounts;0;USD;2026-01-07 18:32:39.942+00;1;unit;0
cd5a73ce-4ea1-4a78-b4aa-26dd41cab791;option;fc956f17-5283-48a9-8d8e-9a91eb8b5f9f;4dfd652e-5678-429f-9e4b-12d1cebe15a3;Eternal;harlequin-crest;Harlequin Crest - Select World - Softcore;Diablo IV;Items;50;USD;2026-01-07 18:32:40.335+00;1;unit;50
7baa3dfd-33e4-40cf-aa4a-23db448885d6;option;7cecef17-56b7-46fc-a318-443e53a6804b;e87fe065-84bb-4e6b-a061-23a89643ae18;Selfplay;korkron-juggernaut;Kor'kron Juggernaut  - Boost Mode;Mists of Pandaria;Mounts;0;USD;2026-01-07 18:32:40.741+00;1;unit;0
11306945-6338-4a6e-9b27-06810279fcc2;option;f54f6fca-3d74-4288-a4cc-8f17227cb239;64c7e9c2-02ac-462e-8e31-6c1f4e87deeb;Neutral - Friendly;the-shado-pan-assault;The Shado-Pan Assault - Select Desired Reputation Level;Mists of Pandaria;Reputations;10.52;USD;2026-01-07 18:32:50.922+00;1;unit;10.52
8dfb3db8-331a-46f4-a40a-8c2889b27da8;option;b76dc564-49cc-48ef-bf65-8b995fea95f8;2237707a-883d-4aea-9925-09b136cd58de;Pilot;the-sunreaver-onslaught;The Sunreaver Onslaught - Boost Mode;Mists of Pandaria;Reputations;0;USD;2026-01-07 18:32:51.825+00;1;unit;0
17b2d409-b5e3-4c49-9431-edf5e8d98195;option;1a47330c-1cf4-49c9-878d-be8dd55f4b3f;44e1aaa1-01b7-40ac-a095-0431ee18e5ae;Pilot;the-anglers;The Anglers - Boost Mode;Mists of Pandaria;Reputations;0;USD;2026-01-07 18:32:52.253+00;1;unit;0
e2fd781c-9391-4191-8dcf-27998e504a03;option;75c497b8-0d82-4c70-bd15-1f8187dce92c;ee89a0fd-f635-4091-a76e-39d50919e343;Pilot;glory-of-the-wartorn-hero-boost;Glory of the Wartorn Hero Boost - Boost Mode;War Within;Achievements;0;USD;2026-01-07 18:32:52.697+00;1;unit;0
dc0d832e-cf1e-4cfa-a310-016dcb6ec2c0;option;75c497b8-0d82-4c70-bd15-1f8187dce92c;4be37e12-699b-4125-9cef-88123c041889;NA;glory-of-the-wartorn-hero-boost;Glory of the Wartorn Hero Boost - Region;War Within;Achievements;0;USD;2026-01-07 18:32:52.842+00;1;unit;0
e2adcc51-d5fd-4ae4-bc30-a134b62a42ef;option;5ee9003a-8b88-4148-906b-ca3a08806fd8;2c89aba0-d4da-4ffd-8e67-e56921815b9b;Unlock ?? challenge tier;let-me-solo-her;Let Me Solo Her - Extra Options;War Within;Delves;18.09;USD;2026-01-07 18:32:53.118+00;1;unit;18.09
d0bd2bee-6a2b-46f7-97ef-d59d38d26035;option;25e7f944-9f6f-4da9-b9a5-18aeb7a9d100;6a7c6455-ec39-47e3-ac68-509d555936d0;Friendly - Honored;the-order-of-the-cloud-serpent;The Order of the Cloud Serpent - Select Desired Reputation Level;Mists of Pandaria;Reputations;10.56;USD;2026-01-07 18:32:53.522+00;1;unit;10.56
c8db098c-8f70-4826-b8e7-1358c5650786;option;e5761804-c753-4b93-9a5b-7bb55ad5d50c;a93a57f5-245d-42c3-a03a-1a384d6e21d2;Seasonal;nesekem-the-herald;Nesekem, the Herald - Select World - Softcore;Diablo IV;Items;0;USD;2026-01-07 18:32:53.928+00;1;unit;0
d3ff6a55-b886-483f-b481-bff63dfa60bb;option;1d983d26-029d-47a6-b8a6-b96e2b80b380;25acb1ee-f22a-4d79-b748-a2955f3fd215;iOS;main-story-quest-boost; Main Story Quest Boost - Platform;Destiny: Rising; Main Story Quests;0;USD;2026-01-07 18:32:54.066+00;1;unit;0
a5d32608-96dc-4745-b7b6-70ea76256953;option;1d983d26-029d-47a6-b8a6-b96e2b80b380;b6d15dbc-5214-4813-8592-180750269f8c;Chapter 3-1 ;main-story-quest-boost; Main Story Quest Boost - Story Chapters;Destiny: Rising; Main Story Quests;5.99;USD;2026-01-07 18:32:54.47+00;3;unit;1.9966666666666668
d8fada39-540f-41fe-9c2b-fc5f0721f0d7;option;1d983d26-029d-47a6-b8a6-b96e2b80b380;b6d15dbc-5214-4813-8592-180750269f8c;Chapter 5-1 ;main-story-quest-boost; Main Story Quest Boost - Story Chapters;Destiny: Rising; Main Story Quests;7.50;USD;2026-01-07 18:32:54.736+00;5;unit;1.5
c170d185-b408-4d90-a6c7-3787bef8a2ab;option;1d983d26-029d-47a6-b8a6-b96e2b80b380;b6d15dbc-5214-4813-8592-180750269f8c;Chapter 5-4 ;main-story-quest-boost; Main Story Quest Boost - Story Chapters;Destiny: Rising; Main Story Quests;7.50;USD;2026-01-07 18:32:54.867+00;5;unit;1.5
4893ad72-15f9-486a-a4d2-ef31ee997d8a;option;c1b13a67-4286-4c3e-8420-5cfc7ebcf466;3ee0a1ff-11db-44dd-96d4-3ddbd586a2e5;Remote;andariel;Andariel - Boost Mode;Diablo IV;Bosses;15;USD;2026-01-07 18:32:55.268+00;1;unit;15
798d28a5-5a32-4f78-a728-ca228dd28c7f;option;c1b13a67-4286-4c3e-8420-5cfc7ebcf466;a5c33163-dbb0-44d3-a29a-0f4fb55a92f3;YES;andariel;Andariel - Have Lair Key;Diablo IV;Bosses;	-30;USD;2026-01-07 18:32:55.523+00;1;unit;	-30
41f8a768-25ec-4bbb-aa72-e3e95051778d;option;0538bef4-3fd6-415a-814b-4a052ba7284c;d063ac64-d105-47e9-a889-d3816348bc38;Revered - Exalted;the-tillers;The Tillers - Select Desired Reputation Level;Mists of Pandaria;Reputations;51.04;USD;2026-01-07 18:32:32.046+00;1;unit;51.04
94b4bd34-3e27-462a-9cf6-c6196de02109;option;304d1194-987a-464c-8906-24e44831f0e1;361930e1-b072-417e-aa6c-6a196263cbbb;Honored - Revered;kurenai;Kurenai - Desired Reputation Level;WoW: TBC;Reputations;39;USD;2026-01-07 18:32:32.775+00;1;unit;39
6e48d95f-a1f2-4999-bc56-e4cc91e42754;option;14e372f8-76d7-4ea8-a348-54c2343632d9;aa0060ea-134f-43be-8fc7-17524a927ed4;NA;pvp-gear;PvP Gear - Region;Mists of Pandaria;PvP;0;USD;2026-01-07 18:32:33.261+00;1;unit;0
f851eb90-551f-43ac-885f-cac157dfef3a;option;56a1d7c4-ff38-4261-b9ed-c98eca3cff6a;bdf81fb8-0be7-41e0-a763-2c9690255986;XBOX;trials-boost;Trials Boost - Platform;Arc Raiders;Leveling;0;USD;2026-01-07 18:32:33.669+00;1;unit;0
d94d4f8f-e7b6-4157-8cb5-2d36fa0b566d;product;1a47330c-1cf4-49c9-878d-be8dd55f4b3f;;;the-anglers;The Anglers;Mists of Pandaria;Reputations;0;USD;2026-01-07 14:03:10.096+00;1;unit;0.00000000000000000000
d3658111-453e-49b5-be53-ea3c08354612;product;75c497b8-0d82-4c70-bd15-1f8187dce92c;;;glory-of-the-wartorn-hero-boost;Glory of the Wartorn Hero Boost;War Within;Achievements;31.94;USD;2026-01-07 14:03:10.543+00;1;unit;31.9400000000000000
95cdbcf9-f037-4e03-ad15-77a2799a92a1;option;56a1d7c4-ff38-4261-b9ed-c98eca3cff6a;168bd87b-18ac-4dfb-b344-6e735d80faa2;Current Week 2 Ranks Up;trials-boost;Trials Boost - Rank Up;Arc Raiders;Leveling;259;USD;2026-01-07 18:32:34.085+00;2;ranks;129.5
dff622bf-008f-4d41-a6f0-6732fc857afb;product;14e372f8-76d7-4ea8-a348-54c2343632d9;;;pvp-gear;PvP Gear;Mists of Pandaria;PvP;0;USD;2026-01-07 14:02:46.716+00;1;unit;0.00000000000000000000
30f2ae5d-005b-462a-bf00-a2d515fb4b28;option;b6b3e826-a628-4349-b8d3-e9212236d73d;8b23d111-1206-4d3c-8efe-0d9520a612ac;Without Greater Affixes;gospel-of-the-devotee-9709;Gospel of the Devotee - Greater Affixes;Diablo IV;Items;0;USD;2026-01-07 18:32:34.536+00;1;unit;0
bb386058-7587-4520-a629-f5161c3ea94c;option;c403358d-a790-479e-b7d1-15844225da81;69140cf4-558b-4cbc-8753-280f42151c24;Remote;pandaren-ambassador;Pandaren Ambassador - Boost Mode;Mists of Pandaria;Reputations;15;USD;2026-01-07 18:32:34.973+00;1;unit;15
ac50eb9c-5b88-4f17-9fdf-b548b24e70d9;option;c403358d-a790-479e-b7d1-15844225da81;4ac3d069-3a96-41fb-8aa2-06d6a305c08c;The August Celestials (Exalted);pandaren-ambassador;Pandaren Ambassador - Choose Desired Achievements;Mists of Pandaria;Reputations;87.96;USD;2026-01-07 18:32:35.384+00;1;unit;87.96
32e13756-0398-498b-95f0-3f2945e23d7e;option;4fb3d480-f8e8-4a3f-a1d7-869c2a14786c;632a1ffe-f290-4601-9e40-b6b2cf2ef5d3;Friendly - Honored;netherwing;Netherwing - Desired Reputation Level;WoW: TBC;Reputations;39;USD;2026-01-07 18:32:35.902+00;1;unit;39
8b208f87-4758-4de2-9818-226eec33642f;option;2cdb211d-2957-404f-8cf3-cdc89d7680d5;70cb530a-cea2-48db-a5fb-d4d10fc99190;Normal;siege-of-orgrimmar;Siege of Orgrimmar - Difficulty;Mists of Pandaria;Raids;0;USD;2026-01-07 18:32:36.33+00;1;unit;0
5fa7f10c-782c-4b34-8962-e101fa1b7f62;option;8faafe63-1b68-4165-a5af-82f0fcb5f9b8;3072ea40-25cb-46b2-936a-c31d4de30e9b;Remote;orphan-maker;Orphan Maker - Boost Mode;Diablo IV;Items;15;USD;2026-01-07 18:32:36.715+00;1;unit;15
99c568e3-b7ad-498f-9771-8546b61ff1bc;option;8faafe63-1b68-4165-a5af-82f0fcb5f9b8;bfc7f63c-4e16-43f5-be33-def3b9938ffd;3/4 - Greater Affixes;orphan-maker;Orphan Maker - Greater Affixes;Diablo IV;Items;52.8;USD;2026-01-07 18:32:37.103+00;3;unit;17.599999999999998
0fe7fa14-6312-46fb-b5b7-b506c64283c7;option;8e2499c1-bd4a-449d-bd9b-e16a3c26af02;56a3889a-d9af-48c8-96ab-b9ab21cf4ff8;Druid;mage-tower-boost;Mage Tower Boost - Class;War Within;Legacy Content;0;USD;2026-01-07 18:32:37.512+00;1;unit;0
2325d76d-c598-4c37-808f-c2380cdb876a;option;8e2499c1-bd4a-449d-bd9b-e16a3c26af02;56a3889a-d9af-48c8-96ab-b9ab21cf4ff8;Warrior;mage-tower-boost;Mage Tower Boost - Class;War Within;Legacy Content;0;USD;2026-01-07 18:32:37.924+00;1;unit;0
a1d8b9bf-ad26-420d-8356-bf38c54eb6cf;option;215f1e43-160c-43f8-8ed4-95e8e867078f;29e0ed59-f94a-4e2c-ab42-6d34839012f7;Remote;tyraels-might;Tyrael’s Might - Boost Mode;Diablo IV;Items;15;USD;2026-01-07 18:32:38.321+00;1;unit;15
51a4da2c-33de-4925-ba7e-3a83dc26998b;option;30b9079b-4d9f-425c-9842-de2f76052bb4;7eacc253-881c-4b37-824b-529395c0d689;Pilot;barbarian-builds;Barbarian Builds - Boost Mode;Diablo IV;Builds;0;USD;2026-01-07 18:32:39.147+00;1;unit;0
acf088f1-373b-41dd-be7b-bd782fdaf1a2;option;30b9079b-4d9f-425c-9842-de2f76052bb4;e85a7a70-28aa-4847-a29f-bb3258472c71;Whirlwind Dual Basic;barbarian-builds;Barbarian Builds - Select Build;Diablo IV;Builds;0;USD;2026-01-07 18:32:39.554+00;1;unit;0
e58de05b-c5fb-42c3-b575-3c21447703ee;option;58710ab8-a29e-4f2a-82a7-867f664c50f0;b0c1e452-2c9f-4926-8a01-2f0990d5e5c5;NA;celestial-riding-crane;Celestial Riding Crane - Region;Mists of Pandaria;Mounts;0;USD;2026-01-07 18:32:39.982+00;1;unit;0
f3a88711-21fa-4cee-b9e7-68694e45b60c;option;7cecef17-56b7-46fc-a318-443e53a6804b;cc1fe79c-574f-4a0e-9dbb-9de32a195f7d;EU;korkron-juggernaut;Kor'kron Juggernaut  - Region;Mists of Pandaria;Mounts;0;USD;2026-01-07 18:32:40.784+00;1;unit;0
b3b6c977-ffa9-4a69-9dbf-1923e292a6b8;option;65e3d3b1-46de-4c77-82da-4d5e04214cf7;1b138d38-17b0-4ce7-9c63-9b74bfbe1efc;Pilot;the-august-celestials;The August Celestials - Boost Mode;Mists of Pandaria;Reputations;0;USD;2026-01-07 18:32:41.188+00;1;unit;0
e13a3c28-ee89-45a3-ae50-d888a9405191;option;550da282-b569-42a0-b579-957d0fff7e54;afe5a363-24a5-48ea-8c2c-55cd2b75b151;NA;tempest-keep-attunement;Tempest Keep Attunement - Region;WoW: TBC;Attunements;0;USD;2026-01-07 18:32:51.284+00;1;unit;0
e30e1c95-e4cd-466e-812c-75c90d3eb770;option;5ee9003a-8b88-4148-906b-ca3a08806fd8;74ba762c-2001-4758-afb6-145b1b3a820f;NA;let-me-solo-her;Let Me Solo Her - Region;War Within;Delves;0;USD;2026-01-07 18:32:53.077+00;1;unit;0
3130c46f-8f2c-48bf-82b4-8229dc69838b;option;25e7f944-9f6f-4da9-b9a5-18aeb7a9d100;6a7c6455-ec39-47e3-ac68-509d555936d0;Neutral - Friendly;the-order-of-the-cloud-serpent;The Order of the Cloud Serpent - Select Desired Reputation Level;Mists of Pandaria;Reputations;5.28;USD;2026-01-07 18:32:53.471+00;1;unit;5.28
46df9121-6b67-4fc1-89a6-09d2c007c146;option;e5761804-c753-4b93-9a5b-7bb55ad5d50c;34a852e5-8e13-4a24-b995-3393f0daa122;XBOX;nesekem-the-herald;Nesekem, the Herald - Select Your Platform;Diablo IV;Items;0;USD;2026-01-07 18:32:53.888+00;1;unit;0
005f681a-2ef9-4f95-94c6-4b0d6d1dcb29;option;1d983d26-029d-47a6-b8a6-b96e2b80b380;b6d15dbc-5214-4813-8592-180750269f8c;Chapter 4-3 ;main-story-quest-boost; Main Story Quest Boost - Story Chapters;Destiny: Rising; Main Story Quests;7.50;USD;2026-01-07 18:32:54.695+00;4;unit;1.875
c0223339-1cc4-4161-97ca-2a39cca3f121;option;1d983d26-029d-47a6-b8a6-b96e2b80b380;b6d15dbc-5214-4813-8592-180750269f8c;Chapter 2-1;main-story-quest-boost; Main Story Quest Boost - Story Chapters;Destiny: Rising; Main Story Quests;5.99;USD;2026-01-07 18:32:54.33+00;2;unit;2.995
1228d470-cd25-4fe7-830f-3a634e381bd4;option;1d983d26-029d-47a6-b8a6-b96e2b80b380;b6d15dbc-5214-4813-8592-180750269f8c;Chapter 7-2 ;main-story-quest-boost; Main Story Quest Boost - Story Chapters;Destiny: Rising; Main Story Quests;8.30;USD;2026-01-07 18:32:55.09+00;7;unit;1.1857142857142857
3ce00638-d81d-48a2-844c-5e783e616ad2;option;c1b13a67-4286-4c3e-8420-5cfc7ebcf466;0f6855a4-b06d-4b14-8523-8431de72e6b2;Eternal;andariel;Andariel - Select World - Softcore;Diablo IV;Bosses;0;USD;2026-01-07 18:32:55.482+00;1;unit;0
ef770a03-5f93-4c3f-9e01-de55a95ba5a6;option;312e52e5-a8e2-4517-b2b2-9631d219e8f1;5231534a-4405-4be1-8f4e-d3cc608341ca;Pilot;overcharged-delver-achievement;Overcharged Delver Achievement - Boost Mode;War Within;Delves;0;USD;2026-01-07 18:32:55.648+00;1;unit;0
62975533-e22c-4308-be0e-f916783f2fb8;option;15bdc57b-e767-49ff-8a03-e83c6e47c45c;ec2771f9-c19a-4c3d-810c-89eb244aeac3;Pilot;celestial-hero-achievement;Celestial Hero Achievement - Boost Mode;Mists of Pandaria;Achievements;0;USD;2026-01-07 18:32:55.875+00;1;unit;0
118dc113-f4bd-4579-83fe-597f060e5c27;option;15bdc57b-e767-49ff-8a03-e83c6e47c45c;ec2771f9-c19a-4c3d-810c-89eb244aeac3;Remote;celestial-hero-achievement;Celestial Hero Achievement - Boost Mode;Mists of Pandaria;Achievements;15;USD;2026-01-07 18:32:55.914+00;1;unit;15
8c13e2a5-7e49-496c-a5a6-9f7880723fd0;option;304d1194-987a-464c-8906-24e44831f0e1;5e7bb757-41d4-4acf-8a7e-9e9419483bc0;Remote;kurenai;Kurenai - Boost Method;WoW: TBC;Reputations;30;USD;2026-01-07 18:32:32.563+00;1;unit;30
d5ea9431-435e-4e84-bd83-d961c8ad299e;product;86c23f21-7611-401a-9705-67c8f3c68281;;;ancestral-phoenix-egg;Ancestral Phoenix Egg;Mists of Pandaria;Challenge Mode;67.96;USD;2026-01-07 14:02:53.64+00;1;unit;67.9600000000000000
696753c5-31eb-43e4-950c-65ef9efad225;option;14e372f8-76d7-4ea8-a348-54c2343632d9;11786a74-ea77-49c5-a6fe-491dce070bfa;Remote;pvp-gear;PvP Gear - Boost Mode;Mists of Pandaria;PvP;15;USD;2026-01-07 18:32:32.957+00;1;unit;15
64faf8cc-1dcc-4992-8f40-0223b4f9e994;option;10380286-0c99-4d9d-afb1-bce887edfd69;09a50bd3-3a64-461d-900d-55dbd2dd409c;Pilot;poe-2-campaign-boost;Campaign Boost - Boost Method;Path of Exile 2;Leveling;0;USD;2026-01-07 18:32:33.349+00;1;unit;0
20d0c48c-a562-4046-a7fe-f875ad17fa6e;option;10380286-0c99-4d9d-afb1-bce887edfd69;75f545c3-0468-4ef8-8f61-b6db6de557d5;League SC;poe-2-campaign-boost;Campaign Boost - League;Path of Exile 2;Leveling;0;USD;2026-01-07 18:32:33.434+00;1;unit;0
b4b6ec6c-6fe8-4a3f-be57-474717f7547e;option;56a1d7c4-ff38-4261-b9ed-c98eca3cff6a;b4dcd34d-4af2-48c6-9472-bdad7f43e3da;First Wave Husks;trials-boost;Trials Boost - 3 Stars Challenge;Arc Raiders;Leveling;8;USD;2026-01-07 18:32:33.756+00;1;unit;8
952f15c3-5542-4813-9c0b-055f76531d88;option;56a1d7c4-ff38-4261-b9ed-c98eca3cff6a;b4dcd34d-4af2-48c6-9472-bdad7f43e3da;Harvest Plants;trials-boost;Trials Boost - 3 Stars Challenge;Arc Raiders;Leveling;12;USD;2026-01-07 18:32:33.848+00;1;unit;12
fbe406ba-249f-43b4-a462-89641287617c;option;b6b3e826-a628-4349-b8d3-e9212236d73d;7bcae85f-511a-4268-b176-a7b5ecd511aa;Seasonal;gospel-of-the-devotee-9709;Gospel of the Devotee - Select World - Softcore;Diablo IV;Items;0;USD;2026-01-07 18:32:34.189+00;1;unit;0
5da7105e-6f91-4ca2-9399-c97b3921e66d;option;b6b3e826-a628-4349-b8d3-e9212236d73d;2f29687b-3bb7-4b45-8161-af2fa45cfeec;Pilot;gospel-of-the-devotee-9709;Gospel of the Devotee - Boost Mode;Diablo IV;Items;0;USD;2026-01-07 18:32:34.281+00;1;unit;0
6d9bb4ac-717b-477e-a39a-4d4f2f7001f3;option;c403358d-a790-479e-b7d1-15844225da81;8c795553-c050-43a5-ac63-f1555444a07f;NA;pandaren-ambassador;Pandaren Ambassador - Region;Mists of Pandaria;Reputations;0;USD;2026-01-07 18:32:35.068+00;1;unit;0
1d4e0764-a7cb-4c57-b5f3-80ce338a6112;option;c403358d-a790-479e-b7d1-15844225da81;4ac3d069-3a96-41fb-8aa2-06d6a305c08c;Order of the Cloud Serpent (Exalted);pandaren-ambassador;Pandaren Ambassador - Choose Desired Achievements;Mists of Pandaria;Reputations;87.96;USD;2026-01-07 18:32:35.496+00;1;unit;87.96
bb23e34d-21d8-4408-af59-fb9eb732cedb;option;4fb3d480-f8e8-4a3f-a1d7-869c2a14786c;632a1ffe-f290-4601-9e40-b6b2cf2ef5d3;Revered - Exalted;netherwing;Netherwing - Desired Reputation Level;WoW: TBC;Reputations;69;USD;2026-01-07 18:32:36.001+00;1;unit;69
69088e31-67bf-4f43-947e-201a3d08c99b;option;2cdb211d-2957-404f-8cf3-cdc89d7680d5;b7af0344-a444-441d-8d4a-d083761eef39;5+ Items loot run;siege-of-orgrimmar;Siege of Orgrimmar - Loot Option;Mists of Pandaria;Raids;159.96;USD;2026-01-07 18:32:36.416+00;5;unit;31.992
c9ff6f01-707e-45ec-8942-b8ce549a9223;option;8faafe63-1b68-4165-a5af-82f0fcb5f9b8;41f37908-e8b5-4f0f-913f-15191dcd7ea4;PSN;orphan-maker;Orphan Maker - Select Your Platform;Diablo IV;Items;0;USD;2026-01-07 18:32:36.8+00;1;unit;0
1d2a2dfe-ed63-46e3-9707-b7261541ea19;option;8faafe63-1b68-4165-a5af-82f0fcb5f9b8;4ba27311-4b5f-4568-92b2-250e1587daf8;High Roll Unique Power;orphan-maker;Orphan Maker - Extra Power ;Diablo IV;Items;8.8;USD;2026-01-07 18:32:37.186+00;1;unit;8.8
645d268b-afc6-43bb-9017-5984aa02ff04;option;8e2499c1-bd4a-449d-bd9b-e16a3c26af02;56a3889a-d9af-48c8-96ab-b9ab21cf4ff8;Mage;mage-tower-boost;Mage Tower Boost - Class;War Within;Legacy Content;0;USD;2026-01-07 18:32:37.602+00;1;unit;0
f9e3e006-37bd-44d4-955f-c77eb5a120d5;option;0108fd90-cc34-4c84-b491-68d3b6b8d064;ca31bee5-aaa6-4a8f-aef2-3831b602c756;PIlot;bilgewater-cartel-reputation;Bilgewater Cartel Reputation - Boost Mode;War Within;Reputations;0;USD;2026-01-07 18:32:38.008+00;1;unit;0
22c43781-66db-423b-9ebb-422813b5b6d6;option;215f1e43-160c-43f8-8ed4-95e8e867078f;84865cad-fc24-43e5-992f-28827c252af3;PSN;tyraels-might;Tyrael’s Might - Select Your Platform;Diablo IV;Items;0;USD;2026-01-07 18:32:38.406+00;1;unit;0
1787de73-a81d-47ad-bf76-c8f215f69ab4;option;30b9079b-4d9f-425c-9842-de2f76052bb4;32eca1a2-b867-414c-a03f-036f48e0ff85;PC;barbarian-builds;Barbarian Builds - Select Your Platform;Diablo IV;Builds;0;USD;2026-01-07 18:32:39.232+00;1;unit;0
9f271479-fc02-4cc8-a0bf-94437f620c68;option;30b9079b-4d9f-425c-9842-de2f76052bb4;e852edb3-7621-463e-b35a-ed08392ca4f9;Medium;barbarian-builds;Barbarian Builds - Select Build Level;Diablo IV;Builds;70.4;USD;2026-01-07 18:32:39.646+00;1;unit;70.4
74f88636-9615-4462-b204-2e4cdc61c0a9;option;fc956f17-5283-48a9-8d8e-9a91eb8b5f9f;e21a8d29-99c3-413f-8c57-495d84f2833e;Pilot;harlequin-crest;Harlequin Crest - Boost Mode;Diablo IV;Items;0;USD;2026-01-07 18:32:40.066+00;1;unit;0
c36228f3-0b2f-4f75-8e06-2868011d5fcf;option;c223e4f3-8b67-4a3a-a0a3-ad5eec5df727;fe0b73b7-c736-4006-a363-e388bba1a593;Pilot;glory-of-the-orgrimmar-raider-boost;Glory of the Orgrimmar Raider Boost - Boost Mode;War Within;Achievements;0;USD;2026-01-07 18:32:40.478+00;1;unit;0
e9b07f6a-98a2-4750-9e54-997b2fb5f217;option;65e3d3b1-46de-4c77-82da-4d5e04214cf7;ca0819b4-8f94-422c-a80c-8d2bbb343e2b;EU;the-august-celestials;The August Celestials - Region;Mists of Pandaria;Reputations;0;USD;2026-01-07 18:32:41.275+00;1;unit;0
4c919f15-68e5-4162-b170-15a06ac952e1;option;12bfc26c-8c29-499d-837d-86b2232e5be4;63971c72-e6fe-44ce-851a-7bded7a44dcf;Pilot;doombringer;Doombringer - Boost Mode;Diablo IV;Items;0;USD;2026-01-07 18:32:51.442+00;1;unit;0
4d075241-efae-4771-a04b-4d836c4b2670;option;b76dc564-49cc-48ef-bf65-8b995fea95f8;2237707a-883d-4aea-9925-09b136cd58de;Remote;the-sunreaver-onslaught;The Sunreaver Onslaught - Boost Mode;Mists of Pandaria;Reputations;15;USD;2026-01-07 18:32:51.874+00;1;unit;15
c1953941-9da3-4bc3-b29e-1b4170212bb4;option;1a47330c-1cf4-49c9-878d-be8dd55f4b3f;44e1aaa1-01b7-40ac-a095-0431ee18e5ae;Remote;the-anglers;The Anglers - Boost Mode;Mists of Pandaria;Reputations;15;USD;2026-01-07 18:32:52.308+00;1;unit;15
f8cf7d1d-2f28-48c6-883d-ad97e3e77ab7;option;75c497b8-0d82-4c70-bd15-1f8187dce92c;ee89a0fd-f635-4091-a76e-39d50919e343;Remote;glory-of-the-wartorn-hero-boost;Glory of the Wartorn Hero Boost - Boost Mode;War Within;Achievements;12.11;USD;2026-01-07 18:32:52.751+00;1;unit;12.11
c44a09fa-0e38-4644-8112-b0d2a93ef747;option;5ee9003a-8b88-4148-906b-ca3a08806fd8;2c89aba0-d4da-4ffd-8e67-e56921815b9b;690+ ilvl;let-me-solo-her;Let Me Solo Her - Extra Options;War Within;Delves;116.28;USD;2026-01-07 18:32:53.171+00;690;unit;0.16852173913043478
f152b021-ef2f-4d0b-9045-d5d51c652e92;option;25e7f944-9f6f-4da9-b9a5-18aeb7a9d100;6a7c6455-ec39-47e3-ac68-509d555936d0;Honored - Revered;the-order-of-the-cloud-serpent;The Order of the Cloud Serpent - Select Desired Reputation Level;Mists of Pandaria;Reputations;21.12;USD;2026-01-07 18:32:53.567+00;1;unit;21.12
47c5ff24-9e04-451e-a17f-84809c907a5d;option;e5761804-c753-4b93-9a5b-7bb55ad5d50c;a93a57f5-245d-42c3-a03a-1a384d6e21d2;Eternal;nesekem-the-herald;Nesekem, the Herald - Select World - Softcore;Diablo IV;Items;50;USD;2026-01-07 18:32:53.97+00;1;unit;50
9e805e31-7995-4d2e-a8bf-25b3bbf8d2d5;option;1d983d26-029d-47a6-b8a6-b96e2b80b380;b6d15dbc-5214-4813-8592-180750269f8c;Chapter 2-2;main-story-quest-boost; Main Story Quest Boost - Story Chapters;Destiny: Rising; Main Story Quests;5.99;USD;2026-01-07 18:32:54.38+00;2;unit;2.995
30705d84-a1c7-45a5-85ec-bcd1a621f3ff;option;1d983d26-029d-47a6-b8a6-b96e2b80b380;b6d15dbc-5214-4813-8592-180750269f8c;Chapter 5-2 ;main-story-quest-boost; Main Story Quest Boost - Story Chapters;Destiny: Rising; Main Story Quests;7.50;USD;2026-01-07 18:32:54.78+00;5;unit;1.5
625be2e4-2bf1-4d58-bcb7-b41d88ac79fc;option;c1b13a67-4286-4c3e-8420-5cfc7ebcf466;c30a430f-5591-4cc6-bfa2-ad2fff858336;Unlock Torment IV;andariel;Andariel - Additional Options;Diablo IV;Bosses;1.76;USD;2026-01-07 18:32:55.181+00;1;unit;1.76
11e76512-43a7-46ec-97bb-6861b9e93407;option;c1b13a67-4286-4c3e-8420-5cfc7ebcf466;a5c33163-dbb0-44d3-a29a-0f4fb55a92f3;NO;andariel;Andariel - Have Lair Key;Diablo IV;Bosses;0;USD;2026-01-07 18:32:55.564+00;1;unit;0
f8e875ff-ddd2-4be9-aa54-cf8e22ea5f50;option;15bdc57b-e767-49ff-8a03-e83c6e47c45c;87b270ea-64e0-4381-b132-4bc7c9732d17;EU;celestial-hero-achievement;Celestial Hero Achievement - Region;Mists of Pandaria;Achievements;0;USD;2026-01-07 18:32:55.962+00;1;unit;0
fe617019-6114-4889-ae68-8e0427688227;product;8e2499c1-bd4a-449d-bd9b-e16a3c26af02;;;mage-tower-boost;Mage Tower Boost;War Within;Legacy Content;6.46;USD;2026-01-07 14:02:51.784+00;1;unit;6.4600000000000000
e9731f17-3d78-403c-bfc3-cb7ab0cf8354;product;5ee9003a-8b88-4148-906b-ca3a08806fd8;;;let-me-solo-her;Let Me Solo Her;War Within;Delves;35.5;USD;2026-01-07 14:03:10.77+00;1;unit;35.5000000000000000
30644e10-cf54-47c3-a331-b1d424d18571;option;304d1194-987a-464c-8906-24e44831f0e1;361930e1-b072-417e-aa6c-6a196263cbbb;Neutral - Friendly;kurenai;Kurenai - Desired Reputation Level;WoW: TBC;Reputations;15;USD;2026-01-07 18:32:32.689+00;1;unit;15
c9a8c992-80c2-47c2-b2ec-9fbbf9716c59;option;14e372f8-76d7-4ea8-a348-54c2343632d9;3c975a95-1d68-4815-9c53-563428c4b574;Elite Gear;pvp-gear;PvP Gear - Select Gear Set;Mists of Pandaria;PvP;239.96;USD;2026-01-07 18:32:33.174+00;1;unit;239.96
a278e1b0-6ab9-4f8c-8d37-e19bff34952b;product;c403358d-a790-479e-b7d1-15844225da81;;;pandaren-ambassador;Pandaren Ambassador;Mists of Pandaria;Reputations;0;USD;2026-01-07 14:02:49.089+00;1;unit;0.00000000000000000000
bf746e34-0ec1-43cd-a21d-6e2b1f12acf4;option;56a1d7c4-ff38-4261-b9ed-c98eca3cff6a;bdf81fb8-0be7-41e0-a763-2c9690255986;PC;trials-boost;Trials Boost - Platform;Arc Raiders;Leveling;0;USD;2026-01-07 18:32:33.578+00;1;unit;0
a34b2b43-9589-4df2-ac8d-191542748c2a;option;56a1d7c4-ff38-4261-b9ed-c98eca3cff6a;168bd87b-18ac-4dfb-b344-6e735d80faa2;No Rank Up;trials-boost;Trials Boost - Rank Up;Arc Raiders;Leveling;0;USD;2026-01-07 18:32:33.973+00;1;unit;0
95b4f90d-9f8a-480b-a9d3-f068852ee5b1;option;b6b3e826-a628-4349-b8d3-e9212236d73d;8b23d111-1206-4d3c-8efe-0d9520a612ac;4/4 - Greater Affixes;gospel-of-the-devotee-9709;Gospel of the Devotee - Greater Affixes;Diablo IV;Items;88;USD;2026-01-07 18:32:34.765+00;4;unit;22
4b50402a-9075-423f-bd85-58cbdcd43a7c;option;c403358d-a790-479e-b7d1-15844225da81;4ac3d069-3a96-41fb-8aa2-06d6a305c08c;Golden Lotus (Exalted);pandaren-ambassador;Pandaren Ambassador - Choose Desired Achievements;Mists of Pandaria;Reputations;87.96;USD;2026-01-07 18:32:35.15+00;1;unit;87.96
742465f5-d554-47b6-ae49-9ec76cbf464b;option;c403358d-a790-479e-b7d1-15844225da81;4ac3d069-3a96-41fb-8aa2-06d6a305c08c;The Tillers (Exalted);pandaren-ambassador;Pandaren Ambassador - Choose Desired Achievements;Mists of Pandaria;Reputations;87.96;USD;2026-01-07 18:32:35.293+00;1;unit;87.96
6b84556b-f0f0-4c9e-94e3-8f91095791dd;option;4fb3d480-f8e8-4a3f-a1d7-869c2a14786c;602edef8-fa86-4d65-9221-fdfb71ae2020;Pilot;netherwing;Netherwing - Boost Method;WoW: TBC;Reputations;0;USD;2026-01-07 18:32:35.583+00;1;unit;0
3308b54a-3d92-44ba-9780-8f4c7b66a0f2;option;4fb3d480-f8e8-4a3f-a1d7-869c2a14786c;4030ba98-4198-423e-a8f3-cd9b34352dbc;NA;netherwing;Netherwing - Region;WoW: TBC;Reputations;0;USD;2026-01-07 18:32:35.813+00;1;unit;0
075d4a5d-506e-46dd-86c3-df1599bc1805;option;2cdb211d-2957-404f-8cf3-cdc89d7680d5;18c82d24-05b2-4637-a0b8-9db4c1e7c962;Pilot;siege-of-orgrimmar;Siege of Orgrimmar - Boost Mode;Mists of Pandaria;Raids;0;USD;2026-01-07 18:32:36.101+00;1;unit;0
987e2656-c3cb-46b6-9f8d-f942d16e5a96;option;2cdb211d-2957-404f-8cf3-cdc89d7680d5;38aeba85-6763-468c-9c74-71c70eef9608;EU;siege-of-orgrimmar;Siege of Orgrimmar - Region;Mists of Pandaria;Raids;0;USD;2026-01-07 18:32:36.229+00;1;unit;0
fdf12f71-9777-4797-8d11-db9c0563ba77;option;2cdb211d-2957-404f-8cf3-cdc89d7680d5;b7af0344-a444-441d-8d4a-d083761eef39;9+ Items loot run;siege-of-orgrimmar;Siege of Orgrimmar - Loot Option;Mists of Pandaria;Raids;239.95;USD;2026-01-07 18:32:36.503+00;9;unit;26.66111111111111
9dd673ea-b683-4bcf-a609-4afbfa14e8ff;option;8faafe63-1b68-4165-a5af-82f0fcb5f9b8;a7d53560-68e2-40c8-bdd7-540b00049ed2;Seasonal;orphan-maker;Orphan Maker - Select World - Softcore;Diablo IV;Items;0;USD;2026-01-07 18:32:36.882+00;1;unit;0
de08fd32-10d8-4687-a1c8-947ac1e16813;option;8e2499c1-bd4a-449d-bd9b-e16a3c26af02;56a3889a-d9af-48c8-96ab-b9ab21cf4ff8;Paladin;mage-tower-boost;Mage Tower Boost - Class;War Within;Legacy Content;0;USD;2026-01-07 18:32:37.7+00;1;unit;0
1529859c-d1b6-4dbc-ae45-f15cc749767a;option;0108fd90-cc34-4c84-b491-68d3b6b8d064;ae73fbb3-9259-41bf-8e7c-df70cdee9786;Friendly - Honored;bilgewater-cartel-reputation;Bilgewater Cartel Reputation - Reputation;War Within;Reputations;12.79;USD;2026-01-07 18:32:38.092+00;1;unit;12.79
83e2441c-7f28-4081-84fc-2ef956cbd6b9;option;215f1e43-160c-43f8-8ed4-95e8e867078f;9bbeafb9-070f-4aed-83f4-e86065329057;Seasonal;tyraels-might;Tyrael’s Might - Select World - Softcore;Diablo IV;Items;0;USD;2026-01-07 18:32:38.496+00;1;unit;0
e5940250-9e90-43db-8edb-496498af33c7;option;86c23f21-7611-401a-9705-67c8f3c68281;0887b947-0ea3-45c8-b4d2-0b86508463c1;Selfplay;ancestral-phoenix-egg;Ancestral Phoenix Egg - Boost Mode;Mists of Pandaria;Challenge Mode;0;USD;2026-01-07 18:32:38.935+00;1;unit;0
11c37987-6876-4b86-8efc-7853bea666a8;option;30b9079b-4d9f-425c-9842-de2f76052bb4;32eca1a2-b867-414c-a03f-036f48e0ff85;XBOX;barbarian-builds;Barbarian Builds - Select Your Platform;Diablo IV;Builds;0;USD;2026-01-07 18:32:39.323+00;1;unit;0
e11f2414-ff34-4b58-b2e2-71e86f032ba5;option;30b9079b-4d9f-425c-9842-de2f76052bb4;e852edb3-7621-463e-b35a-ed08392ca4f9;Tormented;barbarian-builds;Barbarian Builds - Select Build Level;Diablo IV;Builds;396;USD;2026-01-07 18:32:39.757+00;1;unit;396
9cb354aa-3a0f-430d-9e20-4c2ee51b2aa9;option;fc956f17-5283-48a9-8d8e-9a91eb8b5f9f;5e41801c-eda1-4426-baa3-c75b6eb797d4;PC;harlequin-crest;Harlequin Crest - Select Your Platform;Diablo IV;Items;0;USD;2026-01-07 18:32:40.164+00;1;unit;0
2f2d0aa7-ff4a-4a80-a8af-93d0475cc0f6;option;c223e4f3-8b67-4a3a-a0a3-ad5eec5df727;324413c4-b6a5-4637-944f-4b4d11bcbded;EU;glory-of-the-orgrimmar-raider-boost;Glory of the Orgrimmar Raider Boost - Region;War Within;Achievements;0;USD;2026-01-07 18:32:40.565+00;1;unit;0
0678e226-a5cf-49d5-ac7e-b5e28f53add1;option;4c45788c-07fc-45e7-882b-a13d0604448a;686078bd-506e-498e-ad2a-b1cac00e06ff;NA;glory-of-the-sepulcher-raider-boost;Glory of the Sepulcher Raider Boost - Region;War Within;Achievements;0;USD;2026-01-07 18:32:40.957+00;1;unit;0
4fac0248-6ecf-4a2e-a7e0-a91305f3d84f;option;65e3d3b1-46de-4c77-82da-4d5e04214cf7;69400036-8edb-45a2-a1a3-fd18cb9b5147;Neutral - Friendly;the-august-celestials;The August Celestials - Select Desired Reputation Level;Mists of Pandaria;Reputations;5.28;USD;2026-01-07 18:32:41.359+00;1;unit;5.28
6bfe975a-44d0-4c3a-92cb-38b79641db19;option;12bfc26c-8c29-499d-837d-86b2232e5be4;2ae18c8e-abbc-4c32-9b79-b84b8832c743;PSN;doombringer;Doombringer - Select Your Platform;Diablo IV;Items;0;USD;2026-01-07 18:32:51.59+00;1;unit;0
6a40d88f-d493-44e4-ace6-ca861dd4bc3c;option;b76dc564-49cc-48ef-bf65-8b995fea95f8;b13770d7-5f50-4e6c-a095-924671f3f681;Neutral - Friendly;the-sunreaver-onslaught;The Sunreaver Onslaught - Select Desired Reputation Level;Mists of Pandaria;Reputations;8.8;USD;2026-01-07 18:32:52.017+00;1;unit;8.8
32cd2da5-7031-4e57-abf9-1cdbb7878f80;option;1a47330c-1cf4-49c9-878d-be8dd55f4b3f;664146a1-7786-4bba-8dbb-e2a59837b4cd;Neutral - Friendly;the-anglers;The Anglers - Select Desired Reputation Level;Mists of Pandaria;Reputations;3.52;USD;2026-01-07 18:32:52.449+00;1;unit;3.52
977b1e15-44c5-4926-9978-587cd9abf820;option;25e7f944-9f6f-4da9-b9a5-18aeb7a9d100;12542e2c-90d4-468e-ab10-4c3025e1c29d;Pilot;the-order-of-the-cloud-serpent;The Order of the Cloud Serpent - Boost Mode;Mists of Pandaria;Reputations;0;USD;2026-01-07 18:32:53.306+00;1;unit;0
9e711d63-f9cd-452c-b109-e3d444e0956b;option;e5761804-c753-4b93-9a5b-7bb55ad5d50c;f0420461-0cd5-479e-ac7d-ffdd27dd6c22;Pilot;nesekem-the-herald;Nesekem, the Herald - Boost Mode;Diablo IV;Items;0;USD;2026-01-07 18:32:53.713+00;1;unit;0
38e117fd-f8a6-485e-ac74-18ee6b65ff81;option;1d983d26-029d-47a6-b8a6-b96e2b80b380;25acb1ee-f22a-4d79-b748-a2955f3fd215;Android;main-story-quest-boost; Main Story Quest Boost - Platform;Destiny: Rising; Main Story Quests;0;USD;2026-01-07 18:32:54.123+00;1;unit;0
13e66ff7-2c0c-4d91-a04f-4d1ce765fef6;option;1d983d26-029d-47a6-b8a6-b96e2b80b380;b6d15dbc-5214-4813-8592-180750269f8c;Chapter 3-2 ;main-story-quest-boost; Main Story Quest Boost - Story Chapters;Destiny: Rising; Main Story Quests;5.99;USD;2026-01-07 18:32:54.511+00;3;unit;1.9966666666666668
8d89d9a7-b816-4464-a190-1902a6a86054;option;1d983d26-029d-47a6-b8a6-b96e2b80b380;b6d15dbc-5214-4813-8592-180750269f8c;Chapter 6-1 ;main-story-quest-boost; Main Story Quest Boost - Story Chapters;Destiny: Rising; Main Story Quests;7.50;USD;2026-01-07 18:32:54.911+00;6;unit;1.25
e393178e-34dc-48db-a1d7-cf67260b9f3f;option;c1b13a67-4286-4c3e-8420-5cfc7ebcf466;6ebbe207-b1df-47e5-9dde-ae69c33b7f00;PC;andariel;Andariel - Select Your Platform;Diablo IV;Bosses;0;USD;2026-01-07 18:32:55.311+00;1;unit;0
7cc4adbe-124e-4149-9079-300c2da232f3;option;312e52e5-a8e2-4517-b2b2-9631d219e8f1;5231534a-4405-4be1-8f4e-d3cc608341ca;Remote;overcharged-delver-achievement;Overcharged Delver Achievement - Boost Mode;War Within;Delves;12.11;USD;2026-01-07 18:32:55.695+00;1;unit;12.11
1767539d-1226-4998-aaa6-549727f5b06a;option;3be9a498-673f-4ad1-91c5-7cf8416ac7b1;536d8cea-4ae2-434b-ad4a-999be984cc7a;Pilot;heirloom-gear;Heirloom Gear - Boost Mode;Mists of Pandaria;Gear;0;USD;2026-01-07 18:32:56.096+00;1;unit;0
6617e5a5-385b-432f-89d8-8690512f594f;option;304d1194-987a-464c-8906-24e44831f0e1;361930e1-b072-417e-aa6c-6a196263cbbb;Revered - Exalted;kurenai;Kurenai - Desired Reputation Level;WoW: TBC;Reputations;49;USD;2026-01-07 18:32:32.822+00;1;unit;49
72e6e016-f256-4104-8227-24aece47b279;option;56a1d7c4-ff38-4261-b9ed-c98eca3cff6a;30608576-106e-48ad-b74b-3f2d434059fa;Pilot;trials-boost;Trials Boost - Boost Method;Arc Raiders;Leveling;0;USD;2026-01-07 18:32:33.714+00;1;unit;0
ea0b6b34-0f45-4544-bc81-559bef55a5b1;option;c403358d-a790-479e-b7d1-15844225da81;8c795553-c050-43a5-ac63-f1555444a07f;EU;pandaren-ambassador;Pandaren Ambassador - Region;Mists of Pandaria;Reputations;0;USD;2026-01-07 18:32:35.025+00;1;unit;0
590d8df1-d987-4795-990e-bd14da39909e;option;c403358d-a790-479e-b7d1-15844225da81;4ac3d069-3a96-41fb-8aa2-06d6a305c08c;The Klaxxi (Exalted);pandaren-ambassador;Pandaren Ambassador - Choose Desired Achievements;Mists of Pandaria;Reputations;87.96;USD;2026-01-07 18:32:35.45+00;1;unit;87.96
bab855d4-3b51-4917-993d-9e849cf665b1;product;10380286-0c99-4d9d-afb1-bce887edfd69;;;poe-2-campaign-boost;Campaign Boost;Path of Exile 2;Leveling;40;USD;2026-01-07 14:02:47.172+00;1;unit;40.0000000000000000
aa9caa65-bc4b-49c2-95c9-494afcd1ef17;option;4fb3d480-f8e8-4a3f-a1d7-869c2a14786c;632a1ffe-f290-4601-9e40-b6b2cf2ef5d3;Honored - Revered;netherwing;Netherwing - Desired Reputation Level;WoW: TBC;Reputations;59;USD;2026-01-07 18:32:35.953+00;1;unit;59
9f93c13c-f1ca-49cd-804a-8f132cb163b0;option;2cdb211d-2957-404f-8cf3-cdc89d7680d5;70cb530a-cea2-48db-a5fb-d4d10fc99190;Heroic;siege-of-orgrimmar;Siege of Orgrimmar - Difficulty;Mists of Pandaria;Raids;325;USD;2026-01-07 18:32:36.374+00;1;unit;325
131e2359-18ed-4789-b201-4dbd6da5c492;option;8faafe63-1b68-4165-a5af-82f0fcb5f9b8;41f37908-e8b5-4f0f-913f-15191dcd7ea4;PC;orphan-maker;Orphan Maker - Select Your Platform;Diablo IV;Items;0;USD;2026-01-07 18:32:36.757+00;1;unit;0
9d99ca7c-74be-4757-8bd1-1f76722caeac;option;8faafe63-1b68-4165-a5af-82f0fcb5f9b8;bfc7f63c-4e16-43f5-be33-def3b9938ffd;1/4 - Greater Affixes;orphan-maker;Orphan Maker - Greater Affixes;Diablo IV;Items;4.84;USD;2026-01-07 18:32:37.008+00;1;unit;4.84
2b63c864-b5f2-41f0-b572-e1dc70911dbd;option;8faafe63-1b68-4165-a5af-82f0fcb5f9b8;bfc7f63c-4e16-43f5-be33-def3b9938ffd;4/4 - Greater Affixes;orphan-maker;Orphan Maker - Greater Affixes;Diablo IV;Items;88;USD;2026-01-07 18:32:37.144+00;4;unit;22
81b00e4b-6de0-422e-b865-31317390a2cf;option;8e2499c1-bd4a-449d-bd9b-e16a3c26af02;56a3889a-d9af-48c8-96ab-b9ab21cf4ff8;Death Knight;mage-tower-boost;Mage Tower Boost - Class;War Within;Legacy Content;0;USD;2026-01-07 18:32:37.421+00;1;unit;0
e68846bc-a5c3-4035-9e03-8af3a0efe892;option;8e2499c1-bd4a-449d-bd9b-e16a3c26af02;56a3889a-d9af-48c8-96ab-b9ab21cf4ff8;Hunter;mage-tower-boost;Mage Tower Boost - Class;War Within;Legacy Content;0;USD;2026-01-07 18:32:37.555+00;1;unit;0
8efacf44-4e0c-4414-87d5-a90e92c9b33f;option;8e2499c1-bd4a-449d-bd9b-e16a3c26af02;56a3889a-d9af-48c8-96ab-b9ab21cf4ff8;Shaman;mage-tower-boost;Mage Tower Boost - Class;War Within;Legacy Content;0;USD;2026-01-07 18:32:37.832+00;1;unit;0
3df7455c-60d8-4745-b78b-b1126f3308ff;option;215f1e43-160c-43f8-8ed4-95e8e867078f;84865cad-fc24-43e5-992f-28827c252af3;PC;tyraels-might;Tyrael’s Might - Select Your Platform;Diablo IV;Items;0;USD;2026-01-07 18:32:38.363+00;1;unit;0
b282979d-e36b-4f2b-a3eb-072d4afd1983;option;2dec039d-20db-4e0e-be07-f4de8cdc9d24;1450dafa-55d3-47ba-8829-064c6b80c24b;Pilot;diablo-4-season-of-divine-intervention-campaign;Divine Intervention Campaign - Boost Mode;Diablo IV;Season of Divine Intervention;0;USD;2026-01-07 18:32:38.654+00;1;unit;0
bd187ae4-a59e-47fa-b4ed-4a5c49889ad8;option;86c23f21-7611-401a-9705-67c8f3c68281;f708c641-5a45-413e-a921-b9b90eab9033;NA;ancestral-phoenix-egg;Ancestral Phoenix Egg - Region;Mists of Pandaria;Challenge Mode;0;USD;2026-01-07 18:32:39.067+00;1;unit;0
2c24d9d0-d86e-48b0-9685-3ed54dfb28b4;option;30b9079b-4d9f-425c-9842-de2f76052bb4;e85a7a70-28aa-4847-a29f-bb3258472c71;Hammer of the Ancients;barbarian-builds;Barbarian Builds - Select Build;Diablo IV;Builds;0;USD;2026-01-07 18:32:39.463+00;1;unit;0
4b041e30-b8b7-4ff1-8c92-fd64426a5030;option;58710ab8-a29e-4f2a-82a7-867f664c50f0;ed35cd8d-49d6-4b73-b4c3-ffd9e88c4ec0;Remote;celestial-riding-crane;Celestial Riding Crane - Boost Mode;Mists of Pandaria;Mounts;15;USD;2026-01-07 18:32:39.901+00;1;unit;15
0f648965-d806-4a46-bfc5-e528f7a9775c;option;fc956f17-5283-48a9-8d8e-9a91eb8b5f9f;4dfd652e-5678-429f-9e4b-12d1cebe15a3;Seasonal ;harlequin-crest;Harlequin Crest - Select World - Softcore;Diablo IV;Items;0;USD;2026-01-07 18:32:40.292+00;1;unit;0
94c72bd1-a6fe-4e41-b47d-bd1ba738920c;option;7cecef17-56b7-46fc-a318-443e53a6804b;e87fe065-84bb-4e6b-a061-23a89643ae18;Pilot;korkron-juggernaut;Kor'kron Juggernaut  - Boost Mode;Mists of Pandaria;Mounts;0;USD;2026-01-07 18:32:40.7+00;1;unit;0
661deb89-877f-4886-87c3-ad3990d531cd;option;4c45788c-07fc-45e7-882b-a13d0604448a;4240fad1-a8cd-42e6-8ad9-9b5f178c5241;Remote;glory-of-the-sepulcher-raider-boost;Glory of the Sepulcher Raider Boost - Boost Mode;War Within;Achievements;12.11;USD;2026-01-07 18:32:41.087+00;1;unit;12.11
caa77440-364a-4849-908c-f0dab099a3a2;option;65e3d3b1-46de-4c77-82da-4d5e04214cf7;69400036-8edb-45a2-a1a3-fd18cb9b5147;Revered - Exalted;the-august-celestials;The August Celestials - Select Desired Reputation Level;Mists of Pandaria;Reputations;51.04;USD;2026-01-07 18:32:41.491+00;1;unit;51.04
9312d4a6-413a-4b07-b647-df5ca772bd5c;option;b76dc564-49cc-48ef-bf65-8b995fea95f8;118d6635-d68e-4b66-8c8c-382ef33593ef;EU;the-sunreaver-onslaught;The Sunreaver Onslaught - Region;Mists of Pandaria;Reputations;0;USD;2026-01-07 18:32:51.933+00;1;unit;0
aff38561-7ab5-4d8b-8098-40b54569c4a7;option;1a47330c-1cf4-49c9-878d-be8dd55f4b3f;3a0a15a1-06ee-4693-95ff-1b2429233205;EU;the-anglers;The Anglers - Region;Mists of Pandaria;Reputations;0;USD;2026-01-07 18:32:52.349+00;1;unit;0
5c3d1c36-fc6b-4ebf-90fe-6904154614d0;option;75c497b8-0d82-4c70-bd15-1f8187dce92c;4be37e12-699b-4125-9cef-88123c041889;EU;glory-of-the-wartorn-hero-boost;Glory of the Wartorn Hero Boost - Region;War Within;Achievements;0;USD;2026-01-07 18:32:52.798+00;1;unit;0
ae3bf119-3771-41cc-8556-2feb05994a74;option;5ee9003a-8b88-4148-906b-ca3a08806fd8;2c89aba0-d4da-4ffd-8e67-e56921815b9b;Brann leveling to 60;let-me-solo-her;Let Me Solo Her - Extra Options;War Within;Delves;142.12;USD;2026-01-07 18:32:53.218+00;60;unit;2.368666666666667
ac8f181d-7778-4746-b44e-cf223b4e9b4f;option;25e7f944-9f6f-4da9-b9a5-18aeb7a9d100;6a7c6455-ec39-47e3-ac68-509d555936d0;Revered - Exalted;the-order-of-the-cloud-serpent;The Order of the Cloud Serpent - Select Desired Reputation Level;Mists of Pandaria;Reputations;51.04;USD;2026-01-07 18:32:53.61+00;1;unit;51.04
b2b22aa3-2400-4ee2-80a9-60aa568138d0;option;e5761804-c753-4b93-9a5b-7bb55ad5d50c;34a852e5-8e13-4a24-b995-3393f0daa122;PSN;nesekem-the-herald;Nesekem, the Herald - Select Your Platform;Diablo IV;Items;0;USD;2026-01-07 18:32:53.849+00;1;unit;0
4b9a016e-910b-4dd7-a53c-79120f41b719;option;1d983d26-029d-47a6-b8a6-b96e2b80b380;b6d15dbc-5214-4813-8592-180750269f8c;Chapter 2-3;main-story-quest-boost; Main Story Quest Boost - Story Chapters;Destiny: Rising; Main Story Quests;5.99;USD;2026-01-07 18:32:54.427+00;2;unit;2.995
340b79ba-5cc9-4678-81a2-6bec808e0430;option;1d983d26-029d-47a6-b8a6-b96e2b80b380;b6d15dbc-5214-4813-8592-180750269f8c;Chapter 5-3;main-story-quest-boost; Main Story Quest Boost - Story Chapters;Destiny: Rising; Main Story Quests;7.50;USD;2026-01-07 18:32:54.824+00;5;unit;1.5
96bd7890-0ccc-45f3-9878-38da4f01cbae;option;c1b13a67-4286-4c3e-8420-5cfc7ebcf466;3ee0a1ff-11db-44dd-96d4-3ddbd586a2e5;Pilot;andariel;Andariel - Boost Mode;Diablo IV;Bosses;0;USD;2026-01-07 18:32:55.222+00;1;unit;0
a0393c0c-923d-4e9a-82ca-81d8438ee80e;option;15bdc57b-e767-49ff-8a03-e83c6e47c45c;87b270ea-64e0-4381-b132-4bc7c9732d17;NA;celestial-hero-achievement;Celestial Hero Achievement - Region;Mists of Pandaria;Achievements;0;USD;2026-01-07 18:32:56.005+00;1;unit;0
e6d041fe-dc97-4e9d-bc29-ca03031ff7f6;product;fc956f17-5283-48a9-8d8e-9a91eb8b5f9f;;;harlequin-crest;Harlequin Crest;Diablo IV;Items;35.2;USD;2026-01-07 14:02:54.976+00;1;unit;35.2000000000000000
a7bb05de-28b0-4d0a-afa2-c76d88ada124;option;10380286-0c99-4d9d-afb1-bce887edfd69;09a50bd3-3a64-461d-900d-55dbd2dd409c;Selfplay;poe-2-campaign-boost;Campaign Boost - Boost Method;Path of Exile 2;Leveling;0;USD;2026-01-07 18:32:33.394+00;1;unit;0
72ff2f4f-5013-4802-b867-1d091a22b522;option;56a1d7c4-ff38-4261-b9ed-c98eca3cff6a;b4dcd34d-4af2-48c6-9472-bdad7f43e3da;Damage Leapers;trials-boost;Trials Boost - 3 Stars Challenge;Arc Raiders;Leveling;8;USD;2026-01-07 18:32:33.806+00;1;unit;8
0eab5820-2815-487a-b1d3-1cf3f162ea86;option;b6b3e826-a628-4349-b8d3-e9212236d73d;7bcae85f-511a-4268-b176-a7b5ecd511aa;Eternal;gospel-of-the-devotee-9709;Gospel of the Devotee - Select World - Softcore;Diablo IV;Items;50;USD;2026-01-07 18:32:34.238+00;1;unit;50
f59097d9-e118-47ea-8e58-e03c01af0b90;product;4fb3d480-f8e8-4a3f-a1d7-869c2a14786c;;;netherwing;Netherwing;WoW: TBC;Reputations;0;USD;2026-01-07 14:02:49.897+00;1;unit;0.00000000000000000000
8ce621a3-aaec-4bb9-b6a1-36f92a401a9d;product;2cdb211d-2957-404f-8cf3-cdc89d7680d5;;;siege-of-orgrimmar;Siege of Orgrimmar;Mists of Pandaria;Raids;0;USD;2026-01-07 14:02:50.372+00;1;unit;0.00000000000000000000
41b71a16-ba7f-4006-abd2-f791e2267918;option;b6b3e826-a628-4349-b8d3-e9212236d73d;8b23d111-1206-4d3c-8efe-0d9520a612ac;3/4 - Greater Affixes;gospel-of-the-devotee-9709;Gospel of the Devotee - Greater Affixes;Diablo IV;Items;52.8;USD;2026-01-07 18:32:34.715+00;3;unit;17.599999999999998
7efeaa0d-7856-4bb8-9ca8-c4f1087646e6;option;c403358d-a790-479e-b7d1-15844225da81;4ac3d069-3a96-41fb-8aa2-06d6a305c08c;The Anglers (Exalted);pandaren-ambassador;Pandaren Ambassador - Choose Desired Achievements;Mists of Pandaria;Reputations;42.2;USD;2026-01-07 18:32:35.109+00;1;unit;42.2
592217b0-6265-4a9f-9d3d-a975412b896c;option;2cdb211d-2957-404f-8cf3-cdc89d7680d5;b7af0344-a444-441d-8d4a-d083761eef39;7+ Items loot run;siege-of-orgrimmar;Siege of Orgrimmar - Loot Option;Mists of Pandaria;Raids;175.96;USD;2026-01-07 18:32:36.461+00;7;unit;25.13714285714286
7a866d06-1748-4f2e-9aed-f8a6a01049db;option;8faafe63-1b68-4165-a5af-82f0fcb5f9b8;41f37908-e8b5-4f0f-913f-15191dcd7ea4;XBOX;orphan-maker;Orphan Maker - Select Your Platform;Diablo IV;Items;0;USD;2026-01-07 18:32:36.843+00;1;unit;0
0d0bcb10-13dc-4983-92fc-fa068482eb1f;option;8faafe63-1b68-4165-a5af-82f0fcb5f9b8;4ba27311-4b5f-4568-92b2-250e1587daf8;High Roll Stats;orphan-maker;Orphan Maker - Extra Power ;Diablo IV;Items;20;USD;2026-01-07 18:32:37.232+00;1;unit;20
d9789087-a7df-4c6e-a239-c9a48c183389;option;8e2499c1-bd4a-449d-bd9b-e16a3c26af02;56a3889a-d9af-48c8-96ab-b9ab21cf4ff8;Monk;mage-tower-boost;Mage Tower Boost - Class;War Within;Legacy Content;0;USD;2026-01-07 18:32:37.656+00;1;unit;0
e50cefdd-2b09-4c78-b206-860510723cc5;option;0108fd90-cc34-4c84-b491-68d3b6b8d064;ca31bee5-aaa6-4a8f-aef2-3831b602c756;Remote;bilgewater-cartel-reputation;Bilgewater Cartel Reputation - Boost Mode;War Within;Reputations;12.11;USD;2026-01-07 18:32:38.051+00;1;unit;12.11
1c91ae48-2163-4434-9a0b-39aa57504f5f;option;215f1e43-160c-43f8-8ed4-95e8e867078f;84865cad-fc24-43e5-992f-28827c252af3;XBOX;tyraels-might;Tyrael’s Might - Select Your Platform;Diablo IV;Items;0;USD;2026-01-07 18:32:38.449+00;1;unit;0
38aac38d-5204-4d5a-90c4-7ddddc439d2a;option;2dec039d-20db-4e0e-be07-f4de8cdc9d24;cfbd65d0-3cd1-4934-aa61-76a9d428c230;XBOX;diablo-4-season-of-divine-intervention-campaign;Divine Intervention Campaign - Platform;Diablo IV;Season of Divine Intervention;0;USD;2026-01-07 18:32:38.807+00;1;unit;0
59fefd7d-6b5b-43e7-bae3-b774472037de;option;86c23f21-7611-401a-9705-67c8f3c68281;0887b947-0ea3-45c8-b4d2-0b86508463c1;Pilot;ancestral-phoenix-egg;Ancestral Phoenix Egg - Boost Mode;Mists of Pandaria;Challenge Mode;0;USD;2026-01-07 18:32:38.893+00;1;unit;0
01013697-e14b-4c24-af41-03dee5b1f11a;option;30b9079b-4d9f-425c-9842-de2f76052bb4;7eacc253-881c-4b37-824b-529395c0d689;Selfplay;barbarian-builds;Barbarian Builds - Boost Mode;Diablo IV;Builds;0;USD;2026-01-07 18:32:39.187+00;1;unit;0
64096c05-ff0a-4a90-b24c-c953b791fe30;option;30b9079b-4d9f-425c-9842-de2f76052bb4;32eca1a2-b867-414c-a03f-036f48e0ff85;PSN;barbarian-builds;Barbarian Builds - Select Your Platform;Diablo IV;Builds;0;USD;2026-01-07 18:32:39.275+00;1;unit;0
62038a29-c214-43a8-8d77-31596046dabd;option;30b9079b-4d9f-425c-9842-de2f76052bb4;e852edb3-7621-463e-b35a-ed08392ca4f9;Starter;barbarian-builds;Barbarian Builds - Select Build Level;Diablo IV;Builds;35.20;USD;2026-01-07 18:32:39.6+00;1;unit;35.2
9abd9747-b99f-4a41-8752-89380789d3ba;option;30b9079b-4d9f-425c-9842-de2f76052bb4;e852edb3-7621-463e-b35a-ed08392ca4f9;Nightmare;barbarian-builds;Barbarian Builds - Select Build Level;Diablo IV;Builds;176;USD;2026-01-07 18:32:39.689+00;1;unit;176
5d04ab18-747f-42db-affd-3df77f72eea9;option;fc956f17-5283-48a9-8d8e-9a91eb8b5f9f;e21a8d29-99c3-413f-8c57-495d84f2833e;Remote;harlequin-crest;Harlequin Crest - Boost Mode;Diablo IV;Items;15;USD;2026-01-07 18:32:40.111+00;1;unit;15
7667570b-80bf-4323-a8e2-97340ba7abfa;option;c223e4f3-8b67-4a3a-a0a3-ad5eec5df727;fe0b73b7-c736-4006-a363-e388bba1a593;Selfplay;glory-of-the-orgrimmar-raider-boost;Glory of the Orgrimmar Raider Boost - Boost Mode;War Within;Achievements;0;USD;2026-01-07 18:32:40.424+00;1;unit;0
608ded8d-3241-4bee-8416-816155c989e5;option;c223e4f3-8b67-4a3a-a0a3-ad5eec5df727;fe0b73b7-c736-4006-a363-e388bba1a593;Remote;glory-of-the-orgrimmar-raider-boost;Glory of the Orgrimmar Raider Boost - Boost Mode;War Within;Achievements;12.11;USD;2026-01-07 18:32:40.524+00;1;unit;12.11
b3cae610-ea93-401b-af6b-41e47c1bd741;option;7cecef17-56b7-46fc-a318-443e53a6804b;cc1fe79c-574f-4a0e-9dbb-9de32a195f7d;NA;korkron-juggernaut;Kor'kron Juggernaut  - Region;Mists of Pandaria;Mounts;0;USD;2026-01-07 18:32:40.823+00;1;unit;0
7467d51a-beba-4a97-bc69-06238324f360;option;4c45788c-07fc-45e7-882b-a13d0604448a;686078bd-506e-498e-ad2a-b1cac00e06ff;EU;glory-of-the-sepulcher-raider-boost;Glory of the Sepulcher Raider Boost - Region;War Within;Achievements;0;USD;2026-01-07 18:32:40.909+00;1;unit;0
9771abfd-ec9e-4228-a847-c7e6004c57b5;option;65e3d3b1-46de-4c77-82da-4d5e04214cf7;1b138d38-17b0-4ce7-9c63-9b74bfbe1efc;Remote;the-august-celestials;The August Celestials - Boost Mode;Mists of Pandaria;Reputations;15;USD;2026-01-07 18:32:41.233+00;1;unit;15
6163d012-6f2a-418f-bd67-d478ccd2c250;option;1a47330c-1cf4-49c9-878d-be8dd55f4b3f;664146a1-7786-4bba-8dbb-e2a59837b4cd;Friendly - Honored;the-anglers;The Anglers - Select Desired Reputation Level;Mists of Pandaria;Reputations;7.04;USD;2026-01-07 18:32:52.494+00;1;unit;7.04
09eea885-d020-490f-af34-eeebf923f5d7;option;5ee9003a-8b88-4148-906b-ca3a08806fd8;3c705aea-2c70-4470-92a6-4f3326f58e01;Pilot;let-me-solo-her;Let Me Solo Her - Boost Mode;War Within;Delves;0;USD;2026-01-07 18:32:52.944+00;1;unit;0
85e66687-5195-41d9-b288-d31c9d907367;option;25e7f944-9f6f-4da9-b9a5-18aeb7a9d100;12542e2c-90d4-468e-ab10-4c3025e1c29d;Remote;the-order-of-the-cloud-serpent;The Order of the Cloud Serpent - Boost Mode;Mists of Pandaria;Reputations;15;USD;2026-01-07 18:32:53.348+00;1;unit;15
3fb307fa-69b3-480d-ae5e-3a2a590ffb7b;option;e5761804-c753-4b93-9a5b-7bb55ad5d50c;f0420461-0cd5-479e-ac7d-ffdd27dd6c22;Remote;nesekem-the-herald;Nesekem, the Herald - Boost Mode;Diablo IV;Items;15;USD;2026-01-07 18:32:53.756+00;1;unit;15
7ead6215-3a0e-4912-a550-ba6145eea96b;option;1d983d26-029d-47a6-b8a6-b96e2b80b380;b6d15dbc-5214-4813-8592-180750269f8c;All 20 Chapters ;main-story-quest-boost; Main Story Quest Boost - Story Chapters;Destiny: Rising; Main Story Quests;129;USD;2026-01-07 18:32:54.166+00;20;chapters;6.45
c75cb47a-58be-4b44-b0e2-6f3d2944ece7;option;1d983d26-029d-47a6-b8a6-b96e2b80b380;b6d15dbc-5214-4813-8592-180750269f8c;Chapter 3-3;main-story-quest-boost; Main Story Quest Boost - Story Chapters;Destiny: Rising; Main Story Quests;5.99;USD;2026-01-07 18:32:54.554+00;3;unit;1.9966666666666668
0c1a6b11-0e66-4d0a-b32a-d677b1888e79;option;1d983d26-029d-47a6-b8a6-b96e2b80b380;b6d15dbc-5214-4813-8592-180750269f8c;Chapter 6-2;main-story-quest-boost; Main Story Quest Boost - Story Chapters;Destiny: Rising; Main Story Quests;7.50;USD;2026-01-07 18:32:54.958+00;6;unit;1.25
14b55d83-ab65-47d1-9224-97215661dbc8;option;c1b13a67-4286-4c3e-8420-5cfc7ebcf466;6ebbe207-b1df-47e5-9dde-ae69c33b7f00;PSN;andariel;Andariel - Select Your Platform;Diablo IV;Bosses;0;USD;2026-01-07 18:32:55.353+00;1;unit;0
42c98742-05f3-4093-9a82-40b7500f0bfe;option;312e52e5-a8e2-4517-b2b2-9631d219e8f1;942e8519-fc51-4125-83ae-b70f1975196f;EU;overcharged-delver-achievement;Overcharged Delver Achievement - Region;War Within;Delves;0;USD;2026-01-07 18:32:55.742+00;1;unit;0
fa71fb6e-19f1-4e5c-b5aa-ef33124ce82c;option;3be9a498-673f-4ad1-91c5-7cf8416ac7b1;536d8cea-4ae2-434b-ad4a-999be984cc7a;Remote;heirloom-gear;Heirloom Gear - Boost Mode;Mists of Pandaria;Gear;15;USD;2026-01-07 18:32:56.14+00;1;unit;15
8f9ecb63-792b-4a04-8db5-6ecc04bc93ce;option;10380286-0c99-4d9d-afb1-bce887edfd69;75f545c3-0468-4ef8-8f61-b6db6de557d5;League HC;poe-2-campaign-boost;Campaign Boost - League;Path of Exile 2;Leveling;100;USD;2026-01-07 18:32:33.48+00;1;unit;100
511649bd-b4eb-4724-9514-5503ff319146;option;56a1d7c4-ff38-4261-b9ed-c98eca3cff6a;b4dcd34d-4af2-48c6-9472-bdad7f43e3da;Raider Containers;trials-boost;Trials Boost - 3 Stars Challenge;Arc Raiders;Leveling;18;USD;2026-01-07 18:32:33.89+00;1;unit;18
98524099-ded9-4b3b-944c-13ad0deb922e;option;b6b3e826-a628-4349-b8d3-e9212236d73d;2f29687b-3bb7-4b45-8161-af2fa45cfeec;Remote;gospel-of-the-devotee-9709;Gospel of the Devotee - Boost Mode;Diablo IV;Items;15;USD;2026-01-07 18:32:34.323+00;1;unit;15
1061a8e8-0e51-4047-a316-df9772bac176;option;c403358d-a790-479e-b7d1-15844225da81;4ac3d069-3a96-41fb-8aa2-06d6a305c08c;Shado-Pan (Exalted);pandaren-ambassador;Pandaren Ambassador - Choose Desired Achievements;Mists of Pandaria;Reputations;87.96;USD;2026-01-07 18:32:35.194+00;1;unit;87.96
993b52d6-e84b-46d4-baf5-ea602e72c056;option;4fb3d480-f8e8-4a3f-a1d7-869c2a14786c;602edef8-fa86-4d65-9221-fdfb71ae2020;Remote;netherwing;Netherwing - Boost Method;WoW: TBC;Reputations;30;USD;2026-01-07 18:32:35.629+00;1;unit;30
2d865211-5840-4cf1-bb68-10395b21d29e;option;2cdb211d-2957-404f-8cf3-cdc89d7680d5;18c82d24-05b2-4637-a0b8-9db4c1e7c962;Selfplay;siege-of-orgrimmar;Siege of Orgrimmar - Boost Mode;Mists of Pandaria;Raids;0;USD;2026-01-07 18:32:36.141+00;1;unit;0
81133f48-d677-416f-a30e-6545b3f130d5;option;2cdb211d-2957-404f-8cf3-cdc89d7680d5;b7af0344-a444-441d-8d4a-d083761eef39;11+ Items loot run;siege-of-orgrimmar;Siege of Orgrimmar - Loot Option;Mists of Pandaria;Raids;259.95;USD;2026-01-07 18:32:36.543+00;11;unit;23.63181818181818
0a871076-bc17-49fd-bdfd-0b7f35765bdc;option;8faafe63-1b68-4165-a5af-82f0fcb5f9b8;a7d53560-68e2-40c8-bdd7-540b00049ed2;Eternal;orphan-maker;Orphan Maker - Select World - Softcore;Diablo IV;Items;50;USD;2026-01-07 18:32:36.922+00;1;unit;50
1beaf112-c042-4a8f-a9fc-79b3b1f8a8ea;option;8e2499c1-bd4a-449d-bd9b-e16a3c26af02;a6de80ce-fd2c-40b1-aa8a-24f5c5c4f566;Pilot;mage-tower-boost;Mage Tower Boost - Boost Method;War Within;Legacy Content;0;USD;2026-01-07 18:32:37.314+00;1;unit;0
892eff60-0313-425e-946a-a32c41f9ed4d;option;8e2499c1-bd4a-449d-bd9b-e16a3c26af02;56a3889a-d9af-48c8-96ab-b9ab21cf4ff8;Priest;mage-tower-boost;Mage Tower Boost - Class;War Within;Legacy Content;0;USD;2026-01-07 18:32:37.75+00;1;unit;0
b20b1dfa-247e-4561-8f75-c1f6fbcab1c0;option;0108fd90-cc34-4c84-b491-68d3b6b8d064;ae73fbb3-9259-41bf-8e7c-df70cdee9786;Honored - Revered;bilgewater-cartel-reputation;Bilgewater Cartel Reputation - Reputation;War Within;Reputations;18.48;USD;2026-01-07 18:32:38.136+00;1;unit;18.48
3ec34e89-a5c8-46fd-8ea4-33081b856e96;option;215f1e43-160c-43f8-8ed4-95e8e867078f;9bbeafb9-070f-4aed-83f4-e86065329057;Eternal;tyraels-might;Tyrael’s Might - Select World - Softcore;Diablo IV;Items;50;USD;2026-01-07 18:32:38.55+00;1;unit;50
e953fd67-9d0d-4c6d-b5a3-160d9642d941;option;86c23f21-7611-401a-9705-67c8f3c68281;0887b947-0ea3-45c8-b4d2-0b86508463c1;Remote;ancestral-phoenix-egg;Ancestral Phoenix Egg - Boost Mode;Mists of Pandaria;Challenge Mode;15;USD;2026-01-07 18:32:38.979+00;1;unit;15
dd0f8aad-ccc5-4cc5-a7d9-e76a5d2fc627;option;30b9079b-4d9f-425c-9842-de2f76052bb4;76af0168-ee42-4c28-bd9a-e1e6c617a081;Seasonal;barbarian-builds;Barbarian Builds - Select World - Softcore;Diablo IV;Builds;0;USD;2026-01-07 18:32:39.365+00;1;unit;0
39f7b2ad-773a-46be-a2c1-957a99f99e6a;option;fc956f17-5283-48a9-8d8e-9a91eb8b5f9f;5e41801c-eda1-4426-baa3-c75b6eb797d4;PSN;harlequin-crest;Harlequin Crest - Select Your Platform;Diablo IV;Items;0;USD;2026-01-07 18:32:40.21+00;1;unit;0
fe5eef34-a3b5-4d5a-b0f3-fa4048e64224;option;c223e4f3-8b67-4a3a-a0a3-ad5eec5df727;324413c4-b6a5-4637-944f-4b4d11bcbded;NA;glory-of-the-orgrimmar-raider-boost;Glory of the Orgrimmar Raider Boost - Region;War Within;Achievements;0;USD;2026-01-07 18:32:40.607+00;1;unit;0
387da5ad-3db8-4bd7-b086-43dd5e83e651;option;4c45788c-07fc-45e7-882b-a13d0604448a;4240fad1-a8cd-42e6-8ad9-9b5f178c5241;Selfplay;glory-of-the-sepulcher-raider-boost;Glory of the Sepulcher Raider Boost - Boost Mode;War Within;Achievements;0;USD;2026-01-07 18:32:41.003+00;1;unit;0
e426b63a-7493-4b6e-8af5-4f04fcf973b8;option;65e3d3b1-46de-4c77-82da-4d5e04214cf7;ca0819b4-8f94-422c-a80c-8d2bbb343e2b;NA;the-august-celestials;The August Celestials - Region;Mists of Pandaria;Reputations;0;USD;2026-01-07 18:32:41.318+00;1;unit;0
0df4d031-f533-43ea-aeb3-9fc06d9bc6a3;option;65e3d3b1-46de-4c77-82da-4d5e04214cf7;69400036-8edb-45a2-a1a3-fd18cb9b5147;Friendly - Honored;the-august-celestials;The August Celestials - Select Desired Reputation Level;Mists of Pandaria;Reputations;10.56;USD;2026-01-07 18:32:41.404+00;1;unit;10.56
fffa8e91-280f-46ba-b518-2c851cbfe641;option;b76dc564-49cc-48ef-bf65-8b995fea95f8;b13770d7-5f50-4e6c-a095-924671f3f681;Honored - Revered;the-sunreaver-onslaught;The Sunreaver Onslaught - Select Desired Reputation Level;Mists of Pandaria;Reputations;35.2;USD;2026-01-07 18:32:52.101+00;1;unit;35.2
2f707bfb-7f85-4ee4-bd5b-b8ff0c6018fd;option;b76dc564-49cc-48ef-bf65-8b995fea95f8;b13770d7-5f50-4e6c-a095-924671f3f681;Revered - Exalted;the-sunreaver-onslaught;The Sunreaver Onslaught - Select Desired Reputation Level;Mists of Pandaria;Reputations;70.4;USD;2026-01-07 18:32:52.141+00;1;unit;70.4
223662e9-e533-4e47-9990-bc42c7de76ca;option;1a47330c-1cf4-49c9-878d-be8dd55f4b3f;664146a1-7786-4bba-8dbb-e2a59837b4cd;Honored - Revered;the-anglers;The Anglers - Select Desired Reputation Level;Mists of Pandaria;Reputations;10.56;USD;2026-01-07 18:32:52.541+00;1;unit;10.56
8b0c4f97-4d6e-464f-a11f-a23d7909efed;option;1a47330c-1cf4-49c9-878d-be8dd55f4b3f;664146a1-7786-4bba-8dbb-e2a59837b4cd;Revered - Exalted;the-anglers;The Anglers - Select Desired Reputation Level;Mists of Pandaria;Reputations;21.12;USD;2026-01-07 18:32:52.587+00;1;unit;21.12
c79d67a1-a8b6-42d3-9188-8e2784fd8b04;option;5ee9003a-8b88-4148-906b-ca3a08806fd8;3c705aea-2c70-4470-92a6-4f3326f58e01;Selfplay;let-me-solo-her;Let Me Solo Her - Boost Mode;War Within;Delves;0;USD;2026-01-07 18:32:52.985+00;1;unit;0
1b7861ec-1d6e-48f3-bb58-ec783d8cabba;option;5ee9003a-8b88-4148-906b-ca3a08806fd8;74ba762c-2001-4758-afb6-145b1b3a820f;EU;let-me-solo-her;Let Me Solo Her - Region;War Within;Delves;0;USD;2026-01-07 18:32:53.037+00;1;unit;0
cce82d64-17b7-473c-90e3-8ac3fd10fd2b;option;25e7f944-9f6f-4da9-b9a5-18aeb7a9d100;2f5b3298-a19c-4738-bc95-48dc99955cf3;EU;the-order-of-the-cloud-serpent;The Order of the Cloud Serpent - Region;Mists of Pandaria;Reputations;0;USD;2026-01-07 18:32:53.389+00;1;unit;0
9b349c32-2524-4067-8ee4-ecfdc443e004;option;25e7f944-9f6f-4da9-b9a5-18aeb7a9d100;2f5b3298-a19c-4738-bc95-48dc99955cf3;NA;the-order-of-the-cloud-serpent;The Order of the Cloud Serpent - Region;Mists of Pandaria;Reputations;0;USD;2026-01-07 18:32:53.429+00;1;unit;0
a57a7f1a-d314-4171-b340-b1127102f57f;option;e5761804-c753-4b93-9a5b-7bb55ad5d50c;34a852e5-8e13-4a24-b995-3393f0daa122;PC;nesekem-the-herald;Nesekem, the Herald - Select Your Platform;Diablo IV;Items;0;USD;2026-01-07 18:32:53.802+00;1;unit;0
a27ea447-abe3-4d83-a47f-0d9a8edaf11c;option;1d983d26-029d-47a6-b8a6-b96e2b80b380;b6d15dbc-5214-4813-8592-180750269f8c;Chapter 1-1;main-story-quest-boost; Main Story Quest Boost - Story Chapters;Destiny: Rising; Main Story Quests;5.99;USD;2026-01-07 18:32:54.207+00;1;unit;5.99
446146c9-89b1-41ec-a240-62e6b5e1d410;option;1d983d26-029d-47a6-b8a6-b96e2b80b380;b6d15dbc-5214-4813-8592-180750269f8c;Chapter 4-1 ;main-story-quest-boost; Main Story Quest Boost - Story Chapters;Destiny: Rising; Main Story Quests;5.99;USD;2026-01-07 18:32:54.611+00;4;unit;1.4975
393d0403-6a62-4ed8-a6d3-672484c19c49;option;1d983d26-029d-47a6-b8a6-b96e2b80b380;b6d15dbc-5214-4813-8592-180750269f8c;Chapter 6-3 ;main-story-quest-boost; Main Story Quest Boost - Story Chapters;Destiny: Rising; Main Story Quests;7.50;USD;2026-01-07 18:32:55.001+00;6;unit;1.25
9cf7a070-f735-4da5-a917-b822fe84f4c4;option;c1b13a67-4286-4c3e-8420-5cfc7ebcf466;6ebbe207-b1df-47e5-9dde-ae69c33b7f00;XBOX;andariel;Andariel - Select Your Platform;Diablo IV;Bosses;0;USD;2026-01-07 18:32:55.395+00;1;unit;0
36926874-861d-4274-8b79-5c59e195b491;option;312e52e5-a8e2-4517-b2b2-9631d219e8f1;942e8519-fc51-4125-83ae-b70f1975196f;NA;overcharged-delver-achievement;Overcharged Delver Achievement - Region;War Within;Delves;0;USD;2026-01-07 18:32:55.788+00;1;unit;0
80c88e8f-0bd9-4532-b485-d217de84fdeb;option;3be9a498-673f-4ad1-91c5-7cf8416ac7b1;4b3496af-de8d-4dd0-be7f-5a2eb9c47138;EU;heirloom-gear;Heirloom Gear - Region;Mists of Pandaria;Gear;0;USD;2026-01-07 18:32:56.189+00;1;unit;0
3935d12e-cbbd-410d-8ccd-5e7e4e618d9e;product;15bdc57b-e767-49ff-8a03-e83c6e47c45c;;;celestial-hero-achievement;Celestial Hero Achievement;Mists of Pandaria;Achievements;33.56;USD;2026-01-07 14:03:14.262+00;1;unit;33.5600000000000000
19b760a1-6c29-4112-b031-b3a3746339ae;option;14e372f8-76d7-4ea8-a348-54c2343632d9;3c975a95-1d68-4815-9c53-563428c4b574;Honor Gear;pvp-gear;PvP Gear - Select Gear Set;Mists of Pandaria;PvP;34.36;USD;2026-01-07 18:32:33.083+00;1;unit;34.36
9f019dda-43f1-429a-8831-4d0245e1658f;option;1d983d26-029d-47a6-b8a6-b96e2b80b380;b6d15dbc-5214-4813-8592-180750269f8c;Chapter 1-2;main-story-quest-boost; Main Story Quest Boost - Story Chapters;Destiny: Rising; Main Story Quests;5.99;USD;2026-01-07 18:32:54.247+00;1;unit;5.99
7fe97077-26b6-479b-ae9f-6dac0d33ad81;option;1d983d26-029d-47a6-b8a6-b96e2b80b380;b6d15dbc-5214-4813-8592-180750269f8c;Chapter 4-2 ;main-story-quest-boost; Main Story Quest Boost - Story Chapters;Destiny: Rising; Main Story Quests;7.50;USD;2026-01-07 18:32:54.656+00;4;unit;1.875
a5fe036c-5754-45f4-b55c-77069657e09f;option;1d983d26-029d-47a6-b8a6-b96e2b80b380;b6d15dbc-5214-4813-8592-180750269f8c;Chapter 7-1 ;main-story-quest-boost; Main Story Quest Boost - Story Chapters;Destiny: Rising; Main Story Quests;8.30;USD;2026-01-07 18:32:55.044+00;7;unit;1.1857142857142857
4969db31-a89a-481d-9dd9-43834a1250b6;option;c1b13a67-4286-4c3e-8420-5cfc7ebcf466;0f6855a4-b06d-4b14-8523-8431de72e6b2;Seasonal;andariel;Andariel - Select World - Softcore;Diablo IV;Bosses;0;USD;2026-01-07 18:32:55.44+00;1;unit;0
c5b005fe-e15d-4414-a526-55a4f2eba51c;option;3be9a498-673f-4ad1-91c5-7cf8416ac7b1;4b3496af-de8d-4dd0-be7f-5a2eb9c47138;NA;heirloom-gear;Heirloom Gear - Region;Mists of Pandaria;Gear;0;USD;2026-01-07 18:32:56.234+00;1;unit;0
b47e821c-e7ed-49d9-8dec-c9b59571dda1;product;56a1d7c4-ff38-4261-b9ed-c98eca3cff6a;;;trials-boost;Trials Boost;Arc Raiders;Leveling;1.99;USD;2026-01-07 18:12:47.675+00;1;unit;1.99
78d0dfff-95d8-432a-8427-260ae29a76e4;product;215f1e43-160c-43f8-8ed4-95e8e867078f;;;tyraels-might;Tyrael’s Might;Diablo IV;Items;35.2;USD;2026-01-07 18:12:52.175+00;1;unit;35.2
27331dfb-7596-4075-a202-7f1f94cefc19;product;d8764f3c-823e-4e11-a852-f5eed1a6a0c4;;;astral-cloud-serpent;Astral Cloud Serpent;Mists of Pandaria;Mounts;439.96;USD;2026-01-07 18:12:58.179+00;1;unit;439.96