id;product_id;rewards_content;is_approved;generated_at;approved_at;approved_by;created_at;updated_at
7345f79a-fb06-41c9-91ec-ceebbeae9e40;b6b3e826-a628-4349-b8d3-e9212236d73d;<h4>What You Get</h4><ul><li>Guaranteed delivery of the Diablo 4 Gospel of the Devotee.</li><li>Empower your Necromancer with significantly increased Basic Skill damage and unique enhancements.</li><li>Unlock faster Reap attacks, guaranteed corpse generation from Decompose, explosive Hemorrhage effects, and piercing Bone Splinters.</li><li>Boost your Necromancer's Intelligence, Maximum Life, and Attack Speed for superior farming and endgame performance.</li><li>Optional upgrades available: choose Greater Affixes for stronger stat bonuses, High Roll Stats for near-maximum potential, or High Roll Unique Power for peak ability performance.</li><li>Enjoy safe, manual delivery through secure in-game trade with VPN protection, ensuring account security.</li><li>Benefit from Misti.Services' fast, reliable delivery, experienced Diablo 4 specialists, 24/7 live support, and thousands of verified positive reviews.</li><li>Skip the grind of boss farming and get your powerful Unique Focus quickly and hassle-free.</li></ul>;true;2025-12-12 08:22:25.804+00;2025-12-12 08:26:10.619+00;03765a40-f338-4035-a2ba-8928fff30834;2025-12-12 08:22:25.836088+00;2025-12-12 08:26:10.670218+00
3bc573d6-65b5-4770-b31b-d115d6abbdf7;affd735f-ebd8-4445-b00c-9bea7b43317b;<h4>What You Get</h4><ul><li><strong>Glorious Tyranny weapon enchantment:</strong> Secure this prestigious PvP weapon enhancement.</li><li><strong>2200 Arena rating:</strong> Quickly and safely achieved in 2v2 Arena.</li><li><strong>Full Elite Malevolent Gladiator Set:</strong> Access 483 item level gear and weapons.</li><li><strong>Improved PvP set visuals:</strong> Enhance your character's elite appearance.</li><li><strong>+600 PvP Power & 50% Disarm Duration Reduction:</strong> Significant functional benefits from the enchantment.</li><li><strong>Fast & efficient completion:</strong> Our expert boosters achieve your goals without endless grinding.</li><li><strong>100% manual & secure gameplay:</strong> No bots or cheats, just professional, strategic play.</li><li><strong>Guaranteed rewards:</strong> All listed enchantments and gear are assured.</li><li><strong>Flexible delivery & quick start:</strong> Service begins within 15 minutes.</li></ul>;true;2025-12-12 08:51:48.023+00;2025-12-12 09:02:08.376+00;03765a40-f338-4035-a2ba-8928fff30834;2025-12-12 08:51:48.075977+00;2025-12-12 09:02:08.408466+00
0c109e0c-e078-45b1-a242-606ca84652a3;78dbfe04-41ff-4c00-a3c3-732c3bcaa4b6;<h4>What You Get</h4><ul><li><b>Thunderfury, Blessed Blade of the Windseeker:</b> The full legendary weapon, secured quickly and efficiently.</li><li><b>Guaranteed Results:</b> We ensure you receive every required item to forge Thunderfury, including both Bindings of the Windseeker and all 10 Elementium Bars.</li><li><b>Molten Core Boss Kills:</b> Ragnaros, Garr, and Baron Geddon defeated, with all related quests completed on your behalf.</li><li><b>Time Savings:</b> Skip the long grind of raids, rare material farming, and complex boss fights. Enjoy a stress-free experience.</li><li><b>Fast & Secure Service:</b> Your boost starts in just 15 minutes, with 100% manual boosting and account protection.</li><li><b>Instant Prestige:</b> Wield one of WoW Classic's most iconic and powerful weapons, recognized for its legendary power, appearance, and versatility in both PvE and PvP.</li><li><b>Flexible Delivery:</b> Enjoy a convenient boosting process tailored to your schedule.</li></ul>;true;2025-12-12 08:08:44.112+00;2025-12-12 08:11:06.99+00;03765a40-f338-4035-a2ba-8928fff30834;2025-12-12 08:08:44.159904+00;2025-12-12 08:11:07.081881+00
d50aea4a-b16a-4177-8b23-81b9f213e624;11c50335-e6b5-4704-b2bb-10663ec598a0;<h4>What You Get</h4><ul><li><strong>Shadowflame Shalewing Mount:</strong> Instantly unlock this exclusive flying mount.</li><li><strong>Glory of the Aberrus Raider (Meta-Achievement):</strong> All challenging required achievements completed.</li><li><strong>Aberrus, the Shadowed Crucible Raid Clear:</strong> Full normal difficulty clear, including the Aberrus, the Shadowed Crucible achievement.</li><li><strong>High Item Level Gear:</strong> Chance to obtain 415–424 ilvl gear, including Class Tier Set and socketed items.</li><li><strong>115 Achievement Points:</strong> Boost your in-game profile.</li><li><strong>Fast & Efficient Service:</strong> Guaranteed completion within 1 day, with a start time in just 15 minutes.</li><li><strong>Flexible Boost Options:</strong> Choose between Account Sharing, Selfplay, or Remote Control for your convenience.</li><li><strong>Expert Team Support:</strong> Benefit from experienced WoW professionals and 24/7 customer service.</li><li><strong>100% Safe & Reliable:</strong> Your account security is our top priority.</li></ul>;true;2025-12-12 08:33:16.906+00;2025-12-12 08:40:08.667+00;03765a40-f338-4035-a2ba-8928fff30834;2025-12-12 08:33:16.937824+00;2025-12-12 08:40:08.730049+00
99c2e41a-7d62-4160-a897-bdbf33efcdaf;5095f11f-8528-4b84-b3d1-f5393e66f7d8;<h4>What You Get</h4><ul><li><strong>Exclusive Delver’s Mana-Skimmer Mount:</strong> Secure this stunning, customizable astral-themed flying mount in just 3 hours.</li><li><strong>“This Machine Flies?! Don’t Care I Got It!” Achievement:</strong> Earn this prestigious achievement for your character.</li><li><strong>Full Repossessed Questline Completion:</strong> Our experts handle the entire time-consuming quest chain from start to finish.</li><li><strong>All Loot & Gold:</strong> Keep all items, gold, and resources collected during the boost.</li><li><strong>Guaranteed Account Security:</strong> Experience safe, manual completion by trusted boosters using Piloted or Remote Control options.</li><li><strong>Fast Service:</strong> Boost starts in just 15 minutes, with full delivery in approximately 3 hours.</li><li><strong>Real-time Updates:</strong> Stay informed with progress reports from our support team.</li><li><strong>Skip the Grind:</strong> Avoid the high-tier Delves grind and enjoy your new mount instantly.</li></ul>;true;2025-12-12 08:33:08.172+00;2025-12-12 08:40:16.746+00;03765a40-f338-4035-a2ba-8928fff30834;2025-12-12 08:33:08.20213+00;2025-12-12 08:40:16.792797+00
ecfd791f-3b7c-457e-a317-dfe3d08f8cd0;c133602b-b733-402b-86de-b1360c656c5a;<h4>What You Get</h4><ul><li><strong>Nesting Swarmite Mount:</strong> A rare and distinctive insect mount added to your collection.</li><li><strong>Guaranteed Acquisition:</strong> We handle all repetitive Horrific Vision runs in Stormwind and Orgrimmar until the mount is secured.</li><li><strong>All Loot & Gold:</strong> Any items, gear, or gold obtained during the boost remain on your account.</li><li><strong>100% Manual Completion:</strong> Experienced players complete all runs by hand, ensuring no bots or scripts are used.</li><li><strong>Efficient & Stress-Free:</strong> Skip the frustrating, low-drop-chance grind and save significant time.</li><li><strong>Flexible Delivery:</strong> Choose between secure Account Sharing or Remote Control, letting you watch every step.</li><li><strong>Fast Start:</strong> Your service begins quickly, often within 15 minutes of purchase.</li><li><strong>Peace of Mind:</strong> Enjoy a rare mount without endless grinding, letting you focus on other aspects of the game.</li></ul>;true;2025-12-12 08:32:54.06+00;2025-12-12 08:40:21.15+00;03765a40-f338-4035-a2ba-8928fff30834;2025-12-12 08:32:54.092586+00;2025-12-12 08:40:21.163855+00
2126b13f-90bd-4f7b-9a19-c54c3fc58595;602c3b75-2253-443c-a2f4-7c790c7aa52b;<h4>What You Get</h4><ul><li><strong>Incognitro, the Indecipherable Felcycle</strong> ground mount, delivered quickly and safely to your collection.</li><li><strong>Ratts’ Revenge Feat of Strength</strong> achievement, showcasing your completion of rare secret content.</li><li>All additional rewards, currency, and items earned throughout the process remain on your account.</li><li>A 100% <strong>manual completion</strong> by experienced secret-solver experts.</li><li>A guaranteed, streamlined path to the mount without deciphering endless clues or guides.</li><li>Flexible boost options: secure <strong>Account Sharing (Piloted)</strong> or transparent <strong>Remote Control</strong>.</li><li>Start your boost in just <strong>15 minutes</strong> with our professional team handling everything.</li><li>Focus on the content you enjoy while we tackle this time-consuming puzzle.</li></ul>;true;2025-12-12 08:32:46.196+00;2025-12-12 08:40:25.866+00;03765a40-f338-4035-a2ba-8928fff30834;2025-12-12 08:32:46.230668+00;2025-12-12 08:40:25.872703+00
d280d22f-5b18-420c-8ea2-93290a75ed96;f7f969eb-23c0-4e7f-8b66-560ff336cb31;<h4>What You Get</h4><ul><li>Guaranteed Heir of Perdition Mythic Unique Helm with the powerful Mother's Favor (60% increased damage, +20% Critical Strike Chance, +20% Lucky Hit Chance, +20% Movement Speed, +2 Core Skills).</li><li>All additional loot acquired during the farm, including other Uniques, Runes, Gold, and crafting materials.</li><li>Fast and safe delivery via professional Diablo 4 boosters using secure, manual methods and VPN protection.</li><li>Access to a targeted farm route optimized for quick acquisition of your item.</li><li>Live updates on your order and post-service build recommendations to maximize your new item's potential.</li><li>Optional: Heir of Perdition with Greater Affixes for maximum efficiency.</li><li>Optional: Unlock Torment Difficulty to access better loot tiers and enhanced drop rates.</li><li>Skip the grind and instantly empower your character with a top-tier endgame item for unparalleled offense, speed, and survivability.</li></ul>;true;2025-12-12 08:22:15.912+00;2025-12-12 08:26:12.34+00;03765a40-f338-4035-a2ba-8928fff30834;2025-12-12 08:22:15.944841+00;2025-12-12 08:26:12.39735+00
23338b6a-a53d-4dd9-b5b5-720953303556;28e7cc58-0b6d-474e-9d8f-e115d537fe32;<h4>What You Get</h4><ul><li><strong>Glory of the Dragonflight Hero</strong> meta-achievement completed</li><li>Exclusive <strong>Shellack mount</strong> (account-wide) unlocked</li><li><strong>Myths of the Dragonflight Dungeons</strong> achievement</li><li>Earn <strong>275 Achievement Points</strong></li><li>Chance to obtain <strong>493 item level gear</strong> during runs</li><li>Expert boosters with 15+ years of WoW experience</li><li>Flexible boost options: Account Sharing, Selfplay, or Remote Control</li><li>Guaranteed 100% account safety and confidentiality</li><li>Fast completion: up to <strong>1 day</strong> from start, with service beginning in 15 minutes</li><li>24/7 customer support for assistance and updates</li><li>Save time and skip the hassle of finding experienced teammates</li></ul>;true;2025-12-12 08:41:17.112+00;2025-12-12 08:41:47.467+00;03765a40-f338-4035-a2ba-8928fff30834;2025-12-12 08:41:17.142585+00;2025-12-12 08:41:47.513749+00
efdab107-305a-428d-80e2-115701dd0990;77db7c27-b639-4ae3-bb4d-d692ba2ade14;<h4>What You Get</h4><ul><li><strong>Heavenly Crimson Cloud Serpent mount</strong>: Ride in style with this prestigious and rare mount, a true symbol of mastery.</li><li><strong>Glory of the Pandaria Raider meta-achievement</strong>: Conquer the ultimate challenge and add this impressive feat to your in-game profile.</li><li><strong>29 Additional Achievements</strong>: Boost your achievement points significantly with 315 points from completing associated raid objectives.</li><li><strong>Expert Assistance</strong>: Rely on our professional team to navigate all Pandaria raid challenges efficiently and securely.</li><li><strong>Fast Delivery</strong>: Your boost will be completed in just one day, with a start time as quick as 15 minutes after purchase.</li><li><strong>Effortless Rewards</strong>: Skip the grind and secure your rewards without the time commitment.</li></ul>;true;2025-12-12 08:41:10.941+00;2025-12-12 08:41:51.913+00;03765a40-f338-4035-a2ba-8928fff30834;2025-12-12 08:41:11.025826+00;2025-12-12 08:41:51.952296+00
3baf9290-8d7e-43fe-97d9-efafde73a8f1;7c2e589a-e51d-4074-a6d0-1139718e5e21;<h4>What You Get</h4><ul><li><b>Guaranteed Primal Nethers:</b> Receive your desired quantity of this crucial crafting reagent efficiently.</li><li><b>Bonus Dungeon Gear:</b> A chance to acquire rare and epic dungeon items (ilvl 110-115) from runs.</li><li><b>Badges of Justice:</b> Accumulate 3-5 Badges of Justice per dungeon completed, boosting your progress.</li><li><b>Substantial Reputation Gains:</b> Earn significant standing with various TBC factions.</li><li><b>Fast & Efficient Service:</b> Benefit from quick, optimized heroic dungeon clears by experienced boosters, starting in just 15 minutes.</li><li><b>Flexible Play Options:</b> Choose Piloted, Remote Control, or Self-Play to fit your preference.</li><li><b>Time-Saving:</b> Skip the repetitive grind and focus on enjoying other aspects of the game.</li></ul>;true;2026-01-31 21:00:56.387+00;2026-01-31 21:01:09.222+00;03765a40-f338-4035-a2ba-8928fff30834;2026-01-31 21:00:56.444453+00;2026-01-31 21:01:09.365404+00
9d980c72-66bb-4091-a736-5979242d96c4;274e562b-ee28-4023-91be-3ebc9217ce72;<h4>What You Get</h4><ul><li><b>Rare Amani Blessed Bear Mount:</b> A prestigious ground mount for your collection, acquired effortlessly.</li><li><b>Renown 17 with Amani Tribe:</b> Skip the extensive grind and instantly achieve max faction renown.</li><li><b>6000 Voidlight Marls:</b> All required currency collected for you.</li><li><b>All Loot Acquired:</b> Any gold, items, or additional rewards obtained during the boost are yours.</li><li><b>Significant Time Savings:</b> Avoid countless hours of repetitive farming and enjoy your mount sooner.</li><li><b>Guaranteed Acquisition:</b> Our expert boosters ensure 100% successful and secure mount delivery.</li><li><b>Piloted Mode Convenience:</b> A professional handles everything, respecting your schedule.</li></ul>;false;2026-02-06 14:44:52.66+00;;;2026-02-06 14:44:52.725573+00;2026-02-06 14:44:52.725573+00
6fa54df4-bd1d-4e9a-9938-04f7fea085d3;4b6a15b0-4764-431f-8372-6e9f180c4436;<h4>What You Get</h4><ul><li>Full Tier 0.5 (Dungeon Set 2) obtained for your class & spec, delivering significantly improved stats and performance.</li><li>Completion of the entire extensive quest chain, saving you weeks of grind.</li><li>All required materials and gold provided—no hidden costs or farming needed.</li><li>Unique class-specific armor designs with valuable set bonuses enhancing gameplay.</li><li>Chance to obtain additional pre-raid items during the process.</li><li>Reputation, experience, and loot earned while our professional boosters complete your order.</li><li>Flexible delivery and a fast 15-minute start on your boost via secure account sharing.</li><li>Real-time progress updates, professional customer support, and guaranteed manual completion.</li></ul>;true;2025-12-12 08:08:46.228+00;2025-12-12 08:10:56.295+00;03765a40-f338-4035-a2ba-8928fff30834;2025-12-12 08:08:46.266697+00;2025-12-12 08:10:56.39889+00
6d2c6a2d-1b21-401f-8ad3-889edd0fe7aa;3745c202-29ea-4327-98a6-090be7fa1ae1;<h4>What You Get</h4><ul><li><strong>Glory of the Draenor Raider</strong> meta-achievement unlocked (195 Achievement Points).</li><li>Exclusive <strong>Gorestrider Gronnling</strong> mount added to your collection.</li><li>Full completion of all Warlords of Draenor raid achievements without the grind.</li><li>Professional, efficient, and secure boosting service.</li><li>Fast service delivery within <strong>1 day</strong>.</li><li>Quick start time, with service beginning in just <strong>15 minutes</strong>.</li><li>Hassle-free experience, letting you enjoy the rewards instantly.</li></ul>;true;2025-12-12 08:33:48.397+00;2025-12-12 08:39:39.569+00;03765a40-f338-4035-a2ba-8928fff30834;2025-12-12 08:33:48.425733+00;2025-12-12 08:39:39.630072+00
a7822cfe-b886-4473-b447-e6c5da087786;8f4a2bb2-754a-4d09-8f86-8c298b786abf;<h4>What You Get</h4><ul><li><strong>Glory of the Argus Raider</strong> meta-achievement (135 Achievement Points).</li><li>Exclusive <strong>Antoran Gloomhound mount</strong>.</li><li>Completion of all four raid achievements: Light’s Breach, Forbidden Descent, Hope’s End, and Seat of the Pantheon.</li><li>Chance to obtain the rare <strong>Antoran Charhound mount</strong>.</li><li>Opportunity for powerful <strong>Legion Legendary items</strong> via <em>A Guide to Legion Legendaries</em>.</li><li>Chance to acquire high-level loot, including <strong>Tier 21 tokens</strong> and Titanforged gear.</li><li>Fast start within 15 minutes and guaranteed 1-day delivery by our expert team.</li><li>Hassle-free achievement completion without the grind.</li></ul>;true;2025-12-12 08:33:26.475+00;2025-12-12 08:39:57.76+00;03765a40-f338-4035-a2ba-8928fff30834;2025-12-12 08:33:26.50691+00;2025-12-12 08:39:57.807837+00
332fd03e-400c-4bb0-b7f6-4b12e4b64c06;6937e32c-cb8d-4e82-bac1-df5e3b9df2a6;<h4>What You Get</h4><ul><li>High-level Titan Disc Belt (ilvl 691, upgradeable to 701) without the grind</li><li>Significant stat increase for raids, dungeons, and PvP</li><li>Completion of all necessary Overcharged Delves and weekly quests</li><li>All loot, gold, and materials obtained during the boost</li><li>Fast acquisition and max-level upgrade for your belt</li><li>Choice of Piloted or Remote Control boost for convenience and security</li><li>Professional service from experienced players</li><li>Guaranteed completion with live progress updates</li><li>Skip the time-intensive farming of Overcharged Delves and rare materials</li></ul>;true;2025-12-12 08:33:18.635+00;2025-12-12 08:40:07.556+00;03765a40-f338-4035-a2ba-8928fff30834;2025-12-12 08:33:18.686529+00;2025-12-12 08:40:07.599022+00
fa450d09-bdc0-44c7-8190-a52a78a8f688;6cc3e0b2-d6f6-44c7-a33c-3bdf8b343e02;<h4>What You Get</h4><ul><li><strong>Full Campaign Completion:</strong> Expert boosters finish all six acts of the Diablo 4 story.</li><li><strong>Instant Adventure Mode & Seasonal Realm Access:</strong> Unlock the full endgame experience without the grind.</li><li><strong>Keep All Rewards:</strong> Retain all gold, items, and resources earned during the boost.</li><li><strong>Optional Max Renown Unlock:</strong> Achieve Level 5 Renown in every zone for maximum benefits.</li><li><strong>Fast & Secure Service:</strong> Manual play, VPN protection, and express delivery options.</li><li><strong>Professional Support:</strong> 24/7 assistance and regular progress updates.</li><li><strong>Skip the Grind:</strong> Save dozens of hours on repetitive quests, diving straight into advanced content like Nightmare Dungeons, The Pit, and Helltide events.</li><li><strong>Guaranteed Progress:</strong> Every achievement, item, and reward remains on your account.</li></ul>;true;2025-12-12 08:21:56.708+00;2025-12-12 08:26:23.197+00;03765a40-f338-4035-a2ba-8928fff30834;2025-12-12 08:21:56.738225+00;2025-12-12 08:26:23.259393+00
95073bd7-8b9a-419a-8fc1-8bc2a9aeffbe;4c45788c-07fc-45e7-882b-a13d0604448a;<h4>What You Get</h4><ul><li><strong>Glory of the Sepulcher Raider Meta-Achievement:</strong> Complete all raid challenges and earn 135 achievement points.</li><li><strong>Exclusive Shimmering Aurelid Mount:</strong> Unlock this unique flying protoform jellyfish for your collection.</li><li><strong>Full Sepulcher of the First Ones Normal Clear:</strong> Defeat all 11 bosses without the grind.</li><li><strong>High-Level Gear:</strong> Acquire 252–259 item level loot, including Progenitor Tier Set pieces.</li><li><strong>Valuable Currencies:</strong> Receive Cosmic Flux for legendary upgrades and Reservoir Anima.</li><li><strong>New Covenant Conduits:</strong> Enhance your character's power.</li><li><strong>Fast & Secure Service:</strong> Completed quickly by experienced professionals with 100% account protection.</li><li><strong>Flexible Play Options:</strong> Choose between Account Sharing, Selfplay, or Remote Control.</li><li><strong>24/7 Support:</strong> Dedicated assistance for a smooth boosting experience.</li></ul>;true;2025-12-12 08:41:20.926+00;2025-12-12 08:41:45.072+00;03765a40-f338-4035-a2ba-8928fff30834;2025-12-12 08:41:20.959137+00;2025-12-12 08:41:45.11665+00
916dac62-5269-4d0e-9e35-b35fc2f41b6c;8c08ce5c-a5d4-4e5a-8d9d-b1ddc6545415;<h4>What You Get</h4><ul><li><b>Guaranteed acquisition of the Prototype A.S.M.R. mount</b> on your account.</li><li>Repeated Chrome King Gallywix kills on your chosen difficulty until the mount drops.</li><li>Chance to obtain <b>645–665 item level gear and tier pieces</b> from the raid.</li><li>All gold and additional loot gained during the service kept on your account.</li><li>100% <b>manual raiding</b> by experienced players, ensuring account safety and adherence to mechanics.</li><li>Avoid the stress of building a raid group, progression wipes, and bad luck.</li><li>Flexible execution modes: Piloted (Account Sharing), Selfplay, or Remote Control for maximum convenience and security.</li><li>Streamlined, organized process delivered by a professional team focused solely on securing your mount.</li></ul>;true;2025-12-12 08:44:56.338+00;2025-12-12 08:44:59.106+00;03765a40-f338-4035-a2ba-8928fff30834;2025-12-12 08:44:56.370602+00;2025-12-12 08:44:59.182856+00
eccf5705-5eb8-4955-ba35-c81b89c8911c;f68c29db-ba15-4615-aab5-2efff1fc6397;<h4>What You Get</h4><ul><li>Your chosen primary professions leveled to maximum skill in Pandaria Classic (typically 1 day delivery).</li><li>Instant access to exclusive MoP recipes, powerful gear, valuable consumables, and profession bonuses.</li><li>All materials, gold, and loot gathered during the boost remain on your account.</li><li>Skip the tedious grind and unlock endgame crafting and gold-making opportunities immediately.</li><li>100% manual completion by experienced professional players – no bots or automation.</li><li>Full transparency and communication throughout your order, starting in just 15 minutes.</li><li>Unwavering safety, reliability, and speed from a trusted service.</li></ul>;true;2025-12-12 08:52:55.737+00;2025-12-12 09:01:27.6+00;03765a40-f338-4035-a2ba-8928fff30834;2025-12-12 08:52:56.058317+00;2025-12-12 09:01:27.623406+00
c91e3630-46ea-4a54-b109-fee586f9e553;a3039778-e93f-4cad-9366-cf878a46bc02;<h4>What You Get</h4><ul><li>Guaranteed desired Solo Shuffle rating (Combatant to Astral Legend).</li><li>Unlock prestigious titles (Soloist, Rival, Duelist, Elite, Legend, Astral Legend).</li><li>Elite PvP gear sets and seasonal transmog rewards.</li><li>Conquest and Honor points for top-tier PvP gear.</li><li>Completion of key FoS achievements.</li><li>All rewards, gear, and achievements remain on your account.</li><li>Professional and secure service from top-ranked Gladiators.</li><li>Flexible boost options: Piloted or Remote Control.</li><li>Skip the grind and save time.</li><li>Enjoy top PvP rewards with minimal effort.</li></ul>;true;2025-12-12 08:33:49.792+00;2025-12-12 08:39:38.345+00;03765a40-f338-4035-a2ba-8928fff30834;2025-12-12 08:33:49.820904+00;2025-12-12 08:39:38.391538+00
49cae691-4f79-4dcd-a732-fdfebd097f27;b4916168-ad35-4b85-80b2-63a12bfc3c9a;<h4>What You Get</h4><ul><li><strong>OC91 Chariot Mount:</strong> Secure this visually stunning, Titan-engineered mech-racer for your collection without the monotonous 15,000 Undercoin grind.</li><li><strong>Complete Undercoin Farming:</strong> Our experts efficiently farm all 15,000 Undercoin via Delve completions, saving you hundreds of hours.</li><li><strong>Retain All Loot:</strong> Keep all gold, gear, and resources earned during the boost.</li><li><strong>100% Manual & Secure Service:</strong> Expert boosters hand-play your account (Piloted) or stream securely to your PC (Remote Control), ensuring safety and privacy.</li><li><strong>Immediate Start:</strong> Service begins within 15 minutes of purchase.</li><li><strong>Status Symbol:</strong> Own a prestigious mount that signifies mastery of The War Within's endgame Delve system, without the time commitment.</li></ul>;true;2025-12-12 08:33:29.274+00;2025-12-12 08:39:56.4+00;03765a40-f338-4035-a2ba-8928fff30834;2025-12-12 08:33:29.31192+00;2025-12-12 08:39:56.451426+00
7b4bc11c-7b7c-4f71-ae1b-ba5e6e439d2a;8c7f55fc-cf8f-4470-800f-ceccaa37e7eb;<h4>What You Get</h4><ul><li><b>Guaranteed Desired Amount of Restored Coffer Keys:</b> Efficiently farmed to your specification.</li><li><b>Access to Bountiful Coffers:</b> Open special chests containing guaranteed high ilvl gear based on delve tier, curios, currencies, and other valuable rewards.</li><li><b>Skip the Grind:</b> Avoid repetitive weekly events, shard collecting, and reputation farming.</li><li><b>All Loot Included:</b> Every item, gold, and resource earned during the boost is yours.</li><li><b>Flexible & Fast Delivery:</b> Your service starts in just 15 minutes.</li><li><b>Secure & Reliable Service:</b> Choose between Piloted or Remote Control options, executed by professional boosters with 100% manual completion.</li><li><b>Dedicated Support:</b> Enjoy real-time communication and updates from our trusted team.</li></ul>;true;2025-12-12 08:33:20.395+00;2025-12-12 08:40:02.208+00;03765a40-f338-4035-a2ba-8928fff30834;2025-12-12 08:33:20.425928+00;2025-12-12 08:40:02.272152+00
6bbf415a-452a-462e-bdcc-e87612cd253e;194bd666-bd14-491f-9dd1-97380dd212b1;<h4>What You Get</h4><ul><li><strong>G-99 Breakneck Mount & D.R.I.V.E. System Unlocked:</strong> Immediately enjoy WoW's fastest ground mount with unparalleled speed and customization.</li><li><strong>Maxed Goblin Cartel Renown:</strong> We handle all the reputation grinding to unlock the mount and its features.</li><li><strong>Bonus Cosmetics & Items:</strong> Access additional transmogs, valuable loot, and gold earned during the boost.</li><li><strong>100% Manual Service:</strong> Experienced human players complete every step by hand, ensuring safety and quality.</li><li><strong>Flexible & Fast Start:</strong> Choose between Piloted or Remote Control service, with boosts starting in as little as 15 minutes.</li><li><strong>Skip the Grind:</strong> Avoid repetitive farming and dive straight into high-speed racing and personalization.</li><li><strong>Enhanced Gameplay:</strong> Transform mount travel into a dynamic mini-game experience with Undermine's racing challenges.</li></ul>;true;2025-12-12 08:33:13.099+00;2025-12-12 08:40:11.672+00;03765a40-f338-4035-a2ba-8928fff30834;2025-12-12 08:33:13.130872+00;2025-12-12 08:40:11.725931+00
8a608524-60e4-45d8-a81c-cb7fcf2b044a;c6558645-2b8b-455d-a6e1-ee4ab5f66612;<h4>What You Get</h4><ul><li><strong>Choose Your Power:</strong> Fully optimized Spiritborn Builds (Starter, Medium, Nightmare, or Tormented) tailored for PvE, PvP, or specific Pit Tiers (10+ to 100+).</li><li><strong>Maxed Progression:</strong> Level 60 Character, Paragon up to 250, and fully optimized Skill Tree and Paragon Board for peak performance.</li><li><strong>Elite Gear & Customization:</strong> Legendary, Unique, & Mythic Items (up to 800 Item Power with max Greater Affixes), full Masterworking (up to 12/12), Tempered items, Max/High Roll Aspects, and up to x2 Runewords.</li><li><strong>Powerful Glyphs & Gems:</strong> Up to 5x Level 100 Glyphs and Grand Gems for superior character strength.</li><li><strong>All Loot Included:</strong> Keep all gold, materials, and additional loot acquired during the boost.</li><li><strong>Seamless Integration:</strong> Expert setup for your preferred playstyle with customizable options and discounts for partially leveled characters.</li><li><strong>Fast & Reliable:</strong> Instant access to a high-performance build with service start times as quick as 15 minutes.</li></ul>;true;2025-12-12 08:21:39.004+00;2025-12-12 08:26:33.484+00;03765a40-f338-4035-a2ba-8928fff30834;2025-12-12 08:21:39.032286+00;2025-12-12 08:26:33.541143+00
6d00a3ab-b035-4134-a9f9-41658134fcc4;75c497b8-0d82-4c70-bd15-1f8187dce92c;<h4>What You Get</h4><ul><li><strong>Glory of the Wartorn Hero</strong> meta-achievement (295 Achievement Points) instantly.</li><li>Exclusive <strong>Reins of the Obsidian Krolusk mount</strong> for completing all Battle for Azeroth Mythic dungeon achievements.</li><li>Full clear of all ten Battle for Azeroth Mythic dungeons, completed quickly and effortlessly by expert teams.</li><li>Ten additional Mythic dungeon achievements, contributing 100 bonus Achievement Points.</li><li>High-level loot including Azerite Armor, weapons, and gear (chance for warforged/titanforged rolls).</li><li>Tons of Azerite to empower your Heart of Azeroth.</li><li>Chance to obtain bonus mounts: Sharkbait’s Favorite Crackers, Mummified Raptor Skull, and Underrot Crawg Harness.</li><li>Save hours of grinding with a swift 1-day delivery and 15-minute start time.</li></ul>;true;2025-12-12 08:41:30.847+00;2025-12-12 08:41:38.095+00;03765a40-f338-4035-a2ba-8928fff30834;2025-12-12 08:41:30.880315+00;2025-12-12 08:41:38.15737+00
6c8f3e51-255c-4792-94ed-07255db075bd;0de747e0-aa48-44b8-8578-5f5b3cff3cb9;<h4>What You Get</h4><ul><li><strong>Reins of the Armored Skyscreamer Mount:</strong> Instantly unlock this prestigious flying mount upon meta-achievement completion.</li><li><strong>Glory of the Thundering Raider Meta-Achievement:</strong> Expert teams will swiftly complete this challenging meta-achievement for you.</li><li><strong>23 Individual Achievements:</strong> Earn all necessary achievements, totaling 255 achievement points.</li><li><strong>Full Throne of Thunder Raid Completion:</strong> Our professional boosters will expertly guide you through all 12 (and optional 13th) boss encounters.</li><li><strong>Fast & Professional Service:</strong> Guaranteed start within 15 minutes and full completion within 1 day.</li><li><strong>Effortless Achievement Unlocks:</strong> Skip the grind and let our experienced team secure your rewards with ease.</li></ul>;true;2025-12-12 08:41:27.608+00;2025-12-12 08:41:40.036+00;03765a40-f338-4035-a2ba-8928fff30834;2025-12-12 08:41:27.641784+00;2025-12-12 08:41:40.084486+00
ab755e72-4e0a-47cf-a0ee-dd4a459f0bcc;e6400ff2-a75f-4faf-9e19-04ba53b08ef6;<h4>What You Get</h4><ul><li><strong>Glory of the Shadowlands Hero</strong> meta-achievement (265 AP)</li><li>Exclusive <strong>Voracious Gorger</strong> ground mount</li><li>Completion of all <strong>8 Shadowlands Mythic Dungeons</strong> with personal loot</li><li><strong>210 item level loot</strong> tailored to your class/spec</li><li>Chance for additional mounts: <strong>Gnawed Reins of the Battle-Bound Warhound</strong> & <strong>Marrowfang’s Reins</strong></li><li>Guaranteed Conduits and Runecarver Memory recipes</li><li>Significant amounts of Reservoir Anima for Covenant upgrades</li><li>8 specific Dungeon Achievements (80 AP)</li><li>Fast and reliable boost completion by professional, experienced dungeon teams</li><li>Account safety guaranteed with 24/7 live support and progress updates</li></ul>;true;2025-12-12 08:41:23.671+00;2025-12-12 08:41:43.096+00;03765a40-f338-4035-a2ba-8928fff30834;2025-12-12 08:41:23.702778+00;2025-12-12 08:41:43.136898+00
e9a936be-25b2-4519-9db3-07adfcf77a12;7790cce1-5286-4d60-a7fc-9a630ff71aaa;<h4>What You Get</h4><ul><li><strong>Glory of the Tomb Raider</strong> meta-achievement (115 Achievement Points).</li><li>Exclusive <strong>Tomb Raider title</strong> to showcase your raid mastery.</li><li>Unique <strong>Micronax pet</strong> companion.</li><li>Full <strong>Tomb of Sargeras Normal clear</strong> with all bosses defeated.</li><li>Completion of all associated achievements: <em>The Gates of Hell</em>, <em>Wailing Halls</em>, <em>Chamber of the Avatar</em>, and <em>Deceiver’s Fall</em>.</li><li>Chance for a <strong>Legion Legendary</strong> via <em>A Guide to Legion Legendaries</em>.</li><li>Fast 1-day delivery with a 15-minute start time.</li><li>Safe and efficient service from expert raiding teams.</li></ul>;true;2025-12-12 08:41:14.161+00;2025-12-12 08:41:49.564+00;03765a40-f338-4035-a2ba-8928fff30834;2025-12-12 08:41:14.19442+00;2025-12-12 08:41:49.609987+00
74ea3ed0-814e-4ef4-b471-c3b53ab64932;71f1a47a-ecc7-4576-8577-5556b5e8a86b;<h4>What You Get</h4><ul><li><strong>Sthaarbs's Last Lunch Mount:</strong> Guaranteed addition of this ultra-rare, unique mount to your collection.</li><li><strong>Eliminate the Grind:</strong> Skip endless hours of camping rare spawns and competing with other players. Our team does the repetitive farming for you.</li><li><strong>Guaranteed Kill & Drop:</strong> Professional boosters will farm the elusive rare elite Sthaarbs until the mount drops, regardless of low RNG.</li><li><strong>Keep All Loot:</strong> Retain all gold, gear, and resources acquired during the farming process, maximizing your in-game benefits.</li><li><strong>100% Hand-Played:</strong> All services are performed manually by experienced players, ensuring account safety and adherence to game policies.</li><li><strong>Flexible & Secure Delivery:</strong> Choose between a secure Piloted service (using VPNs matching your location) or a Remote Control option for maximum security, where you watch us play live.</li><li><strong>Fast Start:</strong> Service begins in as little as 15 minutes.</li></ul>;true;2025-12-12 08:33:43.833+00;2025-12-12 08:39:41.854+00;03765a40-f338-4035-a2ba-8928fff30834;2025-12-12 08:33:43.864838+00;2025-12-12 08:39:41.904668+00
8e0bba28-7bbf-44ba-ae75-7f7cb68daa43;2c37f571-1b2f-4a82-97fd-2d28318f3519;<h4>What You Get</h4><ul><li>Your chosen Gallagio Loyalty Rewards Club Renown Level, guaranteed.</li><li>Multiple Liberation of Undermine raid runs efficiently completed by professional players.</li><li>Access to powerful raid buffs: up to 18% increased damage and healing, faster movement, and self-resurrection.</li><li>Unlock exclusive benefits like profession tables, repair stations, and raid shortcuts.</li><li>Obtain unique rewards including Crystallized Augment Runes, cosmetic weapons, transmog vendors, and the Furious Flarendo mount.</li><li>Receive the honorary High Roller title for completing the full renown track.</li><li>Enjoy full Gallagio bonuses and high-level gear opportunities without the grind.</li><li>Fast, safe, and manual completion with flexible delivery starting in 15 minutes.</li></ul>;true;2025-12-12 08:33:14.974+00;2025-12-12 08:40:09.978+00;03765a40-f338-4035-a2ba-8928fff30834;2025-12-12 08:33:15.007083+00;2025-12-12 08:40:10.030739+00
6c5f83fa-e1b0-4ef8-829f-41a4c931d4ac;b89b1a3b-5679-4cc2-8ff4-372b5666ecba;<h4>What You Get</h4><ul><li><strong>Battle-Ready Druid:</strong> Access a fully optimized Druid build capable of conquering endgame challenges, from Pit Tier 10+ up to 100+, skipping countless hours of grind.</li><li><strong>Complete Build Customization:</strong> Choose from Starter, Medium, Nightmare, or Tormented builds, or opt for a Custom Build tailored to your exact preferences.</li><li><strong>All Essential Gear & Progress:</strong> Receive your chosen build level, all legendary and unique items (with Greater Affixes), Masterworking, Tempering, high/max roll aspects, Glyphs (up to 5x Level 100), Gems, and Runewords.</li><li><strong>Optimized Character:</strong> Your Druid will have an optimized Skill Tree, Paragon Board, Character Level (up to 60), and Paragon Level (up to 250).</li><li><strong>All Loot & Gold Included:</strong> Keep all gold, materials, and items acquired during the boost.</li><li><strong>Flexible & Secure Service:</strong> Benefit from account sharing or remote control boosting methods, with strict privacy standards and 24/7 support. Discounts available for partial progress.</li><li><strong>Platform Versatility:</strong> Available on PC, Xbox, and PlayStation for both Eternal and Seasonal realms.</li></ul>;true;2025-12-12 08:21:34.442+00;2025-12-12 08:26:36.693+00;03765a40-f338-4035-a2ba-8928fff30834;2025-12-12 08:21:34.471814+00;2025-12-12 08:26:36.758662+00
425f707e-2888-4fca-87e2-67c66b439bf2;c51e5227-5db5-477d-a560-cc85bad1eac7;<h4>What You Get</h4><ul><li><strong>Glorious Tyranny weapon enchantment:</strong> A prestigious PvP enchant with +600 PvP Power and 50% reduced disarm duration.</li><li><strong>2200 Arena rating:</strong> Achieved quickly and efficiently in 2v2 Arena by our expert boosters.</li><li><strong>Full Elite Malevolent Gladiator Set:</strong> Unlock 483 item level gear and weapons for your character.</li><li><strong>Enhanced PvP visual effects:</strong> Improve your character's appearance with elite gear and the Glorious Tyranny glow.</li><li><strong>Skip the grind:</strong> No need for endless, stressful competitive queues – we handle the hard work.</li><li><strong>100% Manual & Secure:</strong> Guaranteed safe gameplay with no bots or cheats.</li><li><strong>Flexible Delivery:</strong> Start within 15 minutes, with options for Express and Super Express priority.</li><li><strong>Potential bonus achievements:</strong> Chance to unlock additional PvP-related accolades.</li></ul>;true;2025-12-12 08:51:32.538+00;2025-12-12 09:02:16.648+00;03765a40-f338-4035-a2ba-8928fff30834;2025-12-12 08:51:32.572696+00;2025-12-12 09:02:16.679214+00
e26e26ed-4d88-4537-b898-643c8a675385;42fbdc9c-2eb3-4eb1-99bb-69fba01de791;<h4>What You Get</h4><ul><li><strong>Instant Raid Access:</strong> Unlock entry to Molten Core, Onyxia’s Lair, Blackwing Lair, and Naxxramas without the grind.</li><li><strong>Completed Attunement Quests:</strong> All necessary quests and key items (e.g., Drakefire Amulet, Blackhand’s Command) professionally completed.</li><li><strong>Flexible Boost Options:</strong> Choose specific attunements or opt for account sharing for maximum convenience.</li><li><strong>Fast & Secure Service:</strong> Quick completion (starts in 15 mins) with 100% account safety by experienced boosters.</li><li><strong>Skip the Tedious Grind:</strong> Avoid time-consuming quests, group coordination, and travel across Azeroth.</li><li><strong>Endgame Ready Character:</strong> Get straight into raiding without any prerequisites holding you back.</li></ul>;true;2025-12-12 08:07:41.423+00;2025-12-12 08:07:48.896+00;03765a40-f338-4035-a2ba-8928fff30834;2025-12-12 08:07:41.456694+00;2025-12-12 08:07:48.9687+00
cd712f49-d64d-44eb-b14b-0db929a1d004;150453b7-d604-4dd4-ad79-73186e2307cc;<h4>What You Get</h4><ul><li><b>The Bone Freezer Mount:</b> This prestigious frost-forged beast added directly to your collection, symbolizing dominance without the reputation grind.</li><li><b>Renown 14 with Manaforge Vandals:</b> Max out your reputation with this key faction, unlocking all associated vendor rewards and achievements.</li><li><b>All Loot & Resources:</b> Keep every piece of gold, gear, and valuable resource obtained during the efficient farming process.</li><li><b>100% Hand-Played Service:</b> Our experienced, dedicated boosters ensure a manual, secure, and legitimate completion of your order.</li><li><b>Flexible & Secure Boost Options:</b> Choose between Piloted (VPN protected) or Remote Control (no login sharing) for your peace of mind.</li><li><b>Rapid Start:</b> Your boost begins within just 15 minutes of purchase.</li></ul>;true;2025-12-12 08:33:46.574+00;2025-12-12 08:39:40.718+00;03765a40-f338-4035-a2ba-8928fff30834;2025-12-12 08:33:46.603773+00;2025-12-12 08:39:40.761897+00
345798ad-ccce-4811-80b0-75b35faa13a1;1f7c0235-c537-42b9-a396-c9ec9f7dfe56;<h4>What You Get</h4><ul><li><strong>Glory of the Cataclysm Raider</strong> meta-achievement completion.</li><li>Exclusive <strong>Reins of the Drake of the East Wind</strong> flying mount.</li><li>All 25 achievements across Cataclysm Classic raids, contributing 265 achievement points.</li><li>Guaranteed completion of all Cataclysm Classic raid objectives.</li><li>Professional, fast, and effortless service completion in just 1 day, with a start time in 15 minutes.</li><li>Skip the grind and challenges of Heroic difficulty bosses.</li><li>A majestic symbol of mastery over the elements, secured without the fuss.</li></ul>;true;2025-12-12 08:33:37.281+00;2025-12-12 08:39:53.508+00;03765a40-f338-4035-a2ba-8928fff30834;2025-12-12 08:33:37.309599+00;2025-12-12 08:39:53.569721+00
e015d326-e0ab-4127-aa91-4efe03d7e62c;7765aefc-5bc3-4e2b-870d-d3abf0e2c421;<h4>What You Get</h4><ul><li>Full 8-piece Tier 1 armor set for your specific class and specialization.</li><li>All powerful Tier 1 set bonuses unlocked to significantly enhance your character's stats and performance.</li><li>Multiple Molten Core raids completed by experienced professionals to secure all necessary drops.</li><li>Skip the grind and obtain prestigious, iconic gear essential for Classic WoW progression.</li><li>Guaranteed results from secure, 100% manual play – no bots or automation.</li><li>Fast & Reliable service with flexible delivery and a 15-minute start time.</li><li>A crucial step towards unlocking Tier 2 and advancing to endgame content.</li><li>Expertly farmed gear by an experienced team familiar with all raid mechanics.</li></ul>;true;2025-12-12 08:08:40.303+00;2025-12-12 08:11:18.866+00;03765a40-f338-4035-a2ba-8928fff30834;2025-12-12 08:08:40.348819+00;2025-12-12 08:11:18.966299+00
05e7a56c-e6a9-4c7a-903c-fcc153caf238;adacf06e-80a6-4303-b07d-b1bb59118427;<h4>What You Get</h4><ul><li><strong>Sulfuras, Hand of Ragnaros</strong> legendary weapon, complete and ready for use.</li><li>Guaranteed acquisition of the rare <strong>Eye of Sulfuras</strong> from Ragnaros.</li><li>All necessary Molten Core raid runs and Ragnaros defeats handled by expert boosters.</li><li><strong>Sulfuron Hammer</strong> crafted and combined to forge your legendary mace.</li><li>Access to one of the most powerful and iconic weapons for unmatched PvE & PvP performance.</li><li>100% safe, secure, and manual service with account safety guaranteed.</li><li>Fast and efficient delivery from experienced boosters, often starting within 15 minutes.</li><li>Skip the grind and instantly wield a true symbol of mastery and prestige in WoW Classic.</li></ul>;true;2025-12-12 08:08:38.175+00;2025-12-12 08:11:21.894+00;03765a40-f338-4035-a2ba-8928fff30834;2025-12-12 08:08:38.210931+00;2025-12-12 08:11:22.007532+00
2ae6a236-3f3b-4385-80c4-232c02e47601;42262eee-c28b-47f8-b3f1-89671d364e90;<h4>What You Get</h4><ul><li><strong>Guaranteed Atiesh, Greatstaff of the Guardian:</strong> Secure this prestigious legendary staff, a symbol of mastery.</li><li><strong>Complete Questline & Raid Assistance:</strong> All necessary quests, Naxxramas, and Temple of Ahn’Qiraj raids fully completed.</li><li><strong>Elite Boss Defeats:</strong> Kel’Thuzad, C’Thun, and Atiesh bosses conquered efficiently.</li><li><strong>Brood of Nozdormu Reputation Farmed:</strong> Essential reputation gains for your legendary journey.</li><li><strong>Chance at Tier 3 Gear:</strong> Acquire powerful accompanying gear during raid completions.</li><li><strong>Fast & Secure Service:</strong> Expert raiders ensure optimized clears, fast completion, and 100% manual gameplay for account safety.</li><li><strong>Live Updates & Flexible Delivery:</strong> Stay informed throughout the boost with progress updates and flexible scheduling.</li><li><strong>Choose Your Playstyle:</strong> Opt for secure Piloted service or engaging Selfplay participation.</li></ul>;true;2025-12-12 08:08:34.406+00;2025-12-12 08:11:37.295+00;03765a40-f338-4035-a2ba-8928fff30834;2025-12-12 08:08:34.442031+00;2025-12-12 08:11:37.390125+00
2dc94fc6-d362-4087-9c94-dec0c3d3f8af;56893a99-db5d-44cd-ac7c-ab23dfad4f37;<h4>What You Get</h4><ul><li><b>Glory of the Nathria Raider</b> meta-achievement (125 Achievement Points) and a full <b>10/10 Castle Nathria Normal Clear</b>.</li><li>Exclusive <b>Rampart Screecher</b> flying mount.</li><li><b>200–207 item level gear</b> with Personal Loot and a chance for socketed items.</li><li>Opportunity for <b>Conduits</b>, <b>Runecarver Memory recipes</b>, and the rare <b>Portable Pocket Dimension (32-slot bag)</b>.</li><li>Large amounts of <b>Reservoir Anima</b> for Covenant upgrades.</li><li>Choose between <b>Account Sharing</b>, <b>Selfplay</b>, or <b>Remote Control</b> options for flexible boosting.</li><li>Fast, safe, and reliable completion by professional, experienced boosters.</li><li>Secure account protection and quick turnaround (up to 14 days, with 15-minute start).</li><li>24/7 support for all your order updates.</li></ul>;true;2025-12-12 08:34:10.302+00;2025-12-12 08:39:27.329+00;03765a40-f338-4035-a2ba-8928fff30834;2025-12-12 08:34:10.334464+00;2025-12-12 08:39:27.373851+00
8b7757bd-30b0-4603-aa8b-c83409562e68;12250fc4-5bdc-4045-9374-d69b4fe8b6fa;<h4>What You Get</h4><ul><li>Guaranteed <strong>Corrupted Ashbringer</strong> legendary sword.</li><li>Full <strong>Naxxramas raid completion</strong>, including defeated <strong>Four Horsemen bosses</strong>.</li><li>Opportunity to collect <strong>Tier 3 gear pieces</strong> during the raid.</li><li><strong>Fast start time</strong>: service begins in just 15 minutes.</li><li>Choose between <strong>Piloted</strong> (professional player on your account) or <strong>Selfplay</strong> (join our expert team) options for flexible delivery.</li><li>Safe and efficient service, handled by our expert team.</li><li>Skip the grind and instantly showcase this prestigious WoW Classic weapon.</li></ul>;true;2025-12-12 08:08:47.633+00;2025-12-12 08:10:50.672+00;03765a40-f338-4035-a2ba-8928fff30834;2025-12-12 08:08:47.667453+00;2025-12-12 08:10:50.771039+00
cdb346a3-2040-4983-8d41-4f9998a3f558;921bee15-be57-4fad-bb9d-e98ae9c98f06;<h4>What You Get</h4><ul><li>Your character boosted from current to max level 80 in War Within.</li><li>Level 80 achievement unlocked upon completion.</li><li>All loot and gold acquired during the boost remain on your account.</li><li>Access to optimized leveling routes for the fastest XP gains.</li><li>Skip the grind and prepare for endgame content like Adventure Mode, World Quests, and Raids faster.</li><li>Choose from flexible speed packages and optional campaign add-ons.</li><li>100% secure and anonymous service with options for Account Sharing or Selfplay (Remote Control).</li><li>Completion by verified professional boosters with extensive experience.</li><li>Transparent communication and progress updates during the boost.</li><li>Start time within 15 minutes of purchase.</li></ul>;true;2025-12-12 08:33:57.652+00;2025-12-12 08:39:34.873+00;03765a40-f338-4035-a2ba-8928fff30834;2025-12-12 08:33:57.678931+00;2025-12-12 08:39:34.916581+00
550387bd-3f68-44c5-8c78-0fdab26b1dd1;8598effd-6681-46ce-b813-4e3cef0a15b2;<h4>What You Get</h4><ul><li><b>Guaranteed Item Level Boost:</b> Achieve your desired ilvl (from 15 to 300) with proven, efficient strategies.</li><li><b>Rapid Gear Progression:</b> Skip the grind with targeted dungeon and raid farming for all equipment slots.</li><li><b>Full Endgame-Ready Setup:</b> Receive a complete gear upgrade across all slots, optimized for maximum combat efficiency.</li><li><b>Expert-Driven Optimization:</b> Benefit from our boosters' mastery of routes, loot tables, and upgrade systems for best-in-slot acquisition.</li><li><b>Flexible Boost Options:</b> Choose between Piloted, Selfplay, or Remote Control to suit your preference and security needs.</li><li><b>100% Secure & Manual Service:</b> All boosts are performed by hand, ensuring account safety and integrity.</li><li><b>24/7 Support & Fast Start:</b> Get instant support and have your service initiated in as little as 15 minutes.</li><li><b>Time-Saving & Stress-Free:</b> Eliminate repetitive grinding and jump straight into high-tier content with a powerful character.</li></ul>;true;2025-12-12 08:30:17.851+00;2025-12-12 08:30:49.432+00;03765a40-f338-4035-a2ba-8928fff30834;2025-12-12 08:30:17.885935+00;2025-12-12 08:30:49.505059+00
58a22924-043c-4189-a901-f38506abc922;5c6cfc43-382e-4dfb-a897-b34dfebddca9;<h4>What You Get</h4><ul><li>Full adventure completion on your selected difficulty, handled by expert boosters.</li><li>Guaranteed Vidahlian Courser mount with your first completion.</li><li>High chance for Best-in-Slot gear and other exclusive adventure rewards.</li><li>Unlock new skills and talents, boosting your character's power.</li><li>Retain all collected loot, gold, and progress toward achievements and milestones.</li><li>Fast, secure, and efficient service with 100% manual completion and 24/7 support.</li><li>Conquer challenging content without coordination stress or failed attempts.</li><li>Flexible boost options: Piloted (our pro plays), Selfplay (play with us), or Remote Control (watch live).</li><li>Save time and instantly obtain limited-time rewards, ensuring you never miss out.</li></ul>;true;2025-12-12 08:30:09.975+00;2025-12-12 08:30:53.28+00;03765a40-f338-4035-a2ba-8928fff30834;2025-12-12 08:30:10.009551+00;2025-12-12 08:30:53.339459+00
b30c419e-6407-45dd-b7cd-ae014d75cc65;e29af65e-c22d-4ea1-96dd-52827b3efcfc;<h4>What You Get</h4><ul><li><b>Fast & Efficient Leveling:</b> Your chosen FFXIV job leveled to any desired level, up to 100 in Dawntrail, using optimal routes and EXP methods (MSQ, roulettes, FATEs, dungeons).</li><li><b>All Rewards Secured:</b> Every bit of Gil, gear, tomestones, loot, and items earned during the boost remains on your account.</li><li><b>100% Manual & Safe Service:</b> No bots or scripts, just experienced FFXIV players. Piloted service uses VPN and matches your region for maximum account security.</li><li><b>Optional MSQ & Flight Unlocks:</b> Add options for Dawntrail/Endwalker MSQ progression, Aether Current collection, and flight unlocks for easier exploration.</li><li><b>Skip the Grind, Enjoy Endgame:</b> Jump straight into endgame raids, extremes, and casual content without spending weeks on repetitive leveling.</li><li><b>Flexible Communication & Real-time Updates:</b> Stay informed on your order's progress with our responsive support team.</li><li><b>Start in 15 Minutes:</b> Swift service commencement to get you to max level faster.</li></ul>;true;2025-12-12 08:31:07.8+00;2025-12-12 08:31:17.791+00;03765a40-f338-4035-a2ba-8928fff30834;2025-12-12 08:31:07.843898+00;2025-12-12 08:31:17.857689+00
24d74763-29bd-498e-af59-27b2b74f9013;2ef5bde2-77cb-4541-9895-3290a352ca35;<h4>What You Get</h4><ul><li><strong>Reins of the Crimson Cloud Serpent</strong> mount unlocked</li><li>Completion of the <strong>Glory of the Pandaria Hero meta-achievement</strong></li><li>Earn 28 achievements for a total of 305 achievement points</li><li>All required dungeon objectives expertly completed</li><li>Fast start time (within 15 minutes)</li><li>Efficient 1-day delivery for your boost</li><li>Secure and professional service from expert players</li><li>Conquer challenging Pandaria dungeons effortlessly</li></ul>;true;2025-12-12 08:41:32.361+00;2025-12-12 08:41:37.12+00;03765a40-f338-4035-a2ba-8928fff30834;2025-12-12 08:41:32.391475+00;2025-12-12 08:41:37.171638+00
d103e1a1-5630-4cce-963c-fb4fe19f097a;993d585b-a87b-418d-aa98-1f428db8b790;<h4>What You Get</h4><ul><li><strong>Glory of the Dragon Soul Raider meta-achievement:</strong> Conquer the iconic Dragon Soul raid without the grind.</li><li><strong>Exclusive Twilight Harbinger mount:</strong> Ride in style with this prestigious and rare mount.</li><li><strong>14 Dragon Soul achievements:</strong> Rack up 155 achievement points effortlessly.</li><li><strong>Professional raid completion:</strong> Our expert team guarantees swift and safe achievement unlocking.</li><li><strong>Save time and effort:</strong> Let us handle the challenging encounters while you enjoy the rewards.</li><li><strong>Quick start and delivery:</strong> Service begins in 15 minutes, with completion within 1 day.</li><li><strong>No effort required:</strong> Simply purchase, and we'll secure your rewards.</li></ul>;true;2025-12-12 08:41:25.453+00;2025-12-12 08:41:41.276+00;03765a40-f338-4035-a2ba-8928fff30834;2025-12-12 08:41:25.483648+00;2025-12-12 08:41:41.336885+00
617bca6c-2079-450b-ba69-f6542f7f7a83;3df88a4e-282d-4fc6-90ca-60f8ebb2dad1;<h4>What You Get</h4><ul><li>Guaranteed <strong>Skull Torch</strong> mount trophy, a rare and visually striking cosmetic for your Diablo 4 mount.</li><li>Multiple kills of the challenging <strong>Beast in the Ice</strong> boss to ensure the trophy drop.</li><li>All valuable items, gold, and crafting materials acquired during the boost.</li><li>Fast service with a start time in as little as 15 minutes.</li><li>Skip the grind and difficulty of soloing the Beast in the Ice.</li><li>Secure and professional boosting by expert players, ensuring full privacy and account protection.</li><li>Transparent communication and progress updates throughout the service.</li><li>Enhance your mount's appearance instantly with this exclusive, fearsome trophy.</li><li>Reliable and efficient completion from a trusted service.</li></ul>;true;2025-12-12 08:21:26.001+00;2025-12-12 08:26:42.276+00;03765a40-f338-4035-a2ba-8928fff30834;2025-12-12 08:21:26.029551+00;2025-12-12 08:26:42.34143+00
ecd5a03e-df73-4f06-9e81-09154c9775bb;c397ed21-b281-4fe8-b57c-e92ccaa2ffd2;<h4>What You Get</h4><ul><li>Guaranteed <strong>Ring of Starless Skies Mythic Unique Ring</strong> with 17.5% Attack Speed, 12.5% Critical Strike Chance, 12.5% Lucky Hit Chance, +2 to Core Skills, and its powerful resource cost reduction/damage passive (up to 50% damage boost).</li><li>All additional loot acquired during the service, including Uniques, Runes, Gold, and materials.</li><li>Optimized farming route for fast and efficient delivery.</li><li>Safe, manual farming by expert Diablo 4 boosters – no bots or cheats, ensuring full account protection.</li><li>Flexible scheduling, real-time updates, and expert build tips to maximize your ring's potential.</li><li>Option for <strong>Greater Affixes</strong> and unlocking <strong>Torment Difficulty</strong> for enhanced rewards and performance.</li><li>Quick start within 15 minutes of purchase.</li></ul>;true;2025-12-12 08:21:19.771+00;2025-12-12 08:26:46.853+00;03765a40-f338-4035-a2ba-8928fff30834;2025-12-12 08:21:19.79944+00;2025-12-12 08:26:46.932727+00
a0550af6-ff92-456d-8305-c59b1f0054eb;839d5181-03fd-455d-9822-7532ff7d23ab;<h4>What You Get</h4><ul><li><b>Exalted Zandalar Tribe Reputation:</b> Reach max reputation without the grind.</li><li><b>Full Zul'Gurub Class Sets:</b> Acquire powerful class-specific armor.</li><li><b>Best-in-Slot Enchants:</b> Access crucial head and leg enchants early (Friendly).</li><li><b>Exclusive Gear Unlocked:</b> Obtain trinkets, necklaces (upgraded at Exalted), bracers, shoulders, and belts through reputation tiers.</li><li><b>Profession Patterns & Recipes:</b> Unlock valuable crafting schematics.</li><li><b>All Gold & Loot:</b> Keep every item and currency earned during the boost.</li><li><b>Fast & Secure Service:</b> Swift completion with 100% account safety and privacy.</li><li><b>Optional Live Stream:</b> Watch your boost progress in real-time.</li><li><b>Choose Your Speed:</b> Default or Express delivery options available.</li></ul>;true;2025-12-12 08:15:54.394+00;2025-12-12 08:16:08.408+00;03765a40-f338-4035-a2ba-8928fff30834;2025-12-12 08:15:54.420667+00;2025-12-12 08:16:08.47749+00
842522b6-b701-40ea-9671-60d06acc3a20;9d16b707-217a-41d2-973e-285352d21c4d;<h4>What You Get</h4><ul><li>Full Ashtongue Deathsworn reputation farm to <b>Exalted</b>.</li><li>Complete Black Temple Attunement (Aldor or Scryers path) handled.</li><li>Weekly Black Temple raid clears performed by professional teams.</li><li>Guaranteed access to your class's <b>unique and powerful Ashtongue Talisman</b> at Exalted.</li><li>Unlock patterns for essential Shadow Resistance Gear.</li><li>High chance to obtain Tier 6 armor tokens, powerful weapons, and other epic loot from weekly BT clears.</li><li>Fast service with a Start Time of <b>15 minutes</b>.</li><li>Bypass months of PUGs and grueling attunement quests.</li></ul>;true;2025-12-12 08:34:49.185+00;2025-12-12 08:38:06.759+00;03765a40-f338-4035-a2ba-8928fff30834;2025-12-12 08:34:49.218541+00;2025-12-12 08:38:06.828411+00
3b6a2ac4-83bd-4630-a6dd-01f295ab95b5;fa7d5776-54ec-42cb-8eb2-8dfdf6277e04;"<h4>What You Get</h4><ul><li><strong>Guaranteed Hourglass of the Unraveller:</strong> We farm The Black Morass (Normal) until this powerful, class-defining TBC trinket drops for you.</li><li><strong>Time Saved:</strong> Skip the repetitive grind and countless dungeon runs; our experts handle all the farming.</li><li><strong>Bonus Dungeon Gear:</strong> Opportunities to acquire other valuable items that drop during your Black Morass runs.</li><li><strong>Secure & Efficient Service:</strong> Our piloted service ensures account safety and privacy while our team quickly clears the dungeon.</li><li><strong>Fast Start:</strong> Your service begins within just 15 minutes of purchase.</li></ul>";true;2026-02-06 15:20:41.445+00;2026-02-06 15:20:59.781+00;03765a40-f338-4035-a2ba-8928fff30834;2026-02-06 15:20:41.491341+00;2026-02-06 15:20:59.607315+00
d1cffc22-d847-4b5b-8210-58339116a9fd;ff4634b3-edf4-4d17-8207-d39816b323b2;<h4>What You Get</h4><ul><li><strong>Full Tier 3 Armor Set:</strong> All 9 class-specific pieces from Naxxramas without the grind.</li><li><strong>Unlocked Class Set Bonuses:</strong> Power boosts at 2, 4, 6, and 9 pieces equipped.</li><li><strong>Complete Naxxramas Raid Clear:</strong> Professional clearing of the hardest WoW Classic raid.</li><li><strong>Guaranteed Completion:</strong> We continue until your full Tier 3 set is earned.<strong><li><strong>Expert & Secure Service:</strong> Handled by experienced raiders for fast, 100% manual, and safe completion.</li><li><strong>Live Progress Updates:</strong> Track your boost in real-time.</li><li><strong>Peak Achievement & Prestige:</strong> Showcase your dedication with iconic raid gear.</li><li><strong>Rapid Start Time:</strong> Boost begins in as little as 15 minutes.</li></ul>;true;2025-12-12 08:08:52.858+00;2025-12-12 08:10:28.749+00;03765a40-f338-4035-a2ba-8928fff30834;2025-12-12 08:08:52.892746+00;2025-12-12 08:10:28.819941+00
bb034c89-f70b-4893-932f-d0cb19bb6e19;2e71414d-d885-412d-8f8f-b72b3c8d3957;"<h4>What You Get</h4><ul><li><strong>Full Tier 2 Gear Set:</strong> Acquire the complete iconic and powerful Tier 2 armor set for your class and spec, significantly boosting your character's power and prestige.</li><li><strong>Unlocked Set Bonuses:</strong> Immediately benefit from the full stat and ability bonuses after collecting three, five, and eight pieces of the set.</li><li><strong>All Required Gear Tokens:</strong> Our experts will efficiently farm all necessary tokens through multiple Blackwing Lair raid runs.</li><li><strong>Skip the Grind:</strong> No personal time investment, stress, or grinding required; our professional team handles everything quickly and securely.</li><li><strong>Fast & Safe Delivery:</strong> Guaranteed results with experienced boosters, manual service, complete account security, and start times as fast as 15 minutes.</li><li><strong>Iconic WoW History:</strong> Celebrate the 20th Anniversary with a legendary set, boasting a unique visual design and strong performance in both PvE and PvP.</li></ul>";true;2025-12-12 08:08:49.507+00;2025-12-12 08:10:42.924+00;03765a40-f338-4035-a2ba-8928fff30834;2025-12-12 08:08:49.544649+00;2025-12-12 08:10:43.036613+00
8c97bf9a-865f-4a41-a5a0-c2c95de0f5f3;f1c0275f-b890-483d-ac91-ffb13009995d;<h4>What You Get</h4><ul><li><strong>Full Pre-Raid Gear Set:</strong> A complete set of rare-quality (ilvl 55+) dungeon gear across all 16 (or 15 for 2H) equipment slots, perfectly tailored for your class and spec.</li><li><strong>Raid-Ready Character:</strong> Instantly transform your character into a powerful, optimized contender for 20th Anniversary WoW raid content, saving you countless hours of grinding.</li><li><strong>Expert Dungeon Completion:</strong> Our professional team efficiently clears high-level dungeons like Stratholme and UBRS to secure all necessary items.</li><li><strong>Guaranteed Security:</strong> 100% manual boosting with no bots, ensuring your account's safety.</li><li><strong>Flexible & Transparent Service:</strong> Choose between secure Account Sharing or watch live via Remote Control (Parsec).</li><li><strong>Immediate Start:</strong> Your boost begins in as little as 15 minutes, with flexible delivery options to suit your schedule.</li><li><strong>Enhanced Performance:</strong> Significant boosts to your character's stats for both PvE and PvP, providing an essential foundation for progression.</li></ul>;true;2025-12-12 08:08:36.517+00;2025-12-12 08:11:30.987+00;03765a40-f338-4035-a2ba-8928fff30834;2025-12-12 08:08:36.558249+00;2025-12-12 08:11:31.081146+00
7e0d6cdb-3cce-4e32-b212-adcbb49171db;12b43851-c09f-4767-913a-851984a2e5d1;<h4>What You Get</h4><ul><li><strong>Reins of the Pale Steed:</strong> Command the rare and elegant white Pale Steed mount in Diablo 4.</li><li><strong>Skip the Grind:</strong> Avoid repetitive farming for this low-drop-rate item.</li><li><strong>Fast & Secure Delivery:</strong> Your boost starts in just 15 minutes, with flexible delivery options (Account Share or Remote Control) and 100% manual, secure service.</li><li><strong>Professional Expertise:</strong> Service handled by experienced Diablo 4 players for efficient acquisition.</li><li><strong>Priority Service Options:</strong> Choose Normal, Express, or Super Express for even faster completion.</li><li><strong>Dedicated Support:</strong> Enjoy reliable, confidential service with dedicated customer support.</li></ul>;true;2025-12-12 08:21:45.782+00;2025-12-12 08:26:29.675+00;03765a40-f338-4035-a2ba-8928fff30834;2025-12-12 08:21:45.824726+00;2025-12-12 08:26:29.752263+00
3f914c5b-87c0-4966-99b4-63f3a4141cc3;767f7aae-4b68-465e-b738-a94607103e83;<h4>What You Get</h4><ul><li><b>Rare Marsh Roan Steed Mount:</b> Secure this scarce black mount for your Diablo 4 collection without the grind.</li><li><b>All Loot Included:</b> Keep all items, gold, and materials acquired during the boost.</li><li><b>Skip the Grind:</b> Bypass countless hours of farming monsters, chests, and Legion Events in Hawezar.</li><li><b>Fast & Safe Delivery:</b> High-priority options (Express, Super Express) ensure rapid acquisition, completed by professional boosters.</li><li><b>Flexible Service Options:</b> Choose between Account Sharing or secure Remote Control.</li><li><b>Guaranteed Acquisition:</b> We ensure the Reins of the Marsh Roan Steed are added to your account.</li><li><b>Professional & Private Service:</b> Enjoy a safe, reliable, and discreet boosting experience.</li><li><b>Instant Start:</b> Service begins within 15 minutes of your order.</li></ul>;true;2025-12-12 08:21:31.708+00;2025-12-12 08:26:38.16+00;03765a40-f338-4035-a2ba-8928fff30834;2025-12-12 08:21:31.73858+00;2025-12-12 08:26:38.235552+00
28043ceb-b91a-4371-9f29-615eaac2e3d0;135cde8d-a0dd-480b-9ccb-ddb17157bdf8;<h4>What You Get</h4><ul><li>Your WoW Classic Hardcore character leveled to your desired level, from any starting point, ensuring a smooth and secure journey to 60.</li><li><strong>Guaranteed Zero Deaths:</strong> Our service prioritizes safety, ensuring your character reaches its destination without a single demise.</li><li><strong>Complete Account Security:</strong> Enjoy peace of mind with our secure and reliable leveling practices.</li><li><strong>Full Character Progression:</strong> We handle all gear upgrades, skill learning, and flight path unlocking, preparing you for endgame content.</li><li><strong>Valuable Bonus Rewards:</strong> Earn gold and collect extra items naturally obtained during the leveling process.</li><li><strong>Flexible & Fast Service:</strong> We offer flexible delivery times with boosts starting in as little as 15 minutes.</li><li><strong>Transparent & Expert Service:</strong> Benefit from expert Hardcore boosters and full transparency throughout your boost.</li><li><strong>Save Time & Stress:</strong> Skip the dangerous grind and fear of losing progress, emerging powerful and prepared for the challenges ahead.</li></ul>;true;2025-12-12 08:11:47.738+00;2025-12-12 08:12:06.457+00;03765a40-f338-4035-a2ba-8928fff30834;2025-12-12 08:11:47.772134+00;2025-12-12 08:12:06.537313+00
b6f469a0-e5fc-40ff-b727-d765a6b00f79;5ad040b5-69fc-4fbd-923f-6a2bfb0cd6e2;<h4>What You Get</h4><ul><li>Guaranteed acquisition of the rare **Brimstone Mount** for Diablo 4.</li><li>Multiple boss defeats of Duriel or Andariel on your behalf.</li><li>Chance to obtain valuable Legendary, Unique, and coveted Mythic Unique items.</li><li>All gold, items, and materials collected during the boosting process are yours to keep.</li><li>Skip the grind and expensive summoning materials for Duriel and Andariel.</li><li>Safe, confidential, and professional boosting by expert players.</li><li>Real-time updates and quick, efficient results for your service.</li><li>Secure this sought-after fiery steed without the endless farming.</li></ul>;true;2025-12-12 08:21:20.987+00;2025-12-12 08:26:45.79+00;03765a40-f338-4035-a2ba-8928fff30834;2025-12-12 08:21:21.018629+00;2025-12-12 08:26:45.868373+00
956459be-cf2d-4bb6-9070-2ba09b337a7b;2a5ac2c8-c96b-458e-98f5-e5dfc2c6bba6;<h4>What You Get</h4><ul><li>Guaranteed Battlefield 6 RedSec Battle Royale wins, exactly as ordered.</li><li>Fast progression through Battle Pass levels and event rewards.</li><li>Significant RP gains towards your next career rank.</li><li>Exclusive access to victory-based rewards and cosmetics.</li><li>A dramatically improved win rate and performance statistics (K/D ratios).</li><li>Professional, 100% manual service by expertly vetted boosters.</li><li>Flexible piloted or self-play options with secure, private order handling.</li><li>A competitive edge in the most intense Battlefield 6 game mode.</li><li>Efficient completion of win-related challenges and objectives.</li><li>All delivered quickly – with a start time as fast as 15 minutes.</li></ul>;true;2025-12-12 08:17:12.295+00;2025-12-12 08:17:25.211+00;03765a40-f338-4035-a2ba-8928fff30834;2025-12-12 08:17:12.33505+00;2025-12-12 08:17:25.284511+00
923c1feb-58de-46a1-a98f-5f920c7343f1;8f46392e-f611-4b2c-bda2-41fce49f06e5;<h4>What You Get</h4><ul><li><strong>Glory of the Omega Raider</strong> meta-achievement completed effortlessly</li><li>Exclusive <strong>Umbral K'arroc flying mount</strong> unlocked</li><li>Full Manaforge Omega raid clear on Normal difficulty</li><li>Chance for <strong>684–691 item level gear</strong>, including tier set pieces</li><li>Earn valuable <strong>Carved Ethereal Crests</strong> and <strong>Valorstones</strong> for gear upgrades</li><li>Additional bonus loot and resources from the raid</li><li>Skip the grind and avoid raid wipes with our professional team</li><li>Flexible boost options: Piloted, Selfplay, or Remote Control</li><li>Guaranteed completion within 14 days, starting in just 7 days</li></ul>;true;2025-12-12 08:34:22.668+00;2025-12-12 08:38:40.461+00;03765a40-f338-4035-a2ba-8928fff30834;2025-12-12 08:34:22.69731+00;2025-12-12 08:38:40.502241+00
09e80373-52ed-450a-a26e-df18f12f34bf;3cc781e9-227f-429c-966d-afef353e3ff0;<h4>What You Get</h4><ul><li><strong>Glory of the Vault Raider</strong> meta-achievement completed</li><li>Exclusive <strong>Raging Magmammoth</strong> ground mount unlocked</li><li>Full <strong>Vault of the Incarnates Normal</strong> raid clear (8/8 bosses)</li><li>Earn <strong>105 Achievement Points</strong></li><li>Your choice of boost method: <strong>Account Sharing, Selfplay, or Remote Control</strong></li><li>Completion within <strong>1 day</strong>, starting in just <strong>15 minutes</strong></li><li>100% secure and confidential service with <strong>24/7 support</strong></li><li>Expert boosters with 15+ years of WoW experience</li></ul>;true;2025-12-12 08:41:22.197+00;2025-12-12 08:41:44.091+00;03765a40-f338-4035-a2ba-8928fff30834;2025-12-12 08:41:22.225905+00;2025-12-12 08:41:44.131304+00
b31822ad-0930-46c2-9de7-8a3a9acd5799;4bbdb6e1-0137-459f-8b83-628d7f017273;"<h4>What You Get</h4><ul><li><b>Fast & Efficient Leveling:</b> Your character leveled from current to chosen level, skipping the tedious grind and unlocking new abilities quickly for WoW Classic: 20th Anniversary.</li><li>
<b>Valuable In-Game Assets:</b> All gold, gear, flight paths, and skills acquired during leveling are yours to keep.</li><li><b>Comprehensive Quest Completion:</b> Our team handles all necessary quests for efficient progression and a complete narrative experience.</li><li><b>Professional & Secure Service:</b> Your boost is handled by expert players from misti.services, ensuring a safe and efficient completion.</li><li><b>Customizable Experience:</b> Tailored options to match your specific playstyle and in-game goals.</li><li><b>24/7 Support:</b> Continuous assistance and updates on your boost progress, whenever you need it.</li><li><b>Instant Start:</b> Your power leveling begins within just 15 minutes of your order.</li></ul>";true;2025-12-12 08:11:45.429+00;2025-12-12 08:13:11.318+00;03765a40-f338-4035-a2ba-8928fff30834;2025-12-12 08:11:45.461939+00;2025-12-12 08:13:11.370863+00
eaec8cab-48a0-470b-882a-02e06b013851;7da3a215-5750-4a28-b39d-c2cb9cfa5348;<h4>What You Get</h4><ul><li><strong>Your Level 40 Warhorse or Level 60 Charger Mount:</strong> Ride into battle with pride, delivered fast and safely.</li><li><strong>Full Questline Completion:</strong> We handle every step, from initial quest giver to the final ritual, including all dungeon clears (Dire Maul West, Scholomance).</li><li><strong>Expensive Materials Covered:</strong> We gather tedious items like Stratholme Holy Water and manage costly materials like Arcanite Bars (All-Inclusive packages).</li><li><strong>Gold & Loot Safety:</strong> All gold, gear, and unrelated loot dropped during the boost stays in your bags.</li><li><strong>100% Manual & Secure Gameplay:</strong> No bots, just skilled players, with VPN location matching or secure remote control.</li><li><strong>Optimized & Efficient Service:</strong> Skip days of grind with our pre-organized dungeon groups and efficient material farming.</li><li><strong>24/7 Support & Fast Start:</strong> Order confirmed and service starts within 15 minutes, with full support available.</li></ul>;true;2025-12-12 08:13:24.794+00;2025-12-12 08:13:38.709+00;03765a40-f338-4035-a2ba-8928fff30834;2025-12-12 08:13:24.834449+00;2025-12-12 08:13:38.866062+00
9a895cf3-814a-4c4c-a6c6-2d34a659dfbe;aa7fc58f-17d6-46f8-920c-6b24e9c4702e;"<h4>What You Get</h4><ul><li>Rare <a href=""https://www.wowhead.com/classic/item=19872/swift-razzashi-raptor"" rel=""noopener noreferrer"" target=""_blank""><strong>Swift Razzashi Raptor</strong></a> mount, a top collector's choice.</li><li>Multiple Zul’Gurub raid completions handled by professional boosters.</li><li>Chance to obtain valuable item level 71 raid gear.</li><li>All gold, additional loot, and experience gained during the boost securely remain on your account.</li><li>Guaranteed 100% account safety and confidentiality with no third-party tools.</li><li>Flexible boost options: Piloted (booster plays for you) or Remote Control (watch live via secure app).</li><li>Fast service with a start time as quick as 15 minutes.</li><li>Real-time support and progress updates for a smooth experience.</li></ul>";true;2025-12-12 08:13:22.712+00;2025-12-12 08:13:42.194+00;03765a40-f338-4035-a2ba-8928fff30834;2025-12-12 08:13:22.752535+00;2025-12-12 08:13:42.295011+00
67a825e9-a3f2-45e5-9f24-9267b1949050;16e87875-03f2-4eee-ad7f-64f14d5dfe3f;<h4>What You Get</h4><ul><li><strong>Guaranteed Swift Zulian Tiger Mount:</strong> Secure the legendary, ultra-rare mount from Zul'Gurub.</li><li><strong>Zul'Gurub Raid Completion:</strong> Multiple runs handled by our expert team.</li><li><strong>Chance for Item Level 71 Raid Gear:</strong> Enhance your character with powerful drops.</li><li><strong>All Loot & Gold Retained:</strong> Every item, gold, and experience gained during the boost stays on your account.</li><li><strong>Flexible Play Options:</strong> Choose between Piloted (we play for you) or Selfplay (raid with our team).</li><li><strong>Fast & Efficient Service:</strong> Skip the endless grind with quick, professional farming.</li><li><strong>Safe & Secure Process:</strong> Manual completion by real players, no bots or third-party software.</li><li><strong>Real-time Support & Updates:</strong> Stay informed on your boost progress.</li></ul>;true;2025-12-12 08:13:21.03+00;2025-12-12 08:13:45.611+00;03765a40-f338-4035-a2ba-8928fff30834;2025-12-12 08:13:21.070686+00;2025-12-12 08:13:45.75235+00
fb0f072f-6fc9-4c65-8639-d10dd6f52a62;c06eb4ff-0604-43ed-8588-3cb080b5cb0c;<h4>What You Get</h4><ul><li>Your choice of a Summon Dreadsteed or Summon Felsteed mount.</li><li>Complete, hand-finished Warlock epic mount questline.</li><li>All earned gold, loot, and experience remain on your account.</li><li>100% manual completion by professional, experienced boosters.</li><li>Fast (1-day delivery, 15-minute start), secure, and confidential service.</li><li>Option for Piloted boost or Remote Control to watch live progress.</li><li>Skip the tedious grind for rare materials, dungeon runs, and boss encounters.</li><li>24/7 customer support and flexible scheduling.</li><li>No third-party software or automation used.</li></ul>;true;2025-12-12 08:13:18.552+00;2025-12-12 08:13:58.332+00;03765a40-f338-4035-a2ba-8928fff30834;2025-12-12 08:13:18.587971+00;2025-12-12 08:13:58.417057+00
c4c28596-114f-4560-807f-80a25eaaa748;a3bab107-c4f1-4212-8f57-f6fa20c6bf89;<h4>What You Get</h4><ul><li>Selected profession(s) leveled to 300 skill (primary and/or secondary).</li><li>All materials, gold, and items acquired remain on your account.</li><li>100% manual and secure service from professional, experienced boosters – no bots.</li><li>Fast leveling, often completed within 1 day, with a start time in just 15 minutes.</li><li>Skip the grind and save countless hours of farming and crafting.</li><li>Transparent service with regular updates and 24/7 customer support.</li><li>Opportunity to choose up to two primary professions and all three secondary professions (Cooking, Fishing, First Aid).</li><li>Unlock powerful gear, consumables, or valuable gathering capabilities without the effort.</li></ul>;true;2025-12-12 08:14:07.024+00;2025-12-12 08:14:35.547+00;03765a40-f338-4035-a2ba-8928fff30834;2025-12-12 08:14:07.066707+00;2025-12-12 08:14:35.619416+00
f3736f5a-8710-44bf-a94f-55decddd77f6;1590e3c0-c5d9-4cb5-8e67-42eb06a74f54;<h4>What You Get</h4><ul><li>Desired Timbermaw Hold reputation level achieved.</li><li>Access to powerful rewards: exclusive profession recipes, the <strong>Furbolg Medicine Pouch</strong> (Honored), and the <strong>Defender of the Timbermaw</strong> trinket (Exalted).</li><li>All gold, experience, and loot acquired during the boost.</li><li>Fast and efficient reputation farming by experienced WoW Classic players.</li><li>100% manual service with full transparency and regular progress updates.</li><li>Skip the tedious grind and unlock valuable items without spending endless hours farming mobs.</li><li>Flexible completion speed options to suit your schedule, with typical starts in 15 minutes.</li></ul>;true;2025-12-12 08:15:55.845+00;2025-12-12 08:16:03.474+00;03765a40-f338-4035-a2ba-8928fff30834;2025-12-12 08:15:55.87253+00;2025-12-12 08:16:03.554235+00
c8a42c73-3745-4d67-a5a4-052c3d5bc06f;2ada37a3-0f5e-4aed-aa4b-0ba47d4aac46;<h4>What You Get</h4><ul><li><b>Desired Alterac Valley Reputation:</b> Achieve your target Stormpike Guard (Alliance) or Frostwolf Clan (Horde) reputation level without the grind.</li><li><b>Exclusive Faction Rewards:</b> Unlock access to reputation-locked gear, weapons, tabards, and other unique items.</li><li><b>High-Level Gear:</b> Obtain powerful gear (up to ilvl 65) once you reach Exalted rank.</li><li><b>Account Safety & Manual Play:</b> Enjoy 100% manual gameplay from professional boosters, ensuring the security of your account and progress.</li><li><b>All Loot & Gold:</b> Keep all gold, experience, and loot acquired while boosting your reputation.</li><li><b>Fast & Guaranteed Service:</b> Benefit from quick order starts (within 15 minutes) and guaranteed completion by trusted experts.</li></ul>;true;2025-12-12 08:15:42.49+00;2025-12-12 08:16:21.918+00;03765a40-f338-4035-a2ba-8928fff30834;2025-12-12 08:15:42.522436+00;2025-12-12 08:16:21.991354+00
2f17cae0-8592-4a15-8b2a-5b1802ff5f25;652def7d-bd4e-45a5-b462-8dcf0f0f2d62;"<h4>What You Get</h4><ul><li><strong>Desired PvP Rank Achieved:</strong> Reach your target PvP rank efficiently on WoW Classic 20th Anniversary servers.</li><li><strong>Substantial Honor Points:</strong> Accumulate a large amount of Honor Points for further in-game purchases.</li><li><strong>Top-Tier PvP Rewards Unlocked:</strong> Gain access to exclusive titles (e.g., Warlord, High Warlord), powerful weapons, and unique gear.</li><li><strong>Time-Saving Convenience:</strong> Skip weeks of intense grinding; our expert PvP players handle the entire ranking process.</li><li><strong>100% Account Safety & Security:</strong> Enjoy manual gameplay by professional boosters, ensuring your account remains safe.</li><li><strong>All Progress Remains:</strong> Keep all rewards, gold, and other in-game progress earned during the boost.</li><li><strong>Flexible & Fast Service:</strong> Benefit from a quick 15-minute start time and flexible delivery options to suit your schedule.</li><li><strong>Transparent Progress Updates:</strong> Stay informed with regular notifications on your boost's advancement.</li></ul>";true;2025-12-12 08:15:29.989+00;2025-12-12 08:15:33.787+00;03765a40-f338-4035-a2ba-8928fff30834;2025-12-12 08:15:30.021507+00;2025-12-12 08:15:33.866538+00
f63e3b7b-312e-4066-999e-683b40dbf27c;601e7f90-15ba-4fa0-842b-64615e995892;<h4>What You Get</h4><ul><li><b>Exalted Thorium Brotherhood Reputation:</b> Achieve max reputation without the grind, unlocking all faction benefits.</li><li><b>Exclusive Profession Rewards:</b> Access rare and powerful blacksmithing, engineering, and crafting recipes.</li><li><b>All Loot & Gold Acquired:</b> Keep all gold, experience, and items earned by our boosters during the service.</li><li><b>100% Manual Service:</b> Guaranteed safety and compliance with WoW's terms of service – no bots or automation.</li><li><b>Transparent Progress & Support:</b> Stay updated on your boost's status with flexible scheduling to fit your needs.</li><li><b>Proven Reliability:</b> Benefit from a trusted service with over 1,500,000 successful boosts.</li></ul>;true;2025-12-12 08:15:52.536+00;2025-12-12 08:16:11.735+00;03765a40-f338-4035-a2ba-8928fff30834;2025-12-12 08:15:52.566526+00;2025-12-12 08:16:11.804161+00
88286db4-5e6d-48e7-8243-cf7718172def;d670b5e7-94d0-4125-ac6c-bdf4571aef7e;<h4>What You Get</h4><ul><li>Your desired Warsong Gulch faction reputation level quickly achieved.</li><li>Access to exclusive reputation-locked PvP gear and potent items.</li><li>High ilvl gear (up to 65) delivered upon reaching Exalted status.</li><li>Faction-exclusive tabard unlocked at Exalted for an epic cosmetic.</li><li>All gold, experience, and valuable loot acquired during the boosting process.</li><li>Guaranteed fast start within 15 minutes of order, with flexible delivery options.</li><li>Professional players handling all PvP matches, saving you countless hours of grinding.</li><li>Skip repetitive battles and go straight to claiming the best faction rewards for Alliance or Horde.</li></ul>;true;2025-12-12 08:15:51.074+00;2025-12-12 08:16:14.527+00;03765a40-f338-4035-a2ba-8928fff30834;2025-12-12 08:15:51.102701+00;2025-12-12 08:16:14.591091+00
9c8e22e8-30e3-45b3-bf77-12adf636bf16;9aa65d73-40cc-4eec-a823-ed03c497f9a3;<h4>What You Get</h4><ul><li><b>Exalted Argent Dawn Reputation:</b> Achieve the highest rank with this prestigious faction quickly and effortlessly.</li><li><b>Free Naxxramas Attunement:</b> Unlock access to the legendary raid, included automatically at Exalted.</li><li><b>Powerful Resistance Shoulder Enchants:</b> Gain essential enchants for one school at Honored, and for all schools at Exalted, enhancing your character's resilience.</li><li><b>All Gold, Experience & Loot:</b> Keep every item, gold, and experience gained during the efficient reputation farming process.</li><li><b>Expert Piloted Service:</b> A professional booster will securely and manually play your character, ensuring 100% account safety.</li><li><b>Fast & Guaranteed Results:</b> Enjoy efficient grinding with maximized reputation gains, backed by our commitment to deliver your desired rank.</li><li><b>Live Progress Updates:</b> Stay informed with regular updates after each farming session.</li><li><b>Skip the Grind:</b> Avoid the repetitive Plaguelands grind and instantly access all Argent Dawn rewards.</li></ul>;true;2025-12-12 08:15:46.748+00;2025-12-12 08:16:17.964+00;03765a40-f338-4035-a2ba-8928fff30834;2025-12-12 08:15:46.779259+00;2025-12-12 08:16:18.031067+00
7b8951b3-ad81-4bd7-a152-48a414ac5015;4fc7414f-477a-4395-a5ee-6909b4a1a977;<h4>What You Get</h4><ul><li><b>Desired Arathi Basin Reputation:</b> Achieve any reputation level, up to Exalted, without the grind.</li><li><b>Exclusive PvP Rewards:</b> Unlock all reputation-locked gear, including high item level (up to 65) gear at Exalted.</li><li><b>Faction-Exclusive Tabard:</b> Flaunt your dedication with the unique tabard available at Exalted.</li><li><b>All Collected Loot:</b> Keep all gold, experience, and valuable drops acquired during your boost.</li><li><b>Guaranteed Wins & Fast Progress:</b> Enjoy quick, efficient reputation gains without endless queues or uncoordinated teams.</li><li><b>100% Safe & Manual Service:</b> Boosted by professional, high-rated players with no bots or cheats.</li><li><b>Flexible Scheduling & Fast Start:</b> Begin your boost in as little as 15 minutes, tailored to your schedule.</li><li><b>Real-Time Progress Tracking:</b> Stay updated on your boost via chat or Discord.</li></ul>;true;2025-12-12 08:15:44.8+00;2025-12-12 08:16:19.014+00;03765a40-f338-4035-a2ba-8928fff30834;2025-12-12 08:15:44.83209+00;2025-12-12 08:16:19.089718+00
8aa14d96-2768-4f69-80f3-92f19dd7e09d;cc9067c9-acfc-4804-8156-454e7773aad1;<h4>What You Get</h4><ul><li><strong>Exalted Cenarion Circle Reputation:</strong> Reach the highest standing quickly and effortlessly.</li><li><strong>Exclusive Profession Patterns:</strong> Access valuable crafting recipes for Tailoring, Leatherworking, and Blacksmithing.</li><li><strong>Powerful Nature Resistance Gear:</strong> Craft essential gear for Ahn'Qiraj and other high-end raids.</li><li><strong>Epic Trinkets & Rewards:</strong> Unlock gear that scales with your reputation level.</li><li><strong>All Loot & Gold Retained:</strong> Any items or currency acquired during the boost remain on your account.</li><li><strong>Fast & Safe Service:</strong> Guaranteed rapid completion by experienced players with 100% manual, secure methods.</li><li><strong>No Tedious Grind:</strong> Save dozens of hours of repetitive farming and turn-ins.</li><li><strong>Flexible & Piloted Options:</strong> Choose between secure piloted play or live remote control viewing.</li></ul>;true;2025-12-12 08:15:40.372+00;2025-12-12 08:16:24.406+00;03765a40-f338-4035-a2ba-8928fff30834;2025-12-12 08:15:40.403482+00;2025-12-12 08:16:24.475968+00
3aee5390-fc2a-4d11-8687-f5813e2ee500;90c7202a-95a8-4a14-9d47-0d6477b1da40;<h4>What You Get</h4><ul><li><b>Full completion of your selected Battlefield 6 Battle Pass tiers (up to 120)</b></li><li><b>All 120 seasonal rewards unlocked,</b> including exclusive operator skins, weapon blueprints, and premium cosmetics</li><li>Guaranteed completion before the season ends, securing all limited-time items permanently</li><li>Daily and Weekly Challenges expertly completed for maximum progression speed</li><li>Significant XP earned for your account, weapons, profile, and vehicles during the boost</li><li>No wasted hours grinding – play on your schedule while we handle the grind</li><li>Professional, manual boosting by experienced Battlefield players with a focus on account security</li><li>Access to live order tracking and 24/7 support</li></ul>;true;2025-12-12 08:17:01.21+00;2025-12-12 08:17:36.935+00;03765a40-f338-4035-a2ba-8928fff30834;2025-12-12 08:17:01.247448+00;2025-12-12 08:17:37.207164+00
a183c9ab-d409-4503-a774-48651898e736;625d437c-a421-427d-95fd-d016707b6f1a;<h4>What You Get</h4><ul><li><strong>Exalted Hydraxian Waterlords Reputation:</strong> Reach your desired reputation level, up to Exalted, quickly and effortlessly.</li><li><strong>Molten Core Progression:</strong> Gain access to vital Aqual Quintessence and Eternal Quintessence for extinguishing runes in Molten Core.</li><li><strong>Essential Fire Resistance Gear:</strong> Unlock valuable fire resistance items crucial for raid preparedness.</li><li><strong>All Loot and Gold Retained:</strong> Keep all gold, items, and materials acquired during the boost.</li><li><strong>Save Time and Skip the Grind:</strong> Avoid repetitive mob farming in Azshara and Molten Core.</li><li><strong>Secure Piloted Service:</strong> Enjoy a 100% secure, confidential, and fully piloted boost by experienced players.</li><li><strong>Optional Remote Control:</strong> Watch your boost live via Parsec or similar tools for complete transparency.</li><li><strong>Fast & Efficient Delivery:</strong> Your boost starts within 15 minutes, ensuring rapid progression.</li></ul>;true;2025-12-12 08:15:49.156+00;2025-12-12 08:16:16.554+00;03765a40-f338-4035-a2ba-8928fff30834;2025-12-12 08:15:49.205533+00;2025-12-12 08:16:16.619635+00
6bb74baa-21d3-4add-b3b3-268a28f817c3;f011818c-6aff-4fbd-9b03-33afe3546522;<h4>What You Get</h4><ul><li>Complete gear upgrade tailored for TBC PvE, including Pre-Raid BiS, Tier 4 raid-ready, or basic Normal/Heroic sets.</li><li>Full assistance with the notorious TBC reputation grind, TBC Heroic keys, and complex Karazhan attunement process, saving you weeks of farming.</li><li>All valuable drops, including loot, gold, and Primal Nethers, remain on your account.</li><li>Fast, 100% manual boosting by expert players – absolutely no bots or automation.</li><li>Flexible options: Account Sharing (Piloted) for a hands-off experience or Selfplay to clear dungeons with our pro team.</li><li>Be raid-ready sooner, stepping into Karazhan, Gruul, or Magtheridon without the usual grind.</li></ul>;true;2025-12-12 08:34:16.177+00;2025-12-12 08:39:19.263+00;03765a40-f338-4035-a2ba-8928fff30834;2025-12-12 08:34:16.211628+00;2025-12-12 08:39:19.320998+00
de2efdb1-2cc3-473f-a3ad-4ceb776557a9;33596845-629a-47aa-b638-a5c522783716;<h4>What You Get</h4><ul><li><strong>Glory of the Nerub’ar Raider</strong> meta-achievement completed fast, ensuring you bypass grinding and failed attempts.</li><li>Exclusive <strong>Reins of the Shadowed Swarmite</strong> flying mount, showcasing your raid prowess.</li><li>All required achievements from the <strong>Nerub’ar Palace raid</strong> (Normal difficulty), handled by expert boosters.</li><li>Chance for <strong>597–606 ilvl gear</strong>, including valuable socketed and tier set items from the raid.</li><li>Possible rare <strong>Reins of the Sureki Skyrazor</strong> mount drop from Queen Ansurek.</li><li>Flexible boost options: Account Sharing, Selfplay with guidance, or Remote Control via Parsec.</li><li>Safe & Secure service from experienced, high-level WoW players, with 24/7 support.</li></ul>;true;2025-12-12 08:34:12.038+00;2025-12-12 08:39:26.145+00;03765a40-f338-4035-a2ba-8928fff30834;2025-12-12 08:34:12.06486+00;2025-12-12 08:39:26.192005+00
68185008-8735-478a-9ae6-bb01b88c48a4;fac7c35b-9153-439b-a409-5ef80388739f;<h4>What You Get</h4><ul><li><strong>Complete BiS Gear Set:</strong> Fully optimized, best-in-slot equipment for your chosen class and build.</li><li><strong>Maximum Stat Optimization:</strong> Every item hand-picked for peak performance across all slots.</li><li><strong>Full Readiness for Endgame:</strong> Instantly prepared for dungeons, raids, and PvP.</li><li><strong>Tailored Gear Setup:</strong> Optimized to perfectly complement your Hero Talents and playstyle.</li><li><strong>Eliminate the Grind:</strong> Skip endless farming and RNG frustrations with guaranteed results.</li><li><strong>Expert BiS Specialists:</strong> Our team knows every source for optimal gear, ensuring precise and efficient completion.</li><li><strong>100% Secure & Manual Boosting:</strong> Safe and manual account handling, with options for Piloted or Remote Control.</li><li><strong>24/7 Support & Progress Updates:</strong> Stay informed every step of the way.</li><li><strong>Immediate Endgame Access:</strong> Jump into high-level content with your ultimate build without delay.</li></ul>;true;2025-12-12 08:30:19.684+00;2025-12-12 08:30:48.28+00;03765a40-f338-4035-a2ba-8928fff30834;2025-12-12 08:30:19.726498+00;2025-12-12 08:30:48.337394+00
964ddbfa-6051-4da5-ad02-fdf30cd89ab0;86f18d38-c87c-47af-bc0d-066e674c157d;<h4>What You Get</h4><ul><li>Targeted number of <strong>Fellowship Quartermaster Tokens</strong>, ensuring precise delivery for your needs.</li><li>All <strong>loot, experience, and gold</strong> earned during the farming process are yours to keep.</li><li>Guaranteed access to <strong>high-level equipment, rare crafting materials, and exclusive cosmetics</strong>.</li><li>Expert farming via <strong>optimal routes and high-yield strategies</strong>, maximizing token acquisition.</li><li>Significant <strong>time savings</strong> – skip the repetitive grind and enjoy your rewards instantly.</li><li><strong>100% manual gameplay</strong> by professional boosters, ensuring account safety and security.</li><li><strong>Fast and efficient service</strong> with immediate order start within 15 minutes.</li><li>Dedicated <strong>24/7 support</strong> and constant progress updates for peace of mind.</li><li>Flexible boost options: choose between a convenient <strong>Piloted</strong> service or an engaging <strong>Selfplay</strong> experience.</li></ul>;true;2025-12-12 08:30:11.678+00;2025-12-12 08:30:52.424+00;03765a40-f338-4035-a2ba-8928fff30834;2025-12-12 08:30:11.719139+00;2025-12-12 08:30:52.491996+00
9043fa6f-7096-4c97-a043-d32159b66254;622db83c-6793-4075-8b3a-b1d9a68fcd9b;<h4>What You Get</h4><ul><li>Full <b>Glory of the Liberation of Undermine Raider</b> meta-achievement unlocked swiftly.</li><li>Exclusive <b>Junkmaestro’s Magnetomech</b> mount guaranteed.</li><li><b>Liberation of Undermine</b> raid completed on Normal difficulty by professional raiders.</li><li>Chance for <b>636–652 ilvl loot</b> including class tier pieces and socketed gear.</li><li>Earn <b>Carved Undermine Crests</b> and <b>Valorstones</b> for gear upgrades.</li><li>Opportunity to obtain the rare <b>Prototype A.S.M.R.</b> mount.</li><li>All raid challenges completed with precision, no grinding or failed attempts required.</li><li>Flexible boost options: Account Sharing, Selfplay with expert guidance, or Remote Control for live viewing.</li><li>Effortless acquisition of prestige rewards and mount without the hassle of group organizing.</li></ul>;true;2025-12-12 08:41:07.737+00;2025-12-12 08:41:53.03+00;03765a40-f338-4035-a2ba-8928fff30834;2025-12-12 08:41:07.784728+00;2025-12-12 08:41:53.101456+00
d801ca13-ba26-4287-b4ee-1ab68e9b1f5d;6527407f-41c5-4fbc-8dbb-2adde1e61ccb;<h4>What You Get</h4><ul><li><b>Instant Azerothian Riches:</b> Get your desired amount of War Within Gold delivered directly to your character via in-game mail.</li><li><b>Lightning-Fast Delivery:</b> Your Gold arrives within 15 minutes, letting you jump straight into the action.</li><li><b>Save Time & Skip the Grind:</b> Bypass tedious gold farming and focus on enjoying the game's content.</li><li><b>Access Elite Gear & Mounts:</b> Instantly acquire powerful items, rare mounts (like the Mighty Caravan Brutosaur), and exclusive collectibles.</li><li><b>Enhance Your Gameplay:</b> Pay for WoW Tokens, crafting, raid carries, PvP services, consumables, and repairs with ease.</li><li><b>Competitive Edge:</b> Equip top-tier resources to excel in dungeons, raids, and PvP.</li><li><b>Convenience & Flexibility:</b> Purchase Gold whenever you need it to prepare for new expansions or events.</li><li><b>Avoid Burnout:</b> Keep the game fun and rewarding by skipping repetitive tasks.</li></ul>;true;2025-12-12 08:31:38.299+00;2025-12-12 08:40:51.906+00;03765a40-f338-4035-a2ba-8928fff30834;2025-12-12 08:31:38.332314+00;2025-12-12 08:40:51.919486+00
a4d8ec37-5cca-4f4b-ae56-9e4dba281efc;70a5a0e6-735d-47fc-bc36-3bbce7074916;<h4>What You Get</h4><ul><li><b>Guaranteed Abacus of Violent Odds:</b> We farm Normal Mechanar until this powerful trinket drops for you.</li><li><b>Significant Time Savings:</b> Skip the repetitive grind and lengthy group-finding, letting you enjoy the game.</li><li><b>Efficient Mechanar Runs:</b> Our expert teams ensure smooth, fast dungeon clears.</li><li><b>Additional Loot & Gold:</b> Opportunities to acquire other valuable dungeon drops and currency during runs.</li><li><b>Account Safety & Privacy:</b> A secure boosting process with utmost care and discretion.</li><li><b>Fast Start:</b> Service begins within 15 minutes of your order.</li><li><b>Flexible Delivery:</b> Adaptable scheduling to fit your needs.</li></ul>;true;2026-02-06 15:23:50.974+00;2026-02-06 15:23:58.318+00;03765a40-f338-4035-a2ba-8928fff30834;2026-02-06 15:23:51.039197+00;2026-02-06 15:23:58.169339+00
a4d63b7a-968f-462f-bacc-b0efbee29f8d;0d02bc5d-a73e-4372-9ac4-b55fe2fd8893;<h4>What You Get</h4><ul><li>Your desired Battlefield 6 Profile Rank swiftly achieved.</li><li>All weapons, gadgets, and vehicles unlocked through rank progression.</li><li>A fully upgraded, combat-ready profile with access to all base gameplay systems and class equipment.</li><li>Efficient XP farming through objective-based game modes.</li><li>Access to key support and tactical gadgets, advanced class tools, and vehicle upgrades.</li><li>100% manual gameplay from experienced Battlefield pro players.</li><li>Confidential account handling and guaranteed safety.</li><li>24/7 support and real-time updates.</li><li>Skip the slow grind and instantly compete at the highest level.</li></ul>;true;2025-12-12 08:17:04.726+00;2025-12-12 08:17:34.297+00;03765a40-f338-4035-a2ba-8928fff30834;2025-12-12 08:17:04.769875+00;2025-12-12 08:17:34.363732+00
1d2f5943-c6a4-4561-b080-61e5d451e987;d174f919-9c1d-413e-8f8c-ddc62cc02873;<h4>What You Get</h4><ul><li><strong>Max Level for Your Chosen Battlefield 6 Weapon:</strong> Instantly unlock its full potential without the grind.</li><li><strong>All Attachments Unlocked:</strong> Access every scope, grip, barrel, magazine, and tactical upgrade for optimal performance.</li><li><strong>Competitive, Meta-Optimized Build:</strong> Your weapon will be battle-ready for any engagement, giving you a significant edge.</li><li><strong>Fast & Efficient XP Farming:</strong> Our expert boosters handle all the leveling, saving you hours of playtime.</li><li><strong>Manual, Secure Service:</strong> Gameplay is performed by professional Battlefield players for guaranteed safety and efficiency.</li><li><strong>Peak Weapon Performance:</strong> Enjoy improved accuracy, recoil stability, and customizable loadouts for any playstyle.</li><li><strong>Guaranteed Secure Account Handling:</strong> Trust our Battlefield veterans with years of experience.</li><li><strong>24/7 Support & Order Updates:</strong> Stay informed on your boost's progress at all times.</li></ul>;true;2025-12-12 08:17:03.16+00;2025-12-12 08:17:35.443+00;03765a40-f338-4035-a2ba-8928fff30834;2025-12-12 08:17:03.196+00;2025-12-12 08:17:35.521161+00
68ab363e-065e-4da1-8565-19613d237c56;1755c8c6-8198-4e5b-9a42-d789f9cbe350;<h4>What You Get</h4><ul><li><strong>Full Hero Talent Unlock:</strong> Gain instant access to all chosen advanced abilities for your hero, bypassing tedious grind.</li><li><strong>All Associated Rewards & Loot:</strong> Secure every item and bonus acquired during the efficient talent progression.</li><li><strong>Expert Professional Service:</strong> Benefit from our specialists who know optimal talent trees and efficient unlock routes for every hero.</li><li><strong>Fast & Guaranteed Completion:</strong> Enjoy quick, secure unlocks with 100% manual gameplay, minimizing unlock times and ensuring perfect results.</li><li><strong>Time Efficiency:</strong> Skip endless farming and jump straight into enjoying your fully optimized hero instantly.</li><li><strong>Flexible & Secure Service:</strong> Choose between Piloted or Selfplay, backed by 24/7 support and total account security.</li><li><strong>Tailored Builds:</strong> Receive the best possible build configured for your playstyle, whether tanking, healing, or DPS.</li></ul>;true;2025-12-12 08:30:21.428+00;2025-12-12 08:30:47.144+00;03765a40-f338-4035-a2ba-8928fff30834;2025-12-12 08:30:21.467147+00;2025-12-12 08:30:47.207175+00
9095f820-edd4-4eaa-b373-7ac6974138da;d5670faf-a2ca-476b-a322-8826add8f462;<h4>What You Get</h4><ul><li><b>Fast & Efficient Dungeon Completions:</b> Expert players quickly clear dungeons, handling all mechanics and objectives with precision.</li><li><b>Guaranteed Hero Progression:</b> Significant experience gain for ability unlocks and power growth during every Quickplay session.</li><li><b>Steady Farming of Quickplay Tokens & Materials:</b> Consistently earn 15–25 Quickplay Tokens per match for cosmetic and item purchases, plus valuable combat materials for crafting.</li><li><b>Chance for Rare Blueprints:</b> Obtain rare drops for gear enhancement and high-tier upgrades upon completion.</li><li><b>Flexible Boosting Options:</b> Choose between Piloted (booster plays for you), Selfplay (play with our team), or Remote Control (watch live via secure app).</li><li><b>100% Secure & Manual Gameplay:</b> All boosting is performed manually, ensuring account safety.</li><li><b>Save Time & Skip the Grind:</b> Enjoy top-tier loot and hero advancement without wasting hours in matchmaking.</li><li><b>24/7 Support & Guaranteed Results:</b> Real-time updates and completion of your selected matches as promised.</li></ul>;true;2025-12-12 08:30:13.423+00;2025-12-12 08:30:51.472+00;03765a40-f338-4035-a2ba-8928fff30834;2025-12-12 08:30:13.461432+00;2025-12-12 08:30:51.575639+00
ad3cb2a3-7afa-4129-80e7-cb5152a4b28d;1d983d26-029d-47a6-b8a6-b96e2b80b380;<h4>What You Get</h4><ul><li><b>Full Story Completion:</b> Selected Destiny Rising Handbook chapters completed by expert boosters.</li><li><b>Instant Endgame Access:</b> Unlock the Draw system, Battle Pass, Realm of the IX, Shifting Gates, Strikes, and other core gameplay features immediately.</li><li><b>Massive Resource Haul:</b> Earn substantial Lumia Leaves, Glimmer, upgrade materials, engrams, and valuable Draw items.</li><li><b>Account-Wide Power Boost:</b> Progress your Team Level, benefiting your entire character roster.</li><li><b>All Loot Delivered:</b> Keep all gear, resources, and drops obtained during the boost.</li><li><b>Full Feature Access:</b> Unlock Pack (Clan) system, Fishing, Shadowshaper Duels, Sparrow Racing, and all other activities.</li><li><b>Fast & Secure Service:</b> Enjoy rapid delivery, efficient route planning, 24/7 support, and industry-leading security from a trusted provider.</li><li><b>Skip the Grind:</b> Jump straight into mid- and endgame content without early progression grind.</li></ul>;true;2025-12-12 08:17:47.312+00;2025-12-12 08:20:57.653+00;03765a40-f338-4035-a2ba-8928fff30834;2025-12-12 08:17:47.34281+00;2025-12-12 08:20:57.732599+00
725d6875-df7a-4bff-9f8d-8ef5b7baa453;b31120b5-2e36-4429-a485-6047fa23c8cd;<h4>What You Get</h4><ul><li>Your target Destiny Rising Battle Pass level fully and efficiently achieved.</li><li>All rewards from completed Battle Pass tiers unlocked, including the Seasonal Exotic weapon.</li><li>Access to essential upgrade materials like Ascension Cells, Incandescence Tufts, and Ribbons.</li><li>Exclusive, time-limited cosmetic items (ornaments, skins, visuals).</li><li>All Weekly and Act objectives completed to maximize your progression and XP gains.</li><li>Additional loot and resources acquired naturally during the service.</li><li>Guaranteed completion of your selected Battle Pass tiers using our proven, XP-optimized routes.</li><li>Fast start times (within 15 minutes) and 24/7 customer support.</li></ul>;true;2025-12-12 08:17:45.614+00;2025-12-12 08:20:58.727+00;03765a40-f338-4035-a2ba-8928fff30834;2025-12-12 08:17:45.643947+00;2025-12-12 08:20:58.822967+00
e0615768-6959-455c-8816-a7b0ab6a986a;fb38d668-cd15-4167-a29e-19efdb658936;"<h4>What You Get</h4><ul><li>Your desired K’aresh Trust Renown level achieved swiftly by professional boosters.</li><li>Access to exclusive mounts (like Blue Barry), cosmetics (Shawl/Mantle of the Trust), profession recipes, powerful items, and the ""of the Twilight Star"" title.</li><li>All loot, gold, and drops earned during the boost are yours to keep.</li><li>100% safe, piloted service with VPN protection and real-time progress tracking.</li><li>Manual completion by experienced professionals – no bots or automated tools.</li><li>Flexible delivery and a fast 15-minute start time.</li></ul>";true;2025-12-12 08:47:19.85+00;2025-12-12 08:47:45.494+00;03765a40-f338-4035-a2ba-8928fff30834;2025-12-12 08:47:19.895977+00;2025-12-12 08:47:45.52691+00
df81684b-3ce7-4af7-836e-20a1ff90534e;b3a012e1-1147-4cbc-843a-311a43375f22;<h4>What You Get</h4><ul><li><b>Exalted Sha’tar Reputation:</b> Reach maximum standing quickly and efficiently, bypassing weeks of manual grinding.</li><li><b>Tempest Keep Heroic Attunement:</b> Automatically unlock the Warpforged Key, granting access to challenging Heroic dungeons.</li><li><b>Sha’tar Rewards Unleashed:</b> Access rare and epic gear, profession recipes, and the unique Sha’tar Tabard.</li><li><b>Guaranteed Dungeon Runs:</b> Our boosters complete all necessary runs in The Botanica, The Mechanar, and The Arcatraz.</li><li><b>Bonus Loot Chance:</b> Opportunity to obtain additional rare-quality items tailored for your class and specialization.</li><li><b>Fast & Secure Service:</b> Enjoy quick delivery and professional execution by trusted Misti.Services boosters with account security guaranteed.</li></ul>;true;2025-12-12 08:34:14.406+00;2025-12-12 08:39:23.618+00;03765a40-f338-4035-a2ba-8928fff30834;2025-12-12 08:34:14.437335+00;2025-12-12 08:39:23.678841+00
a2e263ba-7c0c-4be6-9ffc-d14779fdd7c1;e1d90154-c93d-48b1-9a90-817bd82de73c;<h4>What You Get</h4><ul><li><b>Guaranteed Completion</b> of any Battlefield 6 Challenge or Assignment.</li><li><b>Immediate Unlock</b> of all associated rewards: new weapons, gear, gadgets, and cosmetics, including coveted Mastery skins.</li><li>Consistent <b>bonus XP</b> and rapid Battle Pass tier advancement from Daily and Weekly Challenges.</li><li>Access to new weapons and gadgets through <b>difficult, multi-step Assignment completion</b>.</li><li>A <b>fast, 100% safe, manual, and discrete service</b> ensuring your account security.</li><li>Option to <b>watch our booster’s gameplay live</b> with the Stream option.</li><li>Choose between <b>Default or Express Priority</b> for tailored task execution speed.</li><li>Full benefit from our <b>veteran expert boosters</b> capable of any playstyle or objective.</li><li>24/7 dedicated <b>live support</b> for any order inquiries or assistance.</li></ul>;true;2025-12-12 08:17:08.526+00;2025-12-12 08:17:31.555+00;03765a40-f338-4035-a2ba-8928fff30834;2025-12-12 08:17:08.559146+00;2025-12-12 08:17:31.629758+00
94d18774-b963-4b41-ba18-3b6d4b978997;f8bb0ea7-9c25-4f3e-a179-a5f66e26a113;<h4>What You Get</h4><ul><li>Guaranteed unlock of any chosen Battlefield 6 weapon, bypassing Profile Level and Assignment restrictions.</li><li>All required weapon assignments completed by experienced players.</li><li>Necessary Profile Leveling included to meet unlock requirements.</li><li>Fast, fully manual, and secure unlocking service by Battlefield experts.</li><li>Instant access to competitive-tier weapons without the tedious grind or frustration.</li><li>Dominate with meta rifles, aggressive SMGs, powerful LMGs, sniper rifles, carbines, or heavy support weapons immediately.</li><li>Enjoy a 100% manual service with strict account protection, trusted by thousands of gamers since 2013.</li><li>24/7 support and instant order processing after purchase.</li></ul>;true;2025-12-12 08:17:06.693+00;2025-12-12 08:17:32.757+00;03765a40-f338-4035-a2ba-8928fff30834;2025-12-12 08:17:06.732267+00;2025-12-12 08:17:32.825215+00
a79a0623-1a13-461a-8968-936317afe8d9;6ce13ea2-9987-4960-86d7-76a30d2ca832;"<h4>What You Get</h4><ul><li><strong>Exclusive Tyrannotort Mount:</strong> Secure this rare, pale-shelled turtle and add the ""Tyrannotort's Treat"" to your collection without the weekly grind.</li><li><strong>""Another Amazing Week!"" Achievement:</strong> Guaranteed completion of the challenging 5th-week Dastardly Duos achievement.</li><li><strong>All Loot Retained:</strong> Keep all gold, gear, and resources earned during the service.</li><li><strong>100% Manual & Secure Service:</strong> Expert boosters play by hand, with secure Piloted (VPN protected) or Remote Control (no login sharing) options.</li><li><strong>Avoid Time-Gate Failure:</strong> No more worrying about missing a crucial week of the Dastardly Duos event.</li><li><strong>Bypass Challenging Mechanics:</strong> Our pros handle complex boss encounters, saving you frustration.</li><li><strong>Guaranteed Delivery:</strong> Flexible scheduling and an average 15-minute start time to get you started quickly.</li></ul>";true;2025-12-12 08:34:06.032+00;2025-12-12 08:39:28.499+00;03765a40-f338-4035-a2ba-8928fff30834;2025-12-12 08:34:06.059998+00;2025-12-12 08:39:28.985563+00
ddcf69e0-84d0-4585-aa74-30881dc065b4;de7a6ade-742f-4734-a6aa-f04b457fb401;<h4>What You Get</h4><ul><li><strong>Guaranteed Team Level Completion:</strong> Reach your desired Team Level through optimized farming methods.</li><li><strong>Enhanced Character Stats:</strong> Permanent base stat increases for all your characters (Power, Health, Shield, Defense, Skill Strength).</li><li><strong>Unrestricted Endgame Access:</strong> Unlock Heroic difficulty missions, The Expanse, Calamity Ops, and advanced systems like Artifact Enhancement.</li><li><strong>Superior Reward Level:</strong> Permanently increase the quantity and quality of loot from all in-game sources.</li><li><strong>Bonus Materials & Loot:</strong> Keep all collected Lumia Leaves, Glimmer, resources, gear, and equipment earned during the boost.</li><li><strong>Efficient & Fast Service:</strong> Your boost starts within 15 minutes, handled by Misti's experts for maximum XP efficiency.</li><li><strong>Account Safety & 24/7 Support:</strong> Secure piloted services with VPN protection and round-the-clock customer support.</li></ul>;true;2025-12-12 08:17:42.672+00;2025-12-12 08:21:02.033+00;03765a40-f338-4035-a2ba-8928fff30834;2025-12-12 08:17:42.704694+00;2025-12-12 08:21:02.12274+00
3af805c1-bfda-4dd6-92da-ecb460ef5c5a;91afaef0-9f6f-470c-9698-c6cdf4ca94b4;<h4>What You Get</h4><ul><li>Guaranteed full dungeon completion on your chosen difficulty (Normal, Heroic, Master).</li><li>Opportunity for Best-in-Slot gear, rare crafting materials, and exclusive cosmetics.</li><li>Unlocks for new skills and talents, boosting your character's power.</li><li>All collected loot, gold, and significant achievement progress.</li><li>Access to professional players for fast, secure, and efficient clears.</li><li>Flexible boost options: Piloted (our pro plays), Selfplay (you join us), or Remote Control (watch live).</li><li>Skip the grind and frustration, saving you time and ensuring successful runs.</li><li>24/7 client support and guaranteed results for every order.</li><li>Instant start time (within 15 minutes) for swift service delivery.</li></ul>;true;2025-12-12 08:30:22.819+00;2025-12-12 08:30:44.998+00;03765a40-f338-4035-a2ba-8928fff30834;2025-12-12 08:30:22.851219+00;2025-12-12 08:30:45.061119+00
2cc3f16e-a8dd-4d5a-a74b-94205861ffee;df48dbf1-cb12-430c-825d-1156d18384a5;<h4>What You Get</h4><ul><li>Selected powerful Relic enhancements added directly and securely to your inventory.</li><li>Unlock unique relic abilities, passive bonuses, and awaken ancient hero powers.</li><li>Skip the endless grind and difficult challenges, saving countless hours of farming.</li><li>Guaranteed relic acquisition, delivered efficiently by expert, professional boosters.</li><li>Flexible options: Piloted service for effortless acquisition or Selfplay to join the farming.</li><li>Benefit from optimized strategies, mastered mechanics, and secure, manual gameplay.</li><li>24/7 customer support and constant updates throughout the boosting process.</li><li>Access to powerful relics like Ancient Wardstone, Bloodrite Drums, and Saltwash Elixir.</li></ul>;true;2025-12-12 08:30:15.501+00;2025-12-12 08:30:50.212+00;03765a40-f338-4035-a2ba-8928fff30834;2025-12-12 08:30:15.53816+00;2025-12-12 08:30:50.285943+00
1df0d6fe-2ac7-4b40-bce8-b06008c6488c;fbe1a404-9afc-420a-940a-27018ff8a81b;"<h4>What You Get</h4><ul><li><strong><a href=""https://www.wowhead.com/guide/glory-of-the-legion-raider-5624"" rel=""noopener noreferrer"" target=""_blank"">Glory of the Legion Raider</a> meta-achievement</strong> (195 Achievement Points) completed by professional WoW raiders.</li><li>Exclusive <strong>Grove Defiler mount (Defiled Reins)</strong> – one of the most iconic moose mounts.</li><li>All required achievements across <em>The Emerald Nightmare</em> and <em>The Nighthold</em>, including <em>Darkbough</em>, <em>Tormented Guardians</em>, <em>Rift of Aln</em>, <em>Arcing Aqueducts</em>, <em>Royal Athenaeum</em>, <em>Nightspire</em>, and <em>Betrayer’s Rise</em>.</li><li>Chance to obtain valuable <strong>Legion Legendaries</strong> via <em>A Guide to Legion Legendaries</em>.</li><li>Stress-free and efficient completion, allowing you to enjoy your rewards without the grind.</li><li>Secure service from <strong>misti.services</strong> with a flexible delivery and a speedy 15-minute start time.</li></ul>";true;2025-12-12 08:33:39.246+00;2025-12-12 08:39:52.51+00;03765a40-f338-4035-a2ba-8928fff30834;2025-12-12 08:33:39.275062+00;2025-12-12 08:39:52.558664+00
a7f64415-f4ff-4289-97e2-d2627eb6e4df;83cbdbaa-3c65-4cb7-8ad9-4c9c4c15564f;<h4>What You Get</h4><ul><li><strong>Desired Steamwheedle Cartel Reputation:</strong> Achieve your target reputation level, up to Exalted, quickly and efficiently.</li><li><strong>Exclusive Faction Rewards:</strong> Unlock the iconic <strong>Mean Green Flying Machine</strong> mount, the <strong>Steamwheedle Undermine Tabard</strong>, goblin-themed toys, and cosmetics.</li><li><strong>Achievement Progress:</strong> Advance towards prestigious achievements like <strong>The Insane</strong> and <strong>Insane in the Membrane</strong> without the tedious grind.</li><li><strong>All Resources & Items:</strong> Keep all gold, items, and currency collected by our professional boosters during the service.</li><li><strong>Fast & Secure Boost:</strong> Enjoy a professional, confidential, and 100% secure boosting experience by expert WoW players, with flexible start times as fast as 15 minutes.</li><li><strong>No Grinding Required:</strong> Skip the repetitive farming of pirates and quests, letting you enjoy the rewards without the hassle.</li></ul>;true;2025-12-12 08:34:03.961+00;2025-12-12 08:39:30.125+00;03765a40-f338-4035-a2ba-8928fff30834;2025-12-12 08:34:03.989749+00;2025-12-12 08:39:30.186893+00
ccaec1e8-d2aa-4d5c-86a1-9e890c3b27a4;d4ad92b3-5ec2-410d-b983-17fc30265814;<h4>What You Get</h4><ul><li><b>Instant Financial Freedom:</b> Acquire unlimited Gil to fund housing, raid gear, rare glamours, mounts, and catch-up instantly without the grind.</li><li><b>100% Secure & Ban-Protected Transactions:</b> Gil sourced from verified manual players ensures legitimate, undetectable trades, keeping your account safe.</li><li><b>Ultra-Fast Delivery (10-15 Minutes):</b> Our 24/7 team guarantees your Gil is delivered typically within 10-15 minutes of payment confirmation.</li><li><b>Best Price Guarantee:</b> We offer the cheapest FFXIV Gil across all NA, EU, JP, and OCE regions.</li><li><b>24/7 Human Support:</b> Real, knowledgeable agents are available around the clock via live chat to assist you immediately.</li><li><b>Flexible Delivery Methods:</b> Choose secure Face-to-Face Trade (recommended), Market Board, or Moogle Mail for your convenience.</li><li><b>Focus on Fun:</b> Spend your time enjoying FFXIV content you love – raiding, roleplaying, or clearing Ultimates – not endless Gil farming.</li></ul>;true;2025-12-12 08:31:05.959+00;2025-12-12 08:31:24.804+00;03765a40-f338-4035-a2ba-8928fff30834;2025-12-12 08:31:05.992592+00;2025-12-12 08:31:24.863402+00
b3441ccb-5dd5-4690-900f-e0d75dc5747e;a9fd1070-f955-497f-86ca-657d4b4c923d;<h4>What You Get</h4><ul><li>Your chosen Battlefield 6 vehicle leveled to your desired tier, fully equipped and battlefield-ready.</li><li>Complete unlock of all weapon systems, countermeasures, and performance upgrades for your selected vehicle.</li><li>Rapid progression handled by professional, expert vehicle players.</li><li>Mastery cosmetics progression, working towards rare skins and decals for your vehicle.</li><li>Enhanced firepower, survival tools like flares/Active Protection Systems, additional weapon stations, and improved mobility/armor.</li><li>100% manual, secure service, guaranteeing your account's safety and privacy.</li><li>Piloting by experienced Battlefield vehicle specialists with years of expertise.</li><li>Access to fast completion and high-priority options, with 24/7 customer support and order updates.</li><li>A massive advantage in large-scale warfare modes like Conquest, Breakthrough, and Air Superiority.</li></ul>;true;2025-12-12 08:17:13.969+00;2025-12-12 08:17:23.697+00;03765a40-f338-4035-a2ba-8928fff30834;2025-12-12 08:17:14.004207+00;2025-12-12 08:17:23.788747+00
43483f59-3f35-4312-b6a7-5b982d13cbe6;a00e73ec-1244-4d89-9b28-9595255e413d;<h4>What You Get</h4><ul><li><b>Guaranteed Battlefield 6 Gauntlet Wins:</b> Secure the exact number of first-place victories you order.</li><li><b>Full Gauntlet Completion:</b> Our specialists navigate all elimination rounds, randomized missions, and final engagements for you.</li><li><b>Massive XP & Rank Progression:</b> Boost your account level, Battle Pass, and unlock new content quickly.</li><li><b>Exclusive Gauntlet Rewards:</b> Access prestigious achievements, unique cosmetics, and unlockables tied to Gauntlet wins.</li><li><b>All Earned Loot & Unlocks:</b> Keep every item, weapon, and reward obtained during the service.</li><li><b>Fast & Secure Service:</b> Experience rapid start times (within 15 minutes) and 100% manual, safe boosting by expert Battlefield specialists.</li><li><b>No Grind, No Stress:</b> Avoid unreliable teammates and elimination frustration while we secure your victories.</li></ul>;true;2025-12-12 08:17:10.49+00;2025-12-12 08:17:28.867+00;03765a40-f338-4035-a2ba-8928fff30834;2025-12-12 08:17:10.526538+00;2025-12-12 08:17:28.942018+00
c8e2cab0-1026-42ac-8e6c-0c5ee0661edc;9691f18a-f7dd-4dab-a8d9-212be4b9faa1;<h4>What You Get</h4><ul><li>Guaranteed completion of selected Pandaria Classic Challenge Mode dungeons with Gold, Silver, or Bronze rating.</li><li>Full Gold completion across all nine Challenge Mode dungeons, unlocking exclusive rewards.</li><li>Unique Class-Specific Transmog Sets (with visual effects) for Gold completion.</li><li>Exclusive Mounts and “The Undaunted” Title for Gold completion.</li><li>Achievement progress for each completed dungeon and dungeon teleport unlocks.</li><li>Faster completion (delivery within 3 hours, start time within 1 hour).</li><li>Choose between Piloted, Selfplay, or Remote Control boost options.</li><li>Safe and secure service from a professional team ensuring efficiency and account protection.</li><li>Dedicated support throughout the boosting process.</li><li>Conquer skill-based timed dungeons with normalized gear, testing coordination and strategy.</li></ul>;true;2025-12-12 08:51:30.341+00;2025-12-12 09:02:17.749+00;03765a40-f338-4035-a2ba-8928fff30834;2025-12-12 08:51:30.377404+00;2025-12-12 09:02:17.776726+00
adac37ce-a7ed-4449-bc9f-9f047811e150;b426b5cf-dd25-4dd3-a60f-1d7ea8cc0a5b;<h4>What You Get</h4><ul><li><strong>Glory of the Firelands Raider</strong> meta-achievement completion, earning you prestigious recognition.</li><li>Exclusive <strong>Corrupted Egg of Millagazor</strong> mount, a fiery steed for your collection.</li><li>Completion of all 12 challenging Firelands raid achievements, totaling 145 achievement points.</li><li>Full, efficient completion of the entire Firelands raid by our expert team.</li><li>Fast service with a <strong>1-day delivery</strong> and a <strong>15-minute start time</strong> after purchase.</li><li>A hassle-free experience with our professional players tackling all raid objectives for you.</li><li>Conquer the dangerous Firelands without the grind, and simply enjoy your rewards.</li></ul>;true;2025-12-12 08:31:49.094+00;2025-12-12 08:40:47.679+00;03765a40-f338-4035-a2ba-8928fff30834;2025-12-12 08:31:49.127791+00;2025-12-12 08:40:47.698325+00
b007ba4a-a5a5-44a4-a81e-6cefec9abe02;1f9aac57-d37f-4f4b-b6a3-a1e130a7b88c;<h4>What You Get</h4><ul><li>The prestigious <strong>Silver Coffer Key transmog</strong> back piece, symbolizing Delve mastery.</li><li><strong>Completion of all necessary Delves and achievements</strong>, bypassing months of grind.</li><li>Exclusive rewards from <strong>Bountiful Coffers</strong>, including unique transmogs, rare pets, and toys.</li><li><strong>All loot and gold</strong> acquired during the boost.</li><li><strong>Fast, secure, and fully manual service</strong> by professional boosters.</li><li><strong>Guaranteed completion</strong> with real-time updates and account safety.</li><li><strong>Flexible scheduling</strong> and a swift 15-minute start time.</li><li>Showcase one of The War Within's most coveted and symbolic cosmetic items instantly.</li></ul>;true;2025-12-12 08:31:39.936+00;2025-12-12 08:40:51.199+00;03765a40-f338-4035-a2ba-8928fff30834;2025-12-12 08:31:39.973239+00;2025-12-12 08:40:51.214603+00
8bc4d9b7-205c-4e2b-9f97-49ccec525339;0493df5e-a534-41c9-9d6e-45ef3c13b8a6;<h4>What You Get</h4><ul><li>Guaranteed acquisition of the exclusive Demonbinder Mount Armor, giving your mount a fierce, demonic look.</li><li>Multiple Grigoire, The Galvanic Saint kills by experienced boosters, ensuring your armor drop quickly and without stress.</li><li>All valuable items, gold, and materials obtained during the boost are yours to keep.</li><li>Skip the grind and challenging boss mechanics with our direct and secure service.</li><li>Reliable, fast, and professional boosting by verified players. Our start time is as fast as 15 minutes.</li><li>Full account safety, confidentiality, and transparent communication throughout your order.</li><li>Showcase your strength across Sanctuary effortlessly and securely.</li></ul>;true;2025-12-12 08:21:17.314+00;2025-12-12 08:26:47.827+00;03765a40-f338-4035-a2ba-8928fff30834;2025-12-12 08:21:17.341606+00;2025-12-12 08:26:47.885944+00
28426fbe-ad6f-4bed-b5aa-9c1734f96d63;9ead5799-a511-4254-852e-b324f26b01f6;<h4>What You Get</h4><ul><li><b>100% Completion:</b> Selected zones fully explored, locating every collectible, secret area, and objective.</li><li><b>Endgame Unlocked:</b> Access advanced content like Nexus Interface & The Foundry Strikes, Master-tier challenges, and essential Weapon Mod blueprints.</li><li><b>Reputation & Rewards:</b> Significant increase in Destination Vendor Reputation, unlocking a permanent reward path including Lumina Leaves, Bon Voyage Charms, Glimmer, upgrade materials, and Mythic Weapon Fragments.</li><li><b>Exclusive Emblem:</b> Instantly receive the unique emblem tied to full exploration and maximum reputation.</li><li><b>Account Progression:</b> Major boost to your account-wide Team Level and early access to powerful Weapon Mod blueprints.</li><li><b>Valuable Resources:</b> All Lumia Leaves, Glimmer, materials, gear, and loot obtained during the boost are yours to keep.</li><li><b>Skip the Grind:</b> Our experienced specialists handle the entire exploration process quickly and efficiently, guaranteed.</li></ul>;true;2025-12-12 08:17:49.464+00;2025-12-12 08:20:56.481+00;03765a40-f338-4035-a2ba-8928fff30834;2025-12-12 08:17:49.496165+00;2025-12-12 08:20:56.585759+00
884cdf21-334a-4f25-b33a-791160b49ae0;4ff6f70b-8c48-4ec5-a866-753bdb028ae7;<h4>What You Get</h4><ul><li>Selected Legendary Campaign missions completed on your chosen difficulty (Heroic or Challenge)</li><li>Guaranteed Random Mythic Weapon or Mythic Weapon Fragment.</li><li>Exotic Weapon Infusion Cores, Superposed Photons, and a chance at Exotic Weapon drops from weekly and Pinnacle rewards.</li><li>Significant Glimmer and additional crafting materials to fuel your progression.</li><li>All loot and gear obtained during the service delivered directly to your account.</li><li>Option for 'Max First-Attempt Rewards' ensuring maximum first-clear bonuses.</li><li>Access to rarest catalysts and top materials like Exotic Weapon Fragments and Mobius Cluster components via Challenge-tier clears.</li><li>Three weekly high-value runs guaranteed, essential for maximizing endgame progression.</li><li>Fast start times (within 15 minutes) and 24/7 progress support for a seamless experience.</li></ul>;true;2025-12-12 08:17:44.088+00;2025-12-12 08:21:00.583+00;03765a40-f338-4035-a2ba-8928fff30834;2025-12-12 08:17:44.121153+00;2025-12-12 08:21:00.661489+00
e6310f25-522e-4ff6-b641-341eec905d33;e7f01c5e-6dc3-45e7-b07c-7b098ca4078d;<h4>What You Get</h4><ul><li>Guaranteed unlock of the rare <strong>Delver’s Mana-Skimmer Schematic: Hyperdrive</strong> customization.</li><li>Completion of the challenging “Let Me Solo Her: Nexus-Princess Ky'veza” Delve.</li><li>Achievement for conquering the “Let Me Solo Her” challenge.</li><li>Retention of 100% of all gold, loot, and drops accumulated during the boost.</li><li>Access to a top-tier mount customization featuring increased movement speed, Phase-Shift ability, and Resonance Shield.</li><li>Secure and private piloted service with VPN protection and real-time progress tracking.</li><li>Option for Remote Control service, allowing you to watch the entire process live.</li><li>Boost completed by professional, verified players, skipping the grind and saving your time.</li><li>Fast service delivery within 7 days, with a start time as quick as 15 minutes.</li></ul>;true;2025-12-12 08:42:05.332+00;2025-12-12 08:43:15.046+00;03765a40-f338-4035-a2ba-8928fff30834;2025-12-12 08:42:05.364128+00;2025-12-12 08:43:15.08487+00
0a4f8e1a-e586-4b7a-8904-822646ea7aa1;3c97b9ad-b8c8-4eda-80ec-ef44877d923f;<h4>What You Get</h4><ul><li><strong>Guaranteed Buckskin Bay Steed Mount:</strong> Secure this rare Diablo 4 mount without the grind and endless farming.</li><li><strong>Bypass RNG:</strong> Skip the luck-based drops from monsters, chests, and Legion Events in Kehjistan.</li><li><strong>All Loot Included:</strong> Keep all gold, materials, and items acquired during the boosting process.</li><li><strong>Fast & Flexible Delivery:</strong> Choose from Normal, Express, or Super Express delivery options for rapid acquisition.</li><li><strong>Secure & Private Service:</strong> Boosts are completed manually by trusted experts, ensuring account safety and privacy.</li><li><strong>Flexible Play Options:</strong> Opt for secure Account Sharing or Remote Control for supervised gameplay.</li><li><strong>Instantly Playable:</strong> Service starts within 15 minutes of purchase, getting you on your new mount even faster.</li><li><strong>Professional Service:</strong> Benefit from misti.services' reliable and expert Diablo 4 boosting solutions.</li></ul>;true;2025-12-12 08:21:15.829+00;2025-12-12 08:26:48.678+00;03765a40-f338-4035-a2ba-8928fff30834;2025-12-12 08:21:15.859239+00;2025-12-12 08:26:48.743249+00
f97a4c6f-221b-417c-ad0c-e1926a44281f;c0d10b2b-2577-4718-a392-8c9e6ad2bed0;<h4>What You Get</h4><ul><li><strong>Rapid Paragon Leveling:</strong> Boost your character up to Paragon 300 with optimized routes and the fastest XP methods, skipping hundreds of hours of grind.</li><li><strong>Customized Power:</strong> Choose any Paragon level range, benefiting from smart board and node setups for maximum efficiency and a significantly stronger character.</li><li><strong>Full Account Progression:</strong> Retain all loot, gold, materials, and other rewards earned during the boost. Nothing is lost, everything is gained.</li><li><strong>Endgame Readiness:</strong> Instantly unlock access to Diablo 4’s toughest content, including The Pit, Helltides, and Tormented Bosses, with a fully optimized build.</li><li><strong>Secure & Professional Service:</strong> Enjoy a 100% manual, piloted boost with VPN protection, guaranteeing account safety and 24/7 customer support with instant progress updates.</li><li><strong>Expert Optimization:</strong> Benefit from our professional boosters' expertise in refining your build with ideal stats, resistances, and unique effects.</li></ul>;true;2025-12-12 08:21:13.827+00;2025-12-12 08:26:49.612+00;03765a40-f338-4035-a2ba-8928fff30834;2025-12-12 08:21:13.857689+00;2025-12-12 08:26:49.677779+00
faa5e585-9f20-42b2-92aa-f19aca817fe5;8a94bd07-aa9c-42b8-844b-5fdd3a32c33d;<h4>What You Get</h4><ul><li>Guaranteed Flesh-Weld Rod mount trophy, adding a rare, macabre aesthetic to your mount.</li><li>Multiple Varshan boss kills for the highest possible drop chance.</li><li>All gold, materials, and items acquired during the boosting process.</li><li>Skip the grind and obtain this rare cosmetic without repeatedly fighting a challenging boss.</li><li>Fast (15-minute start), safe, and efficient service by experienced, hand-done boosters.</li><li>Full privacy, account security, and transparent progress updates throughout the boost.</li></ul>;true;2025-12-12 08:21:11.409+00;2025-12-12 08:26:50.629+00;03765a40-f338-4035-a2ba-8928fff30834;2025-12-12 08:21:11.437288+00;2025-12-12 08:26:50.712654+00
834ad023-9ab7-4aa6-b12c-d078904764c4;b0d61777-45cd-4eae-90c7-bf70b4c04278;<h4>What You Get</h4><ul><li>Guaranteed <strong>Diadem of the Ancient</strong> cosmetic mount trophy.</li><li>All gold, items, and materials acquired during Lord Zir kills.</li><li>Multiple Lord Zir boss defeats to ensure the rare drop.</li><li>Fast & reliable completion by professional, hand-play boosters.</li><li>Full account safety and confidentiality guaranteed.</li><li>Progress updates throughout the service.</li><li>Bypass the challenging Lord Zir fight and instantly secure this exclusive vampire-themed crown.</li><li>Flexible delivery and a quick 15-minute start time.</li></ul>;true;2025-12-12 08:21:09.959+00;2025-12-12 08:26:51.791+00;03765a40-f338-4035-a2ba-8928fff30834;2025-12-12 08:21:09.986282+00;2025-12-12 08:26:51.853403+00
c0c7e8e6-340d-46ae-8c22-221af86e5447;60f578ad-9527-499b-b5f4-4005365f7b9a;<h4>What You Get</h4><ul><li>Completion of the <strong>Glory of the Legion Hero</strong> meta-achievement (285 Achievement Points).</li><li>Exclusive <strong>Leyfeather Hippogryph mount</strong>.</li><li>Unlock the <strong>Valorous Artifact Weapon Tint (4th color)</strong> via <em>Fighting with Style: Valorous</em>.</li><li>All Legion Mythic dungeon achievements completed.</li><li>Chance to obtain <strong>Legion Legendaries</strong>.</li><li>Fast start (15 minutes) and 1-day delivery by professional boosters.</li><li>Secure and efficient service – no grind required!</li></ul>;true;2025-12-12 08:34:01.764+00;2025-12-12 08:39:32.164+00;03765a40-f338-4035-a2ba-8928fff30834;2025-12-12 08:34:01.792577+00;2025-12-12 08:39:32.23295+00
4fda8b93-cc30-4ccd-b190-91bb30c343b7;006c20cd-0aa1-4429-bae9-974f3c5e4a61;<h4>What You Get</h4><ul><li><strong>Guaranteed Dustback Steed:</strong> Skip the endless grind and instantly add this rare light-brown mount to your collection.</li><li><strong>Save Time & Effort:</strong> Our expert boosters handle all the farming in Dry Steppes, letting you enjoy Diablo 4 without the repetitive search.</li><li><strong>All Loot Secured:</strong> Any gold, items, or materials acquired during the boost are yours to keep.</li><li><strong>Flexible Delivery:</strong> Choose between Account Sharing or Remote Control to fit your preference.</li><li><strong>Priority Service Options:</strong> Select Normal, Express, or Super Express for a delivery speed that matches your urgency.</li><li><strong>Fast Start Time:</strong> Your boost begins in just 15 minutes.</li><li><strong>Secure & Reliable Service:</strong> Enjoy peace of mind with professional players ensuring a safe and efficient completion of your order.</li></ul>;true;2025-12-12 08:22:05.897+00;2025-12-12 08:26:18.411+00;03765a40-f338-4035-a2ba-8928fff30834;2025-12-12 08:22:05.962252+00;2025-12-12 08:26:18.476922+00
921af1f6-f0e7-48b0-ae7c-13cbbdeb7ed6;5549e893-6ae5-4451-ac03-47497fd8cec7;<h4>What You Get</h4><ul><li>Guaranteed kill of any Diablo 4 World Boss (Ashava, Avarice, Wandering Death, and more).</li><li>All legendary loot, crafting materials, and rare items dropped during the boost.</li><li>A high chance to obtain Scattered Prisms for essential gear socketing.</li><li>Efficient, safe, and reliable service delivered by experienced Diablo 4 professionals.</li><li>Flexible options: participate yourself (Selfplay), have an expert play for you (Account Sharing), or secure remote assistance (Remote Control).</li><li>Skip the grind and waiting times for boss spawns, ensuring smooth progression and achievements.</li><li>Seamless service across all platforms and realms, with rapid start times in as little as 15 minutes.</li><li>Enjoy top-tier rewards and the thrill of victory without the frustration of missing events or lacking damage.</li></ul>;true;2025-12-12 08:21:54.729+00;2025-12-12 08:26:24.047+00;03765a40-f338-4035-a2ba-8928fff30834;2025-12-12 08:21:54.75812+00;2025-12-12 08:26:24.118114+00
e69fdbad-3f28-4843-9684-17ff50c7ee90;7e760c51-3a4b-4d8c-b960-d3ba80378862;"<h4>What You Get</h4><ul><li>Guaranteed <strong>Reins of the Striped Steppe Steed</strong> – acquire this rare, distinctive brown-striped mount without the grind.</li><li>Skip the endless farming in the Dry Steppes; our service ensures quick and hassle-free acquisition due to its low drop rate.</li><li>All items, gold, and materials collected during the boost are yours to keep.</li><li>100% safe, hand-played boosting by professional, expert Diablo 4 players.</li><li>Fast delivery with flexible scheduling, often starting within 15 minutes.</li><li>Benefit from efficient turnaround times and friendly customer support.</li><li>Ride one of Diablo 4's most exclusive mounts, instantly enhancing your collection and in-game prestige.</li></ul>";true;2025-12-12 08:21:53.055+00;2025-12-12 08:26:24.818+00;03765a40-f338-4035-a2ba-8928fff30834;2025-12-12 08:21:53.08724+00;2025-12-12 08:26:24.878346+00
1f5b8baa-6efb-40ea-a4ca-cb42a0b2766b;0523caed-b6ed-4564-953f-fa6aa9c03b85;<h4>What You Get</h4><ul><li>A complete, ready-to-play Diablo 4 Sorcerer Build designed for endgame content (The Pit Tier 10+ up to 100+).</li><li>Significantly boosted Character Level (60), Paragon Level (75-250), and optimized Skill Tree & Paragon Board.</li><li>High-tier Legendary, Unique, and Mythic Items (750-800+ Item Power with Greater Affixes), Masterworked and Tempered.</li><li>High-roll or Max-roll Aspects, multiple Glyphs (Level 25-100), Flawless to Grand Gems, and x2 Runewords.</li><li>All loot, gold, and materials acquired during the boost remain on your account.</li><li>Option for a fully customized build tailored to your preferred playstyle.</li><li>Safe & Secure boosting with options for Account Sharing or Remote Control, backed by 24/7 support.</li><li>Discounts for partial leveling progress, ensuring cost-effectiveness.</li></ul>;true;2025-12-12 08:21:43.996+00;2025-12-12 08:26:30.857+00;03765a40-f338-4035-a2ba-8928fff30834;2025-12-12 08:21:44.027226+00;2025-12-12 08:26:30.934787+00
ac58cffa-3751-4283-a19c-d35cbd4213e3;d5e41e52-267d-4a5f-aa61-211a9eb7b06c;<h4>What You Get</h4><ul><li>Guaranteed Ophidian Iris Unique Amulet, transforming Hydra into a 3-headed Core Skill.</li><li>Hydra attacks explode on impact, with each extra head increasing its size and damage by up to 100%.</li><li>Significant bonuses to Pyromancy Damage, Critical Strike Chance, Intelligence, and Devouring Blaze ranks.</li><li>Optional upgrades for Greater Affixes, High Roll Stats, and High Roll Unique Power to maximize potential.</li><li>Perfect synergy for fire-based Sorcerer builds, enabling massive AoE fire damage and scaling with intellect.</li><li>Fast, secure delivery via manual trade from experienced Diablo 4 boosters.</li><li>24/7 live support and swift start times within 15 minutes.</li><li>Eliminate tedious farming with a guaranteed path to this top-tier item for Pyromancer and Hydra builds.</li></ul>;true;2025-12-12 08:21:42.222+00;2025-12-12 08:26:31.822+00;03765a40-f338-4035-a2ba-8928fff30834;2025-12-12 08:21:42.2517+00;2025-12-12 08:26:31.890782+00
bc0dd9cf-4ec4-4e5b-bd03-2ca071b88ca0;6bb0517f-b301-4f70-bd4f-568cd3781277;"<h4>What You Get</h4><ul><li><strong>Diablo 4 Cavalier's Steed Mount:</strong> The rare, stunning white mount acquired directly for your account.</li><li><strong>Skip the Grind:</strong> No more endless farming; our pros handle the unpredictable drop rate for you.</li><li><strong>All Loot Included:</strong> Keep all gold, materials, and items obtained during the boost.</li><li><strong>Fast & Secure Delivery:</strong> Flexible boost options (Account Sharing, Remote Control) with Normal, Express, and Super Express speeds.</li><li><strong>Professional Service:</strong> Completed manually by experienced boosters for account safety and satisfaction.</li><li><strong>Instant Start:</strong> We begin your service within 15 minutes of your order.</li><li><strong>Reliable & Guaranteed:</strong> Enjoy a hassle-free experience from a trusted provider.</li></ul>";true;2025-12-12 08:21:24.437+00;2025-12-12 08:26:43.776+00;03765a40-f338-4035-a2ba-8928fff30834;2025-12-12 08:21:24.470953+00;2025-12-12 08:26:43.835335+00
41cae75a-27e2-4d79-b902-216bf7a9dbed;67b40cc2-a507-4375-88b1-7d0eba73e3ed;"<h4>What You Get</h4><ul><li>A fully optimized Diablo 4 Rogue build, tailored to your chosen Build Level (Starter, Medium, Nightmare, or Tormented, with capabilities up to The Pit Tier 100+).</li><li>Enjoy all gold, items, and materials acquired during the boost; they remain on your account.</li><li>Access to significant discounts if you have partial leveling progress already completed.</li><li>Option for a custom Rogue build specifically designed around your unique preferences and playstyle.</li><li>Your build will include the specified Character Level, Paragon Levels (up to 250), Legendary/Unique/Mythic Items with target Greater Affixes, Masterworking (up to 12/12), Tempering, High/Max Roll Aspects, appropriate Glyphs (up to 5x level 100), Gems, and Runewords.</li><li>An expertly optimized Skill Tree and Paragon Board are included to maximize your Rogue's potential.</li><li>Fast service with a start time in just 15 minutes, ensuring quick access to endgame readiness.</li></ul>";true;2025-12-12 08:21:22.725+00;2025-12-12 08:26:44.939+00;03765a40-f338-4035-a2ba-8928fff30834;2025-12-12 08:21:22.754081+00;2025-12-12 08:26:45.001829+00
dd2fe7a8-af66-49d0-993f-d7837c479029;453b3b37-afbe-4a4d-bcfc-a0fa4ae3202f;<h4>What You Get</h4><ul><li>Full completion of the Legendary Cloak questline for your class and spec.</li><li>Unlock the prestigious “Legend of Pandaria” title.</li><li>Achieve Exalted reputation with The Black Prince faction.</li><li>Completion of all Pandaria raids integral to the storyline.</li><li>Access to powerful class-specific rewards: Crystallized Horror, Dread, or Terror.</li><li>A powerful Legendary Cloak with unique visual effects and role-specific benefits:<br> - Tanks: Absorbs killing blows.<br> - Casters: Unleashes jade dragonflame AOE.<br> - Healers: Converts overhealing into smart heals.<br> - Agility DPS: Triggers a flurry attack for massive damage.<br> - Strength DPS: Boosts melee burst power.</li><li>100% manual completion by experienced, expert boosters, ensuring maximum account safety.</li><li>Fast completion, skipping months of grind and reputation building.</li><li>Regular updates and communication throughout the boost.</li></ul>;true;2025-12-12 08:51:17.781+00;2025-12-12 09:02:25.048+00;03765a40-f338-4035-a2ba-8928fff30834;2025-12-12 08:51:17.823601+00;2025-12-12 09:02:25.10336+00
d1bd32f2-d9b1-49ad-81e0-3ac599125cc7;cebda02f-f480-4da3-8685-daffab059876;<h4>What You Get</h4><ul><li><strong> Fully Optimized Necromancer Build:</strong> Choose from Starter to Tormented tiers, pre-configured for your preferred playstyle (summoner, hybrid, or pure damage-dealer) and endgame challenges (Pit Tier 10+ to 100+).</li><li><strong> End-Game Ready Character:</strong> Achieve max-level gear, Paragon points (up to level 250), masterworking (8/8 to 12/12), tempering, high-roll aspects, Flawless to Grand Gems, and optimized skill/Paragon boards.</li><li><strong> Save Immense Time & Effort:</strong> Skip countless hours of grinding and farming, instantly accessing the most powerful Necromancer setups.</li><li><strong> All Acquired Loot, Gold & Materials:</strong> Keep everything earned during the boost, enhancing your account's resources.</li><li><strong> Customizable Options:</strong> Discounts for partially leveled characters and custom build options to perfectly fit your preferences.</li><li><strong> Flexible & Secure Delivery:</strong> Opt for Account Sharing or Remote Control, backed by safe, verified methods and 24/7 expert support on any platform/realm.</li><li><strong>Expert-Crafted & Season-Ready Builds:</strong> Our team stays updated with the latest D4 patches, ensuring your build remains top-tier for current and future content.</li></ul>;true;2025-12-12 08:22:37.557+00;2025-12-12 08:26:04.162+00;03765a40-f338-4035-a2ba-8928fff30834;2025-12-12 08:22:37.595375+00;2025-12-12 08:26:04.221888+00
ee974d7b-511e-4626-8c41-5e336b070e55;f554d5a3-feba-4f11-8c3f-a94a4a9c8689;<h4>What You Get</h4><ul><li>Any Glyph leveled to your desired level, up to 100.</li><li>Expanded Glyph radius for maximum Paragon node activation.</li><li>Guaranteed upgrade of Rare Glyphs to Legendary versions.</li><li>All gold, resources, and items earned remain on your account.</li><li>Your character's build significantly enhanced for high-tier content.</li><li>Option to collect up to five essential Glyphs before leveling.</li><li>Fast service with 100% manual play and VPN protection.</li><li>Dedicated 24/7 support and real-time progress updates.</li><li>Enjoy the full power of your character without the repetitive grind.</li></ul>;true;2025-12-12 08:22:24.133+00;2025-12-12 08:26:11.643+00;03765a40-f338-4035-a2ba-8928fff30834;2025-12-12 08:22:24.176496+00;2025-12-12 08:26:11.718706+00
385a635f-e89c-4cbd-8ee6-da96320e84e1;0e6978bc-bb79-4f9f-95f2-1f4b64b75c30;<h4>What You Get</h4><ul><li>Full completion of the Vessel of Hatred campaign within 6 hours of a 15-minute start time.</li><li>Immediate access to all new expansion and seasonal content and features.</li><li>Retain all powerful gear, unique items, gold, resources, and achievements obtained during the boost.</li><li>Option to add Max Renown Unlock for all zones, maximizing progression benefits.</li><li>Secure manual play by experienced Diablo 4 boosters using VPN protection.</li><li>24/7 live support and transparent updates on your campaign progress.</li><li>Skip the grind and dive directly into Diablo 4's new endgame and seasonal systems.</li><li>Explore Nahantu's deadly landscapes and battle Mephisto's followers efficiently and safely.</li></ul>;true;2025-12-12 08:21:59.778+00;2025-12-12 08:26:21.104+00;03765a40-f338-4035-a2ba-8928fff30834;2025-12-12 08:21:59.810235+00;2025-12-12 08:26:21.163854+00
e1b4707c-f703-4a87-93c5-fce9aed18e5a;8f370df4-346f-472c-a439-ddb7d7c9e792;<h4>What You Get</h4><ul><li>Guaranteed defeat of Urivar on Torment difficulty by experienced professionals.</li><li>Urivar’s Hoard unlocked, containing Mythic and Unique items tailored to your class.</li><li>Up to six Unique items and three Runes from the exclusive loot pool.</li><li>All gold, materials, and resources acquired during the service remain on your account.</li><li>Lair Boss Key provided or farmed, plus all 12 Judicator’s Masks needed for the Hoard.</li><li>Skip the grind and frustration, letting experts handle the challenging boss fight and farming.</li><li>Access to an optional live stream to watch your Urivar kill in real-time.</li><li>Fast service delivery, with boosts starting in just 15 minutes.</li><li>Secure and manual boosting, ensuring account safety and integrity.</li><li>Flexible options for self-play or piloted mode, catering to your preference.</li></ul>;true;2025-12-12 08:21:50.041+00;2025-12-12 08:26:27.513+00;03765a40-f338-4035-a2ba-8928fff30834;2025-12-12 08:21:50.070844+00;2025-12-12 08:26:27.578815+00
962a5db2-9c3f-4df4-8e57-57ed7f93f967;fdbc4ed9-b7f0-44b9-9a48-71479be09ca3;<h4>What You Get</h4><ul><li>Guaranteed <strong>Reins of the Spotted Shalecoat Steed</strong> mount, a rare and distinctive gray steed.</li><li>All gold, materials, and loot acquired during the boosting process are yours to keep.</li><li>Skip countless hours of tedious farming in Scosglen due to the mount's exceedingly low drop rate.</li><li>Safe, 100% hand-played boosting by experienced Diablo 4 professionals.</li><li>Quick start time (within 15 minutes) and fast turnaround for a swift acquisition.</li><li>Full account safety and regular progress updates from our friendly support team.</li><li>Experience Scosglen in style and stand out with this sought-after collectible.</li></ul>;true;2025-12-12 08:21:36.87+00;2025-12-12 08:26:35.621+00;03765a40-f338-4035-a2ba-8928fff30834;2025-12-12 08:21:36.901331+00;2025-12-12 08:26:35.68623+00
f611c32e-f0a3-4b57-86a0-1dad19d9748e;f8b2faa3-8595-46a2-885c-483c2a74211b;<h4>What You Get</h4><ul><li>Unlock your desired Diablo 4 Torment Difficulty (I-IV) instantly.</li><li>Access increased gold, experience, and significantly better loot (Legendary, Unique, Ancestral, Mythic items).</li><li>Keep all gold, materials, and resources earned during the boost.</li><li>Skip the time-consuming and challenging Pit farming required to unlock higher tiers manually.</li><li>Professional, secure, and manual service via VPN protection – your account's safety is our priority.</li><li>Fast delivery with 15-minute start times and optional express service.</li><li>24/7 live support and regular progress updates.</li><li>Opportunity to maximize your character's performance and access Diablo 4's most rewarding endgame content.</li></ul>;true;2025-12-12 08:21:29.945+00;2025-12-12 08:26:40.237+00;03765a40-f338-4035-a2ba-8928fff30834;2025-12-12 08:21:29.97419+00;2025-12-12 08:26:40.258723+00
9feb2c29-ebb0-4e0c-af45-57f64338b001;3579dc12-1020-4d7b-aa21-0edd298059d8;"<h4>What You Get</h4><ul><li><strong>Exclusive Granite-coat Steed Mount:</strong> Secure the rare white mount with black spots, a prestigious addition to your Diablo 4 collection without the grind.</li><li><strong>All Loot Included:</strong> Keep all gold, items, and materials acquired by our boosters during the service.</li><li><strong>Flexible & Fast Delivery:</strong> Choose Normal, Express, or Super Express to match your desired speed, with services starting in just 15 minutes.</li><li><strong>Convenient & Secure Options:</strong> Opt for Account Sharing or Remote Control, performed safely and privately by expert players.</li><li><strong>Time-Saving Solution:</strong> Skip the repetitive farming in Scosglen for this random drop; our pros handle the hunt for you.</li><li><strong>Reliable & Safe Service:</strong> Guaranteed completion by vetted professionals, ensuring a smooth and secure acquisition process.</li></ul>";true;2025-12-12 08:21:27.555+00;2025-12-12 08:26:41.082+00;03765a40-f338-4035-a2ba-8928fff30834;2025-12-12 08:21:27.583138+00;2025-12-12 08:26:41.148438+00
898c2526-396c-491d-8ac7-5c1879412605;6d29c6ea-7b39-4c91-960d-6aba4493dd2f;<h4>What You Get</h4><ul><li>Guaranteed target 3v3 Arena rating (Combatant to Gladiator)</li><li>Elite PvP gear, Conquest points, and unique Season 3 transmogs</li><li>Prestigious titles: Rival, Duelist, Elite, Gladiator, and Astral Gladiator</li><li>Completion of important PvP achievements automatically</li><li>Safe and stress-free boost by top-rated PvP players</li><li>Choice of Piloted, Remote Control, or Self-Play boost options</li><li>All rewards, gear, and achievements remain permanently on your account</li><li>Skip the grind and avoid toxic teammates, losing streaks, and rating drops</li></ul>;true;2025-12-12 08:34:00.488+00;2025-12-12 08:39:33.611+00;03765a40-f338-4035-a2ba-8928fff30834;2025-12-12 08:34:00.527583+00;2025-12-12 08:39:33.678753+00
cb7cacdb-b002-4298-9a2b-b332d5bcb4d0;3459e362-5cfd-4607-89a7-15b8329bfb36;<h4>What You Get</h4><ul><li><strong>Vicious Void Creeper Mount:</strong> Ride one of The War Within Season 3's most prestigious PvP mounts, a clear badge of your PvP commitment.</li><li><strong>Astral Combatant Achievement:</strong> Earn this Feat of Strength for your faction (Horde or Alliance).</li><li><strong>1000+ Arena Rating:</strong> Secure a strong rating with numerous wins above this threshold, validating your PvP prowess.</li><li><strong>Abundant PvP Currency:</strong> Accumulate a lot of Conquest and Honor Points to purchase and upgrade current PvP gear.</li><li><strong>Marks of Honor:</strong> Gain a stack of Marks to spend on old PvP sets, weapons, and cosmetic rewards.</li><li><strong>Future Vicious Saddles:</strong> After your first seasonal mount, every additional progress bar completion grants a Vicious Saddle for collecting older vicious mounts, expanding your collection.</li><li><strong>Zero Grind, Zero Stress:</strong> Skip the endless queues, bad comps, and rating swings, getting steady progress toward your guaranteed seasonal reward.</li><li><strong>Flexible & Secure Options:</strong> Choose between Piloted (account sharing), Selfplay (play with our pros), or Remote Control (watch live as we play) with full security.</li><li><strong>Fast Start:</strong> Services begin in just 15 minutes.</li></ul>;true;2025-12-12 08:33:41.766+00;2025-12-12 08:39:51.377+00;03765a40-f338-4035-a2ba-8928fff30834;2025-12-12 08:33:41.795864+00;2025-12-12 08:39:51.450554+00
cfd20413-d864-4ad8-a95e-941949b3d84c;1c1db7aa-eacc-4fb2-962d-86b41dc01313;<h4>What You Get</h4><ul><li><strong>Exclusive Marshback Steed Mount:</strong> Skip the endless grind and secure this rare gray mount, known for its elusive drop rate from Hawezar's monsters, chests, and Legion Events.</li><li><strong>Save Countless Hours:</strong> Avoid the unpredictable and time-consuming farming process for the Reins of the Marshback Steed.</li><li><strong>All Acquired Gold & Items:</strong> Keep every piece of gold, all items, and materials obtained by our boosters during the service.</li><li><strong>Flexible & Fast Service:</strong> Choose between 'Normal', 'Express', or 'Super Express' completion, with service starting in just 15 minutes.</li><li><strong>Secure & Professional Boosting:</strong> Our experienced Diablo 4 boosters use safe, manual methods via Account Sharing or Remote Control, ensuring your account's security.</li><li><strong>Guaranteed Delivery:</strong> Enjoy trusted results and timely completion from misti.services, dedicated to premium service and customer support.</li></ul>;true;2025-12-12 08:22:11.812+00;2025-12-12 08:26:14.437+00;03765a40-f338-4035-a2ba-8928fff30834;2025-12-12 08:22:11.843648+00;2025-12-12 08:26:14.499199+00
47f858bb-eb7d-4907-a343-3928c69c1ba1;c74b349f-5e3d-4322-8e70-db22dfb7a98c;"<h4>What You Get</h4><ul><li>Guaranteed acquisition of the rare Diablo 4 <strong>Executioner’s Steed</strong> mount.</li><li>All valuable items, gold, and crafting materials obtained during the boost are yours to keep.</li><li>Flexible delivery options: Choose between secure Account Sharing or supervised Remote Control.</li><li>Prioritized service with multiple speed options: Normal, Express, or Super Express for the fastest turnaround.</li><li>Skip endless, unpredictable farming; our expert players handle the grind safely and efficiently.</li><li>Start time as fast as 15 minutes, with full care, privacy, and efficiency throughout the service.</li></ul>";true;2025-12-12 08:22:10.125+00;2025-12-12 08:26:15.709+00;03765a40-f338-4035-a2ba-8928fff30834;2025-12-12 08:22:10.156244+00;2025-12-12 08:26:15.7671+00
271be18f-3fe9-4439-b281-9ecc9800dfcd;00a71e88-7632-4d78-b708-421317aafe14;<h4>What You Get</h4><ul><li>Guaranteed acquisition of your selected Diablo 4 Mythic Unique Item(s).</li><li>All gold, legendary loot, and crafting materials obtained during the boost remain on your account.</li><li>Access to the pinnacle of endgame equipment with 800 Item Power and Greater Affixes.</li><li>Professional and safe service completed by experienced Diablo 4 boosters.</li><li>Flexible delivery with options for Normal, Express, or Super Express completion.</li><li>Skip the time-consuming grind of farming Tormented Bosses or costly crafting.</li><li>Boost your character with the strongest gear, enhancing your gameplay experience.</li></ul>;true;2025-12-12 08:22:03.338+00;2025-12-12 08:26:19.276+00;03765a40-f338-4035-a2ba-8928fff30834;2025-12-12 08:22:03.372405+00;2025-12-12 08:26:19.341346+00
9989ff14-8b4c-4c99-893f-fd79c0d234aa;ecaa627a-7887-4a43-98c8-c24e21c74498;<h4>What You Get</h4><ul><li><b>Reins of the Trapper’s Steed</b>: Secure this rare, rugged gray mount without the grind.</li><li><b>All looted items</b>: Keep all gold, crafting materials, and gear acquired during the boost.</li><li><b>Professional, safe boosting</b>: Hand-completed by trusted Diablo 4 experts, ensuring no bots and account security.</li><li><b>Skip the grind</b>: Avoid countless hours farming low-drop chance events and acquire your mount quickly.</li><li><b>Confidential & real-time updates</b>: Enjoy complete privacy and communication throughout the service.</li><li><b>Flexible & fast delivery</b>: Choose from Normal, Express, or Super Express completion options, with starts in just 15 minutes.</li><li><b>24/7 Customer Support</b>: Dedicated assistance whenever you need it.</li></ul>;true;2025-12-12 08:22:01.336+00;2025-12-12 08:26:20.005+00;03765a40-f338-4035-a2ba-8928fff30834;2025-12-12 08:22:01.374645+00;2025-12-12 08:26:20.07498+00
4034cdbc-fc28-48b0-a4e3-63d38afb409d;eb13d0c2-7165-42bb-96b9-feab8c0d92f9;<h4>What You Get</h4><ul><li><strong>Exclusive Blood Bay Steed Mount:</strong> Skip the endless grind and secure this rare Kehjistan drop for your Diablo 4 collection.</li><li><strong>All Loot Acquired:</strong> Naturally obtain all gold, items, and materials that drop during your boost.</li><li><strong>Fast & Secure Service:</strong> Expert boosters begin within 15 minutes, ensuring quick, safe, and manual completion.</li><li><strong>Flexible Options:</strong> Choose Account Sharing or Remote Control, and customize your completion speed with Normal, Express, or Super Express delivery.</li><li><strong>Guaranteed Acquisition:</strong> Reliably add the Reins of the Blood Bay Steed to your inventory without the unpredictable farming.</li><li><strong>Privacy & Support:</strong> Enjoy full transparency and dedicated customer support throughout the process.</li></ul>;true;2025-12-12 08:21:51.687+00;2025-12-12 08:26:25.883+00;03765a40-f338-4035-a2ba-8928fff30834;2025-12-12 08:21:51.714004+00;2025-12-12 08:26:25.952293+00
d6981d7d-a3c1-4767-a71f-4c61763ca7e7;e131fa68-934a-45cf-bc3a-e5f0abcabe8a;<h4>What You Get</h4><ul><li><b>Reins of the Taiga Roan Steed:</b> Secure this rare, aesthetically unique gray mount from the Fractured Peaks without the grind.</li><li><b>Bonus Loot:</b> Keep all gold, items, and crafting materials collected during the boost.</li><li><b>Time Savings:</b> Skip countless hours of farming and random drop frustration.</li><li><b>Guaranteed Drop:</b> We eliminate RNG and ensure you receive the mount.</li><li><b>Professional Service:</b> Hand-played by experienced Diablo 4 players with a 15-minute start time.</li><li><b>Safe & Secure:</b> Confidential, reliable, and efficient boosting, respecting your account's integrity.</li><li><b>Responsive Support:</b> Enjoy constant updates and friendly customer service throughout your order.</li><li><b>Confidence & Style:</b> Ride across Sanctuary's icy landscapes with one of the game's most sought-after steeds.</li></ul>;true;2025-12-12 08:21:40.557+00;2025-12-12 08:26:32.76+00;03765a40-f338-4035-a2ba-8928fff30834;2025-12-12 08:21:40.584407+00;2025-12-12 08:26:32.814223+00
3a59dcd3-624c-4f26-b2f3-0308d88a236b;793db771-03c2-44cb-b55d-6c8b71be510b;<h4>What You Get</h4><ul><li>Completion of all 36 Mage Tower challenges across all classes and specializations.</li><li>Prestigious <strong>Tower Overwhelming Feats of Strength meta-achievement</strong>.</li><li>Exclusive <strong>Mage-Bound Spelltome flying mount</strong>.</li><li>Unlocks <strong>A Towering Success</strong> and <strong>A Tour of Towers</strong> achievements.</li><li>Unique <strong>Fel Werebear druid form</strong>.</li><li>Full collection of <strong>T20 recolored transmog sets</strong> for all classes.</li><li>Effortless completion: Skip the long grind and daunting challenges.</li><li>Professional boosters handling all tasks quickly and safely.</li><li>Flexible boost options: Choose between <strong>Account Sharing</strong> or <strong>Remote Control</strong>.</li><li>Fast start time: Boost begins in just 15 minutes.</li></ul>;true;2025-12-12 08:31:50.768+00;2025-12-12 08:40:46.598+00;03765a40-f338-4035-a2ba-8928fff30834;2025-12-12 08:31:50.796621+00;2025-12-12 08:40:46.616236+00
ba933c84-c27c-45b7-a434-f712671642c1;61b27f47-2f34-4b2e-950f-9e40f2116e55;<h4>What You Get</h4><ul><li>Exclusive <b>Delver</b> title unlocked.</li><li>Completion of the <b>Delve Beyond</b> achievement.</li><li>500 delves finished by expert boosters.</li><li>All valuable loot, rewards, and gold acquired during the service.</li><li>Skip the grind and save dozens of hours of gameplay.</li><li>Quick and safe achievement of the title.</li><li>Flexible delivery and a fast 15-minute start time.</li><li>Option for Account Sharing or live Remote Control boosting.</li></ul>;true;2025-12-12 08:42:10.741+00;2025-12-12 08:43:10.843+00;03765a40-f338-4035-a2ba-8928fff30834;2025-12-12 08:42:10.772218+00;2025-12-12 08:43:10.889907+00
fa4bc3c3-36df-40b8-8342-fc815eefae01;8faafe63-1b68-4165-a5af-82f0fcb5f9b8;<h4>What You Get</h4><ul><li>Guaranteed delivery of the game-changing Orphan Maker crossbow</li><li>Devastating Reload Skill damage, with every second shot dealing double impact</li><li>Significant boost to Marksman Skills, Exploit, and Vulnerable Damage for burst potential</li><li>Chance for Marksman projectiles to cast twice, enhancing DPS</li><li>Optional Greater Affix, High Roll Stats, and High Roll Unique Power versions for maximized performance</li><li>Secure, manual delivery by expert suppliers via Premium VPN for account safety</li><li>Skip the grind with fast delivery starting in just 15 minutes</li><li>24/7 live customer support and trusted service from Misti.Services</li></ul>;true;2025-12-12 08:22:28.888+00;2025-12-12 08:26:08.62+00;03765a40-f338-4035-a2ba-8928fff30834;2025-12-12 08:22:28.920138+00;2025-12-12 08:26:08.676636+00
665c1c2c-baf8-4827-b6da-39a7cb41def6;398cc7e4-d58e-4ad7-8f9a-e0b56ed8347f;<h4>What You Get</h4><ul><li>Guaranteed Galvanic Azurite Unique Ring, enhancing your Lightning Sorcerer's burst damage and AoE potential.</li><li>Magnetized effect: Enemies take significantly increased Lightning damage and emit Crackling Energy.</li><li>Amplified AoE potential via Crackling Energy synergy, creating crowd control and extra damage.</li><li>Bonuses to Critical Strike Chance, Lightning Damage, Cooldown Reduction, and Elemental Synergy ranks.</li><li>Option for Greater Affixes, High Roll Stats, and High Roll Unique Power for maximum item potential.</li><li>Fast and reliable delivery within 15 minutes of purchase.</li><li>Secure and manual delivery via in-game trade with VPN protection.</li><li>Access to professional Diablo 4 item specialists and 24/7 customer support.</li><li>Trusted service by thousands of global players.</li></ul>;true;2025-12-12 08:22:07.708+00;2025-12-12 08:26:17.364+00;03765a40-f338-4035-a2ba-8928fff30834;2025-12-12 08:22:07.73979+00;2025-12-12 08:26:17.425283+00
ee427388-2fc2-494a-bce6-b15bc588056e;97edaff8-0530-4de2-adec-7e1dfed78beb;"<h4>What You Get</h4><ul><li><b>Guaranteed Uber Lilith Kill:</b> Conquer the hardest boss in Diablo 4 on any Torment difficulty.</li><li><b>Exclusive Mount:</b> Receive the coveted Reins of the Bloody Liquid Steed.</li><li><b>Rare Titles & Achievements:</b> Unlock ""Lilith's Doom,"" ""Final Slayer of the First Mother,"" and ""Silence is Hellish"" (no-death clear).</li><li><b>Mythic Uniques Access:</b> Chance to obtain Mythic Uniques and the crucial Resplendent Spark.</li><li><b>All Loot & Gold Retained:</b> Keep all materials, gold, and items dropped during the boost.</li><li><b>Instant Rewards, No Frustration:</b> Skip the grind and complex mechanics; our pros handle everything.</li><li><b>Flexible & Fast Service:</b> Boosts available on all platforms with a 15-minute start time.</li><li><b>Optional Live Stream:</b> Watch your boost live for complete transparency.</li><li><b>Save Time & Effort:</b> Avoid countless retries and wasted hours on this challenging encounter.</li></ul>";true;2025-12-12 08:23:00.376+00;2025-12-12 08:25:50.446+00;03765a40-f338-4035-a2ba-8928fff30834;2025-12-12 08:23:00.403855+00;2025-12-12 08:25:50.520195+00
737b0fb3-0621-4bb9-b70a-e694e8f52fd1;444b643e-3637-4fcb-b14c-bd3ff5a6dba0;<h4>What You Get</h4><ul><li><b>Guaranteed Brigand’s Steed Mount:</b> Skip the endless grind and instantly add this rare, exclusive mount to your collection.</li><li><b>All Loot Included:</b> Keep all gold, items, and materials acquired by our boosters during the service.</li><li><b>Flexible Delivery:</b> Choose between secure Account Sharing or remote access with live supervision.</li><li><b>Priority Options:</b> Accelerate your order with Express or Super Express for the fastest completion.</li><li><b>Professional Service:</b> Boost performed manually by experienced players, ensuring safety, confidentiality, and efficiency.</li><li><b>Fast Start:</b> Your service begins within just 15 minutes of purchase.</li><li><b>Dedicated Support:</b> Our team is available until your order is fully completed.</li></ul>;true;2025-12-12 08:22:42.682+00;2025-12-12 08:26:00.893+00;03765a40-f338-4035-a2ba-8928fff30834;2025-12-12 08:22:42.718977+00;2025-12-12 08:26:00.949883+00
64f8aeb0-9051-45aa-b014-7fa9127cbf31;e5e103b4-194e-43e6-9f7b-74001bdb9928;<h4>What You Get</h4><ul><li>The Ancestral Mythic Unique Shroud of False Death Chest Armor, ideal for any build with powerful Stealth, Movement Speed, bonus damage, and boosts to All Stats, Life, and Resource Generation.</li><li>All extra loot acquired during the farming run, including Uniques, a chance at Mythic Uniques, Runes, Gold, and crafting materials.</li><li>Guaranteed fast, secure, and efficient delivery without the grind, utilizing professional Diablo 4 boosters and VPN protection.</li><li>Options for Greater Affixes (1.5x boosted stats) and unlocking Torment Difficulty for superior performance and rewards.</li><li>Flexible scheduling, live progress updates, 24/7 customer support, and post-service build optimization tips.</li><li>100% manual farming, transparent order process, and service from a provider with hundreds of successful Mythic Unique deliveries.</li></ul>;true;2025-12-12 08:21:58.534+00;2025-12-12 08:26:22.188+00;03765a40-f338-4035-a2ba-8928fff30834;2025-12-12 08:21:58.5638+00;2025-12-12 08:26:22.24677+00
93203e0f-a866-41f0-b0f6-d284ff80fc6b;0ebcb560-f1dc-4ae6-ab70-cfd69f43b46f;<h4>What You Get</h4><ul><li><b>Reins of the Caldeum Steed</b>: Secure this rare, elusive black mount without the endless grind.</li><li><b>All Loot & Gold</b>: Keep every item, material, and ounce of gold acquired during the nightmare dungeon runs.</li><li><b>Expert Nightmare Dungeon Completion</b>: Our seasoned boosters will conquer challenging content efficiently.</li><li><b>Skip the Grind</b>: Avoid countless dungeon runs and frustration, saving your valuable time and resources.</li><li><b>Flexible Delivery Options</b>: Choose between Account Sharing or Remote Control for your convenience.</li><li><b>Speed Options</b>: Opt for Normal, Express, or Super Express to match your urgency.</li><li><b>100% Manual & Secure Service</b>: Enjoy peace of mind with our safe and legitimate boosting methods.</li><li><b>24/7 Live Support</b>: Access continuous assistance throughout your service.</li></ul>;true;2025-12-12 08:21:47.364+00;2025-12-12 08:26:28.625+00;03765a40-f338-4035-a2ba-8928fff30834;2025-12-12 08:21:47.393809+00;2025-12-12 08:26:28.68767+00
bc22faab-9ef8-4ba4-aeb2-0735fb4f5a62;f2172cb6-95b5-4ef4-b763-ba6578b2be6b;<h4>What You Get</h4><ul><li><strong>Glory of the Icecrown Raider (10 Player)</strong> meta-achievement completed.</li><li>Exclusive <strong>Reins of the Bloodbathed Frostbrood Vanquisher</strong> flying mount.</li><li>All 16 required achievements unlocked, granting 185 achievement points.</li><li>Full Icecrown Citadel raid completion, including the Lich King encounter.</li><li>Fast service delivery: completion within 1 day.</li><li>Quick start time: boost begins in just 15 minutes.</li><li>Safe and efficient achievement farming by professional players.</li><li>Add one of WoW’s most iconic and memorable mounts to your collection.</li></ul>;true;2025-12-12 08:33:54.386+00;2025-12-12 08:39:35.983+00;03765a40-f338-4035-a2ba-8928fff30834;2025-12-12 08:33:54.413377+00;2025-12-12 08:39:36.03455+00
95333589-7d02-4c49-b2d2-59c33d10a5a7;4986b14a-139a-469a-b851-8a625643cb94;<h4>What You Get</h4><ul><li><b>Full Honor or Conquest Gear Set:</b> Immediately equip max PvP item level gear (710 for Honor, 723 for Conquest) and dominate Arenas/Battlegrounds.</li><li><b>Skip the Grind:</b> Bypass endless farming, RNG drops, honor caps, and dull battlegrounds. Jump straight into action!</li><li><b>Veteran Gladiator Assistance:</b> Our professional team, comprised of veteran Gladiators, ensures efficient gearing.</li><li><b>Honorable Kills & Marks of Honor:</b> Accumulate honorable kills during the boost, with a chance to receive Marks of Honor.</li><li><b>Optional Seasonal PvP Mount:</b> Add a prestigious Seasonal PvP mount to your collection.</li><li><b>Fast Piloted Service:</b> We offer a flexible piloted service with a 15-minute start time to quickly get you geared.</li><li><b>PvP Power Focus:</b> Gear is optimized for top performance in high-stakes PvP, separate from PvE item levels.</li></ul>;true;2025-12-12 08:33:24.619+00;2025-12-12 08:39:59.323+00;03765a40-f338-4035-a2ba-8928fff30834;2025-12-12 08:33:24.651275+00;2025-12-12 08:39:59.373884+00
99d0f3a0-3e57-4ef8-b671-dba222a19e70;215f1e43-160c-43f8-8ed4-95e8e867078f;<h4>What You Get</h4><ul><li>Guaranteed Tyrael’s Might Mythic Unique Chest Armor, one of the rarest and most powerful items in Diablo 4.</li><li>Unlock the Divine Barrage effect for devastating holy attacks at full Life.</li><li>Enjoy incredible defensive bonuses: high All Resistances, Damage Reduction, and increased Movement Speed.</li><li>Additional loot from farming runs: Uniques, Mythic Uniques, Gold, Runes, and crafting materials.</li><li>Fast, targeted farming optimized for Tyrael’s Might drops, saving you countless hours of grinding.</li><li>100% safe and secure service with professional, manual play and VPN protection.</li><li>Flexible scheduling, live progress updates, and post-service build recommendations.</li><li>Choice of Account Sharing or Remote Control for your convenience.</li><li>24/7 customer support and instant communication with Misti.Services' trusted Diablo 4 professionals.</li></ul>;true;2025-12-12 08:22:31.211+00;2025-12-12 08:26:07.602+00;03765a40-f338-4035-a2ba-8928fff30834;2025-12-12 08:22:31.244359+00;2025-12-12 08:26:07.663732+00
a6bbaae3-daf1-445a-8715-e79ded7c6315;cd0edc07-ad7c-43a4-816c-b868a02c5648;<h4>What You Get</h4><ul><li>Guaranteed Ghastly Reins mount: Secure this rare, visually stunning spectral steed without endless farming.</li><li>Efficient Legion Event participation: Our boosters will complete multiple events to maximize drop chances.</li><li>All loot included: Keep all gold, items, and materials acquired during the boost.</li><li>Fast & reliable service: Start within 15 minutes, with quick and safe completion.</li><li>Expert boosting: Handled by professional, experienced players to ensure account safety and progress.</li><li>Transparent updates: Stay informed with full progress updates throughout the service.</li><li>Hassle-free experience: Skip the grind and add a prestigious mount to your collection effortlessly.</li></ul>;true;2025-12-12 08:22:13.789+00;2025-12-12 08:26:13.497+00;03765a40-f338-4035-a2ba-8928fff30834;2025-12-12 08:22:13.820791+00;2025-12-12 08:26:13.558217+00
e4e817c0-bc86-4d4c-989d-e4dcb6e3f9b6;5661f783-b979-4214-b5b0-88ce9225b819;<h4>What You Get</h4><ul><li>Guaranteed Lord Zir kill on Torment difficulty</li><li>Access to Zir's Hoard with a chance at Mythic and Ancestral Unique items</li><li>Exclusive chance to obtain The Diadem of the Ancient Helm</li><li>Up to six Uniques and multiple Runes from Zir's loot pool</li><li>All required Lair Boss Keys and twelve Exquisite Blood included</li><li>Full retention of all gold, crafting materials, and resources acquired</li><li>Rapid, secure service with all fight mechanics handled by expert players</li><li>Optional lower price if you provide Lair Boss Keys</li><li>Optional Torment unlock for improved rewards</li><li>Optional live stream of your Lord Zir carry</li></ul>;true;2025-12-12 08:23:02.053+00;2025-12-12 08:25:49.029+00;03765a40-f338-4035-a2ba-8928fff30834;2025-12-12 08:23:02.081844+00;2025-12-12 08:25:49.091151+00
61a91760-09ce-4717-8c42-51be4c77c215;0be7b565-bae7-460f-94ad-035458d010d3;<h4>What You Get</h4><ul><li>Guaranteed Torment difficulty Beast in the Ice kill and instant access to all rewards.</li><li>Full summoning, preparation, and fight mechanics handled by expert players.</li><li>Lair Boss Key provided for guaranteed loot, including a chance for Mythic & Ancestral Uniques.</li><li>Up to six Uniques and multiple Runes per encounter.</li><li>Chance to unlock exclusive mount cosmetics: Skull Torch and Fell Steed Trophies.</li><li>All gold, gems, and crafting materials directly to your account.</li><li>No need to farm Distilled Fear or high-tier Nightmare Dungeons – all materials included.</li><li>Fast & reliable service with flexible delivery and a start time as quick as 15 minutes.</li><li>Option to stream your full Beast in the Ice carry.</li></ul>;true;2025-12-12 08:22:47.951+00;2025-12-12 08:25:57.795+00;03765a40-f338-4035-a2ba-8928fff30834;2025-12-12 08:22:47.981639+00;2025-12-12 08:25:57.853157+00
f873f1cb-a8fe-4323-901a-4ca767d9dede;81a4f561-3a57-4ce2-9805-f853129059e7;<h4>What You Get</h4><ul><li><b>Specified quantity of purified Red Dust</b>: Safely delivered without the PvP grind or risk of loss.</li><li><b>All farm-acquired items</b>: Keep all gold, materials, and items obtained during the boost.</li><li><b>Guaranteed results</b>: Receive the exact amount of Red Dust you ordered, purified and ready to spend.</li><li><b>Time saved & risk avoided</b>: Skip hours of dangerous PvP farming and purification.</li><li><b>Flexible delivery speed</b>: Choose from Normal, Express (2x faster), or Super Express (3x faster) completion.</li><li><b>100% secure service</b>: Professional boosters handle your account with proven safe methods and trade protection.</li><li><b>24/7 support & real-time updates</b>: Stay informed with our dedicated customer service on live chat or Discord.</li><li><b>Access to exclusive cosmetics</b>: Use your Red Dust for unique mounts, armor, and weapon appearances upon delivery.</li></ul>;true;2025-12-12 08:22:46.199+00;2025-12-12 08:25:58.822+00;03765a40-f338-4035-a2ba-8928fff30834;2025-12-12 08:22:46.232291+00;2025-12-12 08:25:58.875326+00
eb416bae-e959-4e4a-b8a4-3bb6eb81d38c;1212f14d-2e3d-480b-954f-64eb8757adbc;<h4>What You Get</h4><ul><li>The prestigious <strong>Void-Forged Stallion's Reins</strong> ground mount, a rare and visually striking addition to your collection.</li><li>Full completion of the complex, hidden challenge in the Revisited Horrific Vision of Stormwind, including locating all four Cursed Horseshoes and defeating the powerful summoned boss.</li><li>A fast and efficient service completion (typically under two hours per attempt), saving you significant time and effort.</li><li>You keep all gold, loot, transmog items, and rare drops earned during the boost.</li><li>Expert execution by our pro players, eliminating the stress of time-sensitive puzzles, sanity mechanics, and difficult boss encounters.</li><li>Flexible delivery options: hassle-free Account Sharing with VPN protection or interactive Remote Control where you watch the magic happen.</li><li>Guaranteed success and secure handling by misti.services, ensuring no failed runs or wasted attempts.</li></ul>;true;2025-12-12 08:33:52.354+00;2025-12-12 08:39:36.911+00;03765a40-f338-4035-a2ba-8928fff30834;2025-12-12 08:33:52.381168+00;2025-12-12 08:39:36.968675+00
0461af52-caef-4ba3-87ad-9696e52bb8dc;0a80a4c7-d5d0-4fea-8b7e-aeca3b977971;<h4>What You Get</h4><ul><li>Guaranteed Reins of the Bloody Liquid Steed mount, a prestigious symbol of mastery.</li><li>All gold, items, and materials acquired during the boost, maximizing your in-game gains.</li><li>Safe, fully manual service by expert players, ensuring account security and privacy.</li><li>Avoid the challenging Echo of Lilith encounter, saving you time and frustration.</li><li>Fast service with a start time as quick as 15 minutes.</li><li>Transparent progress updates and reliable completion from professional boosters.</li><li>No risk of automation or account compromise, only dedicated human effort.</li><li>Receive one of the rarest mounts in Diablo 4 effortlessly.</li></ul>;true;2025-12-12 08:22:27.681+00;2025-12-12 08:26:09.435+00;03765a40-f338-4035-a2ba-8928fff30834;2025-12-12 08:22:27.713387+00;2025-12-12 08:26:09.502461+00
867e0054-d1bf-4aff-9e6b-a2c9c03421b3;0d3452b4-a11d-470c-aedf-748dbb544ad4;<h4>What You Get</h4><ul><li><strong>Disc of the Red Flying Cloud</strong> mount unlocked and added to your collection.</li><li><strong>Exalted reputation</strong> with The Lorewalkers faction efficiently earned.</li><li><strong>The Lorewalkers achievement</strong> completed.</li><li><strong>Pandaria flying unlocked</strong> on your account, if not already acquired.</li><li><strong>Fast & Safe Delivery:</strong> Mount obtained within approximately 3 hours of a 15-minute start.</li><li><strong>Professional Piloted Service:</strong> Our boosters skillfully handle all reputation farming, scroll collection, and quest completion for you.</li><li><strong>Unique & Stylish Mount:</strong> Enjoy a small, distinct red cloud mount perfect for navigating tight spaces and enhancing your exploration.</li><li><strong>Time-Saving Convenience:</strong> Avoid the extensive grind and instantly enjoy this rare, non-combat mount.</li></ul>;true;2025-12-12 08:51:00.19+00;2025-12-12 09:02:35.905+00;03765a40-f338-4035-a2ba-8928fff30834;2025-12-12 08:51:00.241686+00;2025-12-12 09:02:35.921204+00
2a6ae2e3-cad2-4a93-b1bd-448c4cbcc614;c1b13a67-4286-4c3e-8420-5cfc7ebcf466;<h4>What You Get</h4><ul><li>Guaranteed Andariel kill on Torment difficulty, fully piloted or self-play.</li><li>All Lair Boss Keys and Pincushioned Dolls provided by our team.</li><li>Instant access to Andariel's Hoard with a chance for Mythic and class-specific Uniques.</li><li>Up to six Unique items and multiple Runes from each run.</li><li>Opportunity to obtain the rare Smoldering Brimstone Mount.</li><li>All gold, gems, and crafting materials directly to your account.</li><li>Reduced pricing if you already possess Lair Boss Keys.</li><li>Optional stream to watch your Andariel run in real-time.</li><li>Fast, efficient service with professional execution and secure methods, skipping all the grind.</li></ul>;true;2025-12-12 08:22:53.062+00;2025-12-12 08:25:54.644+00;03765a40-f338-4035-a2ba-8928fff30834;2025-12-12 08:22:53.099775+00;2025-12-12 08:25:54.695496+00
d88019b0-6956-4f4c-80e0-5fab76bcaf58;71a0892c-72e4-4acd-9448-9a37c3090166;<h4>What You Get</h4><ul><li><b>Reins of the Bloody Steed:</b> Instantly acquire this rare crimson mount without the PvP grind.</li><li><b>All Red Dust Farming Handled:</b> Our boosters will secure the necessary PvP currency for you.</li><li><b>Skip the Grind:</b> Save significant time and effort battling in PvP zones.</li><li><b>Retain All Loot:</b> Keep any gold, items, and materials obtained during the boost.</li><li><b>Professional & Secure Service:</b> Boost completed manually by skilled players, ensuring account safety and privacy.</li><li><b>Fast Turnaround:</b> Choose from Normal, Express, or Super Express delivery options (service starts in 15 minutes).</li><li><b>24/7 Customer Support:</b> Assistance available around the clock for every order.</li><li><b>Stand Out in Sanctuary:</b> Ride one of the most impressive and exclusive mounts in Diablo IV.</li></ul>;true;2025-12-12 08:22:40.109+00;2025-12-12 08:26:02.037+00;03765a40-f338-4035-a2ba-8928fff30834;2025-12-12 08:22:40.144046+00;2025-12-12 08:26:02.104887+00
e4599947-e548-4076-a806-8a4ff5c31fd3;3fa30cd5-d960-4897-ac45-b53c6e988e9c;<h4>What You Get</h4><ul><li>The prestigious <b>Reins of the Void-Scarred Gryphon</b> flying mount for your collection.</li><li>Full completion of the complex, hidden feeding ritual within the Stormwind Vision.</li><li>Guaranteed successful clear of the vision with the required two+ Faceless Masks activated.</li><li>Elimination of the need to decipher cryptic notes or guess food items for the ritual.</li><li>Bypass the weekly time-gating and avoid hours of failed attempts and tedious farming.</li><li>All gold, loot, and potential bonus cosmetic items/transmog gear earned during the service are yours to keep.</li><li>Flexible delivery options: secure Account Sharing (Piloted) with VPN protection, or Remote Control where you watch live.</li><li>Fast service initiation: Boosts start within 15 minutes of purchase.</li></ul>;true;2025-12-12 08:32:27.266+00;2025-12-12 08:40:34.777+00;03765a40-f338-4035-a2ba-8928fff30834;2025-12-12 08:32:27.304634+00;2025-12-12 08:40:34.795232+00
fd9b08fe-5681-4d84-9dbf-7e4af228dece;bfb44828-1ca0-4c07-bd47-25e46bb8b7a4;<h4>What You Get</h4><ul><li><strong>Glory of the Eternal Raider meta-achievement</strong> (105 Achievement Points) completed effortlessly.</li><li>Exclusive <strong>Azshari Bloatray flying mount</strong>, symbolizing your triumph over Azshara.</li><li>All <strong>8 Eternal Palace Normal bosses defeated</strong> by our professional team.</li><li>Immediate completion of <strong>3 bonus raid achievements</strong> (The Grand Reception, Depths of the Devoted, The Circle of Stars).</li><li>Chances for <strong>78+ ilvl loot</strong>, including warforged, titanforged, and socketed items.</li><li>Valuable <strong>Aqueous Reliquary items</strong> for crafting powerful Heart of Azeroth Essences.</li><li>Significant amount of <strong>Azerite</strong> to boost your Heart of Azeroth level.</li><li><strong>Fast service start (15 mins)</strong> and efficient <strong>1-week delivery</strong>.</li><li>A <strong>safe, professional, and zero-grind experience</strong>, letting you enjoy the rewards instantly.</li></ul>;true;2025-12-12 08:32:14.707+00;2025-12-12 08:40:38.856+00;03765a40-f338-4035-a2ba-8928fff30834;2025-12-12 08:32:14.739191+00;2025-12-12 08:40:38.872917+00
8426caf1-68b2-4b3e-a197-6b6e4ce50b7d;b5c2e65c-503c-423a-8133-717fd3d667af;<h4>What You Get</h4><ul><li><strong>Ny'alothan Shadow Worm</strong> (unique flying mount) obtained.</li><li><strong>Black Serpent of N'Zoth</strong> (bonus flying mount) obtained.</li><li><strong>Mastering the Visions</strong> and <strong>Through the Depths of Visions</strong> meta-achievements earned.</li><li>All <strong>Hourglass of Horrific Visions</strong> talents fully unlocked.</li><li>Access to powerful 658 item level weapons from the vision vendor.</li><li>Large amounts of <strong>Displaced Corrupted Mementos</strong> farmed.</li><li>Chance to obtain the rare <strong>Mail Muncher</strong> mount.</li><li>The prestigious <strong>Reeking of Visions</strong> meta-achievement and <strong>Reek battle pet</strong>.</li><li>Guaranteed completion of one of WoW's hardest solo challenges (8-Mask Horrific Vision clears).</li><li>Major account upgrade saving weeks of grinding and trial-and-error.</li></ul>;true;2025-12-12 08:32:07.084+00;2025-12-12 08:40:43.521+00;03765a40-f338-4035-a2ba-8928fff30834;2025-12-12 08:32:07.118583+00;2025-12-12 08:40:43.538465+00
63a633cc-f927-4f56-895e-9cde2c1589df;c0ed037d-e048-4efc-943d-26d63d8b8bc4;<h4>What You Get</h4><ul><li><strong>Glory of the Cataclysm Hero meta-achievement</strong> completed swiftly.</li><li>Exclusive <strong>Reins of the Volcanic Stone Drake</strong> flying mount.</li><li>All <strong>nine Cataclysm Heroic dungeons</strong> conquered efficiently.</li><li>Unlock <strong>28 individual achievements</strong>, adding 315 achievement points to your account.</li><li>All loot, gold, and items dropped during the boost are yours.</li><li>Professional, fast, and stress-free service by expert boosters.</li><li>Guaranteed completion within <strong>1 day</strong> of ordering.</li><li>Boost starts in as little as <strong>15 minutes</strong>.</li><li>Skip the grind and enjoy your prestigious rewards instantly.</li></ul>;true;2025-12-12 08:33:30.683+00;2025-12-12 08:39:55.063+00;03765a40-f338-4035-a2ba-8928fff30834;2025-12-12 08:33:30.722429+00;2025-12-12 08:39:55.106124+00
2ebbfa05-9974-4ea4-8526-620918b491de;30b9079b-4d9f-425c-9842-de2f76052bb4;<h4>What You Get</h4><ul><li><strong>Skip the Grind:</strong> Receive a fully optimized Barbarian build, saving countless hours of farming and frustration.</li><li><strong>Unleash Unstoppable Power:</strong> Dominate Diablo 4's toughest content, from Pit Tiers 10+ up to 100+, with a professionally crafted character.</li><li><strong>Complete Build Packages:</strong> From Starter to Tormented, each boost includes optimized levels, Paragon, legendary/unique items with desired affixes, Masterworking, Tempering, high-roll Aspects, Glyphs, Gems, and Runewords.</li><li><strong>All Loot Stays With You:</strong> Keep all gold, materials, and items obtained during the boost.</li><li><strong>Customization & Flexibility:</strong> Choose from pre-tested builds or request a custom setup tailored to your playstyle, with discounts for partially leveled characters.</li><li><strong>Secure & Fast Service:</strong> Manual play via Account Sharing or Remote Control, with dedicated 24/7 support and quick start times (15 minutes).</li><li><strong>Endgame Ready:</strong> Your Barbarian will be equipped for maximum damage and survivability across all platforms (PC, Xbox, PlayStation).</li></ul>;true;2025-12-12 08:22:33.125+00;2025-12-12 08:26:06.552+00;03765a40-f338-4035-a2ba-8928fff30834;2025-12-12 08:22:33.15731+00;2025-12-12 08:26:06.606731+00
443a0536-5879-4fde-9ae9-f8e6ad144665;07c5a6dd-e714-4db7-92b6-54707d54921d;<h4>What You Get</h4><ul><li><strong>Celestial Riding Ox mount</strong> added to your collection, skipping the lengthy celestial dungeon grind.</li><li><strong>Exalted reputation with the Golden Lotus faction</strong>, unlocking further Pandaria Classic content.</li><li><strong>All progress, loot, and rewards</strong> earned during the boost remain with your character.</li><li><strong>100% manual, secure gameplay</strong> by professional boosters – no bots or automation.</li><li><strong>Flexible delivery & quick start</strong> (as fast as 15 minutes) to fit your schedule.</li><li><strong>Account safety guaranteed</strong>, ensuring peace of mind during the entire process.</li><li>Ideal for collectors and players seeking rare Pandaria Classic mounts without the time commitment.</li></ul>;true;2025-12-12 08:50:58.566+00;2025-12-12 09:02:37.12+00;03765a40-f338-4035-a2ba-8928fff30834;2025-12-12 08:50:58.600664+00;2025-12-12 09:02:37.143014+00
815ebc4f-682a-40ce-b2e3-2406fd23b1fc;5ee9003a-8b88-4148-906b-ca3a08806fd8;<h4>What You Get</h4><ul><li>Guaranteed victory over <strong>Nexus-Princess Ky’veza solo</strong> in a Depth 8 Delve.</li><li>Exclusive <strong>Delver’s Mana-Skimmer Schematic: Hyperdrive</strong> customization.</li><li>All loot, gold, and drops earned during the service.</li><li>Account safety through secure, manual service with VPN protection.</li><li>Expert handling by Mythic-level professional players.</li><li>Choice of <strong>Piloted</strong> or <strong>Remote Control</strong> boost options.</li><li>Real-time updates and full transparency on progress.</li><li>Skip the grind and overcome one of <em>The War Within's</em> toughest challenges effortlessly.</li></ul>;true;2025-12-12 08:42:30.722+00;2025-12-12 08:43:04.382+00;03765a40-f338-4035-a2ba-8928fff30834;2025-12-12 08:42:30.761+00;2025-12-12 08:43:04.439847+00
b03fac88-4a37-4b80-b54b-38b3ae9aad44;9dd3bb46-dfed-46cd-b180-bf9d52fdf206;<h4>What You Get</h4><ul><li>Guaranteed completion of any Delve on your chosen difficulty tier.</li><li>High-level gear from Bountiful Delves and valuable weekly Great Vault rewards.</li><li>A chance to obtain Delver's Bounty, extra gear, gold, cosmetics, and other rare items.</li><li>All loot, drops, and currencies (Undercoin, Resonance Crystals) collected during the boost.</li><li>Progression for your Delve companion and access to powerful Curios.</li><li>Expert assistance from professional boosters, ensuring fast and efficient clears.</li><li>Flexible boost options: Piloted (we play), Selfplay (you join us), or Remote Control (you watch live).</li><li>Skip the grind and conquer challenging content effortlessly to maximize your rewards.</li></ul>;true;2025-12-12 08:42:22.592+00;2025-12-12 08:43:06.993+00;03765a40-f338-4035-a2ba-8928fff30834;2025-12-12 08:42:22.624578+00;2025-12-12 08:43:07.045376+00
13ba062a-ff65-4824-bebd-3db5468edb21;a1e0aff6-9564-4018-9de6-06cc389889c0;<h4>What You Get</h4><ul><li><strong>Exclusive Corruption of the Aspects Mount:</strong> Secure this terrifyingly beautiful, Void-twisted dragon, a unique status symbol from The War Within pre-patch event.</li><li><strong>Grind-Free Acquisition:</strong> We handle the entire farming of 40,000 Displaced Corrupted Mementos, saving you countless hours of repetitive tasks.</li><li><strong>All Loot Included:</strong> Keep all gold, items, and resources acquired during the farming process by our boosters.</li><li><strong>100% Hand-Played Service:</strong> Guaranteed manual completion by experienced boosters, ensuring account safety and adherence to game policies.</li><li><strong>Flexible & Secure Options:</strong> Choose between secure Account Sharing (Piloted with VPN) or maximum-security Remote Control (Parsec) based on your preference.</li><li><strong>Time-Limited Mount Secured:</strong> Guarantee you obtain this prestigious mount before the pre-patch event ends and it becomes unobtainable.</li><li><strong>Fast Start:</strong> Your service begins within just 15 minutes of purchase.</li></ul>;true;2025-12-12 08:32:44.553+00;2025-12-12 08:40:26.86+00;03765a40-f338-4035-a2ba-8928fff30834;2025-12-12 08:32:44.591952+00;2025-12-12 08:40:26.872711+00
90ea0ade-1cf7-423c-9dd0-df8145ac8082;3dbc4652-8386-4a3e-868b-a026f7f8c7aa;<h4>What You Get</h4><ul><li><strong>Glory of the Hero Meta-Achievement:</strong> Effortlessly complete this challenging feat from Wrath of the Lich King.</li><li><strong>Red Proto-Drake Mount:</strong> Ride in style with this epic flying mount, a true symbol of mastery.</li><li><strong>13 Achievements & 395 Achievement Points:</strong> Boost your in-game profile with a significant points injection.</li><li><strong>Fast & Reliable Heroic Dungeon Runs:</strong> Our professional boosters ensure quick and secure completion of all necessary dungeons.</li><li><strong>Guaranteed 1-Day Delivery:</strong> Receive your rewards efficiently, often within 15 minutes of start time.</li><li><strong>Seamless & Secure Experience:</strong> Enjoy a worry-free boost handled by experienced professionals.</li></ul>;true;2025-12-12 08:32:35.769+00;2025-12-12 08:40:30.917+00;03765a40-f338-4035-a2ba-8928fff30834;2025-12-12 08:32:35.801982+00;2025-12-12 08:40:30.980713+00
7d8270a8-17ba-4cab-a18f-7c50ad9e1abd;6ae126e0-e2c7-480c-a6b1-e69f2c7dfd44;<h4>What You Get</h4><ul><li>Desired Manaforge Vandals Renown level achieved efficiently.</li><li>Access to exclusive cosmetics, including the Vandal’s Gearglider mount.</li><li>A direct teleport to the Manaforge Omega raid unlocked at the highest rank.</li><li>Significant in-raid benefits: increased damage and healing bonuses scaling with Renown.</li><li>High item-level gear, Ethereal Crests, and Valorstones from multiple Manaforge Omega raid runs.</li><li>Guaranteed efficiency: reach your Renown rank quickly, completed by hand with no bots.</li><li>Full transparency with real-time updates and secure account handling via VPN protection.</li><li>Expert boosting from experienced raiders specialized in Renown progression.</li><li>Skip the grind and save countless hours of repetitive farming.</li></ul>;true;2025-12-12 08:32:12.78+00;2025-12-12 08:40:39.604+00;03765a40-f338-4035-a2ba-8928fff30834;2025-12-12 08:32:12.810969+00;2025-12-12 08:40:39.621746+00
d3805953-8591-44f6-93b9-ca9857268846;0ab1cfd9-d330-4826-8f8f-0646f70fef25;<h4>What You Get</h4><ul><li><strong>All Five TBC Anniversary Nether Ray Mounts:</strong> Instantly add the Blue, Red, Green, Silver, and Purple Riding Nether Rays to your collection.</li><li><strong>Exalted Sha'tari Skyguard Reputation:</strong> Bypass the extensive grind and achieve Exalted status effortlessly. Any associated quests or items are completed on your behalf.</li><li><strong>Significant Time Savings:</strong> Avoid countless hours of repetitive daily quests and farming that the reputation grind demands.</li><li><strong>All Loot Acquired:</strong> Every item, gold, or reward obtained during the service stays on your character.</li><li><strong>Guaranteed Acquisition:</strong> Our professional team ensures the successful and timely delivery of all mounts.</li><li><strong>Stress-Free Process:</strong> Enjoy the pride of owning rare mounts without the tedious grind.</li><li><strong>Secure & Reliable Service:</strong> Your account's safety is our top priority, handled by experienced WoW players.</li><li><strong>Flexible Delivery & Quick Start:</strong> Service tailored to your schedule, with a start time in as little as 15 minutes.</li></ul>;true;2026-02-06 15:29:54.838+00;2026-02-06 15:30:04.717+00;03765a40-f338-4035-a2ba-8928fff30834;2026-02-06 15:29:54.898961+00;2026-02-06 15:30:04.544558+00
9c9084ac-114c-4519-9025-7e56ed5bc407;fc956f17-5283-48a9-8d8e-9a91eb8b5f9f;<h4>What You Get</h4><ul><li>Guaranteed Harlequin Crest (Shako) Mythic Unique Helm.</li><li>Instant +4 Ranks to all Skills, significant Damage Reduction, Cooldown Reduction, and boosts to Maximum Life, Resource, and Armor.</li><li>All additional loot acquired during the farm: Uniques, Runes, Gold, and materials.</li><li>100% manual service by verified Diablo 4 experts, ensuring account safety and secure delivery via VPN.</li><li>Fast, focused farming route optimized for Harlequin Crest acquisition, with real-time progress updates.</li><li>Optional upgrades: Harlequin Crest with Greater Affixes (1.5x boosted stats) and unlocking Torment Difficulty.</li><li>Skip days of grinding and receive your endgame-defining item quickly, with service starting in just 15 minutes.</li></ul>;true;2025-12-12 08:22:35.29+00;2025-12-12 08:26:05.235+00;03765a40-f338-4035-a2ba-8928fff30834;2025-12-12 08:22:35.329634+00;2025-12-12 08:26:05.292382+00
0cf3918f-760f-4c03-af52-1d721753ab20;3bfccf90-f336-4367-9cf6-36a54f02a871;<h4>What You Get</h4><ul><li>Guaranteed Echo of Varshan Torment difficulty kill by expert boosters.</li><li>All necessary Lair Boss Keys and summoning materials provided.</li><li>Guaranteed Ancestral Unique item from every chest.</li><li>Chance to obtain Mythic Uniques from Varshan’s loot pool.</li><li>Up to six Unique items and multiple Runes per run.</li><li>Chance to unlock the exclusive Flesh-Weld Rod Trophy cosmetic.</li><li>All gold, gems, and crafting materials directly to your account.</li><li>Fast completion and zero farming, starting in just 15 minutes.</li><li>Stress-free experience with guaranteed drops and no wipes.</li><li>Option to stream your boost run for full transparency.</li><li>Custom pricing available if you already own Lair Boss Keys.</li></ul>;true;2025-12-12 08:22:57.783+00;2025-12-12 08:25:51.584+00;03765a40-f338-4035-a2ba-8928fff30834;2025-12-12 08:22:57.811768+00;2025-12-12 08:25:51.640274+00
fe912aa9-9216-40b3-a141-36638023f4f8;12bfc26c-8c29-499d-837d-86b2232e5be4;<h4>What You Get</h4><ul><li>Guaranteed <strong>Doombringer Mythic Unique 1H Sword</strong>, skipping countless hours of grinding.</li><li>All loot, gold, runes, and materials acquired during the efficient farming process.</li><li>A balanced weapon with substantial boosts to <strong>All Stats, Maximum Life, and Damage Reduction</strong>.</li><li>Powerful Lucky Hit effects: up to 15% chance to heal and up to 25% chance to deal Shadow damage + <strong>reduce enemy damage by 20%</strong>.</li><li>Access to optional <strong>Greater Affixes</strong> for boosted stats and <strong>Unlock Torment Difficulty</strong>.</li><li><strong>Fast & Safe Delivery</strong>: Professional boosters using secure methods (VPN, piloted mode) with real-time updates.</li><li>Post-service build tips and 24/7 customer support.</li><li>Start as fast as <strong>15 minutes</strong> after purchase.</li></ul>;true;2025-12-12 08:22:51.244+00;2025-12-12 08:25:55.719+00;03765a40-f338-4035-a2ba-8928fff30834;2025-12-12 08:22:51.272517+00;2025-12-12 08:25:55.786343+00
62f86068-6f4c-4096-8354-2194a5e025ac;689fe660-578c-48f5-91d4-fa6888cb8eb4;<h4>What You Get</h4><ul><li><b>Desired Undercoins:</b> Quickly acquire any amount of Undercoins, the key currency for exclusive War Within items.</li><li><b>Exclusive Rewards Unlocked:</b> Access armor, weapons, toys, schematics, and even the rare OC91 Chariot flying mount from Sir Finley Mrrgglton.</li><li><b>Delve Progression & Loot:</b> Multiple Delves completed, contributing to achievements, and all acquired loot, gold, and rewards are yours.</li><li><b>Skip the Grind:</b> Avoid repetitive farming with our efficient, safe, and professional service.</li><li><b>Secure Piloted or Remote Options:</b> Choose between our expert booster logging in or secure remote control, with real-time updates and 100% manual gameplay.</li><li><b>Fast Start:</b> Service begins within 15 minutes of purchase.</li></ul>;true;2025-12-12 08:42:29.461+00;2025-12-12 08:43:05.876+00;03765a40-f338-4035-a2ba-8928fff30834;2025-12-12 08:42:29.506698+00;2025-12-12 08:43:05.915217+00
7774d61f-6a83-49a4-8059-afbefc5bd248;ec7c0035-3647-4344-9e92-cc479e3fbfa6;<h4>What You Get</h4><ul><li><b>Ruby Void Creeper Mount:</b> Permanently added to your collection, skipping weeks of K'aresh Trust farming.</li><li><b>Max K'aresh Trust Renown:</b> Achieve Renown Rank 15 without the daily grind.</li><li><b>All Resonance Crystals:</b> Secure the 8,125 Crystals required for purchase.</li><li><b>All Loot Rights:</b> Keep all gold, gear, and resources acquired during farming.</li><li><b>Efficient & Secure Service:</b> Fast start (15 mins), 100% hand-played by experienced boosters.</li><li><b>Flexible Delivery:</b> Choose between secure Piloted (VPN protected) or Remote Control (no login sharing) options.</li><li><b>Time Saved:</b> Avoid the significant time investment, enjoying your new mount sooner.</li></ul>;true;2025-12-12 08:32:31.989+00;2025-12-12 08:40:33.55+00;03765a40-f338-4035-a2ba-8928fff30834;2025-12-12 08:32:32.017926+00;2025-12-12 08:40:33.587679+00
73b9b7ce-5386-4f41-856b-b7eac33f020c;d1c698be-cd9f-4d2f-8d3d-eefc13ce029b;<h4>What You Get</h4><ul><li><strong>Glory of the Hellfire Raider Meta-Achievement</strong> completed (155 Achievement Points), saving you significant time and effort.</li><li>Exclusive <strong>Infernal Direwolf mount</strong> unlocked, instantly adding a fierce and rare mount to your collection.</li><li>Guaranteed completion of all specific challenges within the *Fury of Hellfire* raid by a professional team.</li><li>Fast and secure boosting with a start time as quick as 15 minutes.</li><li>Efficient service ensuring a smooth and hassle-free experience.</li><li>No grind required – enjoy your new mount and achievements without the tedious farming.</li><li>Delivery within 1 day, getting you your rewards rapidly.</li></ul>;true;2025-12-12 08:32:16.362+00;2025-12-12 08:40:37.52+00;03765a40-f338-4035-a2ba-8928fff30834;2025-12-12 08:32:16.391826+00;2025-12-12 08:40:37.530378+00
ceca731d-47b5-4e65-ac2e-c143b0122cf6;ae804199-da6e-424e-b21f-c3c263d2622a;<h4>What You Get</h4><ul><li><strong>Exclusive Chrono Corsair Mount:</strong> Instantly add this spectacular, time-traveling pirate ship mount to your collection.</li><li><strong>Master of the Turbulent Timeways III Achievement:</strong> Unlock the prestigious achievement without the weeks of grinding.</li><li><strong>Save Weeks of Grinding:</strong> Skip the repetitive Timewalking events and obtain this rare mount efficiently.</li><li><strong>All Loot Rights:</strong> Keep all gold, gear, and resources earned during the boost.</li><li><strong>100% Manual Service:</strong> Expert boosters hand-play your account for a secure and authentic experience.</li><li><strong>Flexible Delivery:</strong> Choose between secure Piloted or Remote Control options for maximum account safety.</li><li><strong>Fast Start:</strong> Service begins in as little as 15 minutes after purchase.</li><li><strong>Guaranteed Completion:</strong> We handle every step to ensure your Chrono Corsair is secured.</li></ul>;true;2025-12-12 08:33:06.352+00;2025-12-12 08:40:17.671+00;03765a40-f338-4035-a2ba-8928fff30834;2025-12-12 08:33:06.381288+00;2025-12-12 08:40:17.713618+00
528c61f1-8d93-4977-8c67-b812ce94cbb1;8641a229-a57e-4df3-b1ed-241abffa89f4;<h4>What You Get</h4><ul><li>Guaranteed Hesha e Kesungi Unique Gloves for your Spiritborn.</li><li>Summon the Protector to pull enemies, boosting Gorilla Skill damage by up to 50%, doubled against bosses.</li><li>Boosts to Attack Speed, Vulnerable Damage, and Ultimate Cooldown Reduction.</li><li>Optional upgrades: Greater Affixes, High Roll Stats, and High Roll Unique Power for maximum effectiveness.</li><li>Fast, reliable, and secure manual delivery via Premium VPN protection.</li><li>Access to professional Diablo 4 experts and constant customer support.</li><li>Skip the grind and empower your Spiritborn with unmatched control and burst power.</li></ul>;true;2025-12-12 08:22:38.728+00;2025-12-12 08:26:03.118+00;03765a40-f338-4035-a2ba-8928fff30834;2025-12-12 08:22:38.759817+00;2025-12-12 08:26:03.19147+00
32bb0a8b-c093-4966-9381-8cb21c1b9f71;ab05e217-aa88-499d-b0ca-e03cbe70489c;<h4>What You Get</h4><ul><li><strong>Ancestral Phoenix Egg Mount:</strong> Claim your choice of Ashen, Emerald, Violet, or Crimson Pandaren Phoenix.</li><li><strong>The Undaunted Title:</strong> Boost your prestige with this exclusive in-game title.</li><li><strong>Challenge Conqueror: Silver Achievement:</strong> Showcase your skill with this rare achievement.</li><li><strong>Full Completion of 9 MoP Challenge Mode Dungeons:</strong> All 9 dungeons completed with Silver medals by our expert team.</li><li><strong>Stress-Free & Efficient Service:</strong> No group searching, repetitive wipes, or coordination stress for you.</li><li><strong>Fast Start & Delivery:</strong> Boost commences within 1 hour, with full completion in just 3 days.</li><li><strong>Secure & Discreet Piloted/Selfplay/Remote Boost Options:</strong> Choose the method that best suits your comfort and security.</li><li><strong>Guaranteed Results:</strong> Expert boosters ensure your mount, title, and achievement are delivered securely.</li></ul>;true;2025-12-12 08:50:57.199+00;2025-12-12 09:02:38.136+00;03765a40-f338-4035-a2ba-8928fff30834;2025-12-12 08:50:57.231132+00;2025-12-12 09:02:38.156207+00
f6a82f54-66a0-469f-b020-a5ba3082251f;e5761804-c753-4b93-9a5b-7bb55ad5d50c;<h4>What You Get</h4><ul><li>Guaranteed acquisition of the Mythic Unique Glaive: <strong>Nesekem, the Herald</strong>.</li><li>Skip the grind and obtain one of the most powerful Spiritborn weapons in Diablo 4.</li><li>A Glaive with increased All Stats, High Maximum Life, Enhanced Critical Strike Damage, and Increased Overpower Damage.</li><li>Unique marking effect guarantees Critical Strikes and Overpower hits against marked enemies.</li><li>Additional loot: Uniques, Mythic Uniques, Gold, Runes, and crafting materials during the boost.</li><li>Fast and targeted farming routes by professional Diablo 4 boosters.</li><li>100% safe service with manual farming, VPN protection, and flexible delivery options (Piloted or Remote Control).</li><li>Real-time progress updates and 24/7 customer support.</li><li>An Ancestral Mythic Unique weapon always at the highest item power tier with at least one Greater Affix.</li></ul>;true;2025-12-12 08:22:54.683+00;2025-12-12 08:25:53.72+00;03765a40-f338-4035-a2ba-8928fff30834;2025-12-12 08:22:54.711541+00;2025-12-12 08:25:53.785517+00
116f919a-86ec-420d-bc41-245d52a6d89f;70b28c9a-378c-4f32-88e9-1572b384bfae;<h4>What You Get</h4><ul><li>Guaranteed Harbinger of Hatred boss kill on Torment difficulty.</li><li>Direct access to the Hoard of Hatred loot chest.</li><li>Chance for Mythic and class-specific Unique items.</li><li>Up to six Uniques and multiple Runes from the loot pool.</li><li>All gold, materials, and resources remain on your character.</li><li>No need to grind for Lair Keys or Abhorrent Hearts – we provide them.</li><li>Professional, secure service with options for self-play or piloted runs.</li><li>Fast start times and optional live stream to watch your run.</li><li>Significant time saved, allowing you to enjoy top-tier rewards without the grind.</li><li>Improved endgame progression with valuable gear and crafting materials.</li></ul>;true;2025-12-12 08:22:49.539+00;2025-12-12 08:25:56.759+00;03765a40-f338-4035-a2ba-8928fff30834;2025-12-12 08:22:49.570854+00;2025-12-12 08:25:56.823517+00
70154090-6a55-493e-a326-db1650f20e07;312e52e5-a8e2-4517-b2b2-9631d219e8f1;<h4>What You Get</h4><ul><li><strong>Overcharged Delver Achievement:</strong> Complete one of War Within's newest and most challenging achievements without the grind.</li><li><strong>Redeployment Module Hearthstone Toy:</strong> Unlock this exclusive utility toy as a direct reward.</li><li><strong>Save Time & Effort:</strong> Skip countless hours of farming and repetitive Overcharged Delves.</li><li><strong>All Loot & Gold:</strong> Keep every item and all the gold collected during the boost.</li><li><strong>Professional & Secure Service:</strong> Completed by experienced boosters using safe methods, including VPN protection or remote control options.</li><li><strong>24/7 Support:</strong> Access assistance anytime for a smooth and worry-free experience.</li><li><strong>Fast Start:</strong> Boost begins within 15 minutes of your order.</li><li><strong>Quick Completion:</strong> Achievement fully secured within 2 days of service start.</li></ul>;true;2025-12-12 08:42:34.455+00;2025-12-12 08:43:00.92+00;03765a40-f338-4035-a2ba-8928fff30834;2025-12-12 08:42:34.490022+00;2025-12-12 08:43:01.170611+00
15d40f6f-5d6f-4cd3-809d-fd16e9528775;3b01367d-c749-4e22-b42f-b8f65a853a47;<h4>What You Get</h4><ul><li>The prestigious <strong>OC91 Chariot flying mount</strong> added to your collection.</li><li>All necessary <strong>Undercoin currency</strong> efficiently farmed via Delves.</li><li>Completion of various Delves runs by our expert boosters.</li><li>All valuable loot and gold acquired during the service.</li><li><strong>Guaranteed unlock</strong> of the OC91 Chariot mount.</li><li>Full Undercoin farming managed by skilled players.</li><li>Safe and manual completion with <strong>VPN protection</strong> for account security.</li><li>Live status updates and a <strong>satisfaction guarantee</strong>.</li><li>Save a significant amount of your personal time and effort.</li><li>Fast service start within <strong>15 minutes</strong> with delivery in approximately <strong>2 weeks</strong>.</li></ul>;true;2025-12-12 08:42:32.319+00;2025-12-12 08:43:02.231+00;03765a40-f338-4035-a2ba-8928fff30834;2025-12-12 08:42:32.351691+00;2025-12-12 08:43:03.292474+00
f912d65d-3e17-40d1-b833-a2407e48cce7;34a0cb2e-dcf7-4e06-8eaf-5a12bbf1dedb;<h4>What You Get</h4><ul><li>Target Renown Level: Achieve your desired renown with any Khaz Algar faction, up to Renown Rank 25.</li><li>Exclusive Rewards: Unlock profession recipes, unique mounts, prestigious collectibles, and coveted cosmetic items.</li><li>High Item Level Gear: Acquire powerful 584–636 item level gear to boost your character's strength.</li><li>All Loot & Gold: Keep all valuable items, currencies, and resources obtained during the boosting process.</li><li>Fast & Expert Completion: Our professional boosters utilize optimized methods for quick and efficient renown farming.</li><li>Secure & Convenient Service: Benefit from 100% account safety, privacy, and flexible boost options (Account Sharing or Remote Control), with service starting in just 15 minutes.</li><li>Skip the Grind: Effortlessly bypass endless reputation farming and dive straight into enjoying your powerful new rewards.</li></ul>;true;2025-12-12 08:32:18.748+00;2025-12-12 08:40:36.263+00;03765a40-f338-4035-a2ba-8928fff30834;2025-12-12 08:32:18.775091+00;2025-12-12 08:40:36.282991+00
baf4b116-b17d-48d2-aad0-097fba5c4d96;4931500c-c7a5-49d8-bc5c-86d0d1be7e76;<h4>What You Get</h4><ul><li>Rapid climb to your desired 3v3 Arena rating, efficiently and safely.</li><li>Access to elite Pandaria Classic PvP gear and all rating-based rewards.</li><li>Prestigious Arena titles like Rival and Duelist for your character.</li><li>Earn large amounts of Honor and Conquest Points during the boost.</li><li>Completion of important PvP achievements automatically.</li><li>Eliminate frustration from uncooperative teammates and rating losses.</li><li>Professional PvP team support, ensuring fast and smooth progression.</li><li>Flexible boost options: Piloted, Remote Control, or Selfplay.</li><li>Guaranteed account safety with manual boosting and transparent process.</li><li>Full control over your account and real-time progress updates.</li></ul>;true;2025-12-12 08:50:53.113+00;2025-12-12 09:02:40.569+00;03765a40-f338-4035-a2ba-8928fff30834;2025-12-12 08:50:53.148002+00;2025-12-12 09:02:40.632666+00
4d128422-6e3a-4d1e-a39a-27f9df9556e7;aee56c27-fc47-49e1-be69-2d2fdee6c3c9;<h4>What You Get</h4><ul><li><strong>Rapid Leveling:</strong> Reach max level in just 45 minutes of start time, skipping the grind entirely.</li><li><strong>Full Endgame Access:</strong> Instantly unlock all dungeons, Helltides, Boss Powers, and endgame activities.</li><li><strong>All Loot, Gear, & Gold:</strong> Keep every single item, piece of gear, and amount of gold earned during the boost.</li><li><strong>Seasonal Resources:</strong> All seasonal materials and resources remain on your account.</li><li><strong>Optional Torment Difficulty Unlock:</strong> Access higher rewards and tougher challenges.</li><li><strong>Optional Main Campaign Completion:</strong> Get the full story finished for immediate world tier access.</li><li><strong>Time Saved:</strong> Dedicate your time to enjoying the fun parts of Diablo 4, not repetitive leveling.</li><li><strong>Secure & Reliable Service:</strong> Boosters use no cheats or bots, ensuring account safety and integrity.</li><li><strong>24/7 Support:</strong> Around-the-clock live chat availability for any questions or updates.</li></ul>;true;2025-12-12 08:23:14.657+00;2025-12-12 08:25:39.322+00;03765a40-f338-4035-a2ba-8928fff30834;2025-12-12 08:23:14.685225+00;2025-12-12 08:25:39.393742+00
97f6e3cf-e967-41b4-9045-87d5c3a2158b;d6d03556-06d2-49be-8e91-1e361e40ea51;<h4>What You Get</h4><ul><li>Guaranteed Duriel kill on Torment difficulty, unlocking top-tier endgame rewards.</li><li>Full loot collection including Mythic and class-specific Unique items (up to five per run).</li><li>Exclusive chance at the Smoldering Brimstone Mount, a rare cosmetic reward.</li><li>All gold, gems, and crafting materials from each run directly to your account.</li><li>Lair Boss Key provided for immediate Hoard access – no farming for summons required.</li><li>Fast, secure, and efficient service by expert players, eliminating the grind.</li><li>Optional live stream to watch your Duriel run in real-time.</li><li>Flexible options, including discounts if you already have Lair Boss Keys.</li><li>Instant access to Duriel's Hoard without complex preparation or time-consuming summons.</li><li>Skip the grind and secure rare drops with guaranteed results every time.</li></ul>;true;2025-12-12 08:23:11.747+00;2025-12-12 08:25:41.988+00;03765a40-f338-4035-a2ba-8928fff30834;2025-12-12 08:23:11.775371+00;2025-12-12 08:25:42.048151+00
a8d949cd-9269-4876-a4cc-da85ba455c63;2e469156-f4c0-48f2-b3c6-47f848847631;<h4>What You Get</h4><ul><li>Guaranteed <strong>Reins of the Seal Brown Steed</strong> mount, a rare and sought-after collectible.</li><li>All gold, items, and materials acquired during the boost are yours to keep.</li><li>Skip the grind and save countless hours otherwise spent farming for unpredictable drops.</li><li>100% safe, manual gameplay by experienced boosters ensures account security.</li><li>Timely progress updates and dedicated customer support from start to finish.</li><li>Flexible start time, with service often beginning within 15 minutes.</li><li>Enjoy the prestige and elegant design of one of Diablo 4's rarest mounts without the frustration.</li></ul>;true;2025-12-12 08:23:09.761+00;2025-12-12 08:25:44.791+00;03765a40-f338-4035-a2ba-8928fff30834;2025-12-12 08:23:09.789465+00;2025-12-12 08:25:44.845145+00
a820a8e0-a460-46e8-b34e-3b1b6579ee22;4419252d-a424-4e5d-860c-fb2347df47fc;<h4>What You Get</h4><ul><li>Your desired amount of Murmuring Obols, delivered fast and safely.</li><li>Skip the grind of repetitive event farming and acquire Obols quickly.</li><li>Chance to acquire legendary and unique items through Obol gambling.</li><li>All gold, materials, and items obtained during the farm are yours to keep.</li><li>Optional: Request us to spend Obols for optimized gear rolls, saving you time.</li><li>Secure and efficient farming by experienced boosters, protecting your account.</li><li>Flexible speed options (Normal, Express, Super Express) to suit your urgency.</li><li>Available on PC, Xbox, and PlayStation.</li><li>24/7 customer support for a smooth experience.</li></ul>;true;2025-12-12 08:23:08.219+00;2025-12-12 08:25:45.963+00;03765a40-f338-4035-a2ba-8928fff30834;2025-12-12 08:23:08.247145+00;2025-12-12 08:25:46.016717+00
aa279b65-844a-4ceb-b50d-ffcb879a6e36;92022507-dcc7-4067-9d6e-4ad094722070;<h4>What You Get</h4><ul><li>Any desired amount of Diablo 4 Gold delivered quickly and securely, often within minutes.</li><li>Skip the grind and save hours of repetitive farming.</li><li>100% secure trading methods ensure account safety and gold protection.</li><li>Enhance your gameplay, upgrade gear, craft items, repair equipment, and reroll stats instantly.</li><li>Instant access to vital resources for respecs, boss runs, and endgame progression.</li><li>Flexible gold amounts to fit any budget with affordable, transparent pricing.</li><li>Confidential and discreet delivery with proven safety measures.</li><li>Access to our 24/7 support team for any questions or order updates.</li><li>Enjoy a hassle-free Diablo 4 experience, focusing on content that matters to you.</li></ul>;true;2025-12-12 08:23:07.013+00;2025-12-12 08:25:46.621+00;03765a40-f338-4035-a2ba-8928fff30834;2025-12-12 08:23:07.040359+00;2025-12-12 08:25:46.672365+00
9d5259ad-17a3-4c58-a950-e8f6c1cd3732;3f4dc1d2-8650-46a2-9fca-80c38e038f5c;<h4>What You Get</h4><ul><li><strong>Guaranteed Binding the Fell Steed mount trophy</strong>: Instantly acquire this rare and fearsome cosmetic without the grind.</li><li><strong>Defeat the Beast in the Ice</strong>: Our pros handle multiple challenging boss kills for optimal drop rates.</li><li><strong>All acquired loot, gold, and materials</strong>: Keep everything earned during the boost.</li><li><strong>Safe & Efficient Service</strong>: Professional, fast, and secure completion with full account protection.</li><li><strong>Skip the grind</strong>: Bypass difficult encounters and display your exclusive reward proudly.</li><li><strong>Flexible Delivery & Fast Start</strong>: Get started in just 15 minutes, tailored to your schedule.</li></ul>;true;2025-12-12 08:23:04.249+00;2025-12-12 08:25:47.79+00;03765a40-f338-4035-a2ba-8928fff30834;2025-12-12 08:23:04.281229+00;2025-12-12 08:25:47.86046+00
cd30f963-96d5-4996-b021-76db5c75047e;ede127dc-8958-42f9-9d12-97f0b7c2574c;<h4>What You Get</h4><ul><li>Guaranteed Grigoire kill on Torment difficulty, handled by expert boosters (self-play or piloted).</li><li>Access to Grigoire's Hoard, including the Lair Boss Key and all Living Steel materials.</li><li>Chance to obtain Mythic and class-specific Uniques (up to six per run).</li><li>Exclusive Demonbinder Mount Armor chance.</li><li>All gold, gems, and crafting materials directly to your account.</li><li>Reduced pricing if you provide your own Lair Boss Keys.</li><li>Optional live stream of your Grigoire carry for full transparency.</li><li>Fast, safe, and secure service with guaranteed results in about 15 minutes.</li></ul>;true;2025-12-12 08:22:56.412+00;2025-12-12 08:25:52.591+00;03765a40-f338-4035-a2ba-8928fff30834;2025-12-12 08:22:56.439656+00;2025-12-12 08:25:52.663274+00
b89c6f39-486a-490a-84bd-7c28f7c836ec;c1bc6f01-73e5-4dee-b487-c5de21cc8219;<h4>What You Get</h4><ul><li>Guaranteed Belial kill on Torment IV.</li><li>One guaranteed Ancestral Unique item from Belial’s Hoard.</li><li>Chance for Mythic Uniques and elite endgame gear.</li><li>Up to six Unique items and three Runes from your chosen loot table.</li><li>All gold, crafting materials, and additional loot remain on your account.</li><li>Lair Boss Key included (if needed for your order).</li><li>Access to Torment IV difficulty (with unlock option).</li><li>Fast, safe, and professional service by expert players.</li><li>Optional live stream to watch the entire boss run.</li><li>Flexible scheduling with 24/7 customer support.</li></ul>;true;2025-12-12 08:22:44.53+00;2025-12-12 08:25:59.857+00;03765a40-f338-4035-a2ba-8928fff30834;2025-12-12 08:22:44.560974+00;2025-12-12 08:25:59.92008+00
430a3b5b-70d2-4c2a-9fb8-48a71e33c300;41acfe8d-9252-435d-a7c3-6284171a684f;<h4>What You Get</h4><ul><li>Access to the exclusive Hateforged Blazecycle mount, regardless of regional restrictions or limited-time promotional windows.</li><li>A valid, ready-to-redeem Hateforged Blazecycle promo code delivered directly to you.</li><li>Clear, step-by-step instructions for quickly redeeming your mount on Battle.net.</li><li>Full support for both EU and US regions, ensuring you can claim your mount wherever you play.</li><li>Avoid the hassle of tracking promo dates, meeting specific requirements, or needing contacts abroad.</li><li>Secure a rare and visually striking mount that will make your collection stand out.</li><li>Fast service with a start time as quick as 15 minutes, allowing you to enjoy your new mount almost immediately.</li></ul>;true;2025-12-12 08:44:54.808+00;2025-12-12 08:45:00.334+00;03765a40-f338-4035-a2ba-8928fff30834;2025-12-12 08:44:54.847724+00;2025-12-12 08:45:00.371925+00
cb33291c-4816-47f8-9341-a8d137e8ec94;1781f357-43d0-45f2-9029-78d05e16cb29;<h4>What You Get</h4><ul><li><b>Guaranteed Full Inventory:</b> Receive a ready-to-craft stockpile of essential lumber types, eliminating the grind and enabling immediate housing decor crafting.</li><li><b>All Lumber Types Collected:</b> Access Ashwood, Fel-Touched, Dragonpine, Darkpine, and all other lumber variations from every expansion, precisely for your housing crafts.</li><li><b>Warbound Lumber for All Characters:</b> All collected lumber is Warbound, allowing seamless sharing across your entire account.</li><li><b>Expert & Efficient Farming:</b> Benefit from optimized routes and strategies by experienced gatherers for maximum yield and speed.</li><li><b>Skip the Grind:</b> Effortlessly acquire necessary lumber without spending your valuable in-game time on repetitive gathering.</li><li><b>Account Safety & Dedicated Support:</b> Our piloted services ensure fully manual handling for account security, complemented by regular communication and updates.</li><li><b>Rapid Start:</b> Your lumber farming begins in as little as 15 minutes.</li></ul>;true;2026-02-08 23:55:04.759+00;2026-02-08 23:58:22.686+00;03765a40-f338-4035-a2ba-8928fff30834;2026-02-08 23:55:04.801349+00;2026-02-08 23:58:22.689221+00
44113e30-6231-462e-a76f-f1c93d3f724a;59a8a0d8-8537-4a76-8100-81665faed1d7;<h4>What You Get</h4><ul><li>Full <strong>The Aldor Exalted Reputation</strong> from your current standing.</li><li>Access to <strong>Best-in-Slot Shoulder Enchants</strong> (Greater Inscriptions of Discipline, Vengeance, or Warding).</li><li>Guaranteed accumulation of <strong>Holy Dust</strong> to purchase your chosen enchants immediately.</li><li>All necessary <strong>Marks of Kil'jaeden, Marks of Sargeras, and Fel Armaments</strong> farmed and turned in.</li><li>Completion of all Aldor-specific quests, including “City of Light” (if needed).</li><li>Exclusive <strong>Profession Patterns</strong> (Tailoring, Leatherworking, Blacksmithing) and unique gear.</li><li>A fast, secure, and professional service, saving you hundreds of hours of grinding or expensive material costs.</li><li>Flexible delivery and a 15-minute start time after purchase.</li></ul>;true;2025-12-12 08:34:22.358+00;2025-12-12 08:39:13.828+00;03765a40-f338-4035-a2ba-8928fff30834;2025-12-12 08:34:22.394934+00;2025-12-12 08:39:13.885218+00
0f35c47a-6701-4b83-af3a-558377a193b8;a6fe7303-6528-4b64-8eb7-d71e49dc41ff;<h4>What You Get</h4><ul><li><b>The Resplendent K'arroc Mount:</b> Guaranteed addition of this ultra-rare, unique mount to your collection.</li><li><b>Guaranteed Urmag Kill:</b> Our experts ensure the successful defeat of the rare elite Urmag, the sole source of the mount.</li><li><b>Phase Diving Expertise:</b> Full completion and access to the challenging K’aresh Phase Diving zones required to reach Urmag.</li><li><b>All Loot Rights:</b> Keep all gold, gear, and resources acquired during the mount farm.</li><li><b>100% Hand-Played Service:</b> Boost performed entirely by experienced, human players for maximum safety and efficiency.</li><li><b>Flexible & Secure Delivery:</b> Choose between Piloted (VPN protected) or Remote Control (no log-in sharing) options.</li><li><b>Fast Start:</b> Service begins within 15 minutes of purchase.</li><li><b>Stress-Free Experience:</b> Skip the frustration of rare elite hunting and complex game mechanics.</li></ul>;true;2025-12-12 08:34:19.695+00;2025-12-12 08:39:15.012+00;03765a40-f338-4035-a2ba-8928fff30834;2025-12-12 08:34:19.732275+00;2025-12-12 08:39:15.059532+00
2056bdb2-257e-47ee-8231-75aa54a4e182;4961a6d8-0209-4877-89e3-af0c3ea458a2;<h4>What You Get</h4><ul><li><strong>Glory of the Ny’alotha Raider</strong> meta-achievement (145 Achievement Points)</li><li>Exclusive <strong>Wriggling Parasite</strong> flying mount</li><li>Guaranteed defeat of all 12 Ny’alotha Normal bosses, including up to 4 additional achievements.</li><li>Obtain <strong>100-110+ item level gear</strong> from last bosses, with potential sockets and corruption.</li><li>Acquire <strong>Encrypted Ny’alothan Texts</strong> for crafting powerful Formless Void Azerite Essences.</li><li>Significant amounts of <strong>Azerite</strong> to empower your Heart of Azeroth.</li><li>Fast (start in 15 mins, complete in 1 week), professional raid completion by trusted WoW pros.</li><li>Live progress updates and secure, confidential account handling.</li><li>Skip the grind and endless wipes, and enjoy your new rewards immediately.</li></ul>;true;2025-12-12 08:34:16.08+00;2025-12-12 08:39:22.176+00;03765a40-f338-4035-a2ba-8928fff30834;2025-12-12 08:34:16.112596+00;2025-12-12 08:39:22.226687+00
ae602f68-d6b7-4543-acd0-9560ba62d709;a7354206-406c-4bb2-9ca7-d86ca6b66908;<h4>What You Get</h4><ul><li><strong>Delver’s Gob-Trotter Mount:</strong> Instantly unlock this exclusive, customizable Season 2 flying machine in War Within.</li><li><strong>Seasonal Start Questline Completion:</strong> Our experts handle the entire repetitive quest, saving you hours of grind.</li><li><strong>I've Got a Flying Machine? Achievement:</strong> Earn this coveted achievement effortlessly.</li><li><strong>All Loot & Gold:</strong> Keep every item and currency acquired during the boost.</li><li><strong>Stress-Free Experience:</strong> Enjoy your new mount faster without the grind.</li><li><strong>Flexible & Fast Service:</strong> Boosts start in just 15 minutes, tailored to your schedule.</li><li><strong>Secure Options:</strong> Choose between secure Account Sharing or Remote Control, both handled by experienced WoW specialists.</li><li><strong>Live Updates & Satisfaction:</strong> Misti Services guarantees smooth completion and peace of mind.</li></ul>;true;2025-12-12 08:33:04.692+00;2025-12-12 08:40:18.999+00;03765a40-f338-4035-a2ba-8928fff30834;2025-12-12 08:33:04.724103+00;2025-12-12 08:40:19.006101+00
31dcda0a-5dda-4fb5-8f11-dd4609bbfbfd;ad78315b-111b-4627-8d53-f8e3a28b4966;<h4>What You Get</h4><ul><li><strong>Reins of the Icebound Frostbrood Vanquisher</strong> flying mount</li><li>Completion of the <strong>Glory of the Icecrown Raider (25 Player)</strong> meta-achievement</li><li>17 individual achievements totaling 195 achievement points</li><li>Full 25-player Icecrown Citadel raid clear</li><li>Fast delivery within 1 day, with a start time in just 15 minutes</li><li>Efficient and safe completion by expert boosters</li><li>Conquer one of Wrath of the Lich King's most iconic raids and claim a legendary mount with ease.</li></ul>;true;2025-12-12 08:32:49.984+00;2025-12-12 08:40:23.318+00;03765a40-f338-4035-a2ba-8928fff30834;2025-12-12 08:32:50.016066+00;2025-12-12 08:40:23.339828+00
d358526d-2508-49cd-a542-0871d634f81e;d8c4dd9b-0bb5-49c1-9b9e-64a5dd18406c;<h4>What You Get</h4><ul><li><b>High Explorer Title:</b> Instantly unlock one of The War Within's most respected and exclusive titles, showcasing your elite status.</li><li><b>Tier 11 Delve Completion:</b> Successfully clear the most challenging Season 3 Tier 11 Delve with lives remaining, a feat that challenges even the most skilled players.</li><li><b>War Within Delves: Tier 11 (Season 3) Achievement:</b> Earn this prestigious achievement vouching for your prowess in the game's toughest content.</li><li><b>All Loot & Gold:</b> Keep all items, currency, and other rewards acquired during the boost.</li><li><b>Guaranteed Success:</b> Our expert boosters ensure efficient and safe completion, eliminating the grind and risk for you.</li><li><b>Flexible & Fast Delivery:</b> Choose between Account Sharing or Remote Control, with service initiation within 15 minutes.</li><li><b>Secure & Professional Service:</b> Enjoy a transparent, safe, and reliable boosting experience from veteran specialists.</li></ul>;true;2025-12-12 08:42:20.797+00;2025-12-12 08:43:08.246+00;03765a40-f338-4035-a2ba-8928fff30834;2025-12-12 08:42:20.835632+00;2025-12-12 08:43:08.295376+00
5962b8d7-9962-45dd-8007-e1d10906687c;e904fa6c-7dd8-420d-a6ba-52800480b8c0;<h4>What You Get</h4><ul><li><b>Exalted standing with The Mag'har:</b> From Unfriendly to the highest reputation tier.</li><li><b>Exclusive Talbuk Mounts:</b> Guaranteed access to all unique, Horde-only ground and riding skill Talbuks.</li><li><b>Valuable Profession Recipes:</b> Unlock essential Leatherworking (mail/leather) and Alchemy (utility elixirs) blueprints.</li><li><b>Powerful Pre-Raid Gear:</b> Access a variety of strong items for your gear slots.</li><li><b>Full Quest Completion:</b> All mandatory Hellfire Peninsula and Nagrand Mag'har quests expertly finished.</li><li><b>Efficient Ogre & Obsidian Warbead Farming:</b> Our boosters handle the tedious grind, maximizing reputation gains per hour.</li><li><b>Fast & Secure Service:</b> Experience a professional boost with a 15-minute start time and flexible delivery.</li><li><b>Save Dozens of Hours:</b> Avoid the time-intensive grind in contested Nagrand zones.</li></ul>;true;2025-12-12 08:34:38.75+00;2025-12-12 08:38:16.788+00;03765a40-f338-4035-a2ba-8928fff30834;2025-12-12 08:34:38.787871+00;2025-12-12 08:38:16.839212+00
3c1b9d6c-fc42-4891-8810-75c349ae349b;4352b0bd-f585-484f-a07b-930a69c720a4;"<h4>What You Get</h4><ul><li><b>Blue Barry Mount:</b> Permanently added to your collection without any grinding or time-gated quest completion on your part.</li><li><b>Renown 9 with The K’aresh Trust:</b> All reputation activities handled by our experienced team.</li><li><b>Full ""A Blue for You"" Questline Completion:</b> Includes all 4 days of quests in Tazavesh, finished efficiently.</li><li><b>All Additional Drops & Gold:</b> Keep all loot, currency, and gear earned during the boost.</li><li><b>Flexible & Secure Service:</b> Choose between a Piloted option for a hands-off experience or Remote Control to watch the process live, maintaining full transparency and account security.</li><li><b>Fast Start:</b> We begin your boost within 15 minutes of purchase.</li><li><b>Minimal Hassle:</b> Avoid the repetitive steps and calendar management required for self-completion.</li></ul>";true;2025-12-12 08:34:33.526+00;2025-12-12 08:38:30.537+00;03765a40-f338-4035-a2ba-8928fff30834;2025-12-12 08:34:33.557607+00;2025-12-12 08:38:30.58346+00
21a363aa-65a4-413e-8829-d10220581427;06b6d303-4846-4c80-8fa5-1e18f230e0f8;"<h4>What You Get</h4><ul><li><strong>Capped AV Marks of Honor:</strong> Secure your desired quantity of Alterac Valley Marks for immediate use in TBC.</li><li><strong>TBC Phase 1 PvP Gear Access:</strong> Acquire the powerful ""blue"" PvP set and off-pieces upon reaching level 70 for instant PvP readiness.</li><li><strong>Bonus Honor Points & Reputation:</strong> Convert stored marks via the ""For Great Honor"" quest for a massive boost to Honor and battleground reputation.</li><li><strong>Exclusive War Mounts:</strong> Swiftly unlock your Stormpike Battle Charger or Frostwolf Howler by advancing your faction reputation.</li><li><strong>Pre-BiS Optimization:</strong> Access crucial pre-BiS cloaks, trinkets, weapons, and other items unlocked by Alterac Valley reputation.</li><li><strong>100% Hand-Played Service:</strong> All marks earned by real players, ensuring account safety and adherence to Blizzard's stricter policies.</li><li><strong>VPN Protection:</strong> Your account is protected with country-matched VPNs for natural login consistency.</li><li><strong>Win-Focused Farming:</strong> Our boosters actively pursue objectives, maximizing your Honor gains and mark acquisition per hour.</li><li><strong>Flexible Scheduling & 24/7 Support:</strong> Play at your convenience with our adaptable service and constant live support.</li></ul>";true;2025-12-12 08:35:38.665+00;2025-12-12 08:37:44.469+00;03765a40-f338-4035-a2ba-8928fff30834;2025-12-12 08:35:38.698206+00;2025-12-12 08:37:44.511542+00
8f47a982-5cfa-437e-85db-7efa993b8c71;b2042581-ae8b-4414-8870-f279824ee51e;<h4>What You Get</h4><ul><li><strong>Voidfire Deathcycle Mount:</strong> The legendary, unique ground-only bike mount added to your collection.</li><li><strong>Complete Material & Crafting Service:</strong> We handle all rare reagent gathering, specialized material acquisition (e.g., Goblin-Machined Pistons), and coordination of high-level crafters (Engineering, Leatherworking).</li><li><strong>Skip the Grind & Gold Sink:</strong> Avoid weeks of farming, leveling multiple professions, or spending vast amounts of gold on the Auction House.</li><li><strong>Guaranteed Delivery:</strong> Our network of max-level professionals ensures successful assembly and delivery of the mount with maximum efficiency.</li><li><strong>Keep All Loot & Resources:</strong> Any gold, loot, or resources acquired during the material gathering process are yours.</li><li><strong>Flexible Delivery:</strong> Choose between secure Account Sharing (Piloted) or Remote Control options for a hassle-free experience.</li><li><strong>Instant Start:</strong> We begin your service just 15 minutes after your purchase.</li></ul>;true;2025-12-12 08:34:17.99+00;2025-12-12 08:39:17.139+00;03765a40-f338-4035-a2ba-8928fff30834;2025-12-12 08:34:18.021781+00;2025-12-12 08:39:17.193982+00
bf88e65f-c2ed-4991-bf29-29a80c753011;5640330b-402f-408e-b192-a1d3c287532e;<h4>What You Get</h4><ul><li><strong>Guaranteed Void-Scarred Pack Mother Mount:</strong> We farm until this rare ground mount drops, regardless of how many runs it takes.</li><li><strong>Seamless Farming Process:</strong> Our experts handle high-difficulty Horrific Visions, activating all necessary Faceless Masks to ensure the boss spawns.</li><li><strong>Significant Time Savings:</strong> Skip the endless grind, complex mechanics, and stress of farming a low-drop-rate item from punishing content.</li><li><strong>Mechanic Mastery:</strong> Benefit from our boosters' experience in high-mask Horrific Vision clears, ensuring efficient and successful runs.</li><li><strong>All Loot, Gold & Cosmetics Kept:</strong> Every item, gold, and transmog collected during the farming process remains on your character.</li><li><strong>Flexible Delivery Options:</strong> Choose between secure Account Sharing (Piloted) or the interactive Remote Control (Self-Play) service.</li><li><strong>Fast Start:</strong> Your mount boost begins in just 15 minutes.</li></ul>;true;2025-12-12 08:33:02.87+00;2025-12-12 08:40:20.055+00;03765a40-f338-4035-a2ba-8928fff30834;2025-12-12 08:33:02.902919+00;2025-12-12 08:40:20.062645+00
bbb856db-5dbe-4854-963f-87904d55d7fc;4ce9d86c-8ab6-45f3-9de2-f58801d6e938;<h4>What You Get</h4><ul><li><strong>Reins of the Heavenly Golden Cloud Serpent</strong> mount obtained – a prestigious and visually stunning golden serpent.</li><li>Guaranteed Exalted reputation with Emperor Shaohao, skipping weeks of tedious Timeless Isle farming.</li><li>Completion of the Emperor Shaohao achievement.</li><li>Professionally piloted service ensuring fast, efficient, and 100% hand-played progression.</li><li>Safe and secure gameplay with no bots or automation.</li><li>Live updates throughout your boost, keeping you informed every step of the way.</li><li>Dedicated support from experienced farmers skilled in all Timeless Isle reputation methods.</li><li>Flexible scheduling and a quick start within 15 minutes of your order.</li></ul>;true;2025-12-12 08:50:51.198+00;2025-12-12 09:02:41.82+00;03765a40-f338-4035-a2ba-8928fff30834;2025-12-12 08:50:51.229118+00;2025-12-12 09:02:41.842163+00
99af7b35-dcfe-4b55-83d7-74d22c3a0b21;aada2351-3a05-498e-b4a5-79f4686996f9;<h4>What You Get</h4><ul><li><strong>Mage-Bound Spelltome Flying Mount:</strong> Secure this unique and visually stunning flying mount.</li><li><strong>Two Achievements:</strong> Earn both <em>A Towering Success</em> and <em>A Tour of Towers</em>.</li><li><strong>Mythic Tier 20 Recolor:</strong> Unlock a unique Tomb of Sargeras Mythic Set Recolor for completing challenges with any class.</li><li><strong>Fel Werebear Skin:</strong> Acquire this rare Guardian Druid model by completing <em>The Highlord’s Return</em>.</li><li><strong>Flexible Completion Options:</strong> Choose between secure Account Sharing or interactive Remote Control for your boost.</li><li><strong>Fast & Efficient Service:</strong> Our professional players ensure quick completion (up to 2 hours per challenge).</li><li><strong>Guaranteed Completion:</strong> We carry your character through all challenges, even the hardest ones.</li><li><strong>Selectable Challenges:</strong> Complete all 7 for a discount or pick specific challenges you need.</li></ul>;true;2025-12-12 08:34:42.869+00;2025-12-12 08:38:13.162+00;03765a40-f338-4035-a2ba-8928fff30834;2025-12-12 08:34:42.900906+00;2025-12-12 08:38:13.208337+00
d1a94c4c-e2ce-44bb-b3d4-211d27219836;33e3b5a1-e6f1-4c9e-b314-470b18a4f0ee;<h4>What You Get</h4><ul><li>Full Exalted reputation with The Scryers, guaranteeing access to all rewards.</li><li>BiS Caster/DPS Shoulder Enchants without the massive grind for Sunfury Signets.</li><li>Accumulated Arcane Runes to purchase your chosen Greater Inscription immediately upon reaching Exalted.</li><li>Unique profession patterns including Alchemy (Elixir of Major Firepower), Jewelcrafting, and Leatherworking recipes.</li><li>All necessary Firewing Signets, Sunfury Signets, and Arcane Tomes farmed and turned in by our experts.</li><li>Completion of all associated Scryer-specific quests for maximum reputation gain.</li><li>Quick and efficient service with a flexible delivery and 15-minute start time.</li><li>A cost-effective solution to secure high-value rewards, saving you time and gold.</li></ul>;true;2025-12-12 08:34:40.45+00;2025-12-12 08:38:15.783+00;03765a40-f338-4035-a2ba-8928fff30834;2025-12-12 08:34:40.486173+00;2025-12-12 08:38:15.829399+00
0fdc47d8-2cb5-410d-95b0-a80e997c59fb;2f8cb701-94f5-43f8-9967-9914d2794f0f;<h4>What You Get</h4><ul><li><strong>Exalted Shattered Sun Offensive Reputation:</strong> Achieve the highest standing with SSO, unlocking all rewards without the daily grind.</li><li><strong>Powerful Pre-Raid Gear:</strong> Access the best available items to fill crucial slots before Sunwell Plateau and upgrade your character.</li><li><strong>Essential Profession Recipes:</strong> Unlock unique patterns for Jewelcrafting, Enchanting, and Alchemy vital for high-level crafting.</li><li><strong>Heroic Magister's Terrace Access:</strong> We complete the mandatory questline to attune you for Heroic MT.</li><li><strong>Guaranteed Daily Quest Completion:</strong> Our boosters ensure every available daily quest on Isle of Quel'Danas is completed.</li><li><strong>Fastest Possible Exalted:</strong> Benefit from daily Heroic Magister's Terrace runs, ensuring the quickest path to maximum reputation.</li><li><strong>Zero Missed Dailies:</strong> We guarantee completion of every available daily quest, staying updated with your server's Isle phase progression.</li><li><strong>Full Magister's Terrace Heroic Attunement:</strong> We handle the entire questline for you.</li></ul>;true;2025-12-12 08:34:36.515+00;2025-12-12 08:38:23.858+00;03765a40-f338-4035-a2ba-8928fff30834;2025-12-12 08:34:36.548477+00;2025-12-12 08:38:23.908658+00
3b0df1af-8855-4665-8426-8a6cbe70ded9;06415beb-fc6b-41b8-a3ee-89d5d2eeb991;<h4>What You Get</h4><ul><li>Guaranteed Exalted Reputation: Full Lower City reputation farm from your current standing up to Exalted.</li><li>Unlock Powerful Pre-Raid Gear: Access a wide selection of best-in-slot pre-raid items suitable for various classes and specs.</li><li>Exclusive Profession Patterns: Acquire invaluable blueprints for Enchanting, Leatherworking, Jewelcrafting, Alchemy, and Tailoring, essential for endgame crafting.</li><li>Efficient Dungeon Clearing: Our experts perform high-speed runs of key Auchenai Crypts dungeons, including optimal Shadow Labyrinth farm to Exalted.</li><li>Seamless Quest Completion & Turn-ins: We handle all one-time quests (approx. 8,000 rep) and manage Arakkoa Feather turn-ins up to Honored.</li><li>Fast & Professional Service: Begin your boost in just 15 minutes with flexible scheduling to suit your needs.</li><li>Skip the Grind: Avoid the monotonous dungeon resets and material farming that define the Lower City reputation grind.</li></ul>;true;2025-12-12 08:34:24.767+00;2025-12-12 08:38:37.2+00;03765a40-f338-4035-a2ba-8928fff30834;2025-12-12 08:34:24.799909+00;2025-12-12 08:38:37.252084+00
780cc677-4bd7-4e4c-b9a9-766f0127e8a0;2687c4df-b1a5-45a0-b0c6-2de4f9dbd343;"<h4>What You Get</h4><ul><li><b>Guaranteed Curious Slateback Mount:</b> We handle the grind until this rare mount from The War Within is permanently added to your collection.</li><li><b>Effortless Quest Completion:</b> Our pros complete the weekly Ecological Succession quest for you, securing Wriggling Pinnacle Caches consistently.</li><li><b>Efficient Cache Farming:</b> Systematic farming across your chosen character(s) ensures the fastest possible acquisition.</li><li><b>Keep All Rewards:</b> Any additional items, gear, currencies, and valuable drops acquired during the boost remain on your account.</li><li><b>Time-Saving Service:</b> Skip repetitive gameplay; we handle the weekly grind, freeing up your valuable time.</li><li><b>Flexible & Secure Options:</b> Choose between Piloted (we play on your account) or Remote Control (you watch us play on your PC) with advanced account protection.</li></ul>";true;2025-12-12 08:34:24.67+00;2025-12-12 08:38:38.496+00;03765a40-f338-4035-a2ba-8928fff30834;2025-12-12 08:34:24.702565+00;2025-12-12 08:38:38.539111+00
2f2544e2-ca6f-4a98-814c-6cd9103e09de;244987e0-2f07-4fe1-8a63-37c6d7a2fd2a;"<h4>What You Get</h4><ul><li>Permanent Black Temple access via the Medallion of Karabor.</li><li>Full completion of the lengthy Black Temple Attunement questline, from Ashtongue quests to the final ""A Distraction for Akama"" event.</li><li>All required dungeon (Arcatraz) and raid (Serpentshrine Cavern, Tempest Keep, Battle for Mount Hyjal) steps expertly handled.</li><li>No more endless quest chains, raid pugs, or backtracking – we do all the work for you.</li><li>All associated quest reputation and story progression with Akama, the Ashtongue Deathsworn, and A’dal.</li><li>Significant time savings by skipping days/weeks of LFG, grinding, and scheduling.</li><li>Secure, efficient, and fully managed service with VPN-protected piloted boosts.</li><li>Optional guidance on upgrading to the Blessed Medallion of Karabor after defeating Illidan.</li></ul>";true;2025-12-12 08:34:19.272+00;2025-12-12 08:39:15.979+00;03765a40-f338-4035-a2ba-8928fff30834;2025-12-12 08:34:19.304619+00;2025-12-12 08:39:16.038909+00
80ca8f84-d0a5-4d26-abdd-87efc8f7426a;61cfeece-3aa1-4b12-bcec-2104b362c403;<h4>What You Get</h4><ul><li><strong>Reins of the Crimson Cloud Serpent</strong> mount unlocked</li><li>Completion of the <strong>Glory of the Pandaria Hero meta-achievement</strong></li><li><strong>28 achievements</strong> earned, totaling <strong>305 achievement points</strong></li><li>All required dungeon objectives fulfilled quickly and securely</li><li>Expert dungeon runs handled by professional players</li><li>Fast start within <strong>15 minutes</strong> of your order</li><li>Guaranteed completion in <strong>1 day</strong></li><li>Effortless conquest of Pandaria's challenges</li></ul>;true;2025-12-12 08:34:38.009+00;2025-12-12 08:38:17.707+00;03765a40-f338-4035-a2ba-8928fff30834;2025-12-12 08:34:38.042664+00;2025-12-12 08:38:17.761517+00
3dca9bec-9d69-4730-8851-a68dcf14087c;4a6f4fd7-ff05-453d-b904-113143c995be;"<h4>What You Get</h4><ul><li>Full Ogri'la reputation boost from any standing to <b>Exalted</b>.</li><li>Access to essential rewards: cheaper <b>Crystal Healing/Mana Potions</b>, <b>Unstable Flasks</b>, and powerful pre-raid gear like <i>Crystalline Crossbow</i> and <i>Crystalforged Trinket</i>.</li><li>Completion of all complex pre-requisite group quests, including difficult 5-man challenges, to unlock the Ogri'la hub.</li><li>Expert handling of tedious daily quests like the ""Simon Says"" mini-game (<i>The Relic's Emanation</i>) and bombing runs (<i>Bomb Them Again!</i>).</li><li>Guaranteed farming of sufficient <b>Apexis Shards</b> and <b>Apexis Crystals</b> to purchase your desired rewards.</li><li>Consistent source of gold and Apexis Shards unlocked through daily quests.</li><li>No need for a group, no failed mini-game attempts, just pure reputation and currency.</li><li>Fast start within 15 minutes of your order.</li></ul>";true;2025-12-12 08:34:33.12+00;2025-12-12 08:38:32.407+00;03765a40-f338-4035-a2ba-8928fff30834;2025-12-12 08:34:33.15584+00;2025-12-12 08:38:32.455417+00
d52b16d4-6fa8-4a19-9547-1535035747e7;ee6875e6-de41-425c-b899-8b19ba9019b6;<h4>What You Get</h4><ul><li>Your chosen Venture Co. reputation level, up to Exalted.</li><li>Unlock the exclusive Ochre Delivery Rocket mount and Venture Co. Undermine Tabard.</li><li>Access to faction-specific toys (Venture Co. Banner, Throwin’ Sawblade), pets (Rocketfist), and cosmetics.</li><li>All valuable resources and materials obtained during the boosting process are yours to keep.</li><li>Fast, secure, and professional completion by experienced WoW players – no time wasted on grind.</li><li>Flexible boost options: secure Account Sharing or live progress monitoring with Remote Control.</li><li>Progress towards the prestigious Trade-Duke title, requiring all four Cartel reputations.</li><li>Skip repetitive weekly quests, world quests, and rare mob farming.</li><li>Enjoy a stress-free and efficient path to Venture Co. rewards.</li></ul>;true;2025-12-12 08:32:51.772+00;2025-12-12 08:40:22.31+00;03765a40-f338-4035-a2ba-8928fff30834;2025-12-12 08:32:51.805855+00;2025-12-12 08:40:22.325327+00
b91f8c61-0d43-432e-a269-1b5f293a3201;e34898c0-d6f0-44e1-a89f-7c0058c92839;"<h4>What You Get</h4><ul><li><strong>Full 680-710 ilvl Gear Set:</strong> Equip 15-16 powerful items, including armor, rings, trinkets, neck, back, and weapons, ensuring a significant average item level upgrade.</li><li><strong>Guaranteed 5-Piece Class Tier Set:</strong> Activate powerful class bonuses quickly with at least 4 Tier Set pieces included, maximizing your character's performance.</li><li><strong>Efficient Gear Farming:</strong> Our experts tackle Mythic+ dungeons, raids, delves, world quests, events, weekly objectives, and world bosses to secure your gear.</li><li><strong>Time Savings & Convenience:</strong> Skip countless hours of grinding and coordination; start your boost in just 15 minutes with flexible Piloted, Self-Play, or Remote Control options.</li><li><strong>Expert Service:</strong> Benefit from our 15+ years of WoW experience for a safe, reliable, and affordable boost that guarantees results.</li></ul>";true;2025-12-12 08:32:48.331+00;2025-12-12 08:40:24.56+00;03765a40-f338-4035-a2ba-8928fff30834;2025-12-12 08:32:48.363907+00;2025-12-12 08:40:24.570539+00
5ef81425-4081-4aa4-984d-b19c5865fa9a;007a5f84-48af-4788-927e-ac5a0b34216f;<h4>What You Get</h4><ul><li><strong>1-375 Leatherworking Max Skill:</strong> Complete leveling of your Leatherworking profession to max skill, saving you massive amounts of gold and grind time.</li><li><strong>Specialization Choice Completed:</strong> We handle the complex quest lines and materials for your chosen Dragonscale, Elemental, or Tribal Leatherworking specialization.</li><li><strong>All Materials Covered:</strong> We acquire the 1,400+ Knothide Leather and all other hundreds of hides needed, eliminating your material farming burden.</li><li><strong>Drums of Battle Unlocked:</strong> You'll be ready to craft essential Drums, like Drums of Battle, a mandatory consumable for raid utility.</li><li><strong>Powerful Pre-Raid & BiS Gear:</strong> Access to crafting powerful BiS Leather/Mail gear sets for Rogues, Shamans, Druids, and Hunters.</li><li><strong>Mandatory Raid Utility:</strong> Secure your spot in raid groups with the ability to provide critical party-wide buffs.</li></ul>;true;2025-12-12 08:36:05.249+00;2025-12-12 08:37:30.96+00;03765a40-f338-4035-a2ba-8928fff30834;2025-12-12 08:36:05.280465+00;2025-12-12 08:37:31.017753+00
28ba746b-2bdf-4a31-a961-9499a1a16700;a69b6c45-f249-4364-a13d-c876cec10ee2;<h4>What You Get</h4><ul><li><b>Max-Level Cooking (1-375):</b> Guaranteed max skill, providing all essential raid and arena buffs.</li><li><b>All Quests & Vendor Runs Completed:</b> We handle complex Artisan & Master Cooking quests and all cookbook purchases.</li><li><b>No Tedious Material Farming:</b> All meats, fish, spices, and reagents acquired by us, saving you countless hours.</li><li><b>Access to Daily Quests:</b> Immediately start Shattrath dailies at 375 for rare recipes like [Spicy Hot Talbuk] and [Delicious Chocolate Cake].</li><li><b>Gold-Earning Potential:</b> Start selling high-demand consumables like [Spicy Crawdad] right away.</li><li><b>Flexible & Fast Service:</b> Boost starts in 15 minutes, with flexible delivery to suit your schedule.</li><li><b>Stop Buying, Start Cooking:</b> Become self-sufficient with powerful stat-buffing food.</li></ul>;true;2025-12-12 08:35:53.505+00;2025-12-12 08:37:36.382+00;03765a40-f338-4035-a2ba-8928fff30834;2025-12-12 08:35:53.540691+00;2025-12-12 08:37:36.427594+00
5cad05e1-daca-403f-86a2-87d75565e07b;031c3929-d439-4985-bcc2-521e7cfd205a;"<h4>What You Get</h4><ul><li><b>Full Stack of WSG Marks:</b> Secure an immediate PvP advantage in TBC 2026 for early gear purchases.</li><li><b>Instant Level 70 PvP Gear:</b> Purchase blue-quality armor, trinkets, weapons, and cloaks on day one.</li><li><b>Rapid Honor Point Gains:</b> Chain-turn the ""For Great Honor"" quest for massive Honor bursts at TBC launch.</li><li><b>Accelerated WSG Reputation:</b> Unlock exclusive faction gear, tabards, and weapons for Silverwing Sentinels/Warsong Outriders.</li><li><b>Guaranteed Wins & Fast Marks:</b> Our boosters utilize objective-based strategies for more wins and quicker mark acquisition.</li><li><b>Safe & Secure Service:</b> 100% manual, hand-played farming with region-matched logins and VPNs to ensure account safety.</li><li><b>24/7 Progress Support:</b> Real-time updates on marks, reputation, and flexible scheduling.</li><li><b>Competitive Edge for TBC Arenas & BGs:</b> Start The Burning Crusade geared and ready to dominate the PvP scene from the outset.</li></ul>";true;2025-12-12 08:35:44.878+00;2025-12-12 08:37:40.566+00;03765a40-f338-4035-a2ba-8928fff30834;2025-12-12 08:35:44.910271+00;2025-12-12 08:37:40.619695+00
c557b106-2508-4b50-9c55-1437546da152;373eeeca-a0c0-4bd3-ae17-ef6900ec8973;<h4>What You Get</h4><ul><li>Full <strong>Glory of the Delver</strong> meta-achievement completed quickly and effortlessly.</li><li>Exclusive <strong>Ivory Goliathus</strong> flying mount for instant gratification.</li><li>Unique <strong>Zekvir’s Spine</strong> cosmetic reward added to your collection.</li><li>Chance to obtain high-tier <strong>Delve gear</strong> during the boost.</li><li>Expert boosters with over 15 years of WoW experience handling all tasks.</li><li>Starts within 15 minutes and delivered within approximately 1 week.</li><li>Flexible boost options: Piloted (our expert), Remote Control (watch live), or Select Boost (specific sub-achievements).</li><li>Save significant time by skipping tedious grinds and challenging content.</li><li>Safe and secure service with full account protection and 24/7 support.</li></ul>;true;2025-12-12 08:34:53.903+00;2025-12-12 08:38:03.258+00;03765a40-f338-4035-a2ba-8928fff30834;2025-12-12 08:34:53.935111+00;2025-12-12 08:38:03.308679+00
8dc7fc54-1d01-4324-9cf9-03b9a32bc9b9;f8fbcbf5-4891-4734-9eba-2d55561d33b3;<h4>What You Get</h4><ul><li><b>Desired Honor Points:</b> Secure any amount of honor from 10,000 to 75,000, tailored to your exact PvP gear needs.</li><li><b>Full PvP Gear Potential:</b> Acquire complete PvP armor sets, epic weapons, jewelry, and specialized gems without the exhausting grind.</li><li><b>Professional & Efficient Farming:</b> Benefit from our high win-rate battleground specialists, maximizing honor gain at 4,500-6,500 points daily.</li><li><b>Time Saved:</b> Skip weeks of repetitive gameplay, allowing you to enjoy TBC Classic without the grind.</li><li><b>100% Account Security:</b> Enjoy a professional, discrete service with VPN protection, manual gameplay, and strict privacy—no communication from your account.</li><li><b>Transparent Progress:</b> Receive regular updates, screenshots, or live streams, with 24/7 support throughout.</li><li><b>Fast Start:</b> Service begins in as little as 15 minutes after order.</li></ul>;true;2025-12-12 08:34:51.264+00;2025-12-12 08:38:05.691+00;03765a40-f338-4035-a2ba-8928fff30834;2025-12-12 08:34:51.297231+00;2025-12-12 08:38:05.749393+00
1a1b402d-d8fe-4609-b229-e7a9b7722abc;958d9334-f79a-46ea-b699-4f15f8263970;"<h4>What You Get</h4><ul><li><b>Desired Timewarped Badges:</b> The exact amount of currency you need, effortlessly farmed.</li><li><b>Skip the Grind:</b> Avoid 100+ dungeon runs for mounts; we handle the farming.</li><li><b>Instant Access to Rewards:</b> Quickly acquire mounts (e.g., Ironbound Wraithcharger), reputation (Exalted with old factions), heirloom upgrades, and unique transmog.</li><li><b>Bonus Dungeon Loot:</b> Chance for ilvl 580+ gear for your alts.</li><li><b>Rare Mount Chance:</b> A shot at the ultra-rare Reins of the Infinite Timereaver from dungeon bosses.</li><li><b>Weekly Quest Completion:</b> If applicable after your purchase, completion of the weekly Timewalking quest for a raid cache.</li><li><b>Fast Completion:</b> Approximately 3 hours per 500 badges.</li><li><b>Safe & Secure Options:</b> Piloted (VPN protected) or Remote Control (no account sharing) ensuring maximum security.</li><li><b>Flexible Delivery & Quick Start:</b> Service begins in just 15 minutes.</li></ul>";true;2025-12-12 08:34:47.995+00;2025-12-12 08:38:07.719+00;03765a40-f338-4035-a2ba-8928fff30834;2025-12-12 08:34:48.027072+00;2025-12-12 08:38:07.764646+00
02afe637-a7ec-4c20-baab-0486e25e787b;a970438b-d289-408b-8099-b73ad6604a98;<h4>What You Get</h4><ul><li><b>Exalted Sha'tari Skyguard Reputation:</b> Achieve the highest standing with the faction, from your current status to Exalted.</li><li><b>Exclusive Nether Ray Mount Collection:</b> Guaranteed access to all unique, stunning flying mounts available only from this faction.</li><li><b>Full Quest Chain & Daily Completion:</b> All necessary initial quest lines, including the multi-stage, group-required Ogri'la chain, completed to unlock dailies.</li><li><b>Efficient Reputation Farming:</b> Our expert team handles daily quests, repeatable Shadow Dust turn-ins, Time-Lost Scroll farming for boss materials, and continuous mob grinding in Skettis.</li><li><b>Pre-Raid & Utility Gear Access:</b> Unlock various useful items from the Quartermaster, Grella.</li><li><b>Completely Hands-Off Service:</b> Enjoy a tedious grind-free experience with optimized daily routes, minimizing travel and maximizing reputation gains.</li></ul>;true;2025-12-12 08:34:45.785+00;2025-12-12 08:38:09.975+00;03765a40-f338-4035-a2ba-8928fff30834;2025-12-12 08:34:45.824745+00;2025-12-12 08:38:10.015279+00
a589cd9c-4866-438d-8a97-d773ea637dd2;8af46009-2884-407d-8943-17ae1e2ea2e3;<h4>What You Get</h4><ul><li>Full Violet Eye reputation from any standing to <b>Exalted</b>.</li><li>Completion of the full Karazhan <b>Master's Key attunement</b> quest chain.</li><li>Guaranteed access to Karazhan and all its benefits.</li><li>The ultimate, best-in-slot <b>Epic Violet Signet Ring</b> of your choice (DPS, Healer, or Tank).</li><li>Access to all unique <b>Profession Patterns</b> (Blacksmithing, Jewelcrafting, Enchanting, Leatherworking, Alchemy).</li><li>Access to powerful, unique ammunition.</li><li>Efficient weekly Karazhan raid clears until Exalted is reached.</li><li>A fast, secure, and professional service handling all grind and attunement complexities.</li></ul>;true;2025-12-12 08:34:43.844+00;2025-12-12 08:38:12.06+00;03765a40-f338-4035-a2ba-8928fff30834;2025-12-12 08:34:43.881108+00;2025-12-12 08:38:12.103339+00
239556c2-11d5-4d8c-8066-be0b55089be6;9f51600a-64d9-495f-b196-109ff0626d4e;<h4>What You Get</h4><ul><li>Full Cenarion Expedition reputation boost from your current standing to <b>Exalted</b>.</li><li>Unlock the crucial <b>Reservoir Key</b> for Heroic Slave Pens, Underbog, and Steamvault.</li><li>Access to the best Physical DPS head enchant: <b>Glyph of Ferocity</b>.</li><li>Guaranteed acquisition of the prestigious <b>Cenarion War Hippogryph</b> mount.</li><li>Expert farming of <b>Unidentified Plant Parts</b> and <b>Uncatalogued Species</b> for optimal reputation gains.</li><li>Completion of all Cenarion Expedition quests across Outland.</li><li>Strategic, efficient clears of The Steamvault, Slave Pens, and The Underbog.</li><li>All essential profession recipes unlocked for Alchemy, Blacksmithing, Leatherworking, and Jewelcrafting.</li><li>A fast, secure, and professional service, eliminating the tedious grind and optimizing your game experience.</li></ul>;true;2025-12-12 08:34:42.332+00;2025-12-12 08:38:14.484+00;03765a40-f338-4035-a2ba-8928fff30834;2025-12-12 08:34:42.366512+00;2025-12-12 08:38:14.523515+00
9da73d03-4229-4f18-97f0-ed2f97514c95;c7ecfc05-fa07-4671-aec1-b5ba02927cad;<h4>What You Get</h4><ul><li>Full Sporeggar reputation farm from Unfriendly to Exalted – guaranteed.</li><li>Unlock the prestigious <b>Tiny Sporebat</b> pet and unique <b>Sporeggar Tabard</b>.</li><li>Access valuable profession recipes like <b>Recipe: Transmute Primal Earth to Water</b> and <b>Recipe: Shrouding Potion</b>.</li><li>Efficient completion of all repeatable turn-in quests and targeted <b>The Underbog</b> runs.</li><li>All necessary <b>Glowcap</b> currency acquired to purchase rewards.</li><li>Skip tedious mob grinding and mushroom hunting in Zangarmarsh.</li><li>Flexible start time (within 15 minutes) and professional service.</li></ul>;true;2025-12-12 08:34:34.717+00;2025-12-12 08:38:28.315+00;03765a40-f338-4035-a2ba-8928fff30834;2025-12-12 08:34:34.754327+00;2025-12-12 08:38:28.36052+00
f1517fe1-4fa5-41b7-82f5-a3ebce188d50;a3990e22-80d4-42da-82ec-852e43df05cd;<h4>What You Get</h4><ul><li><b>Guaranteed Void-Scarred Lynx Mount:</b> We unlock the rare Shadowbound Leash, adding this striking, void-touched feline to your collection without any personal grind.</li><li><b>All Loot & Gold:</b> Every item and currency earned during Nightfall Scenario runs stays on your account.</li><li><b>Bonus Flame's Radiance Renown:</b> Your character naturally gains renown with the Flame's Radiance faction as we complete scenarios.</li><li><b>100% Hand-Played Service:</b> Experienced boosters perform all activities manually and efficiently, with no bots or exploits.</li><li><b>Flexible & Fast Delivery:</b> Choose between secure Account Sharing or Remote Control, with service starting in just 15 minutes.</li><li><b>Skip the Grind:</b> Avoid repetitive Nightfall Scenarios and unreliable low drop chances for Confiscated Cultist’s Bags.</li><li><b>Level 10 & Apprentice Riding Ready:</b> Your character only needs basic riding skills to enjoy your new mount immediately.</li></ul>;true;2025-12-12 08:32:34.264+00;2025-12-12 08:40:32.735+00;03765a40-f338-4035-a2ba-8928fff30834;2025-12-12 08:32:34.296506+00;2025-12-12 08:40:32.747956+00
6d3fef05-c50a-4fab-b2d6-89a4e60a1f29;570804c3-3ff2-4326-b791-2339d538630b;<h4>What You Get</h4><ul><li>Full Scale of the Sands reputation farm to Exalted, guaranteeing access to all rewards.</li><li>Guaranteed Best-in-Slot <b>Band of the Eternal</b> ring upgrades at every reputation tier (Friendly, Honored, Revered, Exalted).</li><li>Access to powerful, unique Jewelcrafting recipes and ammunition at Exalted.</li><li>Efficient weekly clears of <b>Battle for Mount Hyjal (Hyjal Summit)</b>, including guaranteed Archimonde kills for maximum reputation gains.</li><li>Completion of <b>The Vials of Eternity</b> attunement quest, including prerequisite SSC and TK raids if needed.</li><li>Fast, secure, and professional service handling all complex attunements and raid logistics.</li><li>Elimination of the struggle of Hyjal Summit PUGs and missed lockouts.</li></ul>;true;2025-12-12 08:34:53.032+00;2025-12-12 08:38:04.538+00;03765a40-f338-4035-a2ba-8928fff30834;2025-12-12 08:34:53.067995+00;2025-12-12 08:38:04.584961+00
f780fcfa-b955-443c-92e5-a33f8c4ee6a4;da557acb-1717-46f1-ab2e-674389ec3758;<h4>What You Get</h4><ul><li>Full Honor Hold reputation farm from your current standing to <b>Exalted</b>.</li><li>Unlocking the <b>Flamewrought Key</b> for Hellfire Citadel Heroic Dungeons.</li><li>Access to powerful <b>pre-raid gear, profession recipes, Helmet enchantments, and unique crafting patterns</b> (Enchanting, Jewelcrafting, Leatherworking, Alchemy, Blacksmithing).</li><li>Efficient dungeon runs through Hellfire Ramparts, The Blood Furnace, and The Shattered Halls.</li><li><b>Guaranteed reputation gains</b> with fast, secure, and professional account handling.</li><li>Chance to receive <b>additional rare-quality loot</b> suitable for your class and specialization.</li><li>Service delivered quickly (start within 15 minutes) by experienced TBC Classic boosters, ensuring minimal downtime.</li></ul>;true;2025-12-12 08:34:47.437+00;2025-12-12 08:38:08.852+00;03765a40-f338-4035-a2ba-8928fff30834;2025-12-12 08:34:47.470375+00;2025-12-12 08:38:08.902987+00
cac87512-4991-4a64-9424-94e46c40ebf1;b9e72666-f385-422c-b1c9-44d4ea84f633;<h4>What You Get</h4><ul><li><strong>Exclusive Pearlescent Krolusk Mount:</strong> Permanently added to your collection, featuring its unique shimmering, translucent carapace.</li><li><strong>Guaranteed Urmag Kill:</strong> Our experts farm the rare elite daily until the mount drops, bypassing complex Phase Diving mechanics.</li><li><strong>Zero Effort Required:</strong> We handle all intricate Phase Diving access and dangerous navigation to locate Urmag.</li><li><strong>Keep All Loot:</strong> Retain every piece of gold, gear, and resource acquired during the farming process.</li><li><strong>100% Hand-Played Service:</strong> Professional boosters ensure safe, secure, and efficient completion without bots or exploits.</li><li><strong>Flexible & Secure Delivery:</strong> Choose between Piloted (VPN protected) or Remote Control (no login sharing, live streaming) options.</li><li><strong>Skip the Grind:</strong> Avoid the low drop chance (~5-7%) and frustrating daily lockout of this challenging mount.</li></ul>;true;2025-12-12 08:32:41.78+00;2025-12-12 08:40:27.544+00;03765a40-f338-4035-a2ba-8928fff30834;2025-12-12 08:32:41.816131+00;2025-12-12 08:40:27.555268+00
2d955904-49a3-44db-8f0b-15f8afc37984;893023a5-220d-4c92-8145-aef2d8cde98d;<h4>What You Get</h4><ul><li><b>1-375 Mining Skill:</b> Your character manually leveled to max Mining, ready for all TBC content.</li><li><b>All Loot Retained:</b> Every piece of ore, stone, rare gem (like Khorium Ore & Arcane Crystals), and Primal Motes gathered remains on your character for profit or crafting.</li><li><b>Smelting Included:</b> All ore smelted into organized bars, maximizing stack space and efficiency.</li><li><b>Essential Material Supply:</b> Gain direct access to raw materials for Blacksmithing, Engineering, and Jewelcrafting.</li><li><b>Sunwell Ready:</b> Ability to Smelt Hardened Khorium for endgame BiS gear (Phase 5).</li><li><b>Massive Gold Potential:</b> Unlock a steady stream of raw gold through selling mined materials on the Auction House.</li><li><b>Secure Service:</b> VPN protection matching your country ensures a safe and secure boost.</li><li><b>Fast Start:</b> Service begins in as little as 15 minutes.</li></ul>;true;2025-12-12 08:35:49.388+00;2025-12-12 08:37:38.434+00;03765a40-f338-4035-a2ba-8928fff30834;2025-12-12 08:35:49.421457+00;2025-12-12 08:37:38.495662+00
c96defd1-bdd0-4a02-9d47-970f8ce84c90;177a0913-f605-44c7-a967-d4e433a12fd2;<h4>What You Get</h4><ul><li>Permanent access to the <strong>Hyjal Summit</strong> (Battle for Mount Hyjal) 25-man raid instance.</li><li>Completion of <strong>The Vials of Eternity</strong> questline, unlocking all Phase 3 content.</li><li>Guaranteed defeat of <strong>Lady Vashj</strong> in Serpentshrine Cavern.</li><li>Guaranteed defeat of <strong>Kael'thas Sunstrider</strong> in Tempest Keep.</li><li>Both Vial Remnants (Vashj's and Kael's) collected by expert 25-man raid teams.</li><li>Skip the frustration and high wipe rates commonly associated with these complex bosses.</li><li>Fast, secure, and professional service with flexible scheduling.</li><li>Immediate unlock for Mount Hyjal access, bypassing hours of PUG attempts and learning curves.</li></ul>;true;2025-12-12 08:35:40.362+00;2025-12-12 08:37:42.488+00;03765a40-f338-4035-a2ba-8928fff30834;2025-12-12 08:35:40.393254+00;2025-12-12 08:37:42.536833+00
4041a11d-6466-426c-9225-2f09832212dc;923bb47a-49e7-4b86-becc-6dbdb343374b;<h4>What You Get</h4><ul><li>Guaranteed Exalted Thrallmar reputation, unlocking all faction rewards.</li><li>Access to Hellfire Citadel Heroic Dungeons via the essential <b>Flamewrought Key</b>.</li><li>Powerful pre-raid items, including epic weapons, for your class and specialization.</li><li>Valuable profession recipes for Enchanting, Jewelcrafting, Leatherworking, Alchemy, and Blacksmithing.</li><li>The potent <b>Glyph of Renewal</b> healing Helmet enchant.</li><li>Efficient reputation farming through optimized dungeon runs in Hellfire Ramparts, The Blood Furnace, and The Shattered Halls.</li><li>Professionally delivered service, ensuring quick and secure account handling with VPN protection.</li><li>Chance to acquire additional rare-quality loot during the boost.</li><li>Fastest route planning for minimal time to reach Exalted, with service start in 15 minutes.</li></ul>;true;2025-12-12 08:35:23.065+00;2025-12-12 08:37:50.157+00;03765a40-f338-4035-a2ba-8928fff30834;2025-12-12 08:35:23.097341+00;2025-12-12 08:37:50.214619+00
4b3a59b4-1aab-4529-8299-8aac9c460414;9a154a60-f3b5-4fb0-b94a-c826398caaab;"<h4>What You Get</h4><ul><li><strong>Alchemy 1-375 Mastery:</strong> We'll fully level your Alchemy profession to max skill, handling all herb gathering and crafting.</li><li><strong>Desired Specialization Unlocked:</strong> Choose between Elixir, Potion, or Transmutation Master, and we'll complete the tedious questlines for you.</li><li><strong>Optimized Gold-Making & Raid Prep:</strong> Access powerful consumables like Flasks, Elixirs, and Potions, plus profitable 20-hour Transmute cooldowns.</li><li><strong>Alchemist's Stone Trinket Access:</strong> Unlock valuable early-gearing trinkets.</li><li><strong>Optional Recipe Farming:</strong> Add-on to acquire specific world-drop or reputation-gated recipes (e.g., Haste Potion Recipe, Flasks).</li><li><strong>Secure & Fast Service:</strong> Performed by experienced pros using VPNs for account safety, with a 15-minute start time.</li><li><strong>Hassle-Free Process:</strong> Avoid the grind; we take care of all resource gathering and skill progression.</li></ul>";true;2025-12-12 08:35:12.89+00;2025-12-12 08:37:54.954+00;03765a40-f338-4035-a2ba-8928fff30834;2025-12-12 08:35:12.925304+00;2025-12-12 08:37:55.005679+00
b40236b4-4371-4c03-b6d0-585b25e0b783;816b7cb7-c24f-41a6-9012-bd2ae43c1925;<h4>What You Get</h4><ul><li>Full Keepers of Time reputation farm from Neutral to Exalted.</li><li>Guaranteed acquisition of the essential <strong>Key of Time</strong> to unlock Heroic Dungeons.</li><li>Access to the powerful <strong>Glyph of the Defender</strong> (Best-in-Slot tank head enchant).</li><li>Unlock all valuable endgame profession recipes (Alchemy Flasks, Enchanting, Leatherworking Drums, Jewelcrafting Primal gems).</li><li>Obtain epic gear like <em>Riftmaker</em> and <em>Continuum Blade</em>.</li><li>Efficient, high-speed runs of <strong>Escape from Durnholde Keep</strong> and <strong>The Black Morass</strong> (Normal & Heroic).</li><li>Enjoy a fast, secure, and professional boost, skipping the monotonous grind.</li><li>Start times as fast as 15 minutes with flexible delivery.</li></ul>;true;2025-12-12 08:34:58.695+00;2025-12-12 08:37:58.806+00;03765a40-f338-4035-a2ba-8928fff30834;2025-12-12 08:34:58.730545+00;2025-12-12 08:37:58.848644+00
06847e00-32ef-4bbc-b5a2-5be2f1a87c66;91c957d5-def7-4cf8-9fe2-e65fa1a9ca55;<h4>What You Get</h4><ul><li>Guaranteed <strong>Keys to the Big G</strong> flying mount – a spectacular, gun-toting goblin head!</li><li>Guaranteed Mythic A.O.T.C. (Ahead of the Curve) Gallywix kill and <strong>Mythic: Chrome King Gallywix</strong> achievement.</li><li>The prestigious, time-limited <strong>Cutting Edge: Chrome King Gallywix</strong> Feat of Strength before it's gone.</li><li>Unlock the unique <strong>Liberator of Undermine</strong> title to showcase your elite status.</li><li>Chance to loot the rare <strong>Prototype A.S.M.R.</strong> mount and high item level gear (671–678 ilvl).</li><li>Receive <strong>Gilded Undermine Crests</strong> and <strong>Valorstones</strong> for gearing up.</li><li>Flexible boost options: Account Sharing, Selfplay, or Remote Control for your convenience and security.</li><li>Fast start: Our team is ready to begin your boost in just 15 minutes.</li></ul>;true;2025-12-12 08:32:22.821+00;2025-12-12 08:40:35.532+00;03765a40-f338-4035-a2ba-8928fff30834;2025-12-12 08:32:22.848742+00;2025-12-12 08:40:35.545279+00
13e7a6e0-2866-48f1-be02-faf3d831a60c;982832b7-b8a2-4751-a3ca-92d55dd1c390;<h4>What You Get</h4><ul><li><strong>Exclusive Infinite Delver Title:</strong> Instantly earn one of The War Within's most prestigious titles without the 80+ hour grind.</li><li><strong>Delve Infinite Achievement Unlock:</strong> Complete the challenging achievement tied to 1000 delves, handled by professional boosters.</li><li><strong>All Delve Rewards:</strong> Retain all gold, loot, and other rewards acquired during the boost.</li><li><strong>Fast & Secure Service:</strong> Begin your boost in just 15 minutes with flexible delivery options.</li><li><strong>Account Safety Guarantee:</strong> Choose between secure Account Sharing or real-time Remote Control access for peace of mind.</li><li><strong>Time-Saving Convenience:</strong> Skip the repetitive grind and dedicate your valuable game time to other activities.</li></ul>;true;2025-12-12 08:42:38.445+00;2025-12-12 08:42:58.164+00;03765a40-f338-4035-a2ba-8928fff30834;2025-12-12 08:42:38.478663+00;2025-12-12 08:42:58.265873+00
73983b34-480c-4613-8e68-491bd9d51f3b;fe2c4393-8783-4518-bb86-e6e95bc18db4;<h4>What You Get</h4><ul><li>Permanent access to Serpentshrine Cavern via <strong>The Mark of Vashj</strong>.</li><li>Full completion of <strong>The Cudgel of Kar'desh</strong> questline.</li><li><strong>Guaranteed raid spots</strong> for Gruul's Lair and Karazhan.</li><li>A swift kill of <strong>Gruul the Dragonkiller</strong> and the <strong>Earthen Signet</strong>.</li><li><strong>Nightbane summon and kill included</strong> (we handle the Blackened Urn pre-quests or provide a summoner) for the <strong>Blazing Signet</strong>.</li><li>All necessary Heroic dungeon runs (Slave Pens, Sethekk Halls, Shattered Halls) completed efficiently.</li><li>Avoid the notorious “guild-breaker” stress and complex coordination of SSC attunement.</li><li>Fast, secure, and professional service with a 15-minute start time.</li></ul>;true;2025-12-12 08:35:29.582+00;2025-12-12 08:37:47.972+00;03765a40-f338-4035-a2ba-8928fff30834;2025-12-12 08:35:29.613856+00;2025-12-12 08:37:48.029282+00
41787d46-79d1-4f0c-8020-fcd019ea2089;3c36f5aa-4124-4e94-9e46-ada08de7a574;<h4>What You Get</h4><ul><li><b>1-375 Enchanting Skill:</b> Your character will be a Master Enchanter, capable of all enchantments.</li><li><b>Exclusive Ring Enchants:</b> Access powerful self-only Spellpower, Healing Power, or +4 Stats ring enchants.</li><li><b>Runed Eternium Rod:</b> Receive the best enchanting rod, essential for high-level enchants, included in your bag.</li><li><b>All Materials Supplied:</b> We cover the cost and complexity of all Strange Dust, Greater Planar Essences, Primal Mights, and other rare reagents.</li><li><b>Gold-Making Potential:</b> Ability to craft and sell high-demand enchants like Mongoose and Soulfrost, and to profit from Disenchanting.</li><li><b>PvE & PvP Utility:</b> Enhance your own gear and your guild's, becoming invaluable for raids and arena alike.</li><li><b>Fully Disenchanting Capable:</b> Breakdown any item, including Level 70 Epics into valuable Void Crystals.</li><li><b>Secure & Fast Service:</b> Manual leveling by experienced players with VPNs, starting in ~15 minutes.</li></ul>;true;2025-12-12 08:35:17.82+00;2025-12-12 08:37:52.567+00;03765a40-f338-4035-a2ba-8928fff30834;2025-12-12 08:35:17.854257+00;2025-12-12 08:37:52.615265+00
8bec81eb-01a6-4aab-aa88-e9adcdda58c5;936a554d-3345-4011-b141-7fea391fe3a7;<h4>What You Get</h4><ul><li>Access to all selected TBC Heroic Dungeons unlocked via the corresponding Heroic Key(s).</li><li>Full reputation farming with the necessary TBC factions (e.g., Revered with Honor Hold for Flamewrought Key).</li><li>Completion of all required key questlines and storylines for chosen attunements.</li><li>All gold, gear, and items acquired naturally during the boost.</li><li>Full progression towards Heroic dungeon access, ready for powerful pre-raid gear and reputation rewards.</li><li>Fast completion (1-2 days) and a safe piloted service with VPN protection from your country.</li><li>Optional progress updates via streaming or screenshots.</li></ul>;true;2025-12-12 08:35:07.432+00;2025-12-12 08:37:56.645+00;03765a40-f338-4035-a2ba-8928fff30834;2025-12-12 08:35:07.465061+00;2025-12-12 08:37:56.68638+00
f2f56203-b22a-418e-ba76-4daa318b2308;aafb9fb1-42ef-4de4-9058-96da93e0e0b7;<h4>What You Get</h4><ul><li><b>Exalted Consortium Reputation:</b> Full reputation farm from Neutral to Exalted.</li><li><b>Monthly Gem Salary:</b> Unlock a unique monthly bag of high-quality gems.</li><li><b>Mana Tombs Heroic Access:</b> Key to enter Heroic difficulty Mana Tombs.</li><li><b>Essential Profession Recipes:</b> Access valuable Jewelcrafting, Enchanting, and Leatherworking patterns.</li><li><b>Efficient Farm Strategy:</b> Expertly farmed Obsidian Warbeads & Zaxxis Insignias.</li><li><b>Ethereum Prison Access:</b> Full attunement for the complex Ethereum Prison Key & Stasis Chamber farming system.</li><li><b>All Quests Completed:</b> Completion of all relevant Nagrand & Netherstorm one-time quests.</li><li><b>Fast Start:</b> Service begins in just 15 minutes.</li></ul>;true;2025-12-12 08:34:55.142+00;2025-12-12 08:38:00.879+00;03765a40-f338-4035-a2ba-8928fff30834;2025-12-12 08:34:55.179631+00;2025-12-12 08:38:01.107483+00
96723b26-b896-4552-947d-21d7afe9c3ac;a4cbd4fc-09ab-48a2-9b54-5d01b64b999f;<h4>What You Get</h4><ul><li>Guaranteed completion of the Tier 11 delve without dying.</li><li>Unlock the prestigious <b>Immortal Spelunker</b> title.</li><li>All earned gold, currency, cosmetics, and loot from the delve are yours to keep.</li><li>Potential unlock of the <b>Undying Caver</b> achievement (if not already completed).</li><li>Effortless completion: avoid the frustration and repeated failures of this challenging achievement.</li><li>Flexible delivery options: choose between secure Account Sharing or Remote Control for live viewing.</li><li>Fast service commencement: your boost starts in as little as 15 minutes.</li><li>Save time and skip the grind, letting expert players handle the toughest delve for you.</li></ul>;true;2025-12-12 08:42:12.825+00;2025-12-12 08:43:09.497+00;03765a40-f338-4035-a2ba-8928fff30834;2025-12-12 08:42:12.857212+00;2025-12-12 08:43:09.533303+00
fc353011-2673-478e-9488-8b03dd577310;893dfdf9-192b-4e74-85b1-446f23288a7f;"<h4>What You Get</h4><ul><li><strong>Glory of the Dazar’alor Raider</strong> meta-achievement (115 Achievement Points).</li><li>Exclusive <strong>Dazar’alor Windreaver</strong> flying mount.</li><li>All <strong>9 Battle of Dazar’alor Normal bosses defeated</strong>.</li><li>Up to <strong>3 unique raid achievements</strong> (faction-dependent: Defense/Siege of Dazar’alor, Death’s Bargain/Empire’s Fall, Victory or Death/Might of the Alliance).</li><li>Guaranteed <strong>66+ item level gear</strong> with chances for warforged, titanforged, or socketed items.</li><li>Valuable <strong>Azerite</strong> to empower your Heart of Azeroth.</li><li>Fast &amp; efficient raid completion within 1 week, often starting in just 15 minutes.</li><li>Secure and confidential account handling with dedicated customer support.</li></ul>";true;2025-12-12 08:32:10.494+00;2025-12-12 08:40:40.797+00;03765a40-f338-4035-a2ba-8928fff30834;2025-12-12 08:32:10.522975+00;2025-12-12 08:40:40.80923+00
7e87cc7e-35ed-4ff9-a1dc-ddcee59fb1e9;5b7a773f-10ee-4feb-8abb-56ee74a646f9;<h4>What You Get</h4><ul><li><strong>Guaranteed Completion:</strong> Gold medals on all 9 MoP Classic Challenge Mode dungeons.</li><li><strong>Exclusive Rewards:</strong> Unlock the prestigious Challenge Conqueror: Gold achievement, The Undaunted title, and class-specific transmog sets with unique visual effects.</li><li><strong>Rare Mount Choice:</strong> An Ancestral Phoenix Egg, allowing you to choose one of four stunning Pandaren Phoenix mounts.</li><li><strong>Convenient Teleports:</strong> Instant dungeon teleports for all completed Challenge Modes.</li><li><strong>Fast Start & Delivery:</strong> Your boost begins in just 15 minutes and is completed within 3 days.</li><li><strong>Flexible Options:</strong> Choose between Piloted, Selfplay, or Remote Control boost methods to suit your preference.</li><li><strong>Expert Team:</strong> Play with or be boosted by professional, experienced players to ensure efficient and safe completion.</li><li><strong>Prestigious & Safe:</strong> Securely earn highly coveted, skill-based rewards without endless retries or stress.</li></ul>;true;2025-12-12 08:50:49.305+00;2025-12-12 09:02:42.811+00;03765a40-f338-4035-a2ba-8928fff30834;2025-12-12 08:50:49.345443+00;2025-12-12 09:02:42.843371+00
6178feeb-14be-4376-8ca8-66277d237418;b7f5d5ee-d780-458b-b6fa-be920957cc21;<h4>What You Get</h4><ul><li><b>1-375 Skinning Skill:</b> Your character manually leveled to max skill, from Apprentice to Master.</li><li><b>Valuable Leather Stacks:</b> Bags filled with Light, Medium, Heavy, Thick, Rugged, and Knothide Leather.</li><li><b>High-End & Rare Materials:</b> Acquire highly sought-after Cobra Scales, Nether Dragonscales, Fel Hides, and Thick Clefthoof Leather for peak market value.</li><li><b>Passive Gold Generation:</b> Unlock a consistent income source by selling materials to Leatherworkers.</li><li><b>Optimized Leveling:</b> Efficient routes and trainer visits handled, saving you countless hours of grinding.</li><li><b>All Loot Retained:</b> Every leather, hide, scale, and vendor item acquired during the boost stays on your character.</li><li><b>Secure Service:</b> VPN protection matching your IP for account safety.</li><li><b>Quick Start & Flexible Delivery:</b> Boost begins within 15 minutes of your order.</li></ul>;true;2025-12-12 08:35:51.588+00;2025-12-12 08:37:37.472+00;03765a40-f338-4035-a2ba-8928fff30834;2025-12-12 08:35:51.62057+00;2025-12-12 08:37:37.527856+00
124e5861-9112-4618-944f-509436484dcf;bc3ff26c-75a8-4e21-8bd8-28e0097e38d4;<h4>What You Get</h4><ul><li><strong>Max Lockpicking Skill (300-350):</strong> Reach the TBC cap, unlocking all locks and maximizing your Rogue's utility.</li><li><strong>Unrestricted Access:</strong> Instantly open high-tier chests like Khorium Lockboxes and bypass dungeon obstacles (e.g., Shattered Halls main door).</li><li><strong>Passive Gold Generation:</strong> Access valuable TBC gems, materials, and gold from lockboxes and Strong Junkboxes.</li><li><strong>100% Loot Retention:</strong> All gold, items, and Strong Junkboxes acquired during the boost are yours.</li><li><strong>Efficient & Strategic Leveling:</strong> Our experts use optimal routes and methods (chests, pickpocketing) for the fastest skill-up.</li><li><strong>Secured & Monitored Service:</strong> Boost performed by human professionals using VPN protection for your account.</li><li><strong>Guaranteed Completion:</strong> We ensure your Lockpicking skill reaches the 350 cap, hassle-free.</li><li><strong>Flexible Delivery, Fast Start:</strong> We work around your schedule, with service starting in as little as 15 minutes.</li></ul>;true;2025-12-12 08:35:42.802+00;2025-12-12 08:37:41.575+00;03765a40-f338-4035-a2ba-8928fff30834;2025-12-12 08:35:42.835596+00;2025-12-12 08:37:41.633578+00
39b39a6e-8b3d-48b7-862c-2da359a2e2f0;550da282-b569-42a0-b579-957d0fff7e54;<h4>What You Get</h4><ul><li><b>The Tempest Key:</b> Permanent access to the Tempest Keep 25-man raid.</li><li><b>Phoenix-fire Band:</b> A powerful epic ring rewarded upon attunement completion.</li><li><b>Guaranteed Success:</b> Our expert teams ensure successful completion of all four 'Trials of the Naaru', including strict timed kills and escort quests (e.g., keeping Millhouse Manastorm alive).</li><li><b>All Heroic Dungeons Cleared:</b> We handle all four required Heroic runs: Shattered Halls, Steamvault, Shadow Labyrinth, and Arcatraz.</li><li><b>Magtheridon's Lair Kill:</b> Enjoy a guaranteed Magtheridon boss defeat and quest credit without risky PuG groups.</li><li><b>Time Saved:</b> Skip hours of LFG spam and frustrating PuG failures for difficult attunement steps.</li><li><b>Fast Start:</b> Our services begin in as little as 15 minutes.</li><li><b>Secure & Professional Service:</b> A hassle-free boost delivered by experienced dungeon and raid teams.</li></ul>;true;2025-12-12 08:35:33.936+00;2025-12-12 08:37:46.866+00;03765a40-f338-4035-a2ba-8928fff30834;2025-12-12 08:35:33.970251+00;2025-12-12 08:37:46.91739+00
d777ea18-86af-4afe-92a2-48207252fb53;49896428-e437-4281-8799-897d2697f22a;"<h4>What You Get</h4><ul><li><b>Permanent Karazhan Access:</b> Unlock the iconic Tower of Medivh with The Master's Key delivered directly to your bags.</li><li><b>All Dungeon Clears Covered:</b> We meticulously complete Shadow Labyrinth, The Steamvault, The Arcatraz, Old Hillsbrad Foothills, and The Black Morass for you.</li><li><b>Sub-Key Acquisition:</b> No need to worry about entry; we secure the Key to the Arcatraz and Shadow Labyrinth Key as part of the service.</li><li><b>Valuable Reputation Gains:</b> Boost your standing with The Violet Eye, Keepers of Time, and Lower City factions.</li><li><b>Retain All Loot & Gold:</b> You keep every piece of gear, all gold, and any Primal Nethers that drop for your character during the dungeon runs.</li><li><b>Flexible & Secure Service:</b> Choose between Piloted (VPN protected) or Remote Control (Parsec) options for maximum convenience and account security.</li><li><b>Expert & Efficient Execution:</b> Our pros handle every complex step of the attunement chain, ensuring no wasted time or wiped groups.</li><li><b>24/7 Progress Tracking:</b> Stay updated on your attunement's status anytime via our Live Chat support.</li></ul>";true;2025-12-12 08:35:15.348+00;2025-12-12 08:37:53.493+00;03765a40-f338-4035-a2ba-8928fff30834;2025-12-12 08:35:15.381808+00;2025-12-12 08:37:53.540657+00
ec8e44d4-b70f-4e70-a694-39bcfc8060c0;4fb3d480-f8e8-4a3f-a1d7-869c2a14786c;<h4>What You Get</h4><ul><li>Full Netherwing reputation farm from any standing (Hated, Neutral, etc.) up to <strong>Exalted</strong>.</li><li>Completion of all mandatory initial and daily quests to maximize reputation gains.</li><li>Efficient farming and turn-in of <strong>Netherwing Eggs</strong> to speed up the process.</li><li>Guaranteed completion of all final Exalted quest chains, including your <strong>free Netherwing Drake</strong>.</li><li>Unrestricted access to purchase all six unique <strong>Netherwing Drakes</strong>.</li><li>Elimination of the tedious, time-gated grind, allowing you to secure prestigious mounts without daily commitment.</li><li>Secure account handling by expert boosters using VPNs.</li><li>Fast start within 15 minutes of your order.</li></ul>;true;2025-12-12 08:35:00.226+00;2025-12-12 08:37:57.844+00;03765a40-f338-4035-a2ba-8928fff30834;2025-12-12 08:35:00.259061+00;2025-12-12 08:37:57.889672+00
049cd368-15fa-4c4d-8320-edc1dafed1b2;96b9acc7-1af3-4add-a8e1-c5f8c87d0965;<h4>What You Get</h4><ul><li><strong>Xy Trustee's Gearglider Mount:</strong> Permanently added to your collection, showcasing a rare, futuristic aesthetic from <em>The War Within</em>.</li><li><strong>Bypass the Grind:</strong> All time-consuming in-game activities, quests, and farming required for the mount are handled by experienced professionals.</li><li><strong>100% Hand-Played Service:</strong> Ensures a secure and efficient acquisition of your mount, with manual completion by dedicated boosters.</li><li><strong>Piloted or Remote Control Options:</strong> Flexible and secure boost methods to suit your preference, safeguarding your account credentials.</li><li><strong>Keep All Loot:</strong> Any gold, gear, or resources acquired during the boosting process are yours to keep.</li><li><strong>Immediate Start:</strong> Your service begins within a swift 15 minutes of purchase.</li></ul>;true;2025-12-12 08:32:08.794+00;2025-12-12 08:40:41.712+00;03765a40-f338-4035-a2ba-8928fff30834;2025-12-12 08:32:08.824667+00;2025-12-12 08:40:41.775431+00
ff2e44fc-d998-4861-b629-ffd2c685f52a;e3559853-6d7b-4645-abea-740bda6043e9;<h4>What You Get</h4><ul><li><strong>Exclusive Bloodgorged Crawg mount:</strong> A unique ground mount to showcase your Uldir triumph.</li><li><strong>Full Glory of the Uldir Raider meta-achievement:</strong> Complete with 105 Achievement Points instantly.</li><li><strong>Complete Uldir Normal raid clear:</strong> All bosses defeated by our expert teams.</li><li><strong>High-level raid loot:</strong> Chance for warforged, titanforged, and socketed gear for your class/spec via Personal Loot.</li><li><strong>Significant Azerite:</strong> To power up your Heart of Azeroth.</li><li><strong>All related achievements:</strong> Including Crimson Descent, Halls of Containment, and Heart of Corruption.</li><li><strong>Fast & Secure Delivery:</strong> Boost starts in 15 minutes and completes within 1 day, hassle-free.</li><li><strong>Professional Service:</strong> Expert players handle all mechanics and coordination, saving you time and effort.</li></ul>;true;2025-12-12 08:31:54.99+00;2025-12-12 08:40:44.644+00;03765a40-f338-4035-a2ba-8928fff30834;2025-12-12 08:31:55.018028+00;2025-12-12 08:40:44.662028+00
0c283370-1d37-4b4c-ab3d-53b6e347ec10;01d53c93-97a6-4957-a86f-5cfa2b16b8f5;<h4>What You Get</h4><ul><li><strong>Full 1-375 Engineering Skill Boost:</strong> Max out your Engineering profession, handled entirely by us.</li><li><strong>Specialization Completion (Gnomish or Goblin):</strong> We complete the complex questline for your chosen specialization, unlocking exclusive blueprints.</li><li><strong>All Costly Materials Included:</strong> Forget the grind! We supply all necessary Vanilla and TBC bars, stones, cloth, and Motes.</li><li><strong>Access to Powerful Combat Utilities:</strong> Craft game-changing items like [The Bigger One], [Super Sapper Charge], and essential PvP survival tools.</li><li><strong>Best-in-Slot Gear & Trinkets Unlocked:</strong> Gain access to powerful pre-raid Goggles and high-stamina trinkets highly valued by Tanks.</li><li><strong>Gold & Utility Farming Tool:</strong> Acquire the [Zapthrottle Mote Extractor] for efficient Primal Mote farming and passive gold generation.</li><li><strong>Exclusive Mount Crafting:</strong> Become capable of crafting the high-speed [Turbo-Charged Flying Machine Control] mount.</li><li><strong>Master Trainer Access:</strong> All essential TBC trainer recipes unlocked for maximum utility.</li></ul>;true;2025-12-12 08:35:20.348+00;2025-12-12 08:37:51.573+00;03765a40-f338-4035-a2ba-8928fff30834;2025-12-12 08:35:20.381377+00;2025-12-12 08:37:51.61624+00
c46f286e-d68c-45a3-a487-e72e507097c7;2c784d82-ea30-4860-b864-ebd32b90b9b6;"<h4>What You Get</h4><ul><li><strong>Full Cipher of Damnation Completion:</strong> Our experts handle every step of this lengthy questline, from The Hand of Gul'dan to defeating Cyrukh the Firelord.</li><li><strong>Tempest Keep Attunement Access:</strong> Receive the 'Letter from Shattrath' allowing you to immediately begin the 'Trial of the Naaru' questline for Tempest Keep.</li><li><strong>Tedium-Free Experience:</strong> Skip the annoying Shadowmoon Tuber farming, constant travel across Shadowmoon Valley, and difficult elite group encounters.</li><li><strong>Elite Encounters Handled:</strong> No need to find groups for tough bosses like Ruul the Darkener or Cyrukh the Firelord; our boosters manage these for you.</li><li><strong>Time Savings:</strong> Save hours of questing, grinding, and LFG spam.</li><li><strong>Pre-Raid Blue Rewards:</strong> Acquire any excellent blue quality quest rewards offered throughout the chain.</li><li><strong>Fast Start & Flexible Delivery:</strong> Service begins in as little as 15 minutes, tailored to your schedule.</li></ul>";true;2025-12-12 08:35:10.149+00;2025-12-12 08:37:55.765+00;03765a40-f338-4035-a2ba-8928fff30834;2025-12-12 08:35:10.188219+00;2025-12-12 08:37:55.808114+00
a79a48da-c79f-4862-b66a-118c0fc5f1df;be03d496-87d6-4219-a907-78516f4f1c50;<h4>What You Get</h4><ul><li><b>Weekly High-Tier Delves:</b> Consistent completion of multiple Tier 8 or Tier 11 Delves throughout the entire season.</li><li><b>Guaranteed Gear Upgrades:</b> High-item-level gear from Delve chests and two weekly high-level Great Vault selections.</li><li><b>Ethereal Crests:</b> Earn valuable crests from every Delve run for seasonal gear upgrades.</li><li><b>No Weekly Grind:</b> Skip the repetitive grind while still maximizing your character's progression and rewards.</li><li><b>Professional Boosting:</b> Fast, secure, and reliable service from verified expert players.</li><li><b>Bonus Gold & Leveling:</b> Receive free gold (pass-dependent) and a free 70-80 leveling boost with select plans.</li><li><b>Maximized Vault Potential:</b> Ensure optimal Great Vault unlocks and top-tier item acquisitions with zero effort.</li></ul>;true;2025-12-12 08:31:41.577+00;2025-12-12 08:40:50.27+00;03765a40-f338-4035-a2ba-8928fff30834;2025-12-12 08:31:41.609786+00;2025-12-12 08:40:50.317943+00
f52aba92-f499-4a96-8c36-6997af88ff33;c223e4f3-8b67-4a3a-a0a3-ad5eec5df727;<h4>What You Get</h4><ul><li><strong>Glory of the Orgrimmar Raider</strong> meta-achievement completed</li><li>Exclusive <strong>Reins of Galakras mount</strong> unlocked</li><li>Full completion of all 14 challenging Siege of Orgrimmar raid achievements</li><li>Professional boost from experienced players</li><li>Guaranteed skip of the extensive grind for raid achievements</li><li>Efficient service with a 15-minute start time and 1-week delivery</li><li>Access to expert support throughout the entire boosting process</li><li>Secure your mount and meta-achievement without the hassle</li></ul>;true;2025-12-12 08:41:15.405+00;2025-12-12 08:41:48.544+00;03765a40-f338-4035-a2ba-8928fff30834;2025-12-12 08:41:15.441455+00;2025-12-12 08:41:48.585588+00
c9dc146b-cea7-4f78-82ab-cd5507c84a15;508c21cb-fdf6-4d24-9401-48293946102d;"<h4>What You Get</h4><ul><li><strong>Exclusive Translocated Gorger Mount:</strong> Tame this terrifying Void beast and add it to your collection without endless grinding.</li><li><strong>Complete Grind Skip:</strong> Our experts handle all the repetitive Devourer Swarm events and farming of Devoured Energy-Pods in K'aresh.</li><li><strong>Retain All Loot:</strong> Keep every piece of gold, gear, and additional resources acquired during the farming process.</li><li><strong>100% Manual & Secure Service:</strong> Expert boosters play by hand, with secure Piloted or Remote Control options and strict security protocols (VPN, Parsec) for your peace of mind.</li><li><strong>Instant Start:</strong> Your service begins within just 15 minutes of purchase.</li><li><strong>Flexible Delivery:</strong> Choose the delivery method that best suits your security preferences and schedule.</li><li><strong>Efficiency Guaranteed:</strong> Avoid competing with other players and chasing world events; we efficiently gather required items for your mount.</li></ul>";true;2025-12-12 08:31:43.846+00;2025-12-12 08:40:49.22+00;03765a40-f338-4035-a2ba-8928fff30834;2025-12-12 08:31:43.878129+00;2025-12-12 08:40:49.233702+00
bdb03e2d-766f-43f5-a1b9-0dbbe0c782e0;a28f449b-7db3-45e0-9e06-329f6bef835a;<h4>What You Get</h4><ul><li><b>Mastery of First Aid (1-375 Skill):</b> Your character will have a fully leveled First Aid profession, capable of crafting the most potent bandages.</li><li><b>Mana-Free Healing:</b> Gain access to powerful, instant self-heals like the Heavy Netherweave Bandage (3,400 health over 8 seconds), essential for all classes.</li><li><b>Pivotal PvP & Raid Utility:</b> Enhance your survivability in Arenas, dungeons, and raids, reducing downtime and conserving healer mana.</li><li><b>All Materials Included:</b> We supply 100% of the required Linen, Wool, Silk, Mageweave, Runecloth, and expensive Netherweave Cloth.</li><li><b>Guaranteed Triage Quest Completion:</b> Our boosters flawlessly complete the notoriously difficult Triage quest, unlocking Artisan First Aid.</li><li><b>All Manuals Acquired:</b> We secure all necessary manuals, including Expert First Aid - Under Wraps and Master First Aid - Doctor in the House.</li><li><b>Fast & Secure Service:</b> Enjoy a prompt start time (15 minutes) with experienced boosters utilizing VPNs for account safety.</li></ul>;true;2025-12-12 08:36:07.815+00;2025-12-12 08:37:29.069+00;03765a40-f338-4035-a2ba-8928fff30834;2025-12-12 08:36:07.845994+00;2025-12-12 08:37:29.152842+00
09460aee-526a-459c-9493-8cb93cb4e61f;5f9c81f4-a376-4ea2-8b59-d3c0f3719247;"<h4>What You Get</h4><ul><li><strong>Full Skill Progression (1-375):</strong> We manually level your Fishing skill, completing all necessary travel quests and unlock requirements, including the lengthy ""Nat Pagle, Angler Extreme"" quest.</li><li><strong>High-Value Loot & Gold:</strong> All fish, raw materials for raid consumables (Spicy Crawdad, Poached Bluefish), rare and gold-making fish (Deviate Fish, Oily Blackmouth), and locked boxes caught during the boost are yours to keep.</li><li><strong>Rare Mounts & Pets:</strong> Chance to fish up rare items like the [Magical Crawdad] pet and the elusive [Mr. Pinchy], and unlock daily quests for unique pets and goods.</li><li><strong>Essential Fishing Gear:</strong> We help you obtain the best available fishing poles and invaluable lures like [Aquadynamic Fish Attractor] for optimal future fishing.</li><li><strong>Secure & Manual Service:</strong> Your account is always safe with our experienced players, manual methods, and VPN protection – no bots involved.</li><li><strong>Consumable Economy Backbone:</strong> Gain access to the core of TBC's consumable market, whether for personal use in raids or profitable gold farming.</li></ul>";true;2025-12-12 08:35:56.623+00;2025-12-12 08:37:35.076+00;03765a40-f338-4035-a2ba-8928fff30834;2025-12-12 08:35:56.656794+00;2025-12-12 08:37:35.125479+00
205b4152-e92b-47fb-8636-65406488924d;08587f4c-8dab-4f3f-af81-c17b2399f93a;<h4>What You Get</h4><ul><li><strong>Any desired quantity of PoE 2 Divine Orbs</strong> for crafting, rerolling modifier values, and high-value trading.</li><li><strong>Immediate upgrade power</strong> to transform near-perfect gear into endgame-ready items.</li><li><strong>Significant time savings</strong> by bypassing countless hours of RNG-based farming.</li><li><strong>Fast and secure in-game delivery</strong> via standard trade, with a start time as quick as 15 minutes.</li><li><strong>Increased trading flexibility</strong> within the PoE 2 economy.</li><li><strong>Focus on enjoying the game</strong> rather than enduring repetitive currency grind.</li><li><strong>Direct access to essential currency</strong> for smoother progression and stronger builds.</li></ul>;true;2025-12-27 21:33:37.891+00;2025-12-27 21:33:45.896+00;03765a40-f338-4035-a2ba-8928fff30834;2025-12-27 21:33:37.938242+00;2025-12-27 21:33:45.75386+00
b4bddabc-7400-4d49-915d-aeec82ce203b;7e7fb27d-27e9-4e93-bfef-dc89a31babf5;<h4>What You Get</h4><ul><li><b>Glory of the Ulduar Raider</b> meta-achievement unlocked.</li><li>Exclusive <b>Reins of the Rusted Proto-Drake</b> and <b>Reins of the Ironbound Proto-Drake</b> mounts added to your collection.</li><li>Completion of 13 specific Ulduar achievements, adding 155 achievement points to your profile.</li><li>Full, efficient Ulduar raid clear by expert boosters.</li><li>Fast service delivery within 1 day of your order, with a start time as quick as 15 minutes.</li><li>Conquer the legendary Ulduar raid and defeat Yogg-Saron's influence with ease and safety.</li></ul>;true;2025-12-12 08:41:29.101+00;2025-12-12 08:41:39.266+00;03765a40-f338-4035-a2ba-8928fff30834;2025-12-12 08:41:29.134318+00;2025-12-12 08:41:39.334737+00
ff3ea45c-54a4-4062-b28f-4faec3471f87;f317f870-e9fe-42ed-bf99-3e344e1e15cc;<h4>What You Get</h4><ul><li><strong>Frostplains Battleboar Mount:</strong> Secure this rare and visually striking mount for your collection.</li><li><strong>Glory of the Draenor Hero Meta-Achievement:</strong> Complete this prestigious meta-achievement, along with the Draenor Dungeon Hero meta-achievement.</li><li><strong>265 Achievement Points:</strong> Significantly boost your in-game achievement score effortlessly.</li><li><strong>Expert Boosting:</strong> Benefit from professional and trusted players who ensure efficient and safe completion.</li><li><strong>Time-Saving:</strong> Skip the extensive grind through Warlords of Draenor Heroic dungeons.</li><li><strong>Fast Start:</strong> Your service begins in just 15 minutes.</li><li><strong>Guaranteed Delivery:</strong> All achievements and rewards will be yours within 1 week.</li></ul>;true;2025-12-12 08:41:19.282+00;2025-12-12 08:41:46.114+00;03765a40-f338-4035-a2ba-8928fff30834;2025-12-12 08:41:19.312685+00;2025-12-12 08:41:46.152555+00
3afde220-98c1-4741-86c4-b4ea0e3a7c6e;d0fe9403-122b-48c8-a9f5-56401cdc6a13;<h4>What You Get</h4><ul><li><strong>Glory of the Dominant Raider</strong> meta-achievement completed</li><li>Exclusive <strong>Hand of Hrestimorak</strong> ground mount</li><li>Full <strong>Sanctum of Domination Normal raid clear</strong> (all bosses defeated)</li><li><strong>125 Achievement Points</strong></li><li>High-level gear (226–233 ilvl), including socketed and class-specific items</li><li>Chance for <strong>Rae’shalare, Death’s Whisper</strong> bow (Hunters only)</li><li>Valuable <strong>Conduits</strong> and <strong>Shards of Domination</strong> for upgrades</li><li>Plenty of <strong>Reservoir Anima</strong> for Covenant progression</li><li>Choice of boost options: <strong>Account Sharing, Selfplay, or Remote Control</strong></li><li><strong>Fast, reliable completion</strong> by experienced, professional boosters</li><li><strong>Safe & Secure</strong> service with <strong>24/7 support</strong></li></ul>;true;2025-12-12 08:41:12.767+00;2025-12-12 08:41:50.681+00;03765a40-f338-4035-a2ba-8928fff30834;2025-12-12 08:41:12.802018+00;2025-12-12 08:41:50.733338+00
df68fa96-05ee-4afc-861c-c4ecdf002d1f;702edf9d-c8fe-4466-9bb8-b91313a09202;"<h4>What You Get</h4><ul><li><strong>Exclusive Shadow Dusk Dreamsaber Mount:</strong> Instantly unlock this majestic mount, a symbol of your raid mastery.</li><li><strong>Full Glory of the Dream Raider Meta-Achievement:</strong> Complete all required achievements across Amirdrassil, the Dream's Hope raid.</li><li><strong>115 Achievement Points:</strong> Significantly boost your in-game achievement score effortlessly.</li><li><strong>All Amirdrassil, the Dream’s Hope Bosses Defeated:</strong> Conquer every raid boss on Normal difficulty without the grind.</li><li><strong>Guaranteed Fast Completion:</strong> Your boost starts in just 15 minutes and is completed within 1 day.</li><li><strong>Expert Service Options:</strong> Choose between secure Account Sharing, engaging Selfplay, or live Remote Control.</li><li><strong>Time-Saving & Stress-Free:</strong> Skip frustrating wipes and achievement farming; let professionals handle the challenge.</li><li><strong>Safe & Secure Experience:</strong> Benefit from Misti.Services' account protection, confidentiality, and 24/7 support.</li></ul>";true;2025-12-12 08:31:36.356+00;2025-12-12 08:40:52.267+00;03765a40-f338-4035-a2ba-8928fff30834;2025-12-12 08:31:36.39245+00;2025-12-12 08:40:52.305913+00
89e75d3f-9313-4412-9643-8a2a29b5ef29;41bf4151-4d2d-4f49-b454-b53abbd5b706;<h4>What You Get</h4><ul><li><b>Level 60 Character:</b> Your Blood Elf Paladin, Draenei Shaman, or any other race leveled from 1 to 60.</li><li><b>Apprentice Riding & Mount:</b> Level 30 mount unlocked and purchased with gold earned during leveling.</li><li><b>All Loot & Gold:</b> You keep all gold, materials, and Blue/Green BoE items dropped during the boost.</li><li><b>Developed Weapon Skills:</b> Decent progress on primary weapon skills for your character's level.</li><li><b>100% Manual Service:</b> Experienced speed-levelers meticulously play by hand, no bots or exploits.</li><li><b>Escape the Rush:</b> Avoid overcrowded zones and fierce competition for mobs during the TBC Pre-Patch.</li><li><b>Fast & Efficient:</b> Our team utilizes optimized routes and 24/7 shifts to deliver your Level 60 character rapidly.</li><li><b>Secure Account Handling:</b> Choose between Piloted (VPN protected) or Remote Control (no credential sharing) for maximum security.</li><li><b>Ready for Outland:</b> Log in to a fully prepared Level 60 character, ready for TBC Classic launch.</li></ul>;true;2025-12-12 08:36:12.214+00;2025-12-12 08:37:22.186+00;03765a40-f338-4035-a2ba-8928fff30834;2025-12-12 08:36:12.263551+00;2025-12-12 08:37:22.240584+00
ef842d46-5b04-480c-ac97-d4d4702031ad;d66d79e1-db9d-4476-9551-446f8333cb78;<h4>What You Get</h4><ul><li><strong>1-375 Jewelcrafting Skill:</strong> A fully maxed Jewelcrafting profession, ready for endgame content and gold-making.</li><li><strong>Prospecting Skill Unlocked:</strong> Essential for converting raw ore into valuable gems.</li><li><strong>All Materials Included:</strong> We cover the immense cost of hundreds of ores, stones, and rare gems required for leveling.</li><li><strong>Exclusive BoP Trinkets & Necklaces:</strong> Craft powerful unique items like Figurine trinkets and high-end necklaces.</li><li><strong>Access to All TBC Gem Cuts:</strong> Calibrate your stats perfectly for raids and arena with full access to Uncommon, Rare, and Epic gem cutting.</li><li><strong>Massive Gold-Making Potential:</strong> Unlock the ability to cut rare gems, craft meta gems, and capitalize on one of TBC's most profitable professions.</li><li><strong>Time & Gold Saved:</strong> Avoid the immense gold sink and time-consuming grind of manual leveling and design hunting.</li><li><strong>Ready for Phase 5 Patterns:</strong> Prepare for future content with immediate access to powerful new Sunwell patterns.</li></ul>;true;2025-12-12 08:36:09.936+00;2025-12-12 08:37:24.047+00;03765a40-f338-4035-a2ba-8928fff30834;2025-12-12 08:36:09.970641+00;2025-12-12 08:37:24.099143+00
19cbd5d9-c905-42e7-a876-aa6fe8c7d7f3;1deec384-bad8-463c-9623-228714ca2eba;<h4>What You Get</h4><ul><li><strong>Maxed Blacksmithing (1-375):</strong> We handle the entire skill leveling process.</li><li><strong>Your Chosen Specialization Unlocked:</strong> Full quest completion for Armorsmithing, Axesmithing, Hammersmithing, or Swordsmithing.</li><li><strong>All Materials Included:</strong> Forget the grind, we source 100% of the required materials.</li><li><strong>Immediate Access to BoP Gear:</strong> Craft powerful Soulbound weapons (e.g., Lionheart Executioner, Dragonstrike, Stormherald) and armor (e.g., Breastplate of Kings).</li><li><strong>Gold Savings:</strong> Craft your own high-demand items, avoiding Auction House markups.</li><li><strong>Essential Consumables:</strong> Ability to craft Fel Weightstones for weapon enhancements.</li><li><strong>All Trainer Recipes Learned:</strong> Access to core Master Blacksmithing recipes.</li><li><strong>Rapid & Secure Service:</strong> Efficient completion by Misti.services professionals, often starting within 15 minutes.</li></ul>;true;2025-12-12 08:36:03.595+00;2025-12-12 08:37:32.209+00;03765a40-f338-4035-a2ba-8928fff30834;2025-12-12 08:36:03.62465+00;2025-12-12 08:37:32.274209+00
ca3591d4-99a4-4c44-9c4a-75af3b21c83b;70a14b3a-c0e1-4382-b04d-f7a4028530ff;<h4>What You Get</h4><ul><li><strong>Full Herbalism Profession (1-375):</strong> Profession leveled manually and efficiently by expert players.</li><li><strong>Massive Herb Inventory:</strong> All valuable herbs gathered, including Mana Thistle, Fel Lotus, Nightmare Seed, Flame Cap, and Ancient Lichen, directly added to your character's bags.</li><li><strong>Consistent Gold Generation:</strong> Unlock a top-tier gold-making profession, supplying high-demand consumables to the TBC economy.</li><li><strong>Raid & Combat Utility:</strong> Gain access to exclusive items like Flame Caps for DPS boosts and Nightmare Seeds for tank survivability.</li><li><strong>All Trainer Visits Handled:</strong> We manage all necessary trainer progressions from Apprentice to Master.</li><li><strong>Enhanced Account Security:</strong> VPN protection matching your country's IP address ensures maximum safety for your account.</li><li><strong>No Grind, Pure Profit:</strong> Skip the tedious farming and immediately enjoy the rewards of a maxed Herbalism profession.</li></ul>;true;2025-12-12 08:35:58.951+00;2025-12-12 08:37:33.771+00;03765a40-f338-4035-a2ba-8928fff30834;2025-12-12 08:35:58.990795+00;2025-12-12 08:37:34.063135+00
3323e349-a3c7-4af4-bd60-415777d5141f;58aad526-c357-4a77-9ead-c9b83004fdf9;<h4>What You Get</h4><ul><li><strong>Fast 1-70 Leveling:</strong> Expert boosters efficiently level your character from any starting point to 70 through optimized Azeroth and Outland routes.</li><li><strong>All Loot & Gold Kept:</strong> Every piece of gear, all collected gold, and any mats acquired during the boost remain on your character.</li><li><strong>Natural Progression:</strong> Achieve all leveling milestones and progress smoothly without skipping important rewards.</li><li><strong>Flexible Leveling Options:</strong> Choose between secure Piloted (account-share) or Remote-Control (no login sharing) boosting to suit your preference.</li><li><strong>Optimized Dungeon Runs:</strong> We incorporate efficient dungeon leveling (e.g., Ramparts, Slave Pens) for maximum XP, gear, and reputation.</li><li><strong>100% Manual & Secure:</strong> No bots or cheats – only trusted, professional TBC boosters ensuring your account's safety.</li><li><strong>Time-Saving:</strong> Skip the grind and jump straight into TBC endgame content, raids, and PvP.</li><li><strong>Customizable Service:</strong> Available for any specific level range (e.g., 1-70, 58-70).</li></ul>;true;2025-12-12 08:35:46.966+00;2025-12-12 08:37:39.397+00;03765a40-f338-4035-a2ba-8928fff30834;2025-12-12 08:35:47.001238+00;2025-12-12 08:37:39.467057+00
af1e7169-f25c-4e47-a06f-71e9d980dd45;e40ffa40-bcbc-4716-bd92-14920b1229cf;"<h4>What You Get</h4><ul><li><b>Desired Quantity of AB Marks:</b> Choose stacks of 10, 20, or the full 100-mark cap.</li><li><b>PvP Pre-BiS Gear:</b> Instantly purchase ""Blue"" PvP sets, boots, and belts upon hitting 70.</li><li><b>Massive Honor Boost:</b> Complete the ""For Great Honor"" quest for significant bonus Honor Points.</li><li><b>Exclusive War Mounts:</b> Secure your Black War Raptor, Ram, or Kodo early in TBC Fresh.</li><li><b>Optimized PvP Reputation:</b> Acquire class-specific reputation items and rewards.</li><li><b>100% Hand-Played Service:</b> Every mark earned by a real player, no bots.</li><li><b>VPN Protection:</b> Login IP matched to your location for account safety.</li><li><b>Win-Focused Farming:</b> Maximized Honor gains per hour within battlegrounds.</li><li><b>Flexible Scheduling:</b> Play time arranged around your availability.</li><li><b>24/7 Live Support:</b> Constant order status updates and assistance.</li></ul>";true;2025-12-12 08:35:36.303+00;2025-12-12 08:37:45.732+00;03765a40-f338-4035-a2ba-8928fff30834;2025-12-12 08:35:36.337163+00;2025-12-12 08:37:45.782091+00
ecf6ffe5-96d9-4069-b29b-d0b96e0a0388;16fdefab-cd88-47d5-b0c6-35b9df2300eb;<h4>What You Get</h4><ul><li>Your very own <strong>Delver’s Dirigible</strong> customizable mount, a distinctive mechanical-style ride from The War Within.</li><li>Full completion of the essential <strong>Bountiful Delves</strong> and <strong>Ship It!</strong> quests, saving you hours of grind.</li><li>All gold, loot, and rewards accumulated throughout the boosting process are yours to keep.</li><li>Guaranteed fast and efficient service with a start time as quick as 15 minutes.</li><li>100% manual gameplay by professional boosters, ensuring a secure and private experience.</li><li>Real-time progress updates, so you're always informed.</li><li>Option for Account Sharing or Remote Control for flexible service delivery.</li><li>Skip the grind and enjoy your new mount without the hassle of reaching level 80 and completing complex in-game requirements.</li></ul>;true;2025-12-12 08:42:03.425+00;2025-12-12 08:43:16.083+00;03765a40-f338-4035-a2ba-8928fff30834;2025-12-12 08:42:03.456492+00;2025-12-12 08:43:16.127813+00
39e459fc-e1c2-4261-966d-6cf8325e968a;0725d1ad-cc34-4b43-922a-91a1f013ab57;"<h4>What You Get</h4><ul><li>Selected dungeons completed with a guaranteed <strong>Platinum</strong> result.</li><li>Platinum Coins for exclusive class transmogs, mounts, toys, and more.</li><li>Unlock the prestigious <a href=""https://www.wowhead.com/mop-classic/achievement=61991/challenge-conqueror-platinum-season-3"" rel=""noopener noreferrer"" target=""_blank"">Challenge Conqueror: Platinum (Season 3)</a> achievement.</li><li>Receive the epic <a href=""https://www.wowhead.com/mop-classic/item=90045/ancestral-phoenix-egg#"" rel=""noopener noreferrer"" target=""_blank"">Ancestral Phoenix Egg</a> mount.</li><li>Earn the exclusive title <a href=""https://www.wowhead.com/mop-classic/title/the-undaunted-314#"" rel=""noopener noreferrer"" target=""_blank"">the Undaunted</a>.</li><li>Convenient teleports to all completed dungeons.</li><li>Access to exclusive utility toys like Platinum Boots of Expeditious Retreat, Platinum ""Little Ale,"" Platinum Rod of Ambershaping, Platinum Potion of Invisibility, and more.</li><li>Guaranteed completion by elite, professional teams with no bots or scripts.</li><li>Account security with VPN protection for piloted services.</li></ul>";true;2025-12-12 22:38:35.307+00;2025-12-12 22:38:38.477+00;03765a40-f338-4035-a2ba-8928fff30834;2025-12-12 22:38:35.346299+00;2025-12-12 22:38:38.277538+00
f1096ba9-1ed4-4361-a67c-6c6c7587cf03;51ac8e7a-ec2b-44e9-9569-ecf71966520e;<h4>What You Get</h4><ul><li><strong>Full Wrath of Spellfire Set:</strong> Equip your cloth-wearing character with this powerful, raid and PvP-ready gear, boosting your spell power significantly.</li><li><strong>Maxed Tailoring (375):</strong> Our service includes professional leveling of Tailoring, if needed, ensuring your character has the necessary crafting specialization.</li><li><strong>All Materials Provided:</strong> Skip the grind! We gather and supply all required crafting materials for a hassle-free experience.</li><li><strong>Time-Saving & Efficient:</strong> Bypass the lengthy process of unlocking Spellfire Tailoring and material farming, getting you raid-ready faster.</li><li><strong>Guaranteed Acquisition:</strong> Receive the complete Wrath of Spellfire set without any uncertainty, delivered safely and securely by expert crafters.</li><li><strong>Enhanced Performance:</strong> Instantly boost your character's spell power, preparing them for end-game content and dominating the battlefield.</li></ul>;true;2026-02-09 18:29:05.885+00;2026-02-09 18:29:27.944+00;03765a40-f338-4035-a2ba-8928fff30834;2026-02-09 18:29:05.967638+00;2026-02-09 18:29:27.927926+00
203d0c04-c299-4e6a-8c2b-e94dda4cb06d;766242ab-5167-4079-aa7b-46a5a5f45790;<h4>What You Get</h4><ul><li><strong>Guaranteed Vandal's Gearglider Mount:</strong> Permanently added to your collection with zero grind.</li><li><strong>Renown Rank 8 with Manaforge Vandals:</strong> All necessary reputation farming completed efficiently.</li><li><strong>All Loot & Currencies Preserved:</strong> Keep every item, gold, and progress earned during the boost.</li><li><strong>Flexible Delivery:</strong> Choose between Piloted (booster logs in) or Remote Control (booster plays on your PC) options.</li><li><strong>Fast Start:</strong> Service begins within 15 minutes of purchase.</li><li><strong>Time-Saving Solution:</strong> Skip tedious reputation grinding and enjoy your mount sooner.</li><li><strong>Security & Transparency:</strong> Manual gameplay, strict security measures, and clear communication throughout.</li><li><strong>Progress Tracking:</strong> Watch the boost unfold with the Remote Control option.</li></ul>;true;2025-12-12 08:44:45.425+00;2025-12-12 08:45:04.798+00;03765a40-f338-4035-a2ba-8928fff30834;2025-12-12 08:44:45.458281+00;2025-12-12 08:45:04.832096+00
459317a9-75fd-4a17-a6fe-a7d6be5eb816;3cd001f4-71d7-4b45-9778-09a6d3403630;<h4>What You Get</h4><ul><li><b>Guaranteed Royal Voidwing Mount:</b> Tame the cosmos with this stunning, time-limited Curve mount, a true trophy from Heroic Dimensius.</li><li><b>Heroic Dimensius Defeat:</b> Secure victory against the Void Lord in Manaforge Omega with our expert raid team, skipping the frustration of PUGs and wipes.</li><li><b>Ahead of the Curve Achievement:</b> Earn the prestigious Feat of Strength: <i>Ahead of the Curve: Dimensius, the All-Devouring</i>.</li><li><b>High-Tier Loot & Currency:</b> Chance to loot 704 ilvl gear and receive Runed Ethereal Crests & Valorstones for seasonal gear upgrades.</li><li><b>Flexible & Secure Delivery:</b> Choose between Selfplay (recommended), Piloted (VPN protected), or Remote Control (Parsec) options, starting in just 15 minutes.</li><li><b>Expert Raid Experience:</b> Join a professional team that has mastered every phase of the fight, ensuring a smooth and quick run for your ultimate reward.</li></ul>;true;2025-12-12 08:44:29.64+00;2025-12-12 08:45:11.393+00;03765a40-f338-4035-a2ba-8928fff30834;2025-12-12 08:44:29.672143+00;2025-12-12 08:45:11.428904+00
607f91a5-e7df-4655-aa95-e56df20b4ac9;ce98802d-08f7-42e8-a932-b31cb4566752;<h4>What You Get</h4><ul><li><strong>Full 1-375 Tailoring Profession Boost:</strong> We handle the entire, material-intensive grind to max your Tailoring skill.</li><li><strong>Chosen Specialization Unlocked:</strong> Your character will have their Spellfire, Shadoweave, or Mooncloth Specialization completed, doubling your daily cloth output and crafting potential.</li><li><strong>BiS Phase 1/2 Gear Access:</strong> Gain the ability to craft powerful BiS pre-raid and early raid gear sets like Spellfire, Frozen Shadoweave, and Primal Mooncloth.</li><li><strong>Permanent BoP Leg Enchantments:</strong> Craft essential Runic Spellthread and Runic Healing Spellthread for your character.</li><li><strong>High-Capacity Bag Creation:</strong> Produce Netherweave Bags and various specialized containers for increased inventory space.</li><li><strong>Access to All Core Trainer Recipes:</strong> Unlock essential patterns for crafting high-end items.</li><li><strong>Mana Loom Familiarity:</strong> Your character will be ready to utilize the Mana Loom for advanced crafting.</li><li><strong>Guaranteed Completion:</strong> Misti.services ensures swift, efficient, and complete profession leveling and specialization unlock.</li></ul>;true;2025-12-12 08:35:25.604+00;2025-12-12 08:37:49.149+00;03765a40-f338-4035-a2ba-8928fff30834;2025-12-12 08:35:25.636613+00;2025-12-12 08:37:49.200031+00
d815c7f9-d4ac-475a-8b89-359b7b3645e7;a14febbc-49b6-45af-bce6-f1980c081241;<h4>What You Get</h4><ul><li><strong>Glory of the War Within Delver Achievement:</strong> Earn this prestigious achievement quickly and effortlessly.</li><li><strong>Exclusive Ivory Goliathus Mount:</strong> Soar through Azeroth on this unique flying beetle.</li><li><strong>Rare Zekvir’s Spine Cosmetic:</strong> Enhance your transmog collection with this distinguished item.</li><li><strong>Bonus Delves Gear:</strong> Potentially acquire additional gear drops during the boost.</li><li><strong>Time Savings:</strong> Skip countless hours of repetitive achievement grinding.</li><li><strong>Expert Service:</strong> Benefits from our seasoned WoW professionals with over 15 years of experience.</li><li><strong>Account Security:</strong> Boosts performed securely with strict privacy and protection standards.</li><li><strong>24/7 Customer Support:</strong> Around-the-clock assistance for your order.</li><li><strong>Flexible Delivery:</strong> Choose between Piloted or Remote Control options for your convenience.</li><li><strong>Guaranteed Completion:</strong> We handle all 20+ sub-achievements, ensuring you unlock every reward.</li></ul>;true;2025-12-12 08:42:09.372+00;2025-12-12 08:43:12.979+00;03765a40-f338-4035-a2ba-8928fff30834;2025-12-12 08:42:09.406795+00;2025-12-12 08:43:13.019018+00
3169d83d-af69-4bd0-b03a-06505955c350;de499af8-1318-40cd-9a93-fdc472664fbb;<h4>What You Get</h4><ul><li>Guaranteed completion of the A Flash in the Void achievement in War Within.</li><li>Exclusive 'Flickering' title unlocked, account-wide for your characters.</li><li>Expert opening of all 100 Flickergates across K’aresh using proven, efficient strategies.</li><li>Secure and fully manual boosting with VPN protection and account safety.</li><li>Flexible delivery and a swift start time (within 15 minutes of order).</li><li>Option for Piloted service (booster plays on your account) or Remote Control (watch live via remote app).</li><li>Avoid the tedious grind and endless searching for Flickergates.</li><li>Reliable progress tracking and complete Flickergate coverage by professional players.</li></ul>;true;2025-12-12 08:42:00.816+00;2025-12-12 08:43:17.024+00;03765a40-f338-4035-a2ba-8928fff30834;2025-12-12 08:42:00.946358+00;2025-12-12 08:43:17.066857+00
804d25d0-c7c3-4bba-93d5-8a07bf288748;8e2499c1-bd4a-449d-bd9b-e16a3c26af02;"<h4>What You Get</h4><ul><li>Completion of your selected Mage Tower Timewalking Challenges (up to 7 for all specializations).</li><li>Unique Tier 20 Tomb of Sargeras Mythic Set recolor transmog for completing any challenge.</li><li>Exclusive Fel Werebear druid form for Guardian Druids completing 'The Highlord’s Return'.</li><li>""A Towering Success"" achievement for your first challenge completion.</li><li>The prestigious ""A Tour of Towers"" achievement and the Mage-Bound Spelltome flying mount for finishing all 7 challenges.</li><li>Fast & reliable service from professional boosters ensuring quick completion.</li><li>Safe and secure boosting via Account Sharing or Remote Control, tailored to your preference.</li><li>All rewards guaranteed without the grind, saving you time and effort.</li><li>Start times as fast as 15 minutes after order.</li></ul>";true;2025-12-12 08:43:23.907+00;2025-12-12 08:43:39.524+00;03765a40-f338-4035-a2ba-8928fff30834;2025-12-12 08:43:23.947173+00;2025-12-12 08:43:39.56661+00
dc78a2eb-7ebd-4ea8-90f0-e38e3fe72088;9784a2eb-d405-4bfd-8727-44713d203edf;<h4>What You Get</h4><ul><li><b>Your desired Merits farmed</b> by expert Raiders, enabling full event track completion or targeted top-ups.</li><li><b>Guaranteed limited-time event rewards</b>, including exclusive cosmetics, utility items like Door Blockers, and Raider Tokens.</li><li><b>Optimized, efficient XP routes</b> ensuring consistent Merit generation and fastest possible progression.</li><li><b>All regular loot and rewards earned</b> during the Merit farming process are yours to keep.</li><li><b>100% manual, secure service</b> with no bots or cheats, ensuring account safety and integrity.</li><li><b>Flexible delivery and fast start times,</b> with service commencing within 15 minutes of purchase.</li><li><b>Expert support</b> to help you determine exact Merit targets and maximize your rewards.</li></ul>;true;2025-12-27 23:15:38.449+00;2025-12-27 23:16:41.371+00;03765a40-f338-4035-a2ba-8928fff30834;2025-12-27 23:15:38.478127+00;2025-12-27 23:16:41.087471+00
fc56d149-9193-4e92-845b-f2734b83034d;e27aa70f-b220-4727-a440-28721d60c0b4;<h4>What You Get</h4><ul><li><b>Terror of the Wastes Mount:</b> Permanently added to your collection.</li><li><b>Renown Rank 19 with K'aresh Trust:</b> Unlocking the highest faction rewards.</li><li><b>11,375 Resonance Crystals:</b> All currency required for the mount purchase.</li><li><b>Bonus Mount:</b> Ruby Void Creeper (Renown 15).</li><li><b>Permanent Augment Rune:</b> Ethereal Augment Rune (Renown 18).</li><li><b>All Loot Kept:</b> Gold, gear, and resources acquired during the boost are yours.</li><li><b>Manual Service:</b> 100% hand-played by experienced professionals ensuring account safety.</li><li><b>Time Saved:</b> Skip 3-4 months of reputation grind and daily farming.</li><li><b>Flexible Delivery:</b> Choose between secure Piloted or Remote Control options.</li><li><b>Fast Start:</b> Service begins within 15 minutes of your order.</li></ul>;true;2025-12-12 08:44:41.466+00;2025-12-12 08:45:07.077+00;03765a40-f338-4035-a2ba-8928fff30834;2025-12-12 08:44:41.500561+00;2025-12-12 08:45:07.114392+00
e6304d0b-8a8d-45ea-bf4a-d990d88d1582;21f74dc8-a1aa-4a32-a11d-79799bec0da6;<h4>What You Get</h4><ul><li><strong>Exclusive Darkfuse Spy-Eye Mount:</strong> Permanently added to your collection, showcasing a sleek, high-tech aesthetic from The War Within.</li><li><strong>Grind-Free Acquisition:</strong> We handle all repetitive Darkfuse Precipitant World Quests and rare farming, saving you countless hours.</li><li><strong>Retain All Loot:</strong> Keep all gold, gear, and resources acquired by our booster during the service.</li><li><strong>100% Manual & Secure Service:</strong> Expert boosters play by hand, with no bots. Choose between a secure Piloted boost (VPN protection) or a transparent Remote Control session (you watch live, no shared credentials).</li><li><strong>Fast Start:</strong> Service begins within 15 minutes of purchase.</li><li><strong>Efficiency & Expertise:</strong> Our professional players use optimal strategies to secure your mount quickly and safely.</li></ul>;true;2025-12-12 08:44:39.695+00;2025-12-12 08:45:09.295+00;03765a40-f338-4035-a2ba-8928fff30834;2025-12-12 08:44:39.726299+00;2025-12-12 08:45:09.357137+00
1e657764-2079-4713-9a87-4b28a4ef4c31;304d1194-987a-464c-8906-24e44831f0e1;<h4>What You Get</h4><ul><li>Full Kurenai reputation farm from your current standing straight to <b>Exalted</b>.</li><li>Guaranteed access to the highly coveted, Alliance-exclusive <b>Talbuk Mounts</b>.</li><li>Unlock valuable <b>Leatherworking and Alchemy recipes</b> from the Kurenai Quartermaster.</li><li>Access to powerful <b>pre-raid gear</b> suitable for early raiding and dungeons.</li><li>Complete clearance of all Kurenai quests in Zangarmarsh and Nagrand for maximum initial gains.</li><li>Efficient Ogre grinding for reputation and <b>Obsidian Warbeads</b>, handled by expert boosters.</li><li>Save dozens of hours of repetitive farming in contested zones.</li><li>Fast service start time (within 15 minutes) and flexible delivery.</li></ul>;true;2025-12-12 08:34:57.01+00;2025-12-12 08:37:59.726+00;03765a40-f338-4035-a2ba-8928fff30834;2025-12-12 08:34:57.044932+00;2025-12-12 08:37:59.770228+00
9aeab0df-382e-4110-bcd5-4805f7fa8983;e5202c3e-9f9b-46fb-b76b-fc79e889a3d0;<h4>What You Get</h4><ul><li><strong>Exclusive Contract Killer Title:</strong> Unlock this prestigious War Within achievement without the grind.</li><li><strong>Pruning the Princess Achievement:</strong> Guaranteed completion of this challenging Depth 8 Delve feat.</li><li><strong>Full Delve Mastery:</strong> Includes all warrants and faction requirements met.</li><li><strong>Valuable In-Game Loot:</strong> Keep all gold, drops, and items acquired during the service.</li><li><strong>Fast & Flawless Execution:</strong> Services completed by Depth 8 Delve specialists within 3 days, starting in 15 minutes.</li><li><strong>100% Secure & Manual Service:</strong> Compliant with game rules for your account's safety.</li><li><strong>Real-time Progress Updates:</strong> Stay informed via Discord or chat.</li><li><strong>Choice of Piloted or Remote Control Boost:</strong> Play your way or watch live.</li></ul>;true;2025-12-12 08:42:07.156+00;2025-12-12 08:43:14.106+00;03765a40-f338-4035-a2ba-8928fff30834;2025-12-12 08:42:07.188139+00;2025-12-12 08:43:14.148759+00
47ca18e4-b65c-4da3-b24a-514c0757ed83;0c18dea7-c237-4b34-b403-2cf29be09426;<h4>What You Get</h4><ul><li><strong>Void-Crystal Panther mount</strong>, a dazzling flying mount from The War Within, added directly to your collection.</li><li>All valuable <strong>loot, materials, and gold</strong> acquired during the boost remain on your account.</li><li>A <strong>full, efficient service</strong> handling all difficult and time-consuming steps: design acquisition, rare material farming, and Jewelcrafting.</li><li><strong>Save countless hours</strong> avoiding repeated Horrific Vision runs and reagent grind.</li><li><strong>Flexible boost options:</strong> secure Account Sharing or a safe, transparent Remote Control experience where you watch live.</li><li><strong>100% manual completion</strong> by experienced players, ensuring no risks to your account.</li><li>Ability to <strong>ride your new mount instantly</strong>, provided your character is Level 17 with Apprentice Riding (Expert Riding for flight).</li><li>A stunning, rare mount that <strong>stands out in any collection</strong> without the personal farming hassle.</li></ul>;true;2025-12-12 08:44:52.65+00;2025-12-12 08:45:01.341+00;03765a40-f338-4035-a2ba-8928fff30834;2025-12-12 08:44:52.682411+00;2025-12-12 08:45:01.389075+00
2e8bba1e-484e-4392-8063-9266ff95be97;1c0d4167-86ac-4731-99c7-45d784ea4d4f;<h4>What You Get</h4><ul><li><b>The Venture Co-ordinator Mount:</b> Permanently added to your collection, skipping the lengthy reputation grind.</li><li><b>All Grind Handled:</b> Our experts complete all daily quests, reputation activities, and Venture Co.’s Trove farming for you.</li><li><b>Valuable Loot:</b> Keep all gold, gear, resources, and additional rewards earned during the boost.</li><li><b>100% Manual Service:</b> Experienced boosters perform all tasks by hand – no bots or automation.</li><li><b>Flexible Delivery:</b> Choose between secure Account Sharing or Remote Control, connecting our booster directly to your PC for maximum transparency.</li><li><b>Fast Start:</b> We begin your service within 15 minutes of purchase.</li><li><b>Time-Saving:</b> Enjoy the unique mount without sacrificing your free time on repetitive tasks.</li></ul>;true;2025-12-12 08:44:50.184+00;2025-12-12 08:45:02.425+00;03765a40-f338-4035-a2ba-8928fff30834;2025-12-12 08:44:50.215691+00;2025-12-12 08:45:02.472011+00
8b47efdf-f812-43f9-bbc5-71b5dbf681a4;aa9e41d6-3e74-419e-ac7b-bda51bca4c16;<h4>What You Get</h4><ul><li><strong>Radiant Imperial Lynx Mount:</strong> Skip the grind and ride one of War Within's most prestigious mounts.</li><li><strong>Master of the Imperial Lynx Achievement:</strong> Completed for you, without the time commitment.</li><li><strong>Renown Level 9 with Flame’s Radiance:</strong> Unlocking progression milestones, powerful open-world buffs, and exclusive titles (Recruit, Sentinel, Zealot).</li><li><strong>Exclusive Cosmetics:</strong> Acquire unique toys (Arathi Entertainer’s Flame, Radiant Lynx Whistle, Flame’s Radiance Banner), the Mister Mans pet, and prestigious tabards (Radiant Stalwart’s, Sacred Templar’s).</li><li><strong>Airship Schematics:</strong> Delver’s Dirigible (Pale Paint & Arathi Decal) added to your collection.</li><li><strong>All Resources & Currencies:</strong> Keep every item obtained during the boost.</li><li><strong>Flexible & Secure Service:</strong> Choose between Account Sharing or Remote Control, both 100% manual and executed by expert players.</li><li><strong>Fast Start:</strong> Service begins in as little as 15 minutes.</li></ul>;true;2025-12-12 08:44:47.668+00;2025-12-12 08:45:03.561+00;03765a40-f338-4035-a2ba-8928fff30834;2025-12-12 08:44:47.713271+00;2025-12-12 08:45:03.632565+00
a30d927c-0f3c-4fd1-9b5a-268f626fd0cc;85cb5f96-d256-4a8f-805d-875c263d1bd3;"<h4>What You Get</h4><ul><li><b>Guaranteed Unbound Star-Eater Mount:</b> Secure this prestigious Void Dragon with a 100% drop rate, before it becomes a 1% rarity.</li><li><b>""Void Vanquisher"" Title:</b> Flaunt your achievement with the exclusive title.</li><li><b>Cutting Edge Achievement:</b> Earn the coveted ""Dimensius, the All-Devouring"" Feat of Strength, only available this season.</li><li><b>Mythic Dimensius Kill:</b> Experience the pinnacle of PvE by defeating the final boss of Manaforge Omega on Mythic difficulty.</li><li><b>High-Tier 717 ilvl Loot:</b> A chance to equip powerful gear directly from the boss.</li><li><b>Upgrade Currency:</b> Stock up on Gilded Ethereal Crests and Valorstones for further gear enhancements.</li><li><b>Stress-Free Experience:</b> Skip endless wipes and coordination issues with our elite, professional raid team.</li><li><b>Flexible Delivery Options:</b> Choose between Selfplay, Piloted, or secure Remote Control to fit your preference.</li><li><b>Immediate Start:</b> Your boost can begin in as little as 15 minutes.</li></ul>";true;2025-12-12 08:44:43.502+00;2025-12-12 08:45:05.983+00;03765a40-f338-4035-a2ba-8928fff30834;2025-12-12 08:44:43.539464+00;2025-12-12 08:45:06.026606+00
94eacfcf-2472-4bcd-9c52-6827e8136fcc;11bcebb3-dcc6-468a-810a-b387769c68a5;<h4>What You Get</h4><ul><li><b>Crimson Armored Growler mount:</b> A striking, battle-ready hyena mount added directly to your collection.</li><li><b>Effortless Crystal Farming:</b> We handle the extensive grind for 6,500 Resonance Crystals required for purchase.</li><li><b>All In-Game Rewards Kept:</b> Every piece of loot, gold, and bonus reward earned during the boost stays on your account.</li><li><b>100% Manual Completion:</b> Boost performed by experienced players, ensuring no bots or scripts are used.</li><li><b>Flexible Delivery:</b> Choose between secure Account Sharing or transparent Remote Control.</li><li><b>Fast Start:</b> Boost begins within 15 minutes of your order.</li><li><b>Time-Saving Convenience:</b> Skip the repetitive grind and enjoy your new mount without the long-term time commitment.</li></ul>;true;2025-12-12 08:44:37.682+00;2025-12-12 08:45:10.254+00;03765a40-f338-4035-a2ba-8928fff30834;2025-12-12 08:44:37.717343+00;2025-12-12 08:45:10.305119+00
2baf2501-cf3e-490f-8545-9ed8dbf77e27;3a46c5ef-739d-4c07-8852-8c820964a6f2;"<h4>What You Get</h4><ul><li><b>Phase-Lost Slateback Mount:</b> Permanently added to your collection for immediate use.</li><li><b>Phase-Lost-and-Found Achievement:</b> Unlock this prestigious achievement, showcasing your mastery of K'aresh.</li><li><b>Complete Item Collection:</b> All required ""Phase-Lost"" item appearances found and unlocked, without the tedious search.</li><li><b>All Loot Rights:</b> Keep all gold, gear, and resources looted during the efficient farming process.</li><li><b>100% Hand-Played Service:</b> Guarantees a safe, manual boost by experienced professionals, no bots or exploits.</li><li><b>Flexible & Secure Service:</b> Choose between Piloted (VPN protected) or Remote Control (no login sharing) for your peace of mind.</li><li><b>Fast Start:</b> Service begins within 15 minutes of purchase.</li></ul>";true;2025-12-12 08:44:27.732+00;2025-12-12 08:45:12.658+00;03765a40-f338-4035-a2ba-8928fff30834;2025-12-12 08:44:27.774433+00;2025-12-12 08:45:12.690589+00
c3c421e8-435d-4805-8125-fdc2d7927da2;58004f5d-799a-43da-92d7-23994c13f4ff;<h4>What You Get</h4><ul><li>Any Ragman quest completed by Tarkov veterans (Piloted or Selfplay options).</li><li>Rapid progress toward unlocking Class 5 & 6 armor, premium rigs, and large backpacks.</li><li>All difficult “found in raid” clothing tasks and gear-restricted PMC kills expertly handled.</li><li>Significant boost to your in-game survivability and progress toward Kappa requirements.</li><li>Fast increase in Ragman loyalty (Loyalty Level 4 access).</li><li>All quest rewards retained: XP, roubles, reputation, exclusive clothing, and additional loot.</li><li>100% manual completion, no cheats or bots, ensuring account safety.</li><li>Flexible delivery with a 15-minute start time and 24/7 support.</li><li>Optional live stream to observe quest completion in real-time.</li></ul>;true;2025-12-13 20:25:03.679+00;2025-12-13 20:25:09.918+00;03765a40-f338-4035-a2ba-8928fff30834;2025-12-13 20:25:03.718763+00;2025-12-13 20:25:09.58887+00
c64a4642-3922-4276-872b-49ba983ae092;1b411836-2748-44fb-af65-c8600385b4c5;"<h4>What You Get</h4><ul><li><b>Guaranteed Victory:</b> Conquer the toughest Season 3 TWW raid boss, Mythic Dimensius, with our pro team, bypassing frustrating mechanics and PUGs.</li><li><b>Prestigious Achievements:</b> Earn ""Cutting Edge: Dimensius, the All-Devouring"" and ""Mythic: Dimensius, the All-Devouring.""</li><li><b>Exclusive Mounts & Title:</b> Ride into battle on the Unbound Star-Eater mount, claim the Void Vanquisher title, and a chance for Reins of the Royal Voidwing.</li><li><b>High-Level Gear:</b> A chance to obtain powerful 717 ilvl gear directly from the Mythic Dimensius loot table, including Tier Set Omni-Tokens and sought-after trinkets.</li><li><b>Unique Cosmetics:</b> Secure the K’areshi Voidstone cosmetic effect and the Cosmic Hearthstone toy.</li><li><b>Bonus Loot & Gold:</b> All additional gold and items dropped during the encounter are yours.</li><li><b>Fast & Flexible Service:</b> Our team starts in as little as 15 minutes, offering flexible scheduling for a smooth, hassle-free experience.</li></ul>";true;2025-12-12 08:45:56.018+00;2025-12-12 08:46:15.091+00;03765a40-f338-4035-a2ba-8928fff30834;2025-12-12 08:45:56.048464+00;2025-12-12 08:46:15.138098+00
f36900c3-6a47-4efd-b1d7-80125e748f94;4b7324c2-79f9-4502-aa15-e1528e75dae1;"<h4>What You Get</h4><ul><li><strong>Any Skier quest completed</strong>, from early-game tasks like Stirrup to demanding late-game contracts.</li><li>Unlock access to <strong>best-in-slot weapon attachments</strong>, suppressors, armor, and combat equipment for meta builds.</li><li><strong>All ""found in raid"" items sourced by our pros</strong>, including flash drives, chemicals, and other rare quest items.</li><li>Significant <strong>progress toward Weapon Case and THICC Weapon Case unlocks</strong> for superior stash management.</li><li><strong>Fast increase in Skier loyalty</strong> and access to his full inventory, plus unlock of the critical Peacekeeper questline.</li><li><strong>Critical reputation decisions handled optimally</strong> to benefit your overall account progression.</li><li>All rewards stay on your account: <strong>roubles, euros, XP, and items</strong> from every completed quest.</li><li>A professional boost performed <strong>100% manually with safe methods only</strong>—no cheats, bots, or third-party software.</li><li>Optional <strong>live stream</strong> to watch your quests being completed in real-time.</li></ul>";true;2025-12-13 20:25:01.213+00;2025-12-13 20:25:11.781+00;03765a40-f338-4035-a2ba-8928fff30834;2025-12-13 20:25:01.279584+00;2025-12-13 20:25:11.406851+00
2adfdf50-d994-4dfc-acd5-9be79339af09;ce498e92-cf8d-4029-915a-12b05073e14c;<h4>What You Get</h4><ul><li>Guaranteed <strong>Manaforge Omega Heroic raid run</strong> completion.</li><li>All loot drops <strong>697–704 ilvl gear</strong> and class <strong>tier set pieces</strong>.</li><li>Exclusive <strong>Ahead of the Curve: Dimensius, the All-Devouring achievement</strong>.</li><li>Opportunity to obtain the rare <strong>Reins of the Royal Voidwing mount</strong>.</li><li>Access to valuable <strong>Heroic Great Vault rewards</strong>.</li><li>All extra <strong>gold and loot</strong> acquired during the run.</li><li>Flexible loot options: <strong>Group Loot, Unsaved Group Loot, Armor & Token Priority, or Full Priority Run</strong> for exclusive loot rights.</li><li><strong>Smooth, efficient clears</strong> with professional boosters – no failed runs, wasted cooldowns, or unnecessary wipes.</li><li>Option to <strong>bring two friends</strong> at no extra cost with Full Priority Run.</li><li>Forget RNG frustration and unreliable PUGs with our <strong>guaranteed progress</strong>.</li></ul>;true;2025-12-12 08:45:41.214+00;2025-12-12 08:47:01.256+00;03765a40-f338-4035-a2ba-8928fff30834;2025-12-12 08:45:41.25382+00;2025-12-12 08:47:01.302901+00
9b6c9c90-25ec-4d92-9421-6fbd6b1664fb;99699378-67fc-41e5-8e6c-3420334b1796;<h4>What You Get</h4><ul><li><strong>All Specified Flight Paths Unlocked:</strong> Enjoy seamless travel across Kalimdor, Eastern Kingdoms, or both, as all chosen flight points are diligently learned for your character.</li><li><strong>Significant Time Savings:</strong> Skip hours of tedious ground travel and exploration, letting you focus on engaging gameplay.</li><li><strong>Professional & Secure Service:</strong> A skilled, veteran WoW player will complete your order efficiently, without third-party software, while prioritizing account safety with country-matching VPNs.</li><li><strong>Flexible & Tailored Options:</strong> Choose the exact continents you need unlocked (Kalimdor, Eastern Kingdoms, or full Azeroth) to fit your specific needs.</li><li><strong>Guaranteed Fast Start:</strong> Your service begins within just 15 minutes of ordering.</li><li><strong>Dedicated 24/7 Support:</strong> Access constant customer assistance throughout your service for a smooth and worry-free experience.</li></ul>;true;2025-12-28 16:22:35.902+00;2025-12-28 16:24:54.136+00;03765a40-f338-4035-a2ba-8928fff30834;2025-12-28 16:22:35.96411+00;2025-12-28 16:24:54.930998+00
75cb6c92-e2f6-4eb9-9cf6-f1d9a7b5d825;71ea1b91-a959-4fff-9d40-b0a32c961485;<h4>What You Get</h4><ul><li><strong>Guaranteed 2/2 Gruul's Lair Clear:</strong> Defeat High King Maulgar and Gruul the Dragonkiller efficiently.</li><li><strong>Tier 4 Tokens:</strong> Secure essential Shoulder and Leg Tier 4 tokens for set completion.</li><li><strong>High Item Level Gear:</strong> Chance to acquire powerful 120-125 ilvl epic items, including best-in-slot drops.</li><li><strong>At Least One Item:</strong> Guaranteed at least one piece of gear from the raid bosses.</li><li><strong>Optional Loot Priority:</strong> Maximize your gear acquisition by securing all dropped items suitable for your class (optional add-on).</li><li><strong>Expert Raid Execution:</strong> Benefit from a professional team ensuring a swift and clean run.</li><li><strong>Time-Saving Efficiency:</strong> Bypass the frustrations of public groups and secure rewards quickly.</li><li><strong>Full Tier 4 Progression:</strong> Integrates seamlessly with other raids for complete Tier 4 set acquisition.</li><li><strong>Optimized for Anniversary Realms:</strong> Reliable and efficient service tailored for fresh TBC servers.</li><li><strong>Flexible Start Time:</strong> Most runs can begin within 15 minutes of purchase.</li></ul>;true;2026-01-10 20:46:02.192+00;2026-01-10 20:46:42.586+00;03765a40-f338-4035-a2ba-8928fff30834;2026-01-10 20:46:02.251988+00;2026-01-10 20:46:28.987447+00
fceb6209-8791-435b-bf58-8b482990cfea;c846f905-7533-4c33-8ff2-ddaca3dae9eb;<h4>What You Get</h4><ul><li><strong>Lavender K'arroc Mount:</strong> Permanently added to your collection without the weekly wait.</li><li><strong>Bypass Time-Gating:</strong> No need to track weekly resets or juggle multiple characters for Untethered Coins.</li><li><strong>10 Untethered Coins:</strong> All required currency farmed for the mount purchase.</li><li><strong>Weekly Quest Completion:</strong> We handle 'More Than Just a Phase' on your character(s).</li><li><strong>Keep All Loot:</strong> Gold, gear, and resources earned during the farm are yours.</li><li><strong>100% Manual Service:</strong> Hand-played by experienced boosters for maximum security.</li><li><strong>Flexible Delivery:</strong> Choose between secure Piloted (VPN protected) or Remote Control (no login info shared) methods.</li><li><strong>Fast Start:</strong> Service begins within 15 minutes of purchase.</li></ul>;true;2025-12-12 08:44:25.83+00;2025-12-12 08:45:13.807+00;03765a40-f338-4035-a2ba-8928fff30834;2025-12-12 08:44:25.862287+00;2025-12-12 08:45:13.86431+00
712e519b-8bb5-4eea-aa30-1d3937967fe5;f8768457-209c-490d-9fcf-82041dc85e16;<h4>What You Get</h4><ul><li><strong>Guaranteed Gladiator Title:</strong> Secure the most prestigious PvP Feat of Strength title for the current War Within season.</li><li><strong>Elite Seasonal Mount:</strong> Ride in style with the unique, seasonal Gladiator mount (e.g., Astral Gladiator's Fel Bat).</li><li><strong>Full Elite PvP Transmog:</strong> Unlock the complete and exclusive Elite PvP set appearance for your character.</li><li><strong>Vicious Mount Reward:</strong> Earn the seasonal Vicious mount for your collection.</li><li><strong>High-Level PvP Gear:</strong> Equip your character with high item level PvP gear, enhancing combat readiness.</li><li><strong>All High-Rating Achievements:</strong> Complete all related arena achievements on your way to Gladiator.</li><li><strong>Top Ladder Position:</strong> Finish the current PvP season in a top ladder position, cementing your prestige.</li><li><strong>Flexible & Fast Service:</strong> Enjoy a flexible schedule with a start time as quick as 15 minutes.</li><li><strong>Stress-Free Experience:</strong> Bypass the immense time investment and frustration of solo climbing the competitive ladder.</li></ul>;true;2025-12-12 08:45:30.854+00;2025-12-12 08:45:34.291+00;03765a40-f338-4035-a2ba-8928fff30834;2025-12-12 08:45:30.883997+00;2025-12-12 08:45:34.332802+00
2bcf841f-2617-4a69-9268-86da4e090d41;ee81e26c-d1a5-4fdf-8f9b-8bb3bc33ca61;<h4>What You Get</h4><ul><li><strong>Complete BiS PvP Gear:</strong> Full Honor or Arena armor sets (all 5 pieces), a powerful Honor or Arena weapon, and essential off-set items perfectly tailored to your class and spec.</li><li><strong>Impressive Arena Rating:</strong> Achieve 2000+ Arena rating with Arena Gear options, instantly boosting your competitive standing.</li><li><strong>Significant Time Savings:</strong> Skip countless hours of grinding for marks of honor and arena points, jumping straight into high-level PvP.</li><li><strong>Immediate Dominance:</strong> Equip your character to excel in battlegrounds and arena combat right away, enjoying the competitive aspects without the farm.</li><li><strong>Expert & Secure Service:</strong> Benefit from our professional boosters' expertise, with all services performed manually and securely, including VPN protection.</li><li><strong>All Additional Rewards:</strong> Keep any valuable items, gold, or currencies obtained during the extensive PvP activity undertaken by our boosters.</li></ul>;true;2026-02-12 01:17:46.768+00;2026-02-12 01:18:12.055+00;03765a40-f338-4035-a2ba-8928fff30834;2026-02-12 01:17:46.802195+00;2026-02-12 01:18:11.921612+00
8284e901-0a6f-4baa-a7c7-dd119e60718e;321a4b56-20e1-4ac7-915b-b43e2b251437;<h4>What You Get</h4><ul><li><b>Guaranteed Eye of Gruul Trinket:</b> We run Gruul's Lair weekly until this legendary healing trinket drops for you.</li><li><b>Unrivaled Mana Efficiency:</b> Secure the Eye of Gruul's unique mana-saving proc, drastically boosting your healing output and sustainability.</li><li><b>Full Loot Priority:</b> The Eye of Gruul is reserved exclusively for you, no competition from other raiders.</li><li><b>Professional & Efficient Raids:</b> Experience smooth, swift Gruul the Dragonkiller clears with our expert TBC raid teams.</li><li><b>Flexible & Convenient Scheduling:</b> Runs tailored to your availability, with options for hands-off Pilot or active Self-Play.</li><li><b>No Raid Drama:</b> Avoid public raid uncertainties and stress-free acquisition of this critical item.</li><li><b>Best-in-Slot Healing Upgrade:</b> Obtain an item that remains viable and highly sought after throughout the expansion for any dedicated healer.</li></ul>;true;2026-01-12 16:54:34.331+00;2026-01-12 16:55:18.777+00;03765a40-f338-4035-a2ba-8928fff30834;2026-01-12 16:54:34.383204+00;2026-01-12 16:55:19.383565+00
b88f813a-568f-46ce-9182-7155be42253a;aba8d745-7aaa-415e-a0b3-58fdb08b2c81;<h4>What You Get</h4><ul><li><b>Full Manaforge Omega Mythic run</b> (all 8 bosses defeated) in approximately <b>3 hours</b>.</li><li>Guaranteed <b>710–717 ilvl gear</b>, including class tier set pieces.</li><li>Exclusive <b>Unbound Star-Eater mount</b>.</li><li><b>Cutting Edge: Dimensius, the All-Devouring</b> Feat of Strength achievement.</li><li>Access to <b>Mythic Great Vault rewards</b>.</li><li><b>Guaranteed loot</b> based on boss kills (e.g., 5+ items for 8/8 bosses, or a free re-run if not met).</li><li>Option for <b>Armor and Token Priority</b> or <b>Full Loot Priority</b> for exclusive drops.</li><li>Extra <b>gold and items</b> collected during the run.</li><li>A professional, secure, and anonymity-focused service by experienced WoW boosters.</li></ul>;true;2025-12-12 08:45:42.969+00;2025-12-12 08:46:25.516+00;03765a40-f338-4035-a2ba-8928fff30834;2025-12-12 08:45:43.002667+00;2025-12-12 08:46:25.574299+00
ce172b0c-fb87-4b0e-96c3-1f3f82939125;0108fd90-cc34-4c84-b491-68d3b6b8d064;<h4>What You Get</h4><ul><li>Your desired Bilgewater Cartel reputation level, up to Exalted.</li><li>Guaranteed access to exclusive rewards: Crimson Armored Growler mount, Bilgewater Undermine Tabard, and the Goblin Trike/Turbo-Trike.</li><li>All valuable items, toys, gear, and G-99 parts earned during the boost.</li><li>All materials, gold, and resources collected while our professionals complete the reputation grind.</li><li>Fast, stress-free completion via secure Account Sharing or Remote Control, with a start time as quick as 15 minutes.</li><li>Unlock achievements like Horde Ambassador and contribute to your 60 Exalted Reputations with our proven, efficient farming routes.</li><li>A fully protected and reliable service, skipping repetitive quests and dungeons while ensuring all mounts, tabards, and achievements are yours.</li></ul>;true;2025-12-12 08:47:13.217+00;2025-12-12 08:47:49.053+00;03765a40-f338-4035-a2ba-8928fff30834;2025-12-12 08:47:13.24979+00;2025-12-12 08:47:49.099448+00
7ee25a15-5f40-436e-a897-682fcc88634c;2e200164-35dc-42df-a478-7714265fae76;<h4>What You Get</h4><ul><li>Selected Divine Gifts fully upgraded to your chosen tiers.</li><li>Guaranteed unlocks for Reward, Corrupted, or Purified versions.</li><li>Stronger rewards and increased drop quality from all seasonal activities.</li><li>Access to powerful Corrupted perks or cleaner Purified stat boosts.</li><li>Noticeably smoother combat and progression with improved damage and survivability.</li><li>Save days of farming Season Favor and Lesser Evils.</li><li>Efficient routing and farming from experienced Diablo 4 boosters.</li><li>Safe, legitimate service with full security measures (manual play, VPN).</li><li>Flexibile scheduling with orders starting as fast as 15 minutes.</li><li>Clear communication and 24/7 support.</li></ul>;true;2025-12-13 20:41:09.1+00;2025-12-13 20:41:34.746+00;03765a40-f338-4035-a2ba-8928fff30834;2025-12-13 20:41:09.137764+00;2025-12-13 20:41:34.51744+00
4ffb892c-be65-4154-93ce-6a41b5d625b7;029fbc90-38e7-48a3-9e53-2e4b64924441;<h4>What You Get</h4><ul><li><b>Any Desired Items:</b> Acquire specific common to legendary materials, crafting components, and quest items you need.</li><li><b>Skip the Grind:</b> Avoid repetitive farming, saving countless hours and letting you focus on gameplay.</li><li><b>Flexible & Targeted Acquisition:</b> Get the precise quantity and type of items required for workshop upgrades, quest completion, and superior crafting.</li><li><b>Fast & Secure Delivery:</b> Enjoy efficient, safe, and effortless in-game progression with a 15-minute start time.</li><li><b>Progression & Crafting Advantage:</b> Secure essential resources for building and enhancing workshop modules, crafting the best weapons and gear, and fulfilling difficult quest requirements.</li><li><b>Expert Boosters & Dedicated Support:</b> Benefit from the efficiency of master farmers and 24/7 live support for custom orders or any queries.</li></ul>;true;2025-12-29 17:18:39.708+00;2025-12-29 17:18:45.335+00;03765a40-f338-4035-a2ba-8928fff30834;2025-12-29 17:18:39.745781+00;2025-12-29 17:18:45.375448+00
63e5658e-6578-422e-921a-9fad1a09a2ef;f4cf45f2-2aa3-4e60-8f32-118b7e36e599;<h4>What You Get</h4><ul><li><strong>Full 11/11 Karazhan Clear:</strong> A complete and efficient clear of the entire raid.</li><li><strong>Guaranteed Item Drops:</strong> Receive a minimum of 3 specific items from the raid.</li><li><strong>Tier 4 Gear Priority:</strong> Secure coveted Tier 4 helm and glove pieces for your class and spec (with Full Loot Priority).</li><li><strong>Badges of Justice:</strong> Accumulate valuable currency from boss kills.</li><li><strong>Fiery Warhorse Chance:</strong> Multiple opportunities for the rare mount to drop.</li><li><strong>Raid Reruns:</strong> Service includes repeated runs if needed to fulfill guaranteed item requirements.</li><li><strong>Expert Teams:</strong> Play with seasoned professionals who ensure swift and effective clears.</li><li><strong>Flexible Play:</strong> Choose between Piloted or Selfplay to match your preference.</li><li><strong>Fast Start:</strong> Service begins in as little as 15 minutes.</li></ul>;true;2026-01-10 20:46:35.96+00;2026-01-10 20:47:00.952+00;03765a40-f338-4035-a2ba-8928fff30834;2026-01-10 20:46:35.993674+00;2026-01-10 20:46:47.346706+00
96edfcef-aa15-4a3d-87d1-877b87a2bcb2;7f6f39dd-cacd-4bde-b000-3f323f70ca5e;<h4>What You Get</h4><ul><li>Any desired Severed Threads Renown level quickly and efficiently.</li><li>Access to exclusive mounts: Ferocious Jawcrawler, Aquamarine Swarmite, and three unique Undercrawlers (Heritage, Royal Court, Widow's).</li><li>Powerful 571–584 ilvl trinkets to boost your character's power.</li><li>Unlock unique cosmetics like Heritage, Royal Court, and Widow’s Undercrawlers via Conspirator rank.</li><li>Gain collectibles including companions, toys, and transmog sets.</li><li>Achievement: Earn the prestigious “Thread-Spinner” title at max renown.</li><li>All gold, items, and currency (Kej, Resonance Crystals) acquired during the boost are yours.</li><li>Professional handling of all quests, events, and faction interactions.</li><li>Flexible delivery and a fast start time (within 15 minutes).</li><li>Choice between secure Account Sharing or Remote Control for live progress viewing.</li><li>Skip weeks of farming and complex weekly leader pacts, getting straight to the rewards.</li></ul>;true;2025-12-12 08:47:30.759+00;2025-12-12 08:47:37.372+00;03765a40-f338-4035-a2ba-8928fff30834;2025-12-12 08:47:30.796904+00;2025-12-12 08:47:37.390067+00
a4433bbc-7582-4f0f-9aae-1d2151b80dcc;78464851-2cf0-4ef6-8eda-1b921b2663ed;<h4>What You Get</h4><ul><li>Any desired Renown Level with the Council of Dornogal.</li><li>Exclusive mounts: Smoldering Cinderbee and Shale Ramolith.</li><li>Companion pet: Loamy.</li><li>Rare profession knowledge items: Jewel-Etched Alchemy, Blacksmithing, Tailoring, and Enchanting Notes.</li><li>High item level gear (584–597) from Mineral-Sparkled, Chiseled Boulder, Ore-namental, and Gem-Wadded armor sets.</li><li>All cosmetics, crafting notes, resonance crystal gear, and every piece of loot or gold obtained during the boost.</li><li>Fast completion by expert boosters using safe, private methods.</li><li>Zero grind for you—we handle all repetitive quests and tasks.</li><li>Flexible service with a start time in just 15 minutes.</li></ul>;true;2025-12-12 08:47:22.931+00;2025-12-12 08:47:41.343+00;03765a40-f338-4035-a2ba-8928fff30834;2025-12-12 08:47:22.965459+00;2025-12-12 08:47:41.377564+00
efb8b518-ebf6-49a9-a53f-138d2fce26b1;2ccf1b2a-42fa-468b-904f-d2246fc99a24;<h4>What You Get</h4><ul><li><strong>Chosen Renown Level:</strong> Achieve your desired Assembly of the Deeps reputation rank quickly and effortlessly, up to the maximum level 25.</li><li><strong>Exclusive Mounts:</strong> Unlock both the coveted Cyan Glowmite and Crimson Mudnose mounts to ride in style.</li><li><strong>Profession Knowledge:</strong> Gain valuable Machine-Learned Mining, Engineering, and Inscription Notes for profession advancement immediately.</li><li><strong>Powerful Gear:</strong> Access item level 571–584 gear sets like Slag-Accruing, Noncandescent Smithing, Unmelting Ironworker, and Inflammable Forging.</li><li><strong>Cosmetics & Companions:</strong> Acquire unique cosmetics and the adorable Guacamole companion.</li><li><strong>All Loot Included:</strong> Keep every piece of gold, crafting material, and item gathered during the boost.</li><li><strong>Guaranteed Fast Completion:</strong> Our expert team ensures rapid progression, saving you countless hours of repetitive grind.</li><li><strong>Flexible & Secure Service:</strong> Choose between secure Account Sharing or Remote Control (Parsec) for a safe and convenient experience.</li></ul>;true;2025-12-12 08:47:16.632+00;2025-12-12 08:47:47.863+00;03765a40-f338-4035-a2ba-8928fff30834;2025-12-12 08:47:16.663686+00;2025-12-12 08:47:47.926816+00
1fd7f04c-0e69-4a0d-bf77-4204e9593630;bcf886c7-0731-4ff9-9fd0-98d38ff491e4;<h4>What You Get</h4><ul><li><b>Desired Gold Amount:</b> Receive the exact quantity of WoW Classic Era Gold you select, delivered safely and discreetly.</li><li><b>Rapid Fulfillment:</b> Experience fast delivery within 15 minutes of purchase and start time, getting you back in Azeroth sooner.</li><li><b>Eliminate the Grind:</b> Bypass tedious farming and reclaim your precious gaming time, allowing you to focus on exhilarating Classic content.</li><li><b>Enhanced Gameplay:</b> Easily afford epic gear, mounts, consumables, and upgrades, empowering your character for all challenges.</li><li><b>Affordable Rates & Value:</b> Enjoy competitive pricing and excellent value for your investment, freeing you from financial stress in-game.</li><li><b>Reliable & Secure Service:</b> Benefit from our experienced team's commitment to account security and efficient, customer-centric delivery.</li><li><b>Dedicated Support:</b> Access our customer service team for any questions or assistance, ensuring a smooth and satisfying experience.</li></ul>;true;2026-01-18 00:01:46.041+00;2026-01-18 00:01:57.292+00;03765a40-f338-4035-a2ba-8928fff30834;2026-01-18 00:01:46.075345+00;2026-01-18 00:01:56.996904+00
fcf5e15a-0cb2-40cc-96c0-a072b1e99644;3cbd020e-22ab-414d-9cd2-7b73a1dc5e3b;<h4>What You Get</h4><ul><li><b>Any Mechanic quest completed</b>, from early tasks to the full Gunsmith series, handled by Tarkov pros.</li><li><b>Faster access to high-tier weapon mods</b>, suppressors, magazines, and crucial ammunition via increased Mechanic loyalty.</li><li><b>Essential progression for your Hideout</b>, unlocking upgrades like the highly profitable Bitcoin Farm.</li><li><b>All quest rewards kept</b>, including roubles, XP, reputation, items, and fully modded weapons.</li><li><b>Expert sourcing of rare technical items and weapon parts</b>, saving you time and frustration.</li><li><b>Cost-effective quest completion</b> using smart routes and barters to minimize your invested roubles.</li><li><b>Manual, secure boosting</b> with no cheats or bots, ensuring account safety.</li><li>Optional <b>live stream</b> to observe the process and learn expert strategies.</li><li><b>Flexible scheduling and fast start times</b> (within 15 minutes) with Express options for quicker completion.</li></ul>;true;2025-12-14 19:42:08.02+00;2025-12-14 19:42:11.423+00;03765a40-f338-4035-a2ba-8928fff30834;2025-12-14 19:42:08.06485+00;2025-12-14 19:42:11.243847+00
1ec26e73-cd6d-4080-91bb-938df10544fa;2d246a3b-4d8e-4789-92d6-384d15904dec;<h4>What You Get</h4><ul><li>Your selected Darkfuse Solutions reputation level, up to Exalted, without the grind.</li><li>The prestigious <strong>Darkfuse Diplomat</strong> title unlocked upon reaching Exalted.</li><li>The rare <strong>Darkfuse Demolisher</strong> mount at Revered, and the <strong>Bronze Goblin Waveshredder</strong> at Paragon.</li><li>Access to exclusive cosmetics, powerful transmogs, and valuable gear pieces.</li><li>All gold, materials, and drops acquired during the boost are yours to keep.</li><li>Manual, secure boosting by skilled WoW players, ensuring safety and efficiency.</li><li>Flexible boosting options: secure Account Sharing or live Remote Control.</li><li>Fast service with a 15-minute start time and continuous progress updates.</li><li>Skip the repetitive Market Research farming and enjoy the rewards faster.</li></ul>;true;2025-12-12 08:47:28.875+00;2025-12-12 08:47:38.362+00;03765a40-f338-4035-a2ba-8928fff30834;2025-12-12 08:47:28.908449+00;2025-12-12 08:47:38.396759+00
dc3ea502-bbbe-4717-8d44-014f56dfc68b;dbe52b9e-9820-4068-8c15-1a0bf89b01c3;<h4>What You Get</h4><ul><li>Your chosen Blackwater Cartel reputation level, up to Exalted.</li><li>Exclusive faction rewards, including the <strong>Blackwater Shredder Deluxe Mk 2</strong> mount and <strong>Wavebreaker Mechasaur</strong> companion.</li><li>The <strong>Blackwater Undermine Tabard</strong>, unique faction toys (The Buzzer, Personal Fishing Barge), and cosmetic items.</li><li>All resources, currency, and materials collected during the boost.</li><li>A secure, efficient, and professional boosting experience – either via Account Sharing or Remote Control.</li><li>Save significant time and skip the repetitive reputation grind.</li><li>Progress towards the prestigious <strong>Trade-Duke</strong> title.</li><li>Fast completion and expert execution by professional WoW players.</li><li>Safe and confidential service using secure methods to protect your account.</li></ul>;true;2025-12-12 08:47:21.226+00;2025-12-12 08:47:44.28+00;03765a40-f338-4035-a2ba-8928fff30834;2025-12-12 08:47:21.260592+00;2025-12-12 08:47:44.313215+00
4590f137-1393-40fc-8dda-537fc431063e;a31f68cf-6d36-4827-8208-cbcf4053633b;<h4>What You Get</h4><ul><li>Your desired Cartel Renown level achieved efficiently by experienced boosters.</li><li>Access to the exclusive D.R.I.V.E. mount.</li><li>Unlocks for unique cosmetics, transmogs, and valuable in-game items.</li><li>All loot, gold, and drops collected during the boost remain entirely yours.</li><li>Quick results from manual play – no bots or automation.</li><li>Secure process with VPN safety and strict privacy measures.</li><li>Full transparency with updates and progress notifications.</li><li>Expert boosters with in-depth knowledge of The War Within reputation.</li><li>Flexible boosting methods: secure Account Sharing or Remote Control.</li><li>Start your boost in just 15 minutes.</li></ul>;true;2025-12-12 08:47:18.645+00;2025-12-12 08:47:46.692+00;03765a40-f338-4035-a2ba-8928fff30834;2025-12-12 08:47:18.677731+00;2025-12-12 08:47:46.719643+00
a9ded123-aec5-4a1a-8618-0cfa87bf2365;b1f5a3aa-8c2f-4e70-bbd3-fd2082134d23;<h4>What You Get</h4><ul><li>Full 5/5 clear of the Hyjal Summit 25-player raid, including Archimonde's defeat.</li><li>Guaranteed at least 2 specific items, potentially including Tier 6 pieces for head and hands.</li><li>Access to potent 141-151 ilvl gear essential for TBC Phase 3 progression.</li><li>Optional: Priority on all drops for your class and specialization during the run.</li><li>Expert coordination, efficient clear times, and secure account practices.</li><li>Optional attunement assistance for immediate raid access.</li><li>24/7 client support for a smooth experience.</li><li>Guaranteed success: We'll run until your promised items are secured.</li><li>Elevate your TBC Anniversary experience and dominate Mount Hyjal.</li></ul>;true;2026-01-10 20:48:49.348+00;2026-01-10 20:49:21.77+00;03765a40-f338-4035-a2ba-8928fff30834;2026-01-10 20:48:49.405272+00;2026-01-10 20:49:08.23279+00
2f6a8590-e0e3-450c-87a4-849734836560;9a7ceb21-f4e7-4092-ac09-b55d43c5b5e9;<h4>What You Get</h4><ul><li><b>Desired Badges of Justice:</b> Your chosen amount of this pivotal currency, guaranteed for rapid epic gear acquisition.</li><li><b>Efficient Dungeon & Raid Runs:</b> Multiple Burning Crusade heroic dungeons completed, ensuring maximum badges per hour.</li><li><b>Valuable Gear Opportunities:</b> Direct chances at early TBC epic gear drops during farm runs.</li><li><b>Passive Reputation Gains:</b> Accumulate reputation with various TBC factions while we farm.</li><li><b>Time-Saving Service:</b> Skip the monotonous grind with optimized routes and speed-running tactics.</li><li><b>Dual Progression:</b> Achieve badges, reputation, and gear simultaneously, preparing you for Sunwell and beyond.</li><li><b>Account Security:</b> All farming is performed manually by skilled players, ensuring your account's safety.</li><li><b>Guaranteed Results:</b> We ensure the delivery of your chosen Badge of Justice quantity.</li><li><b>Fast Start:</b> Service begins within 15 minutes of your order.</li></ul>;true;2026-01-19 09:55:06.064+00;2026-01-19 09:55:33.273+00;03765a40-f338-4035-a2ba-8928fff30834;2026-01-19 09:55:06.102781+00;2026-01-19 09:55:33.501556+00
50fb5e39-9816-4aa7-ba9a-1101880acdb9;38c4e42e-ec62-4e02-8392-4eee304a48ab;"<h4>What You Get</h4><ul><li><b>Guaranteed Swift White Hawkstrider Mount:</b> We farm Heroic Magisters' Terrace repeatedly until this rare legendary mount from Kael'thas is yours.</li><li><b>Persistent & Efficient Farming:</b> Our team performs daily clears to maximize drop chances, saving you weeks or months of personal grind.</li><li><b>All Rare Loot & Gold:</b> You keep all valuable items, recipes, and currency acquired during the farming process, maximizing your overall gains.</li><li><b>Time-Saving Solution:</b> Avoid the daily grind for a low-percentage drop; let our professionals effortlessly add this iconic TBC mount to your collection.</li><li><b>Secure & Private Service:</b> Your account security and privacy are our top priorities throughout the boost.</li></ul>";true;2026-01-27 15:44:01.103+00;2026-01-27 15:44:47.972+00;03765a40-f338-4035-a2ba-8928fff30834;2026-01-27 15:44:01.174003+00;2026-01-27 15:44:48.877197+00
e3b42fd9-3089-4b9a-9d60-4cdc02b63959;552d3240-9162-404d-b94d-aba803b756a0;<h4>What You Get</h4><ul><li><strong>Full Raid Completion:</strong> Seamless clear of March on Quel'Danas Normal (2/2 bosses defeated) by professional, veteran teams.</li><li><strong>Champion-tier Gear:</strong> Multiple opportunities for valuable loot from boss drops, with extra loot trading options available.</li><li><strong>Great Vault Eligibility:</strong> Qualify for weekly Great Vault rewards upon full raid completion.</li><li><strong>All Achievements:</strong> Unlock every associated achievement for defeating both bosses in Normal mode.</li><li><strong>Effortless Progression:</strong> Avoid group-finding stress and raid complexities with guaranteed results and flexible scheduling.</li><li><strong>Secure Character Advancement:</strong> Boost your character's power and achievements without guild commitments or repeated attempts.</li></ul>;true;2026-01-28 10:59:33.656+00;2026-01-28 10:59:57.502+00;03765a40-f338-4035-a2ba-8928fff30834;2026-01-28 10:59:33.732388+00;2026-01-28 10:59:57.027794+00
e4ca8004-9496-4e2c-8d5e-e9a8c3cb6719;d38d288b-fa64-49e4-941a-269b031a93bb;<h4>What You Get</h4><ul><li>Rapid Season Rank progression from your current rank up to Rank 7.</li><li>Full completion of all required Season Journey objectives for your chosen ranks.</li><li>Early access to Smoldering Ashes for powerful Season Blessings.</li><li>Accelerated Favor gain to quickly level up your Season Pass.</li><li>All Rank-based seasonal rewards unlocked, including exclusive items, cosmetics, titles, and bonuses.</li><li>Skipped grind, avoiding time-gated or frustrating objectives.</li><li>A clean upgrade to your seasonal character without personal effort.</li><li>Fast, legitimate, and safe boosting handled by professional Diablo 4 experts.</li><li>Optional VPN usage for added security, matching your region.</li><li>24/7 customer support via live chat and Discord for any questions.</li></ul>;true;2025-12-15 09:17:42.405+00;2025-12-15 09:17:49.113+00;03765a40-f338-4035-a2ba-8928fff30834;2025-12-15 09:17:42.431738+00;2025-12-15 09:17:49.183236+00
7440dd17-c9e7-45f1-bb7e-948acb873fae;1c973700-9f33-40fc-ace2-c42dcc6d9c5f;"<h4>What You Get</h4><ul><li><strong>Max Renown Level:</strong> Achieve the highest Flame’s Radiance Renown tier quickly and effortlessly.</li><li><strong>Exclusive Rewards Unlocked:</strong> Gain immediate access to all faction rewards, including high-end gear, stunning mounts, unique transmogs, and cosmetics.</li><li><strong>""Radiant Heart"" Achievement:</strong> Automatically earn this prestigious achievement upon reaching maximum Renown.</li><li><strong>Time-Saving Convenience:</strong> Skip the repetitive grind and let our experts handle all progression.</li><li><strong>100% Manual Boosting:</strong> All tasks are completed by hand by experienced WoW professionals; no bots or automation.</li><li><strong>Full Transparency & Security:</strong> Enjoy real-time progress tracking, VPN protection, and secure account handling.</li><li><strong>Flexible & Fast Service:</strong> Our boost starts within 15 minutes, with remote control or account sharing options available.</li></ul>";true;2025-12-12 08:47:32.551+00;2025-12-12 08:47:35.597+00;03765a40-f338-4035-a2ba-8928fff30834;2025-12-12 08:47:32.584235+00;2025-12-12 08:47:35.636232+00
ac644428-083a-4bad-9e33-017aafcfb549;a89421be-41f3-4e6e-bdd8-d69885fa9cdc;<h4>What You Get</h4><ul><li><strong>Desired Renown Level:</strong> Rapidly achieve your target Renown with your chosen Covenant, up to Level 80 for all Shadowlands rewards.</li><li><strong>Exclusive Covenant Rewards Unlocked:</strong> Gain access to unique flying mounts, new titles, achievements, cosmetic sets (transmogs), powerful legendary powers, and additional companions.</li><li><strong>Enhanced Character Power:</strong> Unlock and upgrade Soulbind traits and conduit slots, significantly boosting your character's capabilities.</li><li><strong>Full Shadowlands Progress:</strong> Completion of essential weekly activities and Covenant campaign chapters necessary for Renown.</li><li><strong>Skip the Grind:</strong> Avoid tedious and time-consuming weekly quests and content, allowing you to enjoy the game's challenging aspects.</li><li><strong>Flexible & Secure Boosting:</strong> Choose between secure Account Sharing or Remote Control (via Parsec) with guaranteed legitimate in-game methods.</li><li><strong>Fast Start Time:</strong> Your boost begins within 15 minutes of your order.</li></ul>;true;2025-12-12 08:47:25.419+00;2025-12-12 08:47:40.25+00;03765a40-f338-4035-a2ba-8928fff30834;2025-12-12 08:47:25.452958+00;2025-12-12 08:47:40.281299+00
5cc21722-0cf3-47c5-906a-f27c9fb9111f;068cc2ac-5cc0-4749-ae33-ce552ff6f788;<h4>What You Get</h4><ul><li><b>Reach Desired Level:</b> Your character leveled up to 100, skipping the grind and accelerating your endgame access.</li><li><b>Retain All Loot:</b> Keep all valuable items, currency, and gear acquired during the leveling process.</li><li><b>Time Efficiency:</b> Significantly reduce hours spent on repetitive campaign progression, fast-tracking high-tier content.</li><li><b>Expert & Secure Service:</b> Benefit from our experienced boosters' optimal routes and robust security protocols for a reliable, safe boost.</li><li><b>Flexible Playstyle Options:</b> Choose between secure piloted or self-play (if available) for your convenience.</li><li><b>Dedicated 24/7 Support:</b> Around-the-clock customer service for any questions or concerns.</li><li><b>Fast Start:</b> Service begins in just 15 minutes.</li></ul>;true;2025-12-29 22:52:39.654+00;2025-12-29 22:52:43.519+00;03765a40-f338-4035-a2ba-8928fff30834;2025-12-29 22:52:39.688935+00;2025-12-29 22:52:42.896174+00
ef712a9e-540e-4f07-945a-86afc0ebcee6;e7fd6a38-9232-4e6e-8822-98a31c79d09b;<h4>What You Get</h4><ul><li><b>Guaranteed Trinket Drop:</b> We commit to weekly Karazhan Terestian Illhoof kills until The Lightning Capacitor is secured for you.</li><li><b>Illhoof-Only Runs:</b> Efficiently farm the specific boss without needing full Karazhan clears.</li><li><b>No Loot Competition:</b> Focus solely on acquiring your trinket without other players rolling on it.</li><li><b>Timeless Damage Scaling:</b> Unlock continuous, unhindered bonus spell damage that scales dramatically with gear.</li><li><b>Best-in-Slot Potential:</b> An undeniable BIS item for high-crit Elemental Shamans, Destruction Warlocks, and Fire/Arcane Mages.</li><li><b>Efficient Farming:</b> Avoid the frustration of random pug groups and inconsistent Karazhan clears.</li><li><b>Time-Saving:</b> Eliminate full raid commitments, focusing only on the target boss for maximum efficiency.</li><li><b>Zero RNG Risk:</b> Our service guarantees you will receive TLC, no matter how many runs it takes.</li><li><b>Professional Boosters:</b> Rely on veteran TBC raid leaders for smooth and reliable execution.</li><li><b>Dedicated Support:</b> Our team is available to assist you throughout the process.</li></ul>;true;2026-01-12 16:59:15.16+00;2026-01-12 16:59:38.451+00;03765a40-f338-4035-a2ba-8928fff30834;2026-01-12 16:59:15.217739+00;2026-01-12 16:59:39.058835+00
b2564f74-58ed-4cb5-bbe7-0a5e9478cf56;699170a3-66e3-4147-b41f-5ff8e0756876;<h4>What You Get</h4><ul><li><b>Guaranteed Amani War Bear:</b> Successfully acquire this prestigious and rare ground mount from the Zul'Aman timed challenge.</li><li><b>Elite Status:</b> Solidify your standing among Azeroth's elite with a visible badge of honor that signifies mastery of demanding TBC encounters.</li><li><b>Dedicated & Expert ZA Teams:</b> Benefit from our specialized speed-clear raid teams with proven success and optimized routes for efficient Zul'Aman runs.</li><li><b>No Loot Competition:</b> Focus entirely on securing your mount without the hassle of competing for other items.</li><li><b>Consistent Availability:</b> Access regular weekly ZA Bear Runs for timely mount acquisition.</li><li><b>Flexible Options:</b> Choose between playing yourself (Selfplay) or convenient account sharing (Piloted).</li><li><b>Fast Start:</b> Your service begins in as little as 15 minutes.</li><li><b>Region Support:</b> Services available for both EU and US servers.</li><li><b>Limited-Era Collectible:</b> Own a unique mount whose value and prestige will only grow before Wrath of the Lich King Classic.</li></ul>;true;2026-01-19 09:55:44.691+00;2026-01-19 09:56:05.275+00;03765a40-f338-4035-a2ba-8928fff30834;2026-01-19 09:55:44.724221+00;2026-01-19 09:56:05.504481+00
be1c95a3-9c4e-4aa0-87c6-919cb40bc0f5;0fbda896-84fd-448d-920f-d9d8765d81ac;<h4>What You Get</h4><ul><li><strong>Guaranteed Raven Lord Mount:</strong> Our dedicated team farms Heroic Sethekk Halls daily until the Reins of the Raven Lord drop from Anzu, ensuring this prestigious mount is added to your collection.</li><li><strong>Retain All Loot & Gold:</strong> Any gold, items, or other valuable drops acquired during the Sethekk Halls clears are yours to keep.</li><li><strong>Lower City Reputation Gains:</strong> All reputation earned with the Lower City faction during the farming process remains with your character.</li><li><strong>Expert & Efficient Service:</strong> Professional players handle the tedious daily grind, including specific Druid summoning rituals, saving you significant time and effort.</li><li><strong>Flexible & Secure Options:</strong> Choose between piloted boosts with optional live streams for real-time progress monitoring, ensuring a secure and discreet service tailored to your convenience.</li><li><strong>Avoid Tedious Grind:</strong> Bypass the daily lockout, group finding, and RNG frustrations, acquiring this highly sought-after mount without the monotonous farm.</li></ul>;true;2026-01-27 15:44:30.674+00;2026-01-27 15:44:54.472+00;03765a40-f338-4035-a2ba-8928fff30834;2026-01-27 15:44:30.721541+00;2026-01-27 15:44:55.392071+00
c4b57c7f-d35b-40ab-985d-fa191bdcf882;d2a23228-16f7-48cf-b7d2-d9263cebd655;"<h4>What You Get</h4><ul><li>Chosen Hallowfall Arathi Renown rank, skipping the grind of quests and world events.</li><li>Access to exclusive mounts like Shackled Shadow, Vermillion Imperial Lynx, and Dauntless Imperial Lynx.</li><li>High ilvl gear (584–597) from Veteran and Champion tier armor sets.</li><li>Unique cosmetics, battle pets, toys, and transmogs (e.g., Earth-Encrusted Gem set).</li><li>Profession recipes (Enchanting, Jewelcrafting, Leatherworking) and other rare collectibles.</li><li>All gold, materials, and loot earned during the boost.</li><li><strong>Guaranteed completion</strong> of the ""Spreading the Light"" world event (if applicable), including Lamplighter Supply Satchels.</li><li>Flexible boost options: Account Sharing for hands-off progression or Remote Control to watch live.</li><li>Fast start within 15 minutes, with safe and efficient renown progression by professional boosters.</li></ul>";true;2025-12-12 08:47:27.23+00;2025-12-12 08:47:39.152+00;03765a40-f338-4035-a2ba-8928fff30834;2025-12-12 08:47:27.263242+00;2025-12-12 08:47:39.184022+00
1a85210b-45b0-4dc1-a78e-fce154024323;2dec039d-20db-4e0e-be07-f4de8cdc9d24;<h4>What You Get</h4><ul><li><strong>Full Season of Divine Intervention Campaign Completion:</strong> Story finished fast, no grinding required.</li><li><strong>Unlocked Seasonal Features:</strong> Instant access to Sanctification, Divine Gifts, new Blessings, and updated item systems.</li><li><strong>Optimized Character Start:</strong> Be ready for Helltides, Invasions, World Bosses, and endgame content immediately.</li><li><strong>Save Hours of Repetitive Tasks:</strong> Skip early-season questing and dive straight into the fun.</li><li><strong>Fast & Reliable Delivery:</strong> Boosters start in 15 minutes and complete the service quickly.</li><li><strong>100% Safe & Legitimate Service:</strong> Manual play only by experienced Diablo 4 pros, with secure methods.</li><li><strong>24/7 Support:</strong> Live chat and Discord assistance for any questions or updates.</li><li><strong>Strong Start to Season 11:</strong> Maximum power and smooth progression into endgame activities.</li></ul>;true;2025-12-15 09:17:44.32+00;2025-12-15 09:17:47.867+00;03765a40-f338-4035-a2ba-8928fff30834;2025-12-15 09:17:44.349396+00;2025-12-15 09:17:47.937026+00
a23a2dbc-d9cc-4bac-ade3-b382fa634703;23ca6e2d-0836-48f1-b018-68d93106b50e;<h4>What You Get</h4><ul><li><b>Guaranteed 6/6 Serpentshrine Cavern Clear:</b> Secure a full completion of this challenging 25-player TBC raid, including the critical Lady Vashj kill.</li><li><b>At Least 3 Gear Pieces:</b> Walk away with a minimum of three high-ilvl gear items, including valuable Tier 5 helm, gloves, or leg tokens for significant character progression.</li><li><b>Expertly Handled Loot:</b> Our professional team ensures efficient clears and optimal loot distribution, with an optional Full Loot Priority for all eligible gear.</li><li><b>Save Time & Skip the Grind:</b> Bypass the struggle of forming consistent groups on fresh Anniversary realms and get straight to the rewards.</li><li><b>Prepare for Future Raids:</b> Equip your character with top-tier SSC gear, essential for confidently tackling Black Temple and Mount Hyjal.</li><li><b>Flexible & Secure Service:</b> Choose between Piloted or Selfplay modes, with added options like Live Stream for a tailored and transparent experience.</li></ul>;true;2026-01-10 20:51:36.033+00;2026-01-10 20:52:00.936+00;03765a40-f338-4035-a2ba-8928fff30834;2026-01-10 20:51:36.083248+00;2026-01-10 20:51:47.327095+00
c5c3ff4e-35fb-4c50-b7ee-4eb501fc124e;f6087ad0-94c2-4cdb-a770-23ed9d2cf729;<h4>What You Get</h4><ul><li>Guaranteed Level 15 (Flea Market Unlocked) fast, often within 15 minutes of order.</li><li>Full access to player-driven marketplace: buy/sell items, quest items, and meta gear freely.</li><li>All Roubles, items, and quest rewards earned during the boost remain on your account.</li><li>Build powerful meta weapons and buy high-value keys/keycards for lucrative runs.</li><li>100% safe, manual gameplay – no cheats, bots, or risky software.</li><li>Skip the painful early-game grind and start advanced gameplay immediately.</li><li>Experienced early-wipe specialists ensure efficient, secure, and transparent service.</li><li>Option for Express completion to prioritize your unlock.</li></ul>;true;2025-12-12 08:48:57.073+00;2025-12-12 08:49:07.001+00;03765a40-f338-4035-a2ba-8928fff30834;2025-12-12 08:48:57.104729+00;2025-12-12 08:49:07.040262+00
b52ed63c-4a7b-4e04-aece-229250bffefc;2083c85e-8ea9-4018-9d70-e5844dca7936;<h4>What You Get</h4><ul><li><strong>Your Desired PMC Level:</strong> Fast-track to any target level, from Flea Market access (Level 15) to max traders (Level 42).</li><li><strong>Unrestricted Gameplay:</strong> Unlock all high-tier trader inventory, advanced quests, and crucial Hideout upgrades instantly.</li><li><strong>Flea Market Access:</strong> Rapidly reach Level 15 to dominate the player-driven economy.</li><li><strong>Maximized XP & Loot Retention:</strong> Our experts optimize routes for peak XP gain, and you keep all Roubles, gear, keys, and valuable items found.</li><li><strong>Quest Completion:</strong> Efficient completion of entry-level and advanced quests, ensuring rapid progression.</li><li><strong>100% Safe & Manual Service:</strong> All leveling is performed manually by Tarkov experts using strict security protocols (incl. VPNs), with no bots or cheats.</li><li><strong>Flexible & Fast Delivery:</strong> Choose between Piloted or optional Streamed service, with Express options for accelerated starts (within 15 minutes).</li><li><strong>Dedicated Support:</strong> 24/7 live support for progress updates and assistance.</li></ul>;true;2025-12-12 08:48:51.029+00;2025-12-12 08:49:10.534+00;03765a40-f338-4035-a2ba-8928fff30834;2025-12-12 08:48:51.062302+00;2025-12-12 08:49:10.567994+00
091894bb-5f2b-4c4b-a058-e759b7401751;0020f314-d0a1-4d89-98b2-aeec0aaa87fb;<h4>What You Get</h4><ul><li><b>Permanent Account Rewards:</b> Unlock exclusive benefits like a permanent +5% skill buff and unique cosmetics that persist every wipe.</li><li><b>Complete Prestige Unlock:</b> Fulfill all criteria for the ultimate Tarkov achievement, handled by our elite operators.</li><li><b>The Collector & Kappa Container:</b> Guaranteed completion of all necessary questlines, including 'The Collector.'</li><li><b>Endgame Leveling:</b> Your PMC boosted to Level 55+ and completion of 'A New Beginning' (all boss figurines).</li><li><b>Secure & Manual Service:</b> Long-term boost executed with strict security protocols, premium VPNs, and 100% manual gameplay by top 1% players.</li><li><b>Transparency & Updates:</b> Receive regular progress updates, with optional live streaming of your boost.</li><li><b>Flexible Delivery:</b> Start your journey to Prestige as fast as 15 minutes with Express Speed options available.</li></ul>;true;2025-12-12 08:48:45.816+00;2025-12-12 08:49:12.887+00;03765a40-f338-4035-a2ba-8928fff30834;2025-12-12 08:48:45.853322+00;2025-12-12 08:49:12.914734+00
6bd6a32d-b1b5-40d5-a7ec-1f09318868c0;b79d7b26-bfd2-4ac5-8750-b151ec36ca75;<h4>What You Get</h4><ul><li><strong>Maximized Fence Reputation:</strong> Achieve your desired Scav Karma, up to 6.0+, for ultimate in-game advantages.</li><li><strong>Friendly Bosses & Guards:</strong> Walk freely among Scav bosses and even receive combat assistance.</li><li><strong>Drastically Reduced Cooldowns:</strong> Run more Scav raids per hour, maximizing your roubles and loot.</li><li><strong>Superior Loadouts:</strong> Always spawn with high-tier armor, weapons, and valuable items like Labs Keycards.</li><li><strong>Cheaper PMC Extracts:</strong> Unlock significant discounts on Vehicle Extracts for your main character.</li><li><strong>Negative Karma Repair:</strong> Expertly fix ruined reputations from accidental friendly fire.</li><li><strong>Access to Elite Shops:</strong> At max rep, gain access to Fence's exclusive shop with uninsured, high-tier gear.</li><li><strong>100% Manual & Safe Service:</strong> All karma earned legitimately by veteran players, no bots or exploits.</li><li><strong>Piloted Boost:</strong> Professional boosters log in and efficiently grind reputation for you.</li><li><strong>Flexible & Fast Delivery:</strong> Services start in 15 minutes with Express options for prioritized completion.</li></ul>;true;2025-12-12 08:48:43.704+00;2025-12-12 08:49:14.22+00;03765a40-f338-4035-a2ba-8928fff30834;2025-12-12 08:48:43.736303+00;2025-12-12 08:49:14.261235+00
ea216a90-793d-49a3-bf04-156a415a6213;4a47d637-ebb6-4913-b546-8061acff7ab4;"<h4>What You Get</h4><ul><li><strong>Ready-to-Use Bitcoin Farm:</strong> A fully unlocked and constructed Bitcoin Farm Level 1 with 10 empty graphics card slots, ready for passive income generation.</li><li><strong>Optimized Hideout Foundation:</strong> Key hideout modules upgraded (Nutrition Unit, Lavatory, Security, Illumination, Medical Station to Level 3; Intelligence Center, Water Collector, Stash, Generator, Vents to Level 2) for maximum efficiency and future scaling.</li><li><strong>Significant Roubles & Loot:</strong> Keep all valuable in-game currency and items acquired by our boosters during the progression process.</li><li><strong>Time-Saving & Effortless Setup:</strong> Skip the competitive grind for materials, complex upgrades, and confusing hideout optimization. Log in to a fully prepared, future-proof hideout.</li><li><strong>Long-Term Passive Income:</strong> Establish a stable in-game economy, allowing you to fund gear, keys, and meta builds without constant manual farming.</li><li><strong>Manual & Secure Service:</strong> All progression is done by hand, guaranteeing account safety without the use of cheats or macros.</li><li><strong>Flexible & Fast Start:</strong> Account sharing for comprehensive setup, with service commencement within 15 minutes of ordering.</li></ul>";true;2025-12-12 08:48:53.145+00;2025-12-12 08:49:09.178+00;03765a40-f338-4035-a2ba-8928fff30834;2025-12-12 08:48:53.193558+00;2025-12-12 08:49:09.21208+00
cd98c5d7-6c3b-48e2-a9d4-2bdaeb230795;4c970447-5caa-47d5-b1f5-3bdbb157c541;<h4>What You Get</h4><ul><li>Any chosen BTR Driver quest completed, from introductory to advanced.</li><li>Unlocks discounted BTR rides, expanded storage, and powerful new tactical support options.</li><li>Access to exclusive gear, valuable barters, and unique BTR-related rewards.</li><li>Significant progress for high-end quests like Collector and other Kappa-related objectives.</li><li>All loot, roubles, and items acquired during the boost remain on your account.</li><li>Increased BTR Driver reputation, leading to better prices and expanded available services.</li><li>A fully managed, secure service by Streets of Tarkov veterans, ensuring efficiency and safety.</li><li>Optional livestream to observe the entire process in real-time.</li></ul>;true;2025-12-16 17:27:08.449+00;2025-12-16 17:27:19.104+00;03765a40-f338-4035-a2ba-8928fff30834;2025-12-16 17:27:08.480483+00;2025-12-16 17:27:19.237246+00
5346b048-b49d-4d00-93bc-fdf9d5b27ab5;c44e51a6-6928-4e15-9740-8ddf01790e56;<h4>What You Get</h4><ul><li><strong>Full Prapor Questline Completion:</strong> From 'Debut' to the demanding 'Punisher' series, all quests are expertly handled.</li><li><strong>Rapid Loyalty Progression:</strong> Fast track to Prapor's Loyalty Level 4 for access to top-tier AKs, powerful ammo (7.62 BP, 5.45 BS/Igolnik), and grenades.</li><li><strong>Epsilon Secure Container Unlocked:</strong> Progress towards or full unlock of this crucial container, securing your valuable loot.</li><li><strong>All Quest Rewards Retained:</strong> Keep all roubles, XP, reputation, and item drops earned during the boost.</li><li><strong>Expert Progression & Safety:</strong> Our experienced pros conquer all objectives across key maps, ensuring a secure and efficient boost.</li><li><strong>Flexible & Transparent Service:</strong> Choose Piloted or Selfplay, with an optional live stream to watch your progress.</li><li><strong>Early Wipe Advantage:</strong> Gain a significant head start with a strong arsenal and foundation, avoiding the grind and securing essential unlocks faster.</li></ul>;true;2025-12-12 08:49:27.015+00;2025-12-12 08:49:32.328+00;03765a40-f338-4035-a2ba-8928fff30834;2025-12-12 08:49:27.043413+00;2025-12-12 08:49:32.363583+00
33a019db-7696-463e-814f-94085bb1d1d4;646cb4f6-404c-47e9-b2e5-36b9d5bd4eed;<h4>What You Get</h4><ul><li><strong>Guaranteed Trial Completion:</strong> Secure completion of your chosen Ascension Trials, from 1st to 4th.</li><li><strong>Up to 8 Ascendancy Points Unlocked:</strong> Power up your character with vital subclass abilities, instantly enhancing your build.</li><li><strong>All Loot Retained:</strong> Keep every piece of loot, gear, and currency acquired during the boost.</li><li><strong>Skip Frustration & Time Saved:</strong> Avoid challenging traps and bosses, letting you focus on enjoying other aspects of PoE 2.</li><li><strong>Professional & Secure Service:</strong> Expert boosters ensure a safe and smooth experience with flexible Piloted or Self-Play options.</li><li><strong>Rapid Start:</strong> Your service begins within just 15 minutes, with an Express option for even faster results.</li><li><strong>Instant Power Boost:</strong> Drastically improve your character's power and versatility without the grind.</li></ul>;true;2025-12-31 16:29:52.368+00;2025-12-31 16:29:57.252+00;03765a40-f338-4035-a2ba-8928fff30834;2025-12-31 16:29:52.409991+00;2025-12-31 16:29:57.728176+00
343e7087-a498-42b2-818a-149758e146ac;5fe1ac9c-7383-4cda-81c3-53f8baa62cab;<h4>What You Get</h4><ul><li><strong>Guaranteed Lighthouse Raid Completion:</strong> Achieve your objectives on this challenging map, whether it's farming Rogues, hunting the Goon Squad, or securing high-tier loot.</li><li><strong>High-Tier Loot & Quest Progress:</strong> Keep all extracted gear, rare items, and advance your Lighthouse-related quests and Lightkeeper tasks.</li><li><strong>Expert Rogue & Boss Handling:</strong> Our specialists will clear USEC Rogues from the Water Treatment Plant and help you take down the Goon Squad safely and efficiently.</li><li><strong>Flexible Boost Options:</strong> Choose between Piloted (we play for you) or Selfplay (you play with us) to match your preference and learn from the best.</li><li><strong>Safe & Secure Service:</strong> All services are manual, security-focused, and designed to help you navigate Tarkov's most dangerous endgame location without frustration.</li><li><strong>24/7 Live Support:</strong> Our team is always available to plan your runs, adjust goals, and provide updates.</li></ul>;true;2025-12-12 08:49:46.546+00;2025-12-12 08:50:26.252+00;03765a40-f338-4035-a2ba-8928fff30834;2025-12-12 08:49:46.581787+00;2025-12-12 08:50:26.302838+00
b44a4446-f19f-4e0f-9edd-afd4a27ea58f;1d415097-cb58-4470-a8e5-3316a1453fd7;<h4>What You Get</h4><ul><li><strong>Guaranteed 4/4 Tempest Keep Clear:</strong> Full completion of the 25-player raid, including Kael'thas Sunstrider.</li><li><strong>At Least Two Gear Items:</strong> Secure valuable 128-134 ilvl gear and crucial Tier 5 set pieces.</li><li><strong>Tier 5 Shoulder & Chest Tokens:</strong> Essential tokens to complete your powerful Tier 5 sets.</li><li><strong>Chance at Ashes of Al'ar:</strong> A rare opportunity to obtain the legendary mount from Kael'thas.</li><li><strong>Full Loot Priority Option:</strong> Choose to receive all dropped gear suitable for your class and spec.</li><li><strong>Expert Teams:</strong> Play with or be carried by highly experienced, efficient raid teams.</li><li><strong>Flexible Options:</strong> Select Piloted or Selfplay to fit your playstyle and schedule.</li><li><strong>Fast Start & Delivery:</strong> Begin your boost in approximately 15 minutes with flexible completion times.</li><li><strong>Time-Saving Convenience:</strong> Bypass group finding and coordination for instant rewards.</li></ul>;true;2026-01-10 20:54:14.662+00;2026-01-10 20:54:39.237+00;03765a40-f338-4035-a2ba-8928fff30834;2026-01-10 20:54:14.698142+00;2026-01-10 20:54:25.646453+00
89197d26-63a3-4c9e-8bf5-d04092890ec1;c91a2fe3-65dc-4d2d-9fea-31f0db78b197;<h4>What You Get</h4><ul><li>Guaranteed defeat of Heroic Chimaerus, the Undreamt God, without the typical raid preparation.</li><li>Direct acquisition opportunities for powerful Heroic gear, including the coveted Gaze of the Alnseer Trinket and Tier Set chest pieces.</li><li>Exclusive Ahead of the Curve: Chimaerus Feat of Strength achievement, showcasing your raiding prowess.</li><li>Eligibility for valuable Great Vault rewards from your weekly completion.</li><li>Effortless completion by joining a team of experienced professional raiders.</li><li>Flexible scheduling tailored to your availability, with a start time as fast as 15 minutes.</li><li>Skip the hassle of guild organization and repeated attempts while securing high-end rewards.</li></ul>;true;2026-01-28 10:45:26.214+00;2026-01-28 10:45:56.435+00;03765a40-f338-4035-a2ba-8928fff30834;2026-01-28 10:45:26.267247+00;2026-01-28 10:45:55.970347+00
b3abb2bc-eac7-4862-8fc3-d76cd97c69c5;3394c522-8d04-4e09-bcee-060ee937b52b;"<h4>What You Get</h4><ul><li><strong>Chosen Achievements Unlocked:</strong> Select any specific achievements, and our experts will complete them efficiently.</li><li><strong>Substantial Roubles & Unique Loot:</strong> Naturally obtain large amounts of in-game currency and valuable items during the boost.</li><li><strong>Significant Character & Skill XP:</strong> Gain valuable experience for your PMC and individual skills, strengthening your character.</li><li><strong>Access to New Rewards & Content:</strong> Unlock additional quests, better trader loyalty, exclusive gear, weapons, and currencies tied to achievement completion.</li><li><strong>Streamed Progress (Optional):</strong> Watch our booster complete your achievements in real-time for full transparency.</li><li><strong>Flexible & Tailored Service:</strong> Our boost is fully customizable to your specific goals, whether it's one achievement or broad progression.</li><li><strong>Time & Effort Saved:</strong> Avoid the brutal grind; our seasoned EFT specialists handle the toughest challenges for you safely and professionally.</li></ul>";true;2025-12-12 08:48:55.094+00;2025-12-12 08:49:08.026+00;03765a40-f338-4035-a2ba-8928fff30834;2025-12-12 08:48:55.121285+00;2025-12-12 08:49:08.086912+00
29d27b22-61d4-4e5b-b532-efffcefedc68;7ed9c712-1ffc-4460-ab87-09573dd48e42;<h4>What You Get</h4><ul><li>Any Peacekeeper quest completed, from early “Friend from the West” to the multi-part “Wet Job” chain</li><li>Rapid progress towards unlocking and buying top-tier NATO weapons (M4A1, HK 416), high-performance 5.56mm & .308 ammo, and a wide range of NATO optics and attachments.</li><li>Boosted Peacekeeper reputation and loyalty, with a direct path toward Loyalty Level 4.</li><li>All difficult PMC elimination tasks and high-risk missions (e.g., Shoreline Resort) handled by professional, experienced PvP players.</li><li>All loadout and gear requirements covered by our team, including specific UN helmets and armor.</li><li>Guaranteed completion with all rewards remaining on your account: US Dollars, XP, reputation, and quest items.</li><li>Flexible Piloted or Selfplay options, plus an optional Stream to watch your boost live.</li><li>Responsive 24/7 support via chat or Discord from a trusted provider with years of Tarkov boosting experience.</li></ul>;true;2025-12-12 08:49:28.687+00;2025-12-12 08:49:31.232+00;03765a40-f338-4035-a2ba-8928fff30834;2025-12-12 08:49:28.722599+00;2025-12-12 08:49:31.281259+00
da3759a7-2ed1-4cc6-b575-1b65b01d3092;dc51aea4-aa84-4b8c-80ca-fd92ef06881a;"<h4>What You Get</h4><ul><li><strong>Complete Any Jaeger Quest:</strong> From initial unlocks to the full Tarkov Shooter series, our experts handle every frustrating condition like tremor kills, broken limb requirements, and long-range bolt-action eliminations.</li><li><strong>Rapid Loyalty Advancement:</strong> Significantly increase your Jaeger loyalty, gaining access to top-tier ammo (.338 Lapua Magnum), thermal scopes, and essential barter trades up to Loyalty Level 4.</li><li><strong>Kappa Container Progress:</strong> Fulfill a major set of required quests, bringing you closer to unlocking the prestigious Kappa Secure Container.</li><li><strong>Valuable Barters & Hideout Items:</strong> Unlock crucial trades for meta gear, scopes, survival tools, and acquire important hideout upgrade components.</li><li><strong>All Rewards Kept:</strong> Retain all acquired XP, roubles, reputation, and quest-specific items directly on your account.</li><li><strong>Flexible Service Options:</strong> Choose between Piloted (we play for you) or Selfplay (we guide you), with an optional live stream to watch the action.</li><li><strong>100% Manual Completion:</strong> Guaranteed no cheats, bots, or unsafe software; experienced Tarkov players handle every task with skill and patience.</li><li><strong>Fast Start & Support:</strong> Services begin in just 15 minutes, backed by fast, friendly support for any custom requests.</li></ul>";true;2025-12-12 08:49:22.638+00;2025-12-12 08:49:34.528+00;03765a40-f338-4035-a2ba-8928fff30834;2025-12-12 08:49:22.66838+00;2025-12-12 08:49:34.56261+00
4f340355-9b09-4c8e-abe0-2d05e3d74c7b;bf24b415-4b2d-4980-bb0e-fac51bc02803;<h4>What You Get</h4><ul><li><b>Full Lightkeeper Questline Completion:</b> We handle every task, from prerequisites to the final missions, unlocking access to this exclusive trader.</li><li><b>Exclusive Endgame Gear & Crafts:</b> Gain access to unique barters and crafts unavailable anywhere else, providing a reliable source of high-tier gear, ammo, and utilities.</li><li><b>Significant Time & Rouble Savings:</b> Our team handles all required quest items, saving you weeks of grind and millions of roubles.</li><li><b>Guaranteed Progression:</b> The boost is complete only when your selected quests are done and rewards collected.</li><li><b>Keep All Loot & Progress:</b> You retain all gear, valuables, and skill gains obtained during the raids.</li><li><b>Secure Piloted or Selfplay Options:</b> Choose how you want to conquer Lightkeeper, with full transparency via optional live streaming.</li><li><b>Expert Tarkov Veterans:</b> Benefit from our boosters' deep knowledge and 100% manual, secure service.</li><li><b>Prestigious Milestone:</b> Achieve one of Tarkov’s most prestigious milestones, gaining a huge advantage for the rest of the wipe.</li></ul>;true;2025-12-12 08:49:19.907+00;2025-12-12 08:49:35.634+00;03765a40-f338-4035-a2ba-8928fff30834;2025-12-12 08:49:19.935958+00;2025-12-12 08:49:35.666643+00
b4544c7d-8c36-4e48-b78c-b0d8680ab773;362c6ec5-1a9f-4cc4-9099-7e890d08c803;<h4>What You Get</h4><ul><li><b>Guaranteed Shoreline Raid Completion:</b> Successfully navigate and complete Shoreline raids according to your selected package.</li><li><b>High-Value Loot Secured:</b> Focused assistance in farming LEDX, rare keys, medical items, and other valuable loot from the Health Resort.</li><li><b>Sanitar Eliminated:</b> Expert support for hunting and killing the Scav boss Sanitar and his guards.</li><li><b>Master the Health Resort:</b> Learn optimal routes, angles, and PvP strategies from an experienced Tarkov pro, turning risky raids into consistent progress.</li><li><b>All Loot Kept:</b> Every item, quest objective, and progress secured during the raid remains on your account.</li><li><b>Flexible Playstyle:</b> Choose between Piloted (we play for you) or Selfplay (play alongside our pro) options.</li><li><b>Optional Stream:</b> Watch live to learn and see your loot secured in real-time.</li><li><b>100% Manual & Secure Service:</b> All services are performed by hand with a strong focus on account safety and privacy.</li><li><b>24/7 Support:</b> Continuous assistance to plan objectives and stay updated on your order.</li></ul>;true;2025-12-12 08:49:49.429+00;2025-12-12 08:50:25.03+00;03765a40-f338-4035-a2ba-8928fff30834;2025-12-12 08:49:49.471403+00;2025-12-12 08:50:25.059538+00
9b4f4861-95e7-4cab-8d28-32fd6eb79330;a9fce97a-9386-447f-9166-9376d24a0ff9;<h4>What You Get</h4><ul><li><strong>Guaranteed Earthstrike Trinket:</strong> Secure this powerful, stat-boosting accessory without the grind.</li><li><strong>Exalted Cenarion Circle Reputation:</strong> Achieve maximum standing with the faction, unlocking further benefits.</li><li><strong>All Essential Quest Items:</strong> We handle the challenging 'Four Dukes' quest for Mark of Cenarius and more.</li><li><strong>Selected Cenarion Combat, Logistic, & Tactical Badges:</strong> Tailored badge collection to meet your needs.</li><li><strong>Significant Time Savings:</strong> Skip tedious farming and complex questlines, saving you countless hours.</li><li><strong>Expert & Secure Service:</strong> Rely on professional boosters for a safe and efficient acquisition.</li><li><strong>Full Loot Retention:</strong> Keep all gold, items, and resources acquired during the boost.</li><li><strong>Instant Start, Flexible Delivery:</strong> Service begins in just 15 minutes with adaptable scheduling.</li></ul>;true;2026-01-20 22:10:17.449+00;2026-01-20 22:10:19.449+00;03765a40-f338-4035-a2ba-8928fff30834;2026-01-20 22:10:17.566231+00;2026-01-20 22:10:19.377289+00
83aa48f3-c4f1-4957-be35-4043ead3b943;ba6025ed-7681-4d28-8aa3-06c474fde6c7;<h4>What You Get</h4><ul><li><strong>Custom Hideout Boost:</strong> Complete overhaul or specific module upgrades (e.g., Bitcoin Farm, Stash, Workbench).</li><li><strong>All Materials Supplied:</strong> We farm or acquire all GPUs, LEDXs, rare components, and currency (Roubles, Euros, Dollars) needed.</li><li><strong>Guaranteed Passive Income:</strong> Unlock and optimize your Bitcoin Farm and Scav Case for consistent Rouble generation.</li><li><strong>Top-Tier Crafting:</strong> Access advanced ammo (M61, BP) and medical supplies, often unavailable on the Flea Market.</li><li><strong>Combat & Recovery Advantage:</strong> Speed up skill leveling with Air Filtering Unit, and reduce PMC recovery times.</li><li><strong>Increased Stash Space:</strong> Maximize inventory capacity without real-money purchases.</li><li><strong>100% Secure & Manual:</strong> Expert boosters use legitimate farming methods, ensuring account safety and efficient completion.</li><li><strong>Turnkey Solution:</strong> We handle all logistics, looting, and building, from start to finish.</li><li><strong>Flexible Options:</strong> Choose Piloted service with Normal or Express priority for faster delivery.</li></ul>;true;2025-12-12 08:48:48.832+00;2025-12-12 08:49:11.644+00;03765a40-f338-4035-a2ba-8928fff30834;2025-12-12 08:48:48.867586+00;2025-12-12 08:49:11.68168+00
f08772aa-8619-4db2-88c6-52eb561524eb;4ce5c5bd-e753-4347-b963-ae664d0bb4ea;"<h4>What You Get</h4><ul><li>Guaranteed completion of Bronze, Silver, Gold, or Endless Proving Grounds trials for your chosen role (Tank, Healer, or DPS).</li><li>All associated achievements, including ""Proving Yourself: Bronze,"" ""Silver,"" ""Gold,"" and ""Endless.""</li><li>Exclusive titles unlocked for reaching wave thirty in Endless Mode: ""The Proven Defender"" (Tanks), ""The Proven Healer"" (Healers), or ""The Proven Assailant"" (DPS).</li><li>Optional unlock of the humorous ""You're Doing It Wrong"" achievement.</li><li>Fast, secure, and professional service by expert players via Piloted Boost (we play your character) or Remote Control (you watch live).</li><li>Flexible scheduling and incredibly fast start times, often within 15 minutes.</li><li>100% manual service with transparent communication and customer-focused support.</li></ul>";true;2025-12-12 08:50:55.125+00;2025-12-12 09:02:39.329+00;03765a40-f338-4035-a2ba-8928fff30834;2025-12-12 08:50:55.161427+00;2025-12-12 09:02:39.359966+00
0a4fa0bd-dd46-4a26-870e-828120e186f2;9090c2e2-8451-48a7-b9ef-60fe8eabb118;<h4>What You Get</h4><ul><li><strong>Full Therapist Quest Completion:</strong> From early tasks to final missions, we handle every objective.</li><li><strong>Max Therapist Loyalty:</strong> Unlock top-tier medical supplies (Grizzly, Surv12) and high-capacity containers (Items Case, THICC Items Case).</li><li><strong>All “Found In Raid” Items:</strong> Our pros farm and secure all necessary items, bypassing RNG and repetition.</li><li><strong>Rapid Progress:</strong> Accelerate your early- and mid-wipe progression, giving you a major advantage.</li><li><strong>Safety & Efficiency:</strong> Quests completed safely and securely, with marker placement and item retrieval in high-risk zones.</li><li><strong>Keep All Rewards:</strong> You retain all XP, Roubles, reputation, and valuable items gained.</li><li><strong>Account Safety Guaranteed:</strong> 100% manual service with no cheats or bots.</li><li><strong>Flexible & Fast Start:</strong> Choose Piloted or Selfplay, with an optional stream, starting in just 15 minutes.</li></ul>;true;2025-12-12 08:49:24.962+00;2025-12-12 08:49:33.41+00;03765a40-f338-4035-a2ba-8928fff30834;2025-12-12 08:49:24.989574+00;2025-12-12 08:49:33.456053+00
2ea00891-228c-407f-956f-e660f625c9e7;8e664ef0-fdf7-4514-adb4-1dc575e51125;<h4>What You Get</h4><ul><li><b>Guaranteed Factory Raid Completion:</b> Secure one or more successful Factory raids, turning chaotic runs into profitable ones.</li><li><b>High-Survival Close-Quarters Expertise:</b> Dominate Factory with professional support, maximizing your survival rate and protecting your progress.</li><li><b>All Loot & Quest Items Are Yours:</b> Keep every item extracted during the runs, including valuable gear, dogtags, and quest objectives.</li><li><b>Efficient PMC Kill Farming & Tagilla Hunts:</b> Ideal conditions for completing tough quests like “Stirrup” or “Punisher,” and successfully hunting Tagilla.</li><li><b>Flexible Play Options:</b> Choose between efficient Piloted runs for maximum results or engaging Selfplay alongside an expert booster.</li><li><b>Opportunity to Learn & Improve:</b> (Optional Stream) Watch and learn advanced Factory tactics, angles, and timings from a seasoned player.</li><li><b>Rapid Service & Account Security:</b> Enjoy a fast start time (15 mins), secure manual gameplay with VPN, and 24/7 support.</li></ul>;true;2025-12-12 08:49:58.141+00;2025-12-12 08:50:19.072+00;03765a40-f338-4035-a2ba-8928fff30834;2025-12-12 08:49:58.186856+00;2025-12-12 08:50:19.109779+00
ff17a619-4101-41dd-a2ba-1611a8f3a9fb;5bf12cb4-3891-4766-b584-b372ee609ca5;<h4>What You Get</h4><ul><li>Customs raid completion based on your selected package, designed for smoother progression and less frustration.</li><li>Expert guidance through PvP hotspots like Dorms and Stronghold, with ideal conditions for quests or hunting Reshala.</li><li>All extracted loot, quest items, and progress securely kept on your account.</li><li>Choice of Playstyle: <b>Piloted</b> for convenience or <b>Selfplay</b> to learn and dominate alongside our pro.</li><li>Option to <b>Stream</b> your service, learning optimal routes and strategies for key areas like Dorms.</li><li>100% manual and secure service from Customs experts who know every spawn, angle, and hot zone.</li><li>Access to responsive support and a proven progression system to tackle early and mid-game challenges.</li><li>Guaranteed assistance in surviving dangerous zones, completing critical quest chains, and securing valuable rewards from Reshala.</li></ul>;true;2025-12-12 08:49:56.183+00;2025-12-12 08:50:20.151+00;03765a40-f338-4035-a2ba-8928fff30834;2025-12-12 08:49:56.219927+00;2025-12-12 08:50:20.194397+00
f6b3a899-9dda-4a33-92c9-8f24327cdcb6;580cc9fe-6a89-4efa-8067-28f4c669fd42;<h4>What You Get</h4><ul><li>Guaranteed completion of your chosen Interchange raids with flexible start times.</li><li>Access to high-value tech loot, including GPUs, Tetrizes, and LEDXs, via expert-guided routes.</li><li>Assistance in hunting and eliminating Killa for his unique armor, helmet, and RPK-16.</li><li>Efficient farming of “Found in Raid” items for your hideout upgrades and quests.</li><li>All extracted loot, quest items, and progress securely remain on your account.</li><li>Choice of Piloted (pro plays on your account) or Selfplay (you play with our pro) options.</li><li>Optional live stream to observe gameplay, learn routes, and witness secured loot/kills.</li><li>A fast, safe, and structured service turning Interchange's high-risk environment into high-reward opportunity.</li><li>24/7 live support to ensure a seamless boosting experience.</li></ul>;true;2025-12-12 08:49:44.606+00;2025-12-12 08:50:27.827+00;03765a40-f338-4035-a2ba-8928fff30834;2025-12-12 08:49:44.661293+00;2025-12-12 08:50:27.891358+00
f2a637a1-6469-422e-a3bc-5730eb9d6040;1bdd2a21-c793-44a5-a878-025698fd72c6;<h4>What You Get</h4><ul><li><strong>Complete Ref Unlock & Progression:</strong> We handle all Ref (The Steward) quests, including the critical 'Easy Money Part 1' to reveal him and subsequent skill-testing objectives.</li><li><strong>Exclusive Cross-Game Access:</strong> Unlock the unique connection between EFT and Arena, enabling you to use GP coins for high-tier gear and rare items in your main Tarkov stash.</li><li><strong>Elite Barters & Gear:</strong> Gain access to exclusive weapon parts, armor plates, customized weapons, unique keys, and secure containers, unavailable elsewhere.</li><li><strong>Veteran Execution & Efficiency:</strong> Our elite players complete quests manually and efficiently, preserving all in-raid loot (roubles, items, weapons) for your PMC.</li><li><strong>Guaranteed Account Safety & Privacy:</strong> We use manual gameplay only, with no cheats or bots, and provide 24/7 support for a secure and smooth experience.</li></ul>;true;2025-12-16 17:27:11.581+00;2025-12-16 17:27:17.331+00;03765a40-f338-4035-a2ba-8928fff30834;2025-12-16 17:27:11.611258+00;2025-12-16 17:27:17.46224+00
35b21e7a-d5a8-47e5-b2ea-b7a46ca03dbf;f6cbf947-8e0c-4efc-9137-6dced1c5f116;<h4>What You Get</h4><ul><li>Guaranteed completion of your chosen Woods raids with professional guidance.</li><li>Assistance with long-range engagements, boss hunting (Shturman), and safe extraction.</li><li>Valuable loot, quest progression, and experience without the stress or guesswork.</li><li>Discovery of high-value loot spots, stashes, and key quest locations.</li><li>Chance to acquire Shturman's key, SVDS, and potentially the Red Rebel Ice Pick.</li><li>A fast, secure, and structured service via Piloted or Selfplay options.</li><li>Opportunity to watch live via stream to learn routes, angles, and strategies.</li><li>Expert navigation of Woods' treacherous terrain, including safe routes and strong positions.</li><li>Confidence and improved skills in long-range combat and map awareness.</li><li>Manual service by highly experienced Tarkov players focused on account safety and privacy.</li></ul>;true;2025-12-12 08:49:53.489+00;2025-12-12 08:50:22.291+00;03765a40-f338-4035-a2ba-8928fff30834;2025-12-12 08:49:53.526464+00;2025-12-12 08:50:22.327565+00
69cac92c-d219-4e16-8f5f-0dc7610dc746;ee234f4e-dba9-468d-971f-7ab933aef6c0;<h4>What You Get</h4><ul><li><b>Desired Quantity Instantly:</b> Receive the exact amount of PoE 2 Exalted Orbs you need with prompt, secure in-game delivery.</li><li><b>Guaranteed Item Enhancement:</b> Effortlessly add powerful new affixes to your rare items, maximizing their potential without disturbing existing beneficial stats.</li><li><b>Major Time Savings:</b> Bypass countless hours of tedious grinding for rare currency drops, allowing you to focus on gameplay and high-tier content.</li><li><b>Economic & Crafting Advantage:</b> Gain immediate access to a cornerstone currency, enabling seamless crafting, trading, and active participation in the game's economy.</li><li><b>Secure & Efficient Service:</b> Benefit from fast delivery, safe in-game transfers, and dedicated live support for a smooth, worry-free experience.</li><li><b>Unmatched Value:</b> Eliminate farming frustration and instantly elevate your gear, giving you a competitive edge in Path of Exile 2.</li></ul>;true;2026-01-01 22:13:41.747+00;2026-01-01 22:15:20.287+00;03765a40-f338-4035-a2ba-8928fff30834;2026-01-01 22:13:41.952999+00;2026-01-01 22:15:21.517723+00
4a1a1ff5-97ab-46de-ab55-0d0af8d2776a;10028c8d-2970-482a-a5c2-98e2af10dc6e;<h4>What You Get</h4><ul><li>Guaranteed <strong>9/9 Black Temple full clear</strong> in WoW TBC Anniversary.</li><li>At least <strong>4 items of 141-151 ilvl gear</strong> per run, with a chance at Tier 6 set pieces.</li><li>Opportunity to secure coveted <strong>Tier 6 tokens</strong>.</li><li>Legendary <strong>Illidan Stormrage defeat</strong>.</li><li>A shot at acquiring the revered <strong>Warglaives of Azzinoth</strong>.</li><li>Optional <strong>Loot Priority</strong> for all class/spec appropriate gear.</li><li>Access to <strong>Elite Raid Specialists</strong> ensuring smooth and efficient clears.</li><li>Option for <strong>Piloted or Selfplay</strong> service.</li><li><strong>Transparent Progress</strong> with an optional private stream.</li><li>Fast service with a <strong>15-minute start time</strong> after purchase.</li></ul>;true;2026-01-10 20:56:47.457+00;2026-01-10 20:57:12.517+00;03765a40-f338-4035-a2ba-8928fff30834;2026-01-10 20:56:47.49529+00;2026-01-10 20:56:58.908036+00
0db672ea-19ca-4fcc-8079-e1fdbb513780;7bdfa151-726d-40e0-ad71-47f0cb41b337;<h4>What You Get</h4><ul><li><strong>Guaranteed Thori’dal, the Stars’ Fury:</strong> Secure the best-in-slot legendary bow without RNG frustration.</li><li><strong>Weekly Kil’jaeden Kills:</strong> Consistent Sunwell Plateau attempts until your legendary drops.</li><li><strong>Expert Sunwell Teams:</strong> Efficient and experienced teams ensure smooth and quick legendary farms.</li><li><strong>Eliminate Ammo & Quiver Needs:</strong> Revolutionize your Hunter gameplay with auto-firing Magical Arrows.</li><li><strong>Top-Tier DPS Boost:</strong> Maximize your ranged damage with the undisputed Best-in-Slot bow for all Hunter specs.</li><li><strong>Flexible Play Options:</strong> Choose between self-play for involvement or piloted for convenience.</li><li><strong>Account Safety & Privacy:</strong> Secure service with privacy protocols and dedicated support.</li><li><strong>24/7 Customer Support:</strong> Assistance available whenever you need it.</li><li><strong>Sunwell Plateau Raids:</strong> Benefit from our team's raid guidance and strategic execution for every Kil’jaeden encounter.</li></ul>;true;2026-01-14 19:04:13.012+00;2026-01-14 19:20:46.101+00;03765a40-f338-4035-a2ba-8928fff30834;2026-01-14 19:04:13.164696+00;2026-01-14 19:20:46.119244+00
787812dc-78dc-40de-b84e-65e9da29ae53;c9085438-7717-4a58-aa1c-ad9bc28eaee6;<h4>What You Get</h4><ul><li>Elevated Player Housing experience with efficiently leveled Neighborhood Favor.</li><li>Completion of all necessary monthly Endeavor events and Neighborhood activities.</li><li>Significant upgrades for your player home, including increased Decor Limit.</li><li>Guaranteed access to exclusive rewards: cosmetics, resources, and in-game gold.</li><li>Expert boosters ensuring rapid and secure progression to your desired Favor rank.</li><li>Time-saving solution, bypassing the repetitive grind of manual leveling.</li><li>Flexible delivery with Piloted or Selfplay options, and 24/7 customer support.</li><li>Transform your in-game residence without the usual hassle, backed by proven results.</li></ul>;true;2026-01-22 23:28:58.417+00;2026-01-22 23:29:36.832+00;03765a40-f338-4035-a2ba-8928fff30834;2026-01-22 23:28:58.448073+00;2026-01-22 23:29:36.921748+00
876640fe-860c-41e6-a81d-6ae32c82e42e;f5b162c1-7fbc-4cda-9070-cde9187a1fe2;<h4>What You Get</h4><ul><li><b>Desired Quantity of Community Coupons:</b> Receive the exact amount of the new housing currency you need for your dream home in WoW Midnight.</li><li><b>Significant Time Savings:</b> Avoid countless hours of repetitive daily and monthly grind from Neighborhood Endeavors and quests.</li><li><b>Guaranteed Results & Efficient Farming:</b> Our expert boosters use optimal strategies to ensure you get your coupons quickly and reliably.</li><li><b>Personalized Housing Decor:</b> Quickly unlock premium cosmetic decorations for your in-game residence without the grind.</li><li><b>Professional & Secure Service:</b> All farming is performed by experienced players with the utmost care for your account's safety and privacy.</li><li><b>Fast Start & Flexible Delivery:</b> Your order begins in just 15 minutes, with delivery tailored to your needs.</li></ul>;true;2026-01-30 10:19:57.732+00;2026-01-30 10:20:10.151+00;03765a40-f338-4035-a2ba-8928fff30834;2026-01-30 10:19:57.774378+00;2026-01-30 10:20:09.781957+00
3c273c67-7d6b-4fbc-9d99-f98dd0557e0f;2d25dab0-e5c4-4489-8eb0-efc31cbd8490;<h4>What You Get</h4><ul><li><strong>Hexed Vilefeather Eagle Mount:</strong> Instantly acquire this exclusive, prestigious flying mount for your collection.</li><li><strong>1000 Vile Essence Included:</strong> Our team farms all necessary currency, saving you extensive grind time.</li><li><strong>Guaranteed Abandoned Ritual Skull Unlock:</strong> We handle the entire process of opening the treasure.</li><li><strong>Effortless Piloted Service:</strong> A skilled player completes the service on your account safely and professionally.</li><li><strong>All Acquired Loot:</strong> Keep any additional items or resources obtained during the carry.</li><li><strong>Time-Saving & Guaranteed:</strong> Bypass repetitive farming and secure your mount without hassle or uncertainty.</li><li><strong>Flexible & Fast Start:</strong> Service starts within 15 minutes and accommodates your schedule.</li></ul>;true;2026-02-12 22:27:26.962+00;2026-02-12 22:27:44.445+00;03765a40-f338-4035-a2ba-8928fff30834;2026-02-12 22:27:27.002496+00;2026-02-12 22:27:44.087773+00
d6efdb26-0be6-4788-8b79-f5372d3ae980;2564c423-1531-48b0-a8df-e6428f6f41d9;<h4>What You Get</h4><ul><li>Completion of Laboratory raids, customized to your chosen package.</li><li>Expert guidance and survival in the most dangerous facility in Escape from Tarkov.</li><li>Efficient farming of Raiders for top-tier gear, weapons, armor, and valuables.</li><li>Targeted support for finding rare stims, injectors, military electronics, and other high-value loot.</li><li>All extracted loot, quest items, and progress kept on your account.</li><li>Flexible options: <b>Piloted</b> for maximum efficiency or <b>Selfplay</b> to join our pros and learn.</li><li>Optional <b>Stream</b> to watch live, learn routes, and see your loot secured.</li><li>Access to elite Labs operators with proven endgame expertise.</li><li>Fast (15-minute start), secure, and 100% manual service with 24/7 live support.</li></ul>;true;2025-12-12 08:50:04.504+00;2025-12-12 08:50:15.33+00;03765a40-f338-4035-a2ba-8928fff30834;2025-12-12 08:50:04.541226+00;2025-12-12 08:50:15.379917+00
7597285f-ba24-4850-9b6b-65bd53ee4b69;403b282a-a9b1-4dc2-8ae5-de6b31fa6eee;"<h4>What You Get</h4><ul><li><b>Guaranteed Labyrinth Completion:</b> Expert teams guide you through Tarkov's toughest raid, ensuring a full clear from entrance to extraction.</li><li><b>Exclusive High-Tier Loot:</b> Secure unique weapons, attachments, armor, and rare items found only in The Labyrinth. All extracted items stay on your account.</li><li><b>Full Maze & Puzzle Guidance:</b> Our pros navigate complex routes, solve intricate puzzles, and execute strategic boss/elite enemy clears.</li><li><b>Fast & Secure Service:</b> Choose between playing alongside our experts (selfplay/carry) or having us complete the raid for you (piloted).</li><li><b>Safe & Coordinated Runs:</b> Avoid the frustration of wipes and lost gear; our experienced squads minimize risk and maximize rewards.</li><li><b>Optional Stream:</b> Watch your raid in real-time, learning routes and tactics from our pro players.</li><li><b>24/7 Live Support:</b> Our dedicated team is always available to assist with scheduling, questions, and progress updates.</li></ul>";true;2025-12-12 08:50:02.682+00;2025-12-12 08:50:16.526+00;03765a40-f338-4035-a2ba-8928fff30834;2025-12-12 08:50:02.723051+00;2025-12-12 08:50:16.571566+00
ce222f7e-9e25-4433-8bb7-d39c7662db0e;17f71efd-c361-4a06-a229-e8cfb7efb778;<h4>What You Get</h4><ul><li><strong>Completed Ground Zero Raids:</strong> Based on your selected package, ensuring a solid start to your wipe.</li><li><strong>Early Quest Completion:</strong> Guaranteed assistance with introductory and early tasks tied to Ground Zero, saving you time and frustration.</li><li><strong>Map Mastery & Survival Skills:</strong> Learn optimal routes, extractions, basic looting, and essential survival mechanics from a veteran, turning confusion into confidence.</li><li><strong>All Loot & XP Retained:</strong> Every item, quest objective, and experience point gained during the boost stays on your account.</li><li><strong>Account Safety & Privacy:</strong> All services are performed manually with the utmost attention to protection, keeping your account secure.</li><li><strong>Choice of Playstyle:</strong> Opt for Piloted for fast progression, or Selfplay to learn directly with a pro as your bodyguard.</li><li><strong>Optional Stream:</strong> Watch your boost live to observe routes, combat, and decision-making for enhanced learning.</li><li><strong>24/7 Support:</strong> Our dedicated team is always available to assist with your boost and answer any questions.</li></ul>;true;2025-12-12 08:50:00.167+00;2025-12-12 08:50:17.966+00;03765a40-f338-4035-a2ba-8928fff30834;2025-12-12 08:50:00.203251+00;2025-12-12 08:50:18.032738+00
e61b38c2-aabc-4cd4-abed-db795f2fabcc;c6b1d061-8fc6-4bdb-95e7-8068e767501c;<h4>What You Get</h4><ul><li>Streets of Tarkov raid completion tailored to your chosen package (loot runs, Kaban hunts, quests, or XP farming).</li><li>All extracted loot and rewards secured and kept on your account.</li><li>Expert guidance through high-value areas, locked rooms, and profitable buildings.</li><li>Master urban warfare strategies, learn optimal routes, ambush spots, and extraction paths from Tarkov specialists.</li><li>High survival rates achieved by pros specializing in urban combat, minimizing risks while maximizing profit.</li><li>Opportunity to learn effective BTR usage, smart rotations, and strong positions (Selfplay option).</li><li>Fast, secure service with 24/7 live support and optional livestreaming to watch every raid.</li><li>Your specific objectives completed within the most complex map in Tarkov.</li></ul>;true;2025-12-12 08:49:51.553+00;2025-12-12 08:50:23.446+00;03765a40-f338-4035-a2ba-8928fff30834;2025-12-12 08:49:51.596263+00;2025-12-12 08:50:23.498382+00
cfe4b92e-d5cc-452b-904e-c4a2dc91885e;6efeb878-fa59-404a-bc3c-a195e0512c9e;<h4>What You Get</h4><ul><li><strong>Guaranteed Raid Completion:</strong> Successfully clear one or more Reserve raids, securing profit and progress.</li><li><strong>High-Value Loot & Gear:</strong> Acquire rare weapon attachments, high-penetration ammo, military tech, and top-tier armor that stays on your account.</li><li><strong>Expert Navigation:</strong> Explore the underground bunker and key high-value military areas with guidance from Tarkov pros.</li><li><strong>Elite AI Assistance:</strong> Receive focused support for farming Scav Raiders, military tech, and even hunting the boss Glukhar and his guards.</li><li><strong>Safe Extractions:</strong> Master complex extraction mechanics like the bunker hermetic door switch.</li><li><strong>Learn & Observe:</strong> Optional livestream to watch every run, learn routes, extractions, and effective elite AI combat strategies.</li><li><strong>Flexible Play:</strong> Choose between Piloted (pro plays on your account) or Selfplay (you join the pro's squad) to suit your preference.</li><li><strong>Fast & Secure Service:</strong> Manual service with a 15-minute start time to maximize your earnings on one of Tarkov’s highest-reward maps.</li></ul>;true;2025-12-12 08:49:42.396+00;2025-12-12 08:50:29.126+00;03765a40-f338-4035-a2ba-8928fff30834;2025-12-12 08:49:42.427744+00;2025-12-12 08:50:29.181212+00
30ffc2d4-a27d-47a4-9b8e-078dcb680d60;5205ce60-5f11-4af8-a652-ea3f8c717a88;"<h4>What You Get</h4><ul><li>Access to mounts like the coveted Grand Armored Gryphon.</li><li>Unlock powerful Honored, Revered, and Exalted gear, weapons, and profession recipes.</li><li>Completion of all daily and campaign quests for Operation: Shieldwall.</li><li>Full storyline progression and achievements for the Pandaria War Campaign.</li><li>Save significant time by avoiding the daily grind; expert boosters handle everything.</li><li>Fast start time (within 15 minutes) and flexible delivery schedule.</li><li>Utilization of reputation bonuses (Darkmoon Faire, Hallow's End, Pilgrim's Bounty, Guild Perks) for optimized gains.</li></ul>";true;2025-12-12 08:51:49.647+00;2025-12-12 09:02:07.288+00;03765a40-f338-4035-a2ba-8928fff30834;2025-12-12 08:51:49.696445+00;2025-12-12 09:02:07.333582+00
890308fe-9338-41d7-8154-53330a20ebfa;96d1bf21-faa1-49bc-82a4-961746875bde;<h4>What You Get</h4><ul><li><strong>Exalted Emperor Shaohao Reputation:</strong> Maximize your standing with this prestigious faction efficiently and securely.</li><li><strong>Reins of the Heavenly Golden Cloud Serpent:</strong> Unlock this exclusive and coveted mount upon reaching Exalted.</li><li><strong>Complete Achievement & Rewards:</strong> Earn the Emperor Shaohao achievement, Masks of various emotions, the Celestial Defender's Medallion toy, Harmonious Porcupette pet, and more vanity items.</li><li><strong>Bonus Timeless Coins & Lesser Charms:</strong> Collect valuable in-game currencies and charms during the boost.</li><li><strong>Fast & Safe Service:</strong> Benefit from experienced boosters, 100% manual farming, live updates, and complete account security.</li><li><strong>Flexible Options:</strong> Choose from Piloted, Normal, Express, Super Express, and Stream options to suit your needs.</li></ul>;true;2025-12-12 08:51:40.768+00;2025-12-12 09:02:11.764+00;03765a40-f338-4035-a2ba-8928fff30834;2025-12-12 08:51:40.821812+00;2025-12-12 09:02:11.783827+00
3f05cd96-fee2-4cda-a821-2a737496347f;6197544b-5e8f-4c1a-ac65-9ea40c3f3a39;<h4>What You Get</h4><ul><li>The prestigious <strong>Arena Master title</strong> unlocked for all characters.</li><li><strong>The Arena Master achievement</strong> completed.</li><li>A <strong>2200 rating</strong> achieved across all Arena brackets (2v2, 3v3, 5v5).</li><li>Completion of all related Arena achievements (e.g., Just the Two of Us: 2200, Hot Streak, World Wide Winner).</li><li>Over <strong>300 rated Arena victories</strong> secured.</li><li>Full <strong>491 ilvl elite PvP gear</strong>.</li><li>Guaranteed completion with a <strong>100% manual and secure service</strong>.</li><li>All gold, items, and rewards obtained during the boost are yours to keep.</li><li>Fast, efficient service by <strong>professional, top-tier PvP boosters</strong>.</li><li>Save significant time by avoiding the extensive rating grind.</li></ul>;true;2025-12-12 08:51:23.396+00;2025-12-12 09:02:21.127+00;03765a40-f338-4035-a2ba-8928fff30834;2025-12-12 08:51:23.427559+00;2025-12-12 09:02:21.146983+00
e9c509eb-3ecf-46d9-adbb-2b3121047d53;4aefb210-5339-4962-9122-6060f5302fb0;<h4>What You Get</h4><ul><li><b>Reins of the Grand Expedition Yak Mount:</b> Fully unlocked and ready to use, providing mobile vendor and transmog services.</li><li><b>Mobile Gear Repair & Transmogrification:</b> Access on-the-go services from Cousin Slowhands and Mystic Birdhat, saving trips to town.</li><li><b>Account-Bound Mount & Grand Expedition Yak Achievement:</b> Enjoy this prestigious mount across all your characters and add a valuable achievement to your collection.</li><li><b>All Gold Farming Handled:</b> Our professional team efficiently acquires the 120,000 gold needed, saving you hours of grinding.</li><li><b>Fast & Guaranteed Delivery:</b> Mount secured within 12 hours, with live updates and safe, manual boosting.</li><li><b>Choice of Boost Option:</b> Piloted (booster logs in) or Selfplay (play with our team).</li></ul>;true;2025-12-12 08:51:16.092+00;2025-12-12 09:02:26.463+00;03765a40-f338-4035-a2ba-8928fff30834;2025-12-12 08:51:16.122796+00;2025-12-12 09:02:26.49595+00
04b947af-acc1-42a7-8e79-d29a764d455e;91f7fc88-3b7b-4802-9446-f9230a8b4a61;"<h4>What You Get</h4><ul><li><strong>Loremaster of Pandaria achievement</strong> fully completed, or specific zones if preferred.</li><li>Significant <strong>achievement points</strong> added to your account progression.</li><li><strong>Save countless hours of grinding</strong>; we handle all required questlines efficiently.</li><li>Chance to acquire <strong>rare transmogs and pets</strong> drop during quest completion.</li><li><strong>All quest rewards, gold, and items</strong> obtained remain on your account.</li><li>Your account progress contributes towards the larger <strong>Loremaster title</strong>.</li><li><strong>Comprehensive storyline completion</strong> across all six Pandaria zones (Jade Forest, Valley of the Four Winds, Krasarang Wilds, Kun-Lai Summit, Townlong Steppes, Dread Wastes).</li><li>The peace of mind of <strong>guaranteed results</strong> and secure service from experienced boosters.</li><li><strong>Flexible boost options</strong>: Piloted (we play for you) or Remote Control (watch us play live).</li><li><strong>Fast start time</strong>, with service beginning within 15 minutes of your order.</li></ul>";true;2025-12-12 08:51:08.932+00;2025-12-12 09:02:31.115+00;03765a40-f338-4035-a2ba-8928fff30834;2025-12-12 08:51:08.966136+00;2025-12-12 09:02:31.150625+00
a67c7efa-4585-4730-92d7-70a7158702de;44ba9ead-093b-4d81-bf68-22b0becd5f02;<h4>What You Get</h4><ul><li><b>Any Quantity, Any Variant:</b> Acquire Normal, Greater, or Perfect Path of Exile 2 Chaos Orbs in your desired amount.</li><li><b>Instant & Safe Delivery:</b> Swift and secure in-game delivery directly to your character within 15 minutes of purchase.</li><li><b>Crafting & Trading Power:</b> Essential currency for re-rolling rare item modifiers to optimize builds and a primary medium of exchange in the player economy.</li><li><b>Significant Time Savings:</b> Skip the arduous grind, dedicating more time to enjoying gameplay and progression.</li><li><b>Guaranteed Resources:</b> Ensure you always have the necessary Chaos Orbs for crafting and trading without reliance on random drops.</li><li><b>Enhanced Gameplay:</b> Focus on Path of Exile 2's rich content, powered by superior gear and economic flexibility.</li><li><b>Secure & Trusted Service:</b> Benefit from reliable transactions with a focus on account safety and expert support.</li></ul>;true;2026-01-02 20:53:33.581+00;2026-01-02 20:55:40.277+00;03765a40-f338-4035-a2ba-8928fff30834;2026-01-02 20:53:33.620328+00;2026-01-02 20:55:40.191302+00
0d17ffed-8a04-4405-bd80-799c5958c6ef;aa916e8d-c05a-4959-8966-55467add4bcf;<h4>What You Get</h4><ul><li>Guaranteed full 6/6 clear of the Zul'Aman raid.</li><li>At least 2 pieces of ilvl 128-141 gear suitable for your class/spec.</li><li>Loot Priority option: All dropped gear for your class and spec become available to you for maximum upgrades.</li><li>All 6 bosses, including Zul'jin, defeated.</li><li>Opportunity to earn the prestigious Amani War Bear mount through a successful timed run.</li><li>Essential Badges of Justice for vendor purchases.</li><li>Access to powerful rings, trinkets, and cloaks, crucial for pre-Tier 6 progression.</li><li>Expert teams ensuring optimized clear speed and efficient hostage rescues.</li><li>Flexible delivery and start time within 15 minutes.</li></ul>;true;2026-01-10 20:58:24.883+00;2026-01-10 20:58:46.99+00;03765a40-f338-4035-a2ba-8928fff30834;2026-01-10 20:58:24.921884+00;2026-01-10 20:58:33.355551+00
ca4b2be1-b779-4b0f-bb03-0306bac8d4c9;b5be312b-9dd1-459c-aa11-ea2738e1b4ab;<h4>What You Get</h4><ul><li><strong>Desired 2v2 Arena Rating:</strong> Achieve your target rating fast and securely with professional players.</li><li><strong>Elite PvP Gear & Rewards:</strong> Unlock powerful gear directly tied to your boosted rating.</li><li><strong>Honor & Conquest Points:</strong> Accumulate significant amounts of currency for further PvP progression.</li><li><strong>Prestigious Arena Titles:</strong> Earn titles like Rival and Duelist based on your performance.</li><li><strong>PvP Achievements:</strong> Effortlessly complete relevant achievements.</li><li><strong>100% Manual & Secure Gameplay:</strong> Guarantees no automation, providing a safe and reliable boost.</li><li><strong>Guaranteed Progress & Results:</strong> Transparent and dependable service ensures your rating objectives are met.</li><li><strong>Flexible Boost Options:</strong> Choose between Piloted, Remote Control, or Selfplay to suit your preference.</li><li><strong>Start Time < 15 Min:</strong> Get into the action almost immediately.</li></ul>;true;2025-12-12 08:51:42.722+00;2025-12-12 09:02:10.585+00;03765a40-f338-4035-a2ba-8928fff30834;2025-12-12 08:51:42.773751+00;2025-12-12 09:02:10.630127+00
0d2495c1-26a7-4d18-a4fc-f5bed969bf7c;ec2e5c1a-9d25-4b1d-a09c-ea500c07353f;<h4>What You Get</h4><ul><li>Full Terrace of Endless Spring raid clear on chosen difficulty (Normal or Heroic).</li><li>Access to high item level raid gear, including all drops for your class/spec with Loot Priority.</li><li>Defeat all four raid bosses, including the Sha of Fear.</li><li>Raid achievements: Ahead of the Curve: Sha of Fear and Cutting Edge: Sha of Fear.</li><li>Progress towards the Glory of the Pandaria Raider meta-achievement for the Heavenly Crimson Cloud Serpent mount.</li><li>Guaranteed desired number of specific drops with the Loot Guarantee Option.</li><li>Flexible boost options: Piloted, Selfplay, or Remote Control.</li><li>Safe and smooth realm transfer covered by misti.services if needed.</li><li>Fast, efficient service from professional boosters.</li><li>Eliminate group formation, raid wipes, and complex tactic learning.</li></ul>;true;2025-12-12 08:51:34.728+00;2025-12-12 09:02:15.489+00;03765a40-f338-4035-a2ba-8928fff30834;2025-12-12 08:51:34.759995+00;2025-12-12 09:02:15.518794+00
3309fc71-fc7c-4943-a508-7d30f3841616;e0c73ec2-09d5-46f9-8d6a-f1560c863d15;"<h4>What You Get</h4><ul><li>Full Mogu’shan Vaults clear on your chosen difficulty (Normal or Heroic).</li><li>Access to powerful gear (ilvl 489 Normal / 502 Heroic).</li><li>All six raid bosses defeated by a professional team.</li><li>Achievements like Ahead of the Curve (Normal) or Cutting Edge (Heroic): Will of the Emperor.</li><li>Guaranteed loot or loot priority options based on your selection.</li><li>Boss-specific achievements unlocked automatically.</li><li>The prestigious ""Delver of the Vaults"" title from a full Heroic clear.</li><li>Chance for the rare Astral Cloud Serpent mount from Elegon (Heroic).</li><li>Flexible boost options: Piloted, Selfplay, or Remote Control.</li><li>Free character transfer if your realm lacks an active raid team (covered by Mmonster coins).</li><li>Fast start time (1 day) with full delivery within 7 days.</li></ul>";true;2025-12-12 08:51:51.658+00;2025-12-12 09:02:01.728+00;03765a40-f338-4035-a2ba-8928fff30834;2025-12-12 08:51:51.706606+00;2025-12-12 09:02:01.78523+00
022c72a1-616b-4f9a-aa01-bbf60ca6e839;492e6763-5aa9-4fc4-bc2c-675b7a1f7eb0;<h4>What You Get</h4><ul><li>Full Heart of Fear raid cleared on selected difficulty (Normal or Heroic).</li><li>Access to high-level loot from all 6 bosses, with options for Guaranteed Loot or Loot Priority.</li><li>Raid achievements, including Ahead of the Curve and Cutting Edge: Grand Empress Shek’zeer.</li><li>Progression towards the prestigious Glory of the Pandaria Raider meta-achievement for the Heavenly Crimson Cloud Serpent mount.</li><li>Flexible boost options: Piloted, Selfplay, or Remote Control.</li><li>Round-trip character transfer costs covered by Mmonster coins if a realm transfer is needed.</li><li>Fast, reliable, and secure service by experienced professional raiders.</li><li>Dedicated support throughout your order.</li></ul>;true;2025-12-12 08:51:26.884+00;2025-12-12 09:02:19.956+00;03765a40-f338-4035-a2ba-8928fff30834;2025-12-12 08:51:26.919222+00;2025-12-12 09:02:19.98312+00
c721ac73-d89a-499a-9130-f27ceb44b93e;2add98c3-ca46-4c79-b4b9-a185facbaacb;<h4>What You Get</h4><ul><li><strong>Fast & Secure Justice Points:</strong> Rapid acquisition of Justice Points for pre-raid gear, heirlooms, and upgrades without the grind.</li><li><strong>Max Cap Achieved:</strong> Guaranteed to earn up to the 4000 Justice Points hard cap.</li><li><strong>All Points & Loot Yours:</strong> All Justice Points remain on your account, along with any loot or rewards obtained during the boost.</li><li><strong>100% Manual Completion:</strong> Experienced, professional boosters complete your farm entirely by hand – no bots, scripts, or automation.</li><li><strong>Account Security & Confidentiality:</strong> Safe, stress-free service with flexible options (Piloted or Remote Control) ensuring your account's safety.</li><li><strong>Time-Saving Progress:</strong> Skip repetitive dungeon runs and get your character raid-ready efficiently.</li></ul>;true;2025-12-12 08:51:11.584+00;2025-12-12 09:02:29.903+00;03765a40-f338-4035-a2ba-8928fff30834;2025-12-12 08:51:11.620558+00;2025-12-12 09:02:29.932002+00
3de6ed2f-aa8b-4578-9caf-e3e82e4b5f4b;da6b0c76-0d9c-456b-bbc1-3f9d1c1af5bd;<h4>What You Get</h4><ul><li><strong>Reins of the Crimson Cloud Serpent</strong> mount added to your account instantly.</li><li>Completion of the <strong>Glory of the Pandaria Hero</strong> meta-achievement.</li><li>Full clear of all heroic Mists of Pandaria dungeons, completing all required achievements.</li><li>Chance to earn 463 ilvl gear and other valuable in-game rewards.</li><li>All loot, gold, and additional achievements obtained during the boost are yours to keep.</li><li>100% manual, confidential boosting by trusted professionals, ensuring account safety and privacy.</li><li>Fast service start within 15 minutes, with completion guaranteed within 7 days.</li><li>Choose between Piloted, Selfplay, or Remote Control options for flexible service delivery.</li><li>Skip the grind and lengthy dungeon runs, enjoying a stress-free path to your new mount.</li></ul>;true;2025-12-12 08:51:01.909+00;2025-12-12 09:02:34.734+00;03765a40-f338-4035-a2ba-8928fff30834;2025-12-12 08:51:01.939765+00;2025-12-12 09:02:34.77443+00
48d83634-0769-49e1-9d75-53c55b730af8;250fb8fe-9a0d-47bd-90a1-c6332236f58a;<h4>What You Get</h4><ul><li><strong>Guaranteed Quagmirran's Eye:</strong> Consistent daily Heroic Slave Pens runs until this vital caster trinket drops for your character, eliminating RNG.</li><li><strong>Significant Power Spike:</strong> Secure this highly sought-after trinket early, boosting spell haste and spell power for immediate performance gains.</li><li><strong>Time Saved:</strong> Bypass weeks of persistent group finding and frustrating daily dungeon farming.</li><li><strong>No Loot Competition:</strong> Dedicated runs ensure the item is yours without needing to roll against other players.</li><li><strong>Badges of Justice:</strong> Accumulate 3 Badges of Justice with each Heroic completion, aiding further gearing.</li><li><strong>Expert & Efficient Runs:</strong> Play with experienced teams ensuring quick and smooth dungeon clears.</li><li><strong>Flexible Playstyle:</strong> Choose to play your character or opt for a professional pilot service.</li></ul>;true;2026-01-14 19:29:41.827+00;2026-01-14 19:29:47.486+00;03765a40-f338-4035-a2ba-8928fff30834;2026-01-14 19:29:41.882517+00;2026-01-14 19:29:47.446645+00
7367c9ac-6736-4e67-9d04-ad2379cc022b;260ab6e5-8514-4287-95be-cdc893a8d411;<h4>What You Get</h4><ul><li><b>Selected Voidlight Marl Amount:</b> We farm the precise quantity you choose, tailored to your needs.</li><li><b>Access to Exclusive Content:</b> Unlock mounts, pets, unique cosmetics, and powerful gear upgrades from vendors.</li><li><b>All Additional Loot:</b> Keep any gold, items, or resources acquired during the farming process.</li><li><b>Efficient & Time-Saving:</b> Expert players ensure quick and effective farming, bypassing the repetitive grind.</li><li><b>Secure & Reliable Service:</b> Your account safety is our priority, with secure methods used for all services.</li><li><b>Flexible Delivery:</b> Start your service in just 15 minutes, on your schedule.</li></ul>;false;2026-01-30 20:18:16.18+00;;;2026-01-30 20:18:16.215192+00;2026-01-30 20:18:16.215192+00
588ca2e9-f18e-439d-ae45-6ecab6b342b4;2632b6f8-a8fb-4232-87fa-c5a44372d150;<h4>What You Get</h4><ul><li><strong>Full Elite PvP Gear Set:</strong> Acquire the pinnacle of PvP progression with powerful stats and unique visuals.</li><li><strong>Substantial Honor & Conquest Points:</strong> Earn a wealth of currency without the grind.</li><li><strong>High-Tier Elite PvP Gear Access:</strong> Enhance your character's performance with top-tier equipment.</li><li><strong>Prestigious PvP Rewards & Titles:</strong> Unlock exclusive titles and recognition for your achievements.</li><li><strong>Key PvP Achievements Completed:</strong> Automatically fulfill requirements for significant PvP milestones.</li><li><strong>All Rewards & Items Secured:</strong> Every item gained during the boost remains on your account.</li><li><strong>Fast & Efficient Boost:</strong> Our experienced team ensures quick and professional completion.</li><li><strong>100% Secure & Manual Service:</strong> No bots, just skilled players ensuring account safety.</li><li><strong>Guaranteed Delivery:</strong> All listed rewards are assured upon completion.</li><li><strong>Piloted Boost Option:</strong> A professional player handles everything on your behalf.</li></ul>;true;2025-12-12 08:51:44.715+00;2025-12-12 09:02:09.465+00;03765a40-f338-4035-a2ba-8928fff30834;2025-12-12 08:51:44.7699+00;2025-12-12 09:02:09.53366+00
1d43b194-a726-435c-a2fd-b347f21439ee;59aa8c5f-c51a-4243-8947-8ca0043e17f0;<h4>What You Get</h4><ul><li>Rapid accumulation of Valor Points for immediate gear upgrades and purchases.</li><li>All earned Valor Points securely delivered to your account.</li><li>Access to high-level 489 item gear and powerful upgrades from Valor vendors.</li><li>Completely safe and manual farming by experienced boosters – no bots or exploits.</li><li>Flexible delivery options: Piloted (booster logs in) or Remote Control (watch live via Parsec).</li><li>Regular progress updates and guaranteed results for full account security.</li><li>Significant time saved from repetitive dungeons, raids, and daily quests.</li><li>Enhancements and reputation rewards unlocked.</li><li>Service starts within 15 minutes of your order.</li></ul>;true;2025-12-12 08:51:36.303+00;2025-12-12 09:02:14.314+00;03765a40-f338-4035-a2ba-8928fff30834;2025-12-12 08:51:36.341811+00;2025-12-12 09:02:14.347896+00
1ad2d252-f911-4328-a791-64879657ef06;c403358d-a790-479e-b7d1-15844225da81;<h4>What You Get</h4><ul><li>Guaranteed Pandaren Ambassador Achievement</li><li>Exclusive Pandaren Kite flying mount, title, and achievement points</li><li>Exalted reputation with all major Pandaria factions (Golden Lotus, August Celestials, Klaxxi, Shado-Pan, Anglers, Tillers, Lorewalkers, Order of the Cloud Serpent, and your faction's Pandaren)</li><li>Access to all faction-specific rewards including mounts, transmogs, pets, toys, and valuable items</li><li>Significant time saved on a notoriously grindy achievement</li><li>A fast, hassle-free boosting experience with a 15-minute start time</li><li>Progress towards larger reputation goals and meta-achievements</li><li>Enhanced connection to Pandaria's deep lore without the grind</li></ul>;true;2025-12-12 08:51:53.473+00;2025-12-12 09:02:00.041+00;03765a40-f338-4035-a2ba-8928fff30834;2025-12-12 08:51:53.522909+00;2025-12-12 09:02:00.032937+00
1792170c-200c-4d65-9fc5-78f39f22b976;c11cf2e9-7898-431e-bded-51e147bd6ed6;<h4>What You Get</h4><ul><li>Full <b>Tier 14 gear set</b> (four pieces) tailored for your class and specialization, in Normal or Heroic difficulty.</li><li>Completion of several raid runs across Mogu’shan Vaults, Heart of Fear, and Terrace of Endless Spring.</li><li>All achievements earned during the boost remain on your account.</li><li>All loot, gold, and additional rewards obtained during the service are yours.</li><li><b>Fast Full Set:</b> Instantly receive your complete Tier 14 gear without endless grinding.</li><li><b>Class-Specific Power:</b> Unlock powerful bonuses that significantly enhance your core abilities and performance.</li><li><b>Time Savings:</b> Skip the farming and jump straight into higher-tier raids or new content.</li><li><b>Raid Ready:</b> Equip yourself for high-end groups with top-tier gear and confidence.</li><li><b>Safe & Reliable:</b> Enjoy a 100% hand-played boost delivered by trusted professionals.</li></ul>;true;2025-12-12 08:51:28.398+00;2025-12-12 09:02:18.924+00;03765a40-f338-4035-a2ba-8928fff30834;2025-12-12 08:51:28.433797+00;2025-12-12 09:02:18.936975+00
3c9cb028-b7b5-44eb-8b44-8ca4bc10e23f;5a27e8f1-6f57-43ba-919c-c2a50c27d140;<h4>What You Get</h4><ul><li>Guaranteed achievement of your desired RBG rating fast and securely.</li><li>Significant Honor and Conquest Point gains during the boost.</li><li>Access to elite PvP gear based on your achieved rating.</li><li>Prestigious PvP titles to showcase your rank.</li><li>Completion of relevant PvP achievements without the grind.</li><li>Flexible boost options: Piloted, Remote Control, or Selfplay to fit your preference.</li><li>Boosts performed by expert RBG teams with proven track records.</li><li>100% manual boosting with no automation for maximum safety.</li><li>Fast start within 15 minutes of ordering.</li><li>Constant updates and transparent communication throughout the service.</li></ul>;true;2025-12-12 08:51:19.298+00;2025-12-12 09:02:23.751+00;03765a40-f338-4035-a2ba-8928fff30834;2025-12-12 08:51:19.331496+00;2025-12-12 09:02:23.789994+00
f75449f4-948a-412e-906e-50edd27592ec;aab05a00-2e66-4c6f-a5cd-a7d678c8c073;<h4>What You Get</h4><ul><li>The prestigious <strong>Pandaren Kite String mount</strong>, a unique flying kite, added to your collection.</li><li>Completion of the challenging <strong>Pandaren Ambassador achievement</strong>.</li><li>Exalted reputation with all six major Pandaren factions: Golden Lotus, Shado-Pan, The August Celestials, The Klaxxi, The Lorewalkers, and The Order of the Cloud Serpent.</li><li>Significant time saved by avoiding the extensive daily quest grind and reputation farming (service delivered in approximately 56 days).</li><li>A 100% manual and efficient boosting service by professional players, ensuring account safety and swift progress.</li><li>Access to a rare, account-wide flying mount representing a major in-game accomplishment without the personal grind.</li></ul>;true;2025-12-12 08:51:13.048+00;2025-12-12 09:02:29.02+00;03765a40-f338-4035-a2ba-8928fff30834;2025-12-12 08:51:13.079647+00;2025-12-12 09:02:29.073525+00
47c90aac-f0ee-4070-aa8a-493c70c88e5d;c56787bf-e424-4cdc-9bc8-de01e7b22f9f;<h4>What You Get</h4><ul><li><strong>All Nine Celestial Dungeons completed</strong>, or specific dungeons of your choice.</li><li>High-level <strong>476–483 ilvl catch-up gear</strong> to boost your character.</li><li><strong>Pandaria Celestial Hero achievement</strong> unlocked.</li><li><strong>August Stone Fragments</strong> farmed during runs.</li><li>All <strong>loot, gold, and rewards</strong> earned stay on your account.</li><li><strong>Fast, secure, and professional service</strong> with no wipes or delays.</li><li><strong>100% manual gameplay</strong> ensuring account safety (no bots or third-party software).</li><li>Choice between <strong>Piloted Boost</strong> (our pro plays) or <strong>Selfplay Boost</strong> (you join our team).</li><li>Skip endless wipes, group-finding frustration, and hours of grinding.</li><li>Prepare your character for raids with powerful pre-raid BiS gear.</li></ul>;true;2025-12-12 08:51:04.309+00;2025-12-12 09:02:33.46+00;03765a40-f338-4035-a2ba-8928fff30834;2025-12-12 08:51:04.344437+00;2025-12-12 09:02:33.472901+00
b02df2c5-a381-4908-9b51-cc568ea6a4e7;8cf3ff9d-97a0-4c50-91b2-ebb8ab71790f;<h4>What You Get</h4><ul><li>A fully optimized Diablo 4 Season 11 Paladin build, ready for The Pit, The Tower, and high-tier endgame farming.</li><li>Skip the grind for crucial items like 800 GS Legendaries, Greater Affix Uniques, and Mythic Items.</li><li>Professionals handle tedious leveling, gearing, and dungeon grinds, ensuring a top-tier meta setup.</li><li>Unlock your chosen build capable of clearing up to Pit Tier 100, tailored to your exact playstyle.</li><li>Gain max-level Glyphs, Masterworking (25/25), and perfect Tempering affixes on every item.</li><li>Receive a discount if your Paladin is already level 60 or partially progressed.</li><li>Access to top Season 11 Paladin builds like Hammerdin, Fist of the Heavens, Avenger Shield, Holy Fire Aura, or Zealot Charge, perfectly tuned for survivability and damage.</li><li>No more gambling on affixes or wasted materials – just a Paladin built to dominate endgame content.</li><li>Fast start time (15 minutes) and flexible delivery for immediate action.</li></ul>;true;2025-12-19 18:42:14.782+00;2025-12-19 18:42:42.617+00;03765a40-f338-4035-a2ba-8928fff30834;2025-12-19 18:42:14.816864+00;2025-12-19 18:42:42.960657+00
b8fafbbb-ae36-42ef-ba68-cbd7a1149afb;acb59079-8fbb-4295-ba41-077cdfbbe4ce;<h4>What You Get</h4><ul><li><strong>Exclusive Preyseeker's Hubris Flying Mount:</strong> Directly added to your Midnight collection.</li><li><strong>Guaranteed Acquisition:</strong> Secure this prestigious mount without the grind.</li><li><strong>Preyseeker's Journey Rank 5:</strong> Achieve the highest progression rank effortlessly.</li><li><strong>2000 Remnant of Anguish:</strong> All required currency farmed for you.</li><li><strong>All Loot Obtained:</strong> Any additional items, gear, or currency acquired during the boost.</li><li><strong>Time-Saving:</strong> Bypass countless hours of repetitive farming and monotonous quests.</li><li><strong>Expert Boosters:</strong> Efficient completion by a team with in-depth game knowledge.</li><li><strong>Piloted Service:</strong> Relax while professionals handle everything on your behalf.</li><li><strong>Fast Start:</strong> Service begins in as little as 15 minutes.</li></ul>;true;2026-02-12 22:31:17.485+00;2026-02-12 22:31:48.682+00;03765a40-f338-4035-a2ba-8928fff30834;2026-02-12 22:31:17.520039+00;2026-02-12 22:31:48.554121+00
b75ede27-7be3-46d0-a747-fdf531930189;14e372f8-76d7-4ea8-a348-54c2343632d9;<h4>What You Get</h4><ul><li><strong>Full PvP Gear Set:</strong> Obtain a complete set of Dreadful Honor, Malevolent Conquest, or Malevolent Elite Conquest gear.</li><li><strong>Maximized PvP Power:</strong> Acquire essential gear with increased PvP power and resilience for a competitive edge.</li><li><strong>Efficient Point Farming:</strong> Our professionals will farm large amounts of Honor and Conquest Points for you.</li><li><strong>Elite Gear Access:</strong> Unlock Elite PvP gear and associated rewards by achieving required arena ratings.</li><li><strong>Major PvP Achievements:</strong> Completion of significant PvP achievements and rewards.</li><li><strong>Fast & Secure Service:</strong> Begin your boost in just 15 minutes, completed manually and securely within 5 days.</li><li><strong>Expert Players:</strong> Benefit from our deep knowledge of MoP PvP systems and strategies.</li><li><strong>Customized Boost:</strong> Service tailored to your class, spec, and in-game goals.</li><li><strong>Piloted or Remote Control:</strong> Choose between a secure piloted service or live remote viewing of your boost.</li></ul>;true;2025-12-12 08:51:38.43+00;2025-12-12 09:02:13.018+00;03765a40-f338-4035-a2ba-8928fff30834;2025-12-12 08:51:38.479847+00;2025-12-12 09:02:13.047364+00
0b405df9-ee02-4314-81cd-d5196c8b5139;f4556954-c692-4bf3-b0ce-ea05b6e217b4;"<h4>What You Get</h4><ul><li><strong>Full Gear Upgrade:</strong> Obtain powerful PvE (dungeon/raid) or PvP (Honor/Conquest) gear tailored to your class and spec, up to top-tier item levels.</li><li><strong>Save Time & Skip the Grind:</strong> Avoid weeks of repetitive farming; our pro players handle all PvE and PvP content efficiently.</li><li><strong>Fast & Safe Boosting:</strong> Experience quick, 100% manual service with no automation, ensuring account safety and an average start time of just 15 minutes.</li><li><strong>Retain All Loot:</strong> Every piece of gear, gold, and item acquired during the boost remains on your account.</li><li><strong>Flexible Play Options:</strong> Choose between secure Account Sharing for maximum convenience or Selfplay to play alongside our expert team.</li><li><strong>Raid & PvP Ready:</strong> Be fully equipped for high-level raids, dungeons, and competitive PvP battles sooner.</li></ul>";true;2025-12-12 08:51:21.813+00;2025-12-12 09:02:22.285+00;03765a40-f338-4035-a2ba-8928fff30834;2025-12-12 08:51:21.844562+00;2025-12-12 09:02:22.332579+00
83566935-ab2f-40a5-9d2b-3efb4d6e5e3f;2cdb211d-2957-404f-8cf3-cdc89d7680d5;<h4>What You Get</h4><ul><li>Full Siege of Orgrimmar raid clear on your chosen difficulty.</li><li>Powerful 553+ ilvl gear (Normal) or 566+ ilvl gear (Heroic), with a chance for Warforged items.</li><li>All 14 bosses defeated, including Garrosh Hellscream.</li><li>Exclusive achievements: Ahead of the Curve / Cutting Edge, boss-related Feats of Strength.</li><li>Rare mounts: Reins of the Kor’kron War Wolf (Heroic), plus optional Kor’kron Juggernaut.</li><li>The prestigious “Hellscream’s Downfall” title (Heroic clear).</li><li>Option for guaranteed loot drops and full loot priority runs.</li><li>Fast, secure, and fully manual boost by expert players.</li><li>Save time and skip the grind with guaranteed results.</li></ul>;true;2025-12-12 08:51:55.446+00;2025-12-12 09:01:58.935+00;03765a40-f338-4035-a2ba-8928fff30834;2025-12-12 08:51:55.492119+00;2025-12-12 09:01:58.972173+00
b6f15f55-c285-4789-943d-71d36c003a8a;7d5f5faa-b632-4057-bb74-5c325ec1de07;<h4>What You Get</h4><ul><li><strong>Reins of the Azure Water Strider</strong> mount unlocked, allowing you to walk on water instantly.</li><li>Exalted reputation with The Anglers achieved, completing associated achievements.</li><li>All Anglers daily quests and rare fish turn-ins handled by professional boosters.</li><li>Manual, safe, and efficient reputation farming with no bots.</li><li>Progress toward <strong>The Anglers</strong> achievement.</li><li>Significant time saved on tedious daily quests and fishing grind.</li><li>Guaranteed mount acquisition and live updates throughout the boost.</li><li>Increased exploration speed and convenience across Pandaria.</li><li>Unique insect-like mount added to your collection.</li></ul>;true;2025-12-12 08:51:14.427+00;2025-12-12 09:02:27.572+00;03765a40-f338-4035-a2ba-8928fff30834;2025-12-12 08:51:14.457515+00;2025-12-12 09:02:27.592555+00
98584785-a116-4306-a847-e01b404f6e74;44d20b45-3c0a-4ead-8883-11865b42cb80;"<h4>What You Get</h4><ul><li>The prestigious <a href=""https://www.wowhead.com/mop-classic/item=95059/clutch-of-ji-kun"" rel=""noopener noreferrer"" target=""_blank""><strong>Clutch of Ji-Kun</strong></a> mount, guaranteed.</li><li>Weekly kills of the Ji-Kun boss in Throne of Thunder, performed safely by professional raiders.</li><li>Opportunity to skip months of repetitive farming and enjoy your new mount immediately.</li><li>Efficient and consistent service until the mount drops, no extra charges.</li><li>Live progress updates after every weekly raid attempt.</li><li>Access to experienced raiders skilled in all Throne of Thunder mechanics and strategies.</li><li>Manual and safe gameplay, absolutely no bots or automation used.</li><li>Flexible boost options: choose between Piloted (we play for you) or Selfplay (you join the raid).</li><li>Save time and avoid the grind, securing one of MoP Classic's rarest bird mounts with ease.</li></ul>";true;2025-12-12 08:51:06.81+00;2025-12-12 09:02:32.356+00;03765a40-f338-4035-a2ba-8928fff30834;2025-12-12 08:51:06.846236+00;2025-12-12 09:02:32.394281+00
0ec60b16-3860-4572-9608-8a722f4133b6;bb59a615-6e43-41f3-9d71-54f7c701a847;<h4>What You Get</h4><ul><li><strong>Instant Haranir Allied Race Unlock:</strong> Play as Haranir straight away, bypassing the lengthy questline.</li><li><strong>“Allied Race: Haranir” Achievement:</strong> Secure the official in-game achievement for your account.</li><li><strong>Exclusive Ivory Grimlynx Mount:</strong> Ride in style with this unique beast.</li><li><strong><q>The Emergence</q> Questline Completion:</strong> Full story completion from the Midnight campaign.</li><li><strong>Bonus Drops:</strong> All valuable items, gold, and materials obtained during the service.</li><li><strong>Professional & Secure Service:</strong> Experienced boosters ensure efficient and safe account handling.</li><li><strong>Time Saved:</strong> Avoid extensive grinding and dive directly into new content.</li></ul>;true;2026-01-28 10:56:07.639+00;2026-01-28 10:56:27.524+00;03765a40-f338-4035-a2ba-8928fff30834;2026-01-28 10:56:07.690523+00;2026-01-28 10:56:27.04999+00
3ce15d2f-0fba-4717-92cb-09f3a1420710;bfffc087-1d49-42fc-b556-caa4d071ad50;<h4>What You Get</h4><ul><li><b>Desired Spark of Radiance Quantity:</b> We farm the precise number of Sparks you need to upgrade your gear.</li><li><b>Max Ilvl Gear Potential:</b> Craft and enhance your items up to an impressive 285 ilvl with collected Sparks.</li><li><b>Weekly Quest Completion:</b> All relevant weekly quests and activities awarding Spark of Radiance are completed efficiently.</li><li><b>All Additional Drops Kept:</b> Every resource, material, and gold acquired during the service is yours.</li><li><b>Time Saved & Grind Avoided:</b> Skip repetitive farming and tedious reputation grind with our expert service.</li><li><b>Convenient & Flexible Scheduling:</b> Service starts within 15 minutes of purchase, tailored to your schedule.</li><li><b>Secure & Safe Service:</b> Your account's safety is ensured with professional play methods and VPN protection.</li></ul>;true;2026-01-30 20:32:55.613+00;2026-01-30 20:33:08.447+00;03765a40-f338-4035-a2ba-8928fff30834;2026-01-30 20:32:55.659401+00;2026-01-30 20:33:07.742429+00
817e0cd3-4989-4453-813e-08a7ff655ced;e10ee41b-60a7-43e6-b6f9-7d56594a9a94;<h4>What You Get</h4><ul><li><b>Selected Roubles delivered fast</b>: Receive your chosen amount of Escape from Tarkov's primary currency directly to your account.</li><li><b>Instant buying power</b>: Gain immediate access to better weapons, armor, meds, high-tier ammo, and weapon attachments, enhancing your in-game loadouts.</li><li><b>Skip the grind</b>: Save countless hours normally spent on repetitive raids and slow money-making routes, letting you jump straight into exciting gameplay.</li><li><b>Focus on fun</b>: Enjoy more PvP, quest progression, and experimental, high-value runs without the constant worry of in-game finances.</li><li><b>Premium service</b>: Benefit from misti.services' fast processing, clear communication, and straightforward, player-friendly delivery methods, ensuring a smooth transaction from start to finish.</li><li><b>Gear up, not burn out</b>: Acquire the resources needed to fully engage with Tarkov's content, allowing you to maximize your enjoyment and minimize the stress of currency farming.</li></ul>;true;2025-12-20 23:04:21.942+00;2025-12-20 23:04:44.044+00;03765a40-f338-4035-a2ba-8928fff30834;2025-12-20 23:04:21.969383+00;2025-12-20 23:04:43.808447+00
17385309-c896-4129-a999-4253d70fbacf;1cec85a0-8ee1-4281-b439-e71b8922b995;"<h4>What You Get</h4><ul><li><strong>Full <span class=""highlight"">Glory of the Midnight Raider</span> Meta-Achievement</strong></li><li><strong>Exclusive Tenebrous Harrower Mount</strong></li><li>Guaranteed completion with expert World of Warcraft teams</li><li>Time-saving service, bypass group finding and coordination</li><li>Flexible options: full meta-achievement or specific challenges</li><li>Normal difficulty runs through The Voidspire, The Dreamrift, and March on Quel’danas raids</li><li>Chance for 246-253 item level gear drops</li><li>Potential Great Vault rewards based on raid completion</li><li>Secure process with account safety and customer privacy</li><li>Start within 15 minutes, flexible scheduling</li></ul>";true;2026-01-30 20:43:21.198+00;2026-01-30 20:43:34.061+00;03765a40-f338-4035-a2ba-8928fff30834;2026-01-30 20:43:21.233991+00;2026-01-30 20:43:33.013116+00
38823e30-72bd-4459-8f55-d007d2b49d64;35de5914-0bf3-4035-ac09-e3d53bacca41;<h4>What You Get</h4><ul><li>Reach Exalted reputation with The Shado-Pan quickly and safely.</li><li>Unlock prestigious rewards including the Reins of the Onyx Cloud Serpent and Blue Shado-Pan Riding Tiger mounts.</li><li>Access high-level gear, armor, weapons, and profession patterns at Honored, Revered, and Exalted.</li><li>Obtain unique tabards, cosmetic helmets, and exclusive titles.</li><li>Contribute to Pandaria's faction achievements and experience lore-rich storylines.</li><li>Skip the repetitive daily grind entirely, saving you significant time and effort.</li><li>Benefit from professional boosters who handle all daily quests and companion rotations efficiently.</li><li>Guaranteed fast start within 15 minutes of purchase.</li></ul>;true;2025-12-12 08:52:39.905+00;2025-12-12 09:01:35.228+00;03765a40-f338-4035-a2ba-8928fff30834;2025-12-12 08:52:39.949329+00;2025-12-12 09:01:35.29795+00
d35b944b-6454-4a2c-8831-d9d8318e1ca5;02d6f9ea-cb93-40bc-a87d-9d2e36fc715e;<h4>What You Get</h4><ul><li><strong>Exalted Reputation:</strong> Achieve maximum standing with The Kirin Tor Offensive without the tedious daily grind.</li><li><strong>Exclusive Mount:</strong> Ride in style with the prestigious Reins of the Golden Kirin mount.</li><li><strong>Powerful Gear & Recipes:</strong> Unlock epic-quality gear, valuable profession recipes, and Kirin Tor-themed items.</li><li><strong>Story Progression:</strong> Experience the full Isle of Thunder campaign and its unique achievements.</li><li><strong>Efficiency & Speed:</strong> Our expert boosters complete all dailies and campaign quests quickly.</li><li><strong>Flexible Service:</strong> Enjoy a boost tailored to your schedule, with start times as fast as 15 minutes.</li><li><strong>Endgame Readiness:</strong> Gain access to exclusive high-level vendor items for optimal character progression.</li><li><strong>Bonus Reputation:</strong> We strategically utilize in-game events and guild perks for accelerated gains.</li></ul>;true;2025-12-12 08:52:25.458+00;2025-12-12 09:01:43.401+00;03765a40-f338-4035-a2ba-8928fff30834;2025-12-12 08:52:25.496956+00;2025-12-12 09:01:43.421964+00
124def35-66ed-461f-91e6-ba0afbcd5e3d;20eb0c59-9bda-4990-a73e-3d7278adfb2e;<h4>What You Get</h4><ul><li>Full Throne of Thunder raid completion on chosen difficulty</li><li>Guaranteed Tier 15 gear, with options for Thunderforged upgrades</li><li>All twelve bosses defeated, including optional heroic-only Ra-den</li><li>Achievements: Ahead of the Curve/Cutting Edge: Lei Shen and Cutting Edge: Ra-den (Heroic)</li><li>Rare Mounts: Chance for Spawn of Horridon, Clutch of Ji-Kun, and guaranteed Reins of the Armored Skyscreamer from meta-achievement.</li><li>Title: Storm’s End from Lei Shen Heroic kill</li><li>Boost Options: Choose Piloted, Selfplay, or Remote Control for a convenient experience</li><li>Fast and reliable service with secure, confidential boosting from professional teams</li><li>Flexible scheduling and full progress transparency</li></ul>;true;2025-12-12 08:52:13.677+00;2025-12-12 09:01:48.693+00;03765a40-f338-4035-a2ba-8928fff30834;2025-12-12 08:52:13.713195+00;2025-12-12 09:01:48.775364+00
36818b18-cd49-4604-baa6-5b550ec0d8c9;9a9c85db-7fb7-44cc-a36a-e93a3315a17c;<h4>What You Get</h4><ul><li>Full <b>Elite PvP Gear Set</b> for your character</li><li>Significant <b>Honor and Conquest Points</b> earned during the boost</li><li>Access to <b>prestigious PvP rewards and titles</b></li><li>Automatic completion of related <b>PvP achievements</b></li><li><b>Instant Gear Access</b>, skipping the long grind and repetitive farming</li><li><b>High PvP Performance</b> with top-tier stats and enhanced visuals</li><li><b>Professional, fast, and secure</b> progression handled by experienced players</li><li><b>Guaranteed results</b>, ensuring you save time and dominate Pandaria PvP</li><li>Available with flexible <b>Piloted</b> options for your convenience</li></ul>;true;2025-12-12 08:52:05.721+00;2025-12-12 09:01:53.385+00;03765a40-f338-4035-a2ba-8928fff30834;2025-12-12 08:52:05.75763+00;2025-12-12 09:01:53.37708+00
d3b82b05-9164-439b-aa08-e16d5cf66de9;58710ab8-a29e-4f2a-82a7-867f664c50f0;<h4>What You Get</h4><ul><li><strong>Celestial Riding Crane mount unlocked</strong>: Instantly acquire this elegant, glowing Pandaria Classic mount without the grind.</li><li><strong>Unique Celestial Design</strong>: Add a prestigious, eye-catching crane to your collection, skipping hours of farming.</li><li><strong>100% Hand-Played Service</strong>: Secure, manual gameplay by professional boosters, ensuring account safety and integrity.</li><li><strong>All Loot & Progress Included</strong>: Keep every item, currency, and achievement earned during the boost.</li><li><strong>Efficient & Fast Delivery</strong>: Our team handles all steps quickly and professionaly, with a start time as fast as 15 minutes.</li><li><strong>Stress-Free Acquisition</strong>: Avoid celestial dungeon grind and rare currency farming entirely.</li><li><strong>Guaranteed Results</strong>: Reliable acquisition of this hard-to-get Pandaria Classic mount.</li><li><strong>Flexible Options</strong>: Choose between Piloted or Remote Control to suit your preference.</li></ul>;true;2025-12-12 08:51:57.884+00;2025-12-12 09:01:57.842+00;03765a40-f338-4035-a2ba-8928fff30834;2025-12-12 08:51:57.923265+00;2025-12-12 09:01:57.82999+00
382ea0e9-c302-46e1-9e5c-dfb228d7b8be;f2442cc8-e06c-4821-bff0-af43ca9ede1f;<h4>What You Get</h4><ul><li><strong>Rapid Level 1–75 Progress:</strong> Unlock endgame content and builds faster without the grind.</li><li><strong>Maximized Skill Points:</strong> Access core stats, perks, and build-shaping options sooner.</li><li><strong>Smoother Raid & Contract Progression:</strong> Tackle tougher challenges with a stronger, more flexible character.</li><li><strong>All Loot & Currency Earned:</strong> Every item, material, and currency acquired during the boost stays on your account.</li><li><strong>Quest & Project Completion (Optional):</strong> Boost XP and unlock flow with targeted mission support.</li><li><strong>100% Manual Service:</strong> Expert Raiders ensure efficient, bot-free leveling with flexible Piloted or Self-Play options.</li><li><strong>Transparent Process:</strong> Watch your boost unfold live with our Stream option for full peace of mind.</li></ul>;true;2025-12-21 21:13:13.44+00;2025-12-21 21:13:52.189+00;03765a40-f338-4035-a2ba-8928fff30834;2025-12-21 21:13:13.690856+00;2025-12-21 21:13:52.970777+00
061baa4b-11b4-4cbf-bf02-8d855c9f9529;2afcf3ba-cdaf-4f04-af02-5654b99959fd;<h4>What You Get</h4><ul><li><strong>Exalted Klaxxi Reputation:</strong> Achieve the highest favor with The Klaxxi without the daily grind.</li><li><strong>Exclusive Mount:</strong> Ride in style with the prestigious Amber Scorpion mount.</li><li><strong>Powerful Gear & Upgrades:</strong> Unlock high-level armor, weapons, trinkets, and epic recipes at Honored, Revered, and Exalted.</li><li><strong>Unique Quest Rewards:</strong> Access powerful questlines and deeper Mantid lore.</li><li><strong>Professional & Fast Service:</strong> Our expert boosters complete all quests and dailies efficiently and securely.</li><li><strong>100% Hand-Done:</strong> All reputation grinding is performed manually, ensuring account safety.</li><li><strong>Flexible Scheduling:</strong> We adapt to your gaming schedule for a seamless boosting experience.</li><li><strong>Skip the Grind:</strong> Enjoy all the rewards without the repetitive daily tasks.</li><li><strong>Start in 15 Minutes:</strong> Quick initiation to get your boost underway almost immediately.</li></ul>;true;2025-12-12 08:52:31.64+00;2025-12-12 09:01:39.937+00;03765a40-f338-4035-a2ba-8928fff30834;2025-12-12 08:52:31.670516+00;2025-12-12 09:01:39.960459+00
c2f581fc-0d40-4413-8b8c-ffb423c88429;1141e6fb-29bd-4caa-b2d3-94212b6e589e;<h4>What You Get</h4><ul><li><strong>Stormbreaker Meta-Achievement</strong> fully completed, earning you the prestigious title effortlessly.</li><li>All related sub-achievements on the Isle of Thunder, showcasing mastery of Pandaria’s toughest content.</li><li>Completion of numerous challenging questlines, scenarios (like Troves of the Thunder King), and rare enemy encounters.</li><li>All gold, items, and rewards obtained during the process, including Ancient Tomes and progress for Key to the Palace of Lei Shen, remain on your account.</li><li><strong>Guaranteed Safety:</strong> 100% manual gameplay ensures account security, with live progress updates at every stage.</li><li><strong>Flexible Delivery:</strong> Choose from Piloted or Remote Control options, with Normal, Express, or Super Express speeds.</li><li><strong>Optional Live Stream:</strong> Watch your boost in real-time.</li><li>Expert boosters handle everything, saving you weeks of grind and allowing you to stand out as an elite adventurer.</li></ul>;true;2025-12-12 08:52:23.689+00;2025-12-12 09:01:44.505+00;03765a40-f338-4035-a2ba-8928fff30834;2025-12-12 08:52:23.723792+00;2025-12-12 09:01:44.541579+00
b7e75cba-46ae-4bad-925c-927b30feff45;129cb066-df05-4625-a9de-2619472e26a6;<h4>What You Get</h4><ul><li><b>Exalted Golden Lotus Reputation:</b> Skip the daily grind and achieve max reputation quickly and safely.</li><li><b>Access to Powerful Gear:</b> Unlock Honored, Revered, and Epic Exalted rewards, including high-level armor, profession recipes, and trinkets.</li><li><b>Exclusive Mounts:</b> Secure rare mounts like the Crimson Cloud Serpent upon reaching Exalted.</li><li><b>Unlocks Key Factions:</b> Gain access to daily quests for The August Celestials and Shado-Pan, crucial for further Pandaria progression.</li><li><b>Professional Service:</b> Our experienced team handles all daily quests and progression tasks efficiently.</li><li><b>Flexible Scheduling:</b> We adapt to your schedule for a seamless boosting experience.</li><li><b>Fast Start:</b> Service begins in just 15 minutes.</li></ul>;true;2025-12-12 08:52:11.897+00;2025-12-12 09:01:49.976+00;03765a40-f338-4035-a2ba-8928fff30834;2025-12-12 08:52:11.942443+00;2025-12-12 09:01:50.003452+00
56711530-52d4-4406-b555-da3ad9b0db8a;f373e46b-439f-4612-b949-db5ee37fbbd3;<h4>What You Get</h4><ul><li><strong>Glorious Tyranny Weapon Enchant:</strong> Secure this prestigious PvP weapon enchantment without the endless grind.</li><li><strong>Elite Malevolent Gladiator Gear Set & Weapon:</strong> Unlock top-tier PvP equipment for your class.</li><li><strong>Enhanced Visual Effects:</strong> Elevate your character's look with striking PvP gear glows.</li><li><strong>High Arena Rating:</strong> Achieve your desired rating efficiently, handled by expert players.</li><li><strong>PvP Achievements:</strong> Chance to earn various PvP accomplishments and progress towards other rewards.</li><li><strong>Significant PvP Power:</strong> Boost your damage output in player-vs-player combat.</li><li><strong>Reduced Disarm Duration:</strong> Gain a crucial combat advantage with disarm effects cut in half.</li><li><strong>Fast & Reliable Service:</strong> Expert PvP boosters ensure quick and secure completion.</li><li><strong>100% Safe & Manual Boost:</strong> All gameplay is legitimate and completely secure for your account.</li><li><strong>Full Progress Updates:</strong> Stay informed every step of the way until your rewards are delivered.</li></ul>;true;2025-12-12 08:52:03.963+00;2025-12-12 09:01:54.466+00;03765a40-f338-4035-a2ba-8928fff30834;2025-12-12 08:52:03.997812+00;2025-12-12 09:01:54.460076+00
5b784dca-ff4a-4e31-8129-7259f8085111;bd80a080-4a25-46e6-bffc-60b559c92238;<h4>What You Get</h4><ul><li><strong>Full 6/6 Sunwell Plateau Clear:</strong> Complete the ultimate 25-player raid and defeat all six challenging bosses, including Kil'jaeden.</li><li><strong>Guaranteed Gear:</strong> Receive at least three distinct gear pieces from the raid, with the option for full loot priority for your class/spec.</li><li><strong>Essential Tier 6.5 Loot:</strong> Secure coveted Tier 6.5 bracers, belts, and boots to finalize your build and achieve peak endgame power.</li><li><strong>Expert Raid Teams:</strong> Benefit from our professional 25-player teams with deep knowledge of all mechanics for efficient and guaranteed clears.</li><li><strong>Fast & Optimized Progression:</strong> Experience quick runs, saving you significant time and effort in completing TBC's final raid.</li><li><strong>Flexible Play:</strong> Choose between a fully piloted service or join the raid yourself in self-play mode.</li><li><strong>24/7 Dedicated Support:</strong> Our team is available around the clock to assist with scheduling and any inquiries.</li></ul>;true;2026-01-10 21:00:25.294+00;2026-01-20 21:41:13.458+00;03765a40-f338-4035-a2ba-8928fff30834;2026-01-10 21:00:25.335325+00;2026-01-20 21:41:13.379197+00
73971e82-7250-43b1-b8e1-fa16d298f631;2adf7b32-22c8-4f1c-9459-580056f31bb0;<h4>What You Get</h4><ul><li><strong>Full Heroic Voidspire Completion:</strong> All 6 bosses defeated for top-tier rewards.</li><li><strong>Powerful Heroic Gear:</strong> Opportunities to acquire high-end items for your character's progression.</li><li><strong>Ahead of the Curve Achievement:</strong> Secure this prestigious feat before the season ends.</li><li><strong>Great Vault Rewards:</strong> Unlock attractive weekly selections for significant upgrades.</li><li><strong>Specific Boss Achievements:</strong> Earn unique accomplishments for each boss killed.</li><li><strong>Expert Team & Guaranteed Completion:</strong> Raid alongside seasoned professionals for a swift, successful run.</li><li><strong>Time-Saving Convenience:</strong> Skip group-finding and wipes, completing the raid efficiently.</li><li><strong>Flexible Scheduling & Loot Options:</strong> Play at your convenience with available extra loot trading.</li><li><strong>Secure & Private Service:</strong> Choose between self-play or piloted modes for a safe experience.</li></ul>;true;2026-01-28 10:28:04.274+00;2026-01-28 10:28:30.159+00;03765a40-f338-4035-a2ba-8928fff30834;2026-01-28 10:28:04.328375+00;2026-01-28 10:28:29.711414+00
d5ee3040-af78-4ca1-973d-943355764da4;d7712523-0788-477e-a050-7621bf9ea5de;<h4>What You Get</h4><ul><li><b>Any ARC Raiders quest completed:</b> From simple objectives to complex multi-stage chains, we handle it.</li><li><b>All quest rewards kept:</b> You retain 100% of the XP, currency, items, and progression unlocks.</li><li><b>Faster Leveling & Progression:</b> Efficient quest completion means quicker access to upgrades, gear, and overall progression.</li><li><b>100% Manual Play:</b> Experienced Raiders complete objectives cleanly and efficiently with no bots or scripts.</li><li><b>Objective + Extraction Focused:</b> Our Raiders prioritize clean runs and successful extractions to maximize your gains.</li><li><b>Less Wasted Time:</b> Bypass difficult routes, hard item requirements, or time-consuming objectives.</li><li><b>Flexible Delivery & Fast Start:</b> Your boost is started within 15 minutes, tailored to your schedule.</li><li><b>Support for Custom Orders:</b> Specific quest needs? We're ready to assist.</li></ul>;true;2025-12-23 00:08:20.912+00;2025-12-23 00:08:26.475+00;03765a40-f338-4035-a2ba-8928fff30834;2025-12-23 00:08:20.941667+00;2025-12-23 00:08:26.5342+00
3e030d26-08dc-43b7-a563-bf816c7de6f7;1d4f55f4-0c20-4203-8399-c080328d2221;<h4>What You Get</h4><ul><li><strong>Guaranteed Mirror of Kalandra:</strong> Secure this<span></span>exceptionally rare PoE 2 currency<span></span>item instantly, bypassing<span></span>the near-impossible in-game drop rates.</li><li><strong>Flawless Item Duplication:</strong><span></span>Create perfect, identical copies<span></span>of your rare items, preserving<span></span>all stats and enchantments<span></span>for ultimate build optimization.</li><li><strong>Swift & Secure Delivery:</strong><span></span>Receive your desired quantity<span></span>of Mirrors<span></span>within 15 minutes via<span></span>safe in-game transfer.</li><li><strong>Massive Time Savings:</strong><span></span>Avoid countless hours of<span></span>arduous farming<span></span>and immediately<span></span>enhance your endgame gear.</li><li><strong>Unmatched Rarity Access:</strong><span></span>Gain direct access to<span></span>the pinnacle of PoE 2<span></span>currency, known for its<span></span>immense value and economic<span></span>advantage.</li><li><strong>Trusted & Safe Service:</strong><span></span>Benefit from<span></span>secure transactions<span></span>and methods that<span></span>prioritize your account<span></span>safety, handled by<span></span>experienced players.</li></ul>;true;2026-01-04 18:38:19.684+00;2026-01-04 18:38:41.335+00;03765a40-f338-4035-a2ba-8928fff30834;2026-01-04 18:38:19.717031+00;2026-01-04 18:38:43.363054+00
1917c0b2-aba1-4069-9a80-44da5c7e9071;4eb1a3da-7a2e-4bff-abdb-40a88090ea52;"<h4>What You Get</h4><ul><li><strong>Guaranteed Spawn of Horridon Mount:</strong> We continue weekly kills until this prestigious rarity drops, saving you months of farming.</li><li><strong>Professional Horridon Kills:</strong> Our experienced raiders handle all Throne of Thunder mechanics efficiently and safely.</li><li><strong>Flexible Boost Options:</strong> Choose between Piloted (we play for you) or Selfplay (you join our team).</li><li><strong>Manual & Safe Service:</strong> No bots or automation; all gameplay is hand-played for your account's security.</li><li><strong>Weekly Raids & Progress Updates:</strong> Consistent attempts increase drop chances, and you'll receive updates after each raid.</li><li><strong>Instant Setup:</strong> Your boost can start in as little as 15 minutes.</li></ul>";true;2025-12-12 08:52:35.859+00;2025-12-12 09:01:37.689+00;03765a40-f338-4035-a2ba-8928fff30834;2025-12-12 08:52:35.894235+00;2025-12-12 09:01:37.713204+00
4682e8c6-d685-4adf-ab38-07480ab6cb88;a10917d0-4b63-4009-8f54-ae2e874f13d3;<h4>What You Get</h4><ul><li><b>Guaranteed Reins of the Thundering Onyx Cloud Serpent mount</b> – we farm until it drops!</li><li>All gold, loot, and progress earned during the boost remain on your account.</li><li>Save immense time and effort, skipping months of weekly world boss farming.</li><li>A prestigious and rare mount added to your collection, showcasing mastery of Pandaria's challenges.</li><li>Professional, manual, and safe gameplay from experienced boosters.</li><li>Weekly consistency and live progress updates on world boss attempts.</li><li>Access to one of the most visually striking mounts in MoP Classic.</li><li>Enjoy the mount without the hassle of coordinating groups or learning complex boss mechanics.</li></ul>;true;2025-12-12 08:52:27.147+00;2025-12-12 09:01:42.385+00;03765a40-f338-4035-a2ba-8928fff30834;2025-12-12 08:52:27.186849+00;2025-12-12 09:01:42.415763+00
0bc9347f-6d21-45e0-8617-48a138b0b4ea;d8764f3c-823e-4e11-a852-f5eed1a6a0c4;<h4>What You Get</h4><ul><li><strong>Reins of the Astral Cloud Serpent:</strong> Secure this prestigious, rare celestial flying mount with its unique glowing constellation design.</li><li><strong>Guaranteed Farm:</strong> Our professional team undertakes multiple, efficient Mogu'shan Vaults raid clears until the mount drops, saving you countless hours of repetitive farming.</li><li><strong>496 ilvl Gear:</strong> Opportunity to acquire powerful gear from raid clears, boosting your character's strength.</li><li><strong>All Loot Acquired:</strong> Every item, gold, and resource dropped during the boost becomes yours.</li><li><strong>Account Sharing Convenience:</strong> Experienced boosters handle all raid requirements manually, ensuring a smooth, hands-free experience.</li><li><strong>Time-Saving:</strong> Bypass the grind and add this highly sought-after collector’s item to your collection quickly and efficiently.</li></ul>;true;2025-12-12 08:52:19.794+00;2025-12-12 09:01:47.397+00;03765a40-f338-4035-a2ba-8928fff30834;2025-12-12 08:52:20.053242+00;2025-12-12 09:01:47.42559+00
da918b2b-94ef-482a-a454-b718d88f0e20;65e3d3b1-46de-4c77-82da-4d5e04214cf7;<h4>What You Get</h4><ul><li><strong>Exalted Reputation:</strong> Achieve maximum renown with The August Celestials effortlessly.</li><li><strong>Bypass the Grind:</strong> Skip repetitive daily quests and hours of farming.</li><li><strong>Reins of the Thundering August Cloud Serpent:</strong> Secure this prestigious mount for your collection.</li><li><strong>Powerful Gear & Upgrades:</strong> Access high-level trinkets, armor, and profession recipes from Honored to Exalted.</li><li><strong>Pandaria Meta-Achievement Progress:</strong> Contribute to your overall Pandaren faction standing.</li><li><strong>Flexible & Fast Service:</strong> Our expert team starts within 15 minutes and works around your schedule.</li><li><strong>All Faction Benefits Unlocked:</strong> Gain access to everything The August Celestials offer without the daily commitment.</li><li><strong>Valor Points & Gold:</strong> Retain all in-game currency earned during the boost.</li><li><strong>Professional & Safe:</strong> Enjoy a secure boosting experience with Misti Services.</li></ul>;true;2025-12-12 08:52:07.806+00;2025-12-12 09:01:52.19+00;03765a40-f338-4035-a2ba-8928fff30834;2025-12-12 08:52:07.872394+00;2025-12-12 09:01:52.244469+00
9afbba35-99cc-4239-9401-ecfefcfe1be5;95ff4f94-2563-4b9e-8705-e3733f773863;<h4>What You Get</h4><ul><li>Instant access to gold for high-end gear, mounts, consumables, and crafting materials, avoiding tedious farming.</li><li>Fast (often within 15 minutes), safe, and discreet delivery across all realms, regions, and factions.</li><li>Capability to efficiently prepare for raids and heroic dungeons from day one, maximizing your endgame experience.</li><li>Freedom to focus on raids, PvP, and character optimization, skipping the significant time investment of traditional gold farming.</li><li>A competitive edge by securing essential items and fully preparing for every phase of TBC Anniversary content without delay.</li><li>A trusted and secure transaction backed by 100% hand-traded gold from experienced players, with responsive support.</li><li>An elite service designed for efficiency, performance, and reliability, allowing you to play on your terms.</li></ul>;true;2026-01-14 21:17:18.148+00;2026-01-14 21:17:31.287+00;03765a40-f338-4035-a2ba-8928fff30834;2026-01-14 21:17:18.180657+00;2026-01-14 21:17:31.187491+00
c00ff323-f0a1-4f05-8d4c-d21b30834319;28707ecb-8107-41aa-bab3-a0c486577b96;<h4>What You Get</h4><ul><li><b>Significant Coin Boost:</b> Substantially increase your ARC Raiders Coins balance.</li><li><b>Efficient & Secure Farming:</b> Fast, optimized, and fully manual Coin accumulation without account risk.</li><li><b>Stabilized In-Game Economy:</b> Maintain a healthy currency flow regardless of game changes.</li><li><b>Improved Access to Gear:</b> Swiftly acquire vital weapons, armor, crafting materials, and upgrades.</li><li><b>Faster Progression:</b> Consistent advancement towards higher-tier items and less time spent farming.</li><li><b>Effortless Stash Recovery:</b> Easily rebuild your inventory after challenging raids or wipes.</li><li><b>All Rewards Yours:</b> Every Coin, item, and material collected during the boost remains on your account.</li><li><b>Dedicated Support:</b> Access active daily support for scheduling and updates.</li><li><b>Flexible Scheduling & Fast Start:</b> Service begins within 15 minutes of purchase, tailored to your availability.</li></ul>;true;2026-01-11 08:36:53.552+00;2026-01-11 08:37:07.373+00;03765a40-f338-4035-a2ba-8928fff30834;2026-01-11 08:36:53.64351+00;2026-01-11 08:37:07.440435+00
a5a9c19a-7999-4ea0-b3bf-4627dba30522;0538bef4-3fd6-415a-814b-4a052ba7284c;<h4>What You Get</h4><ul><li><b>Exalted Tillers Reputation:</b> Achieve maximum standing with The Tillers faction, skipping the daily farming and quest grind.</li><li><b>Exclusive Mount:</b> Unlock the prestigious Reins of the Great Red Dragon Turtle mount upon reaching Exalted.</li><li><b>Full Farm Upgrades:</b> Access a fully upgraded Sunsong Ranch with all farm plots and cosmetic enhancements.</li><li><b>Profession Recipes & Seeds:</b> Gain access to valuable profession recipes, a wide array of seeds, and farming tools.</li><li><b>Friendship Rewards:</b> Max out friendship with all individual Tillers NPCs for additional cosmetic upgrades and vanity items.</li><li><b>Time-Saving Service:</b> Our expert boosters will handle all necessary quests and farming efficiently, allowing you to enjoy the rewards without the time commitment.</li><li><b>Flexible & Fast:</b> Our service offers flexible scheduling and can start as quickly as 15 minutes after purchase.</li><li><b>Secure & Professional:</b> A safe and professional boosting experience ensuring your account's security while we achieve your reputation goals.</li></ul>;true;2025-12-12 08:52:49.771+00;2025-12-12 09:01:30.866+00;03765a40-f338-4035-a2ba-8928fff30834;2025-12-12 08:52:49.805372+00;2025-12-12 09:01:30.891139+00
79d2dd6a-dbdc-4c31-9aa9-c269ced1f5e8;b2c5afb3-385c-4a4a-8c98-a7ccf7432fb7;"<h4>What You Get</h4><ul><li><strong>Full ""Going To Need A Bigger Bag"" Achievement Completion:</strong> Skip weeks of grind and instantly earn this demanding Mists of Pandaria Classic collection achievement.</li><li><strong>13 Unique Battle Pets:</strong> Secure rare and elusive companions, including Ashleaf Spriteling, Jademist Dancer, and more.</li><li><strong>8 New Toys Added:</strong> Expand your collection with exclusive Mists of Pandaria Classic toys like the Battle Horn and Rime of the Time-Lost Mariner.</li><li><strong>All Loot & Gold Included:</strong> Every item, gold, and resource obtained during the boost is yours to keep.</li><li><strong>Expert Boosters & Fast Completion:</strong> Our professionals utilize efficient routes and strategies for quick, safe, and guaranteed delivery.</li><li><strong>Customized Service:</strong> Request specific missing items or watch the entire process live with our Stream Option.</li><li><strong>100% Manual Play Guarantee:</strong> No bots or cheats – just secure, legitimate completion by skilled players.</li><li><strong>Flexible & Prioritized Options:</strong> Choose between Piloted, Normal, Express, or Super Express to fit your schedule.</li></ul>";true;2025-12-12 08:52:47.352+00;2025-12-12 09:01:32.004+00;03765a40-f338-4035-a2ba-8928fff30834;2025-12-12 08:52:47.385065+00;2025-12-12 09:01:32.034906+00
b3b54331-4e9b-4b7a-b09d-5904189a0695;b76dc564-49cc-48ef-bf65-8b995fea95f8;<h4>What You Get</h4><ul><li><strong>Exalted Reputation:</strong> Achieve maximum reputation with The Sunreaver Onslaught quickly and effortlessly.</li><li><strong>Exclusive Mount:</strong> Obtain the prestigious Reins of the Crimson Primal Direhorn mount upon reaching Exalted.</li><li><strong>Powerful Gear & Recipes:</strong> Unlock Honored and Revered rewards, including epic-quality armor, profession recipes, trinkets, and vanity items.</li><li><strong>Sunreaver Tabard:</strong> Flaunt your allegiance with the unique Sunreaver Tabard.</li><li><strong>Achievements Unlocked:</strong> Complete all associated Isle of Thunder campaign achievements.</li><li><strong>Full Story Campaign:</strong> Experience the entire Sunreaver Onslaught storyline without the daily grind.</li><li><strong>Boosted Gains:</strong> Our service includes optimization with Darkmoon Faire, Hallow's End, Pilgrim's Bounty, and Guild Perks for faster progress.</li><li><strong>Fast & Secure Service:</strong> Professional, efficient, and secure reputation boosting from our expert team, with flexible delivery and a 15-minute start.</li></ul>;true;2025-12-12 08:52:44.891+00;2025-12-12 09:01:33.227+00;03765a40-f338-4035-a2ba-8928fff30834;2025-12-12 08:52:44.932904+00;2025-12-12 09:01:33.257093+00
fec03762-34e2-4f10-9d6c-184c85f58ed7;f54f6fca-3d74-4288-a4cc-8f17227cb239;<h4>What You Get</h4><ul><li><b>Exalted Shado-Pan Assault Reputation:</b> Achieve maximum standing with this elite faction without the repetitive grind.</li><li><b>Access to Top-Tier MoP Classic Gear:</b> Unlock powerful epic items, including raid gear, trinkets, armor, and unique enhancements at Friendly, Honored, Revered, and Exalted.</li><li><b>Exclusive Cosmetic Rewards:</b> Obtain the prestigious Shado-Pan Assault Tabard upon reaching Exalted.</li><li><b>Achievement Unlocked:</b> Complete achievements tied to the Throne of Thunder campaign.</li><li><b>No Raid Grinding:</b> Our experienced boosters handle all Throne of Thunder raid encounters weekly, ensuring efficient reputation gains.</li><li><b>Fast & Secure Service:</b> Enjoy a professional, safe, and efficient boosting experience with flexible delivery and a 15-minute start time.</li><li><b>Potential Bonus Reputation:</b> We'll optimize gains using global buffs like Darkmoon Faire, Hallow's End, Pilgrim's Bounty, and Guild Perks (if available).</li><li><b>Save Time & Effort:</b> Enjoy all the high-end rewards and gear while we manage the entire reputation farm for you.</li></ul>;true;2025-12-12 08:52:42.167+00;2025-12-12 09:01:34.303+00;03765a40-f338-4035-a2ba-8928fff30834;2025-12-12 08:52:42.204147+00;2025-12-12 09:01:34.332401+00
b724d40d-7f69-41a6-aa85-690ab1f52ad2;0ef10f78-1361-4857-a55a-4a05f9a134aa;<h4>What You Get</h4><ul><li><strong>Fast Exalted Reputation:</strong> Achieve Exalted with The Lorewalkers quickly and efficiently without the grind.</li><li><strong>Disc of the Red Flying Cloud Mount:</strong> Instantly unlock this unique mount upon reaching Exalted.</li><li><strong>Exclusive Achievements:</strong> Earn Loremaster of Pandaria, The Seven Burdens of Shaohao, Ballad of Liu Lang, and other reputation achievements.</li><li><strong>All Lorewalkers Rewards:</strong> Access profession patterns, unique trinkets, and the Lorewalkers Tabard.</li><li><strong>Comprehensive Lore Object Collection:</strong> Our experts will collect all necessary Lore Objects across Pandaria.</li><li><strong>Questline Completion:</strong> All required Lorewalkers quests, including 'Your Private Collection' and cinematics, will be completed.</li><li><strong>Bonus Reputation Sources Utilized:</strong> We'll gather Stolen Lorewalkers Insignias and use the Hozen Peace Pipe for maximum gains.</li><li><strong>Reputation Buff Optimization:</strong> All available in-game reputation buffs (Darkmoon Faire, Hallow's End, Pilgrim's Bounty, guild perks) will be leveraged for efficiency.</li><li><strong>Flexible & Fast Service:</strong> Orders start in just 15 minutes with flexible scheduling.</li></ul>;true;2025-12-12 08:52:38.111+00;2025-12-12 09:01:36.436+00;03765a40-f338-4035-a2ba-8928fff30834;2025-12-12 08:52:38.146586+00;2025-12-12 09:01:36.458666+00
e6669e1f-c32c-452b-9f60-2bb011c4ef23;9249c360-a879-4177-ad1a-55dcb8971df7;<h4>What You Get</h4><ul><li><strong>Chosen Workshop upgrades completed</strong>, whether a single module path or broader leveling.</li><li><strong>All required materials collected efficiently</strong> through targeted normal gameplay routes.</li><li><strong>Unlocks for higher-tier crafting and useful passive improvements</strong> without the endless grind.</li><li><strong>Access to advanced crafting options</strong> for better gear and a smoother progression loop.</li><li><strong>A ready-to-use upgraded Workshop</strong>, allowing you to immediately focus on raids and builds.</li><li><strong>100% manual gameplay guarantee</strong> – no bots or scripts involved.</li><li><strong>Flexible delivery</strong> via Piloted or Self-Play options, with an optional stream to watch live progress.</li><li><strong>Fast start time</strong>, with service beginning within 15 minutes of your order.</li></ul>;true;2025-12-23 20:56:55.893+00;2025-12-23 20:57:43.114+00;03765a40-f338-4035-a2ba-8928fff30834;2025-12-23 20:56:55.943034+00;2025-12-23 20:57:43.20967+00
30385208-5942-464e-a27f-8ce8ac146a3b;10380286-0c99-4d9d-afb1-bce887edfd69;<h4>What You Get</h4><ul><li><b>Full Campaign Mastery:</b> Complete the entire Path of Exile 2 campaign or selected Acts/Interludes swiftly and smoothly.</li><li><b>Instant Endgame Access:</b> Directly unlock Atlas Maps and all challenging endgame mechanics without the grind.</li><li><b>Expedited Leveling:</b> Rapidly boost your character to endgame readiness, saving you dozens of hours.</li><li><b>All Loot & Currency Retained:</b> Keep every piece of gear, currency, and item earned during the boost.</li><li><b>Expertly Handled:</b> Services performed by skilled, veteran boosters with a focus on account security.</li><li><b>Guaranteed Progress & Efficiency:</b> Reliable campaign completion on optimized routes, often within minimal hours.</li><li><b>24/7 Dedicated Support:</b> Access friendly and responsive assistance throughout your service.</li><li><b>Time Savings:</b> Significantly reduce grind time, allowing you to focus on the most enjoyable aspects of PoE 2.</li></ul>;true;2026-01-04 19:10:59.635+00;2026-01-04 19:11:03.205+00;03765a40-f338-4035-a2ba-8928fff30834;2026-01-04 19:10:59.672394+00;2026-01-04 19:11:05.19606+00
fc5aaa5e-8ee1-4429-8619-0209bb8129d0;e72c5fc9-9517-4d4b-9619-21ba776b08af;"<h4>What You Get</h4><ul><li><strong>""the Furnished"" Title:</strong> Instantly unlock this prestigious title, showcasing your ultimate housing achievement.</li><li><strong>500 Unique Decor Items:</strong> Our experts acquire 500 distinct, uncommon or higher quality decorative items for your War Within home.</li><li><strong>Full Achievement Completion:</strong> We guarantee progress through all stages, leading to the coveted Fully Furnished achievement.</li><li><strong>Massive Time Savings:</strong> Bypass hundreds of hours of repetitive farming and complex acquisition tasks.</li><li><strong>Expert Collection & Strategy:</strong> Our boosters utilize optimal farming routes, crafting recipes, and vendor knowledge.</li><li><strong>Guaranteed Results:</strong> We ensure 100% completion and successful title unlock.</li><li><strong>Secure & Professional Service:</strong> Account safety and privacy are paramount with our experienced players.</li><li><strong>Continuous Progress Updates:</strong> Stay informed with regular reports from your dedicated booster.</li></ul>";true;2026-01-22 23:39:18.814+00;2026-01-22 23:39:35.024+00;03765a40-f338-4035-a2ba-8928fff30834;2026-01-22 23:39:18.841354+00;2026-01-22 23:39:35.090791+00
47a54920-c733-458c-bb34-6a3c06e50905;d068a495-a305-4b90-b973-6ed3f64d2df6;<h4>What You Get</h4><ul><li><strong>Reins of the Heavenly Crimson Cloud Serpent</strong> mount.</li><li><strong>Glory of the Pandaria Raider</strong> meta-achievement completed.</li><li>All achievements from Mogu'shan Vaults, Heart of Fear, and Terrace of Endless Spring.</li><li>High-level raid gear, gold, and all items obtained during the boost.</li><li>100% hand-played, secure, and confidential service.</li><li>Fast start (within 1 day) and guaranteed completion in ~2 weeks.</li><li>No coordination stress or grinding, just instant rewards.</li><li>Choice of Piloted, Selfplay, or Remote Control boost options.</li></ul>;true;2025-12-12 08:53:34.203+00;2025-12-12 09:01:05.061+00;03765a40-f338-4035-a2ba-8928fff30834;2025-12-12 08:53:34.241887+00;2025-12-12 09:01:05.084941+00
78d98e0e-46d5-401e-830f-4becc0c6658e;ec7d33a3-7a83-46b2-8040-27f5bd519d4e;<h4>What You Get</h4><ul><li><b>Reins of the Armored Skyscreamer</b> mount guaranteed.</li><li><b>Glory of the Thundering Raider</b> meta-achievement completed.</li><li>Full <b>Throne of Thunder</b> raid clear on your chosen difficulty.</li><li>Chance for <b>522–541 ilvl</b> raid gear.</li><li>All boss and achievement objectives completed.</li><li>All loot, gold, and rewards remain on your account.</li><li>Your choice of <b>Piloted, Selfplay, or Remote Control</b> boost.</li><li>100% secure service from experienced players.</li><li>Fast start (1 day) and completion (2 weeks).</li><li>Save time and skip the grind, with guaranteed results.</li></ul>;true;2025-12-12 08:53:26.701+00;2025-12-12 09:01:09.879+00;03765a40-f338-4035-a2ba-8928fff30834;2025-12-12 08:53:26.740414+00;2025-12-12 09:01:09.903459+00
daba53ec-39ca-4154-9250-811d554dd1ab;174e5a48-de41-4350-9eae-491571e5ea1a;<h4>What You Get</h4><ul><li>Completion of all nine MoP Classic Challenge Mode dungeons with a Silver rating.</li><li>The prestigious <b>Challenge Conqueror: Silver</b> achievement.</li><li>The exclusive <b>Undaunted</b> title to display your skill.</li><li>The coveted <b>Ancestral Phoenix Egg</b>, redeemable for one of four stunning Pandaren Phoenix mounts (Ashen, Emerald, Violet, or Crimson).</li><li>All Bronze-tier rewards automatically included.</li><li>Fast <b>15-minute start time</b> and <b>3-day delivery</b> for Piloted, Selfplay, or Remote Control boosts.</li><li>Enhanced skill development in teamwork, awareness, and dungeon speed.</li><li>A safe, reliable, and stress-free service from our professional boosting team.</li><li>Preparation and experience valuable for tackling Gold Challenge Modes.</li></ul>;true;2025-12-12 08:53:18.867+00;2025-12-12 09:01:14.56+00;03765a40-f338-4035-a2ba-8928fff30834;2025-12-12 08:53:18.912392+00;2025-12-12 09:01:14.594301+00
ecfc128f-572a-479c-bf58-df98f2064e0c;4de0d82a-dffd-4fed-9a9b-7f4ce6dbda6d;<h4>What You Get</h4><ul><li><b>“the Undaunted” Title:</b> An exclusive mark of your determination and teamwork.</li><li><b>Challenge Conqueror: Bronze Achievement:</b> Proof of completing all nine MoP Classic Challenge Mode dungeons.</li><li><b>9/9 Bronze Challenge Mode Completions:</b> Guaranteed Bronze medals for every Pandaria Classic Challenge Dungeon.</li><li><b>Expert Team for Smooth Runs:</b> Professional players ensure efficient, stress-free completion.</li><li><b>Fair, Scaled Gameplay:</b> Experience true skill-based challenges with gear normalized to iLvl 463.</li><li><b>Preparation for Higher Tiers:</b> Master routes and mechanics, building confidence for Silver and Gold.</li><li><b>Flexible Boost Options:</b> Choose Piloted, Selfplay, or Remote Control to suit your preference.</li><li><b>Safe & Reliable Service:</b> 100% completion guarantee, account protection, and responsive support from Misti Services.</li><li><b>Fast Start Time:</b> We begin within 15 minutes of your purchase.</li></ul>;true;2025-12-12 08:53:09.444+00;2025-12-12 09:01:19.214+00;03765a40-f338-4035-a2ba-8928fff30834;2025-12-12 08:53:09.477411+00;2025-12-12 09:01:19.254933+00
329f6755-d750-47f0-987f-b14b9c6906a9;f41d104c-25fd-4c09-8abf-7c11c42bd5b0;<h4>What You Get</h4><ul><li><b>Fast Leveling to 90:</b> Quickly reach max level and unlock all endgame content in WoW Mists of Pandaria Classic, skipping the grind.</li><li><b>Expert Boosters:</b> Our skilled players use optimized questing, dungeon runs, and strategies for quick, safe progression.</li><li><b>Level 90 Achievement:</b> Earn this milestone achievement as part of the service.</li><li><b>Keep All Loot & Rewards:</b> Any items, gold, or other rewards obtained during the boost are yours to keep.</li><li><b>Time-Saving Convenience:</b> Focus on enjoying endgame activities while we handle the leveling.</li><li><b>Piloted or Remote Control Options:</b> Choose between a professional playing on your account or watching live via secure remote connection.</li><li><b>Secure & Reliable Service:</b> Your account's safety is our priority throughout the entire process.</li><li><b>Flexible Scheduling & Fast Start:</b> Get started within 15 minutes, tailored to your availability.</li></ul>;true;2025-12-12 08:53:01.879+00;2025-12-12 09:01:23.51+00;03765a40-f338-4035-a2ba-8928fff30834;2025-12-12 08:53:01.911824+00;2025-12-12 09:01:23.5317+00
a9713705-4c10-4cea-88bd-cd1fc0870cef;af140f59-e7d4-4a75-85b5-6f95a05ecdfa;<h4>What You Get</h4><ul><li><strong>Your Scrappy the Rooster leveled to your desired rank, maximizing passive material returns.</strong></li><li><strong>Significantly increased quantity and quality of materials Scrappy brings back</strong> while you play, boosting your long-term crafting efficiency.</li><li><strong>Expertly farmed upgrade items and materials</strong> by our experienced Raiders, saving you countless hours of grinding.</li><li><strong>Guaranteed manual, legitimate gameplay</strong> on your account – no bots, no risks.</li><li><strong>All valuable loot, currency, and items obtained during the boost remain on your character.</strong></li><li><strong>More value from every minute you spend topside</strong> in Arc Raiders, turning active playtime into more profitable passive income.</li><li><strong>Flexible completion times and clear progress updates</strong> from our dedicated team.</li><li><strong>Start time within 15 minutes</strong> for rapid service delivery.</li></ul>;true;2025-12-24 16:59:50.425+00;2025-12-24 17:00:03.759+00;03765a40-f338-4035-a2ba-8928fff30834;2025-12-24 16:59:50.459157+00;2025-12-24 17:00:04.30955+00
0edd81bf-a8f6-4bbd-9c44-9563dc580720;dac47162-4fcb-4aef-b101-67b883c9b0d9;<h4>What You Get</h4><ul><li><b>Desired Quantity of Perfect PoE 2 Jeweller’s Orbs:</b> Acquire any amount needed for your build.</li><li><b>Instant Skill Enhancement:</b> Add vital support sockets directly to your skill gems.</li><li><b>Unleash Full Build Potential:</b> Power up your main skills with crucial additional links for endgame setups.</li><li><b>Significant Time Savings:</b> Bypass extensive and frustrating farming of extremely rare currency, saving dozens of hours instantly.</li><li><b>Rapid Delivery:</b> Fast and secure in-game transfer with a 15-minute start time.</li><li><b>Guaranteed Access & Secure Transactions:</b> Reliably obtain Perfect Jeweller's Orbs via trusted experts, ensuring account safety and integrity.</li><li><b>Avoid Grinding:</b> Focus on challenging content and gameplay, not endless currency farming.</li></ul>;true;2026-01-07 10:37:25.752+00;2026-01-07 10:37:52.008+00;03765a40-f338-4035-a2ba-8928fff30834;2026-01-07 10:37:25.788466+00;2026-01-07 10:37:52.111318+00
89e5e3b7-ad09-4f65-b9e8-f3e01a9bdade;33cf04d2-1857-495d-8877-f4fb6b3e5559;<h4>What You Get</h4><ul><li><strong>Guaranteed Warglaive(s):</strong> Your choice of Main Hand, Off-Hand, or the complete Twin Blades set, acquired through consistent farming until they drop – bypassing RNG.</li><li><strong>Weekly Illidan Stormrage Kills:</strong> Dedicated, manual farm until your desired legendary item drops from the final boss of Black Temple.</li><li><strong>Professional Farm Teams:</strong> Access to experienced players specialized in legendary farming, ensuring efficient and secure acquisition.</li><li><strong>Flexible Scheduling:</strong> Supported for both EU and US regions with adaptable raid times to fit your schedule.</li><li><strong>Ultimate Prestige & Power:</strong> Obtain the most iconic and powerful melee weapons in TBC Classic, enhancing your character's prestige and combat prowess.</li><li><strong>Secure & Discreet Service:</strong> Enjoy a completely secure, private, and manually played service with 24/7 customer support.</li></ul>;true;2026-01-12 16:16:22.776+00;2026-01-12 16:16:42.35+00;03765a40-f338-4035-a2ba-8928fff30834;2026-01-12 16:16:22.811533+00;2026-01-12 16:16:42.998142+00
e922616d-7d45-44ed-89a1-20654f959bd1;c2968b4f-5210-4a42-bc48-cfdde59e9b17;<h4>What You Get</h4><ul><li><strong>Celestial Riding Tiger mount unlocked:</strong> A rare, glowing celestial mount added directly to your account.</li><li><strong>Save time & skip the grind:</strong> No need to farm celestial dungeons or rare currency yourself.</li><li><strong>All loot & progress kept:</strong> Any dungeon drops, gold, or achievements earned during the boost remain with your character.</li><li><strong>Professional, secure service:</strong> Boosts are completed manually by expert players, ensuring account safety.</li><li><strong>Flexible delivery:</strong> We start within 15 minutes of your order confirmation.</li><li><strong>Guaranteed results:</strong> Successfully acquire this hard-to-get mount without the effort.</li><li><strong>Remote Control option:</strong> Watch our booster live as they complete the service on your desktop.</li></ul>;true;2025-12-12 08:53:37.729+00;2025-12-12 09:01:02.312+00;03765a40-f338-4035-a2ba-8928fff30834;2025-12-12 08:53:37.76973+00;2025-12-12 09:01:02.362679+00
98055569-f737-437f-b93b-df78d60c3413;87657d33-4d94-46e8-8394-040fc4f0d6dc;<h4>What You Get</h4><ul><li><strong>Glory of the Pandaria Hero</strong> meta-achievement completed</li><li>Exclusive <strong>Reins of the Crimson Cloud Serpent</strong> mount unlocked</li><li>Completion of all nine heroic Pandaria dungeons and their specific achievements</li><li>Chance to obtain 463 ilvl dungeon gear and other valuable rewards</li><li>All loot, gold, and progress secured on your account</li><li>Efficient and secure service by experienced, professional players</li><li>100% manual boosting – no bots or automation</li><li>Flexible boost options: Piloted, Selfplay, or Remote Control</li><li>Real-time updates and full communication throughout the boost</li><li>Fast start within 15 minutes of order confirmation</li></ul>;true;2025-12-12 08:53:30.142+00;2025-12-12 09:01:07.321+00;03765a40-f338-4035-a2ba-8928fff30834;2025-12-12 08:53:30.179625+00;2025-12-12 09:01:07.353589+00
857d8751-f981-4ab8-972e-0269a0447f72;2d14e561-2c90-4878-8d10-b200a7324347;<h4>What You Get</h4><ul><li><strong>Reins of Galakras</strong> mount instantly added to your collection.</li><li>Full <strong>Glory of the Orgrimmar Raider</strong> meta-achievement completed.</li><li>Complete <strong>Siege of Orgrimmar</strong> raid clear on your chosen difficulty.</li><li>Chance for high-level raid gear from Normal or Heroic mode runs.</li><li>All loot, gold, and rewards earned remain on your account.</li><li>All achievements completed by professional, expert players.</li><li>Fast, safe, and 100% manual raid completion with no bots.</li><li>Secure, piloted boost service with guaranteed account safety.</li><li>Guaranteed completion within 7 days, starting in 1 day.</li><li>Friendly customer support and progress updates throughout.</li><li>Skip weeks of repetitive farming and coordination.</li></ul>;true;2025-12-12 08:53:23.068+00;2025-12-12 09:01:12.214+00;03765a40-f338-4035-a2ba-8928fff30834;2025-12-12 08:53:23.112225+00;2025-12-12 09:01:12.235359+00
2af48b48-cd3a-4e5d-acdf-1ebc297b63d9;74440432-6819-4460-8f76-4a563d072d12;<h4>What You Get</h4><ul><li>Rapid accumulation of August Stone Fragments for 476–483 ilvl gear and weapons.</li><li>All farmed August Stone Fragments, valuable loot, and materials secured directly to your account.</li><li>100% manual farming by professional World of Warcraft players, ensuring maximum safety and compliance.</li><li>Fast, secure, and hassle-free service designed to save you countless hours of repetitive grinding.</li><li>Flexibility with both Piloted and Selfplay options to suit your preferred playstyle.</li><li>Guaranteed results with transparent communication from our expert boosters.</li><li>Instant progress toward powerful gear, allowing you to quickly gear up your Pandaria Classic character.</li><li>Complete account safety and confidentiality throughout the farming process.</li></ul>;true;2025-12-12 08:53:05.575+00;2025-12-12 09:01:21.422+00;03765a40-f338-4035-a2ba-8928fff30834;2025-12-12 08:53:05.607434+00;2025-12-12 09:01:21.456766+00
c5f69fc3-dfdc-42e2-b6e0-ccaa67407c84;86c23f21-7611-401a-9705-67c8f3c68281;<h4>What You Get</h4><ul><li>Exclusive <b>Ancestral Phoenix Egg</b> to claim your choice of <b>Ashen, Emerald, Violet, or Crimson Pandaren Phoenix Mount</b>.</li><li>Prestigious <b>Challenge Conqueror: Silver</b> achievement unlocked.</li><li>Rare <b>The Undaunted</b> title earned.</li><li>Full completion of all nine Pandaria Classic Challenge Mode dungeons with guaranteed Silver medals.</li><li>Fast service: Boost starts in just <b>15 minutes</b> and completes within <b>3 days</b>.</li><li>Hassle-free experience: Skip the grind and secure groups with our professional boosters.</li><li>Options to play yourself (Selfplay), have us play (Piloted), or watch remotely (Remote Control).</li><li>Account safety guaranteed by expert, vetted boosters.</li><li>Reliable service from a provider with thousands of satisfied customers and a 99% positive rating.</li></ul>;true;2025-12-12 08:52:57.849+00;2025-12-12 09:01:26.042+00;03765a40-f338-4035-a2ba-8928fff30834;2025-12-12 08:52:57.883023+00;2025-12-12 09:01:26.076638+00
d6f84676-a770-43a1-8135-fa30672a4563;23bfe3e6-0b18-4066-b995-66f72cbe620c;<h4>What You Get</h4><ul><li><strong>Preyseeker's Wrath Mount:</strong> The epic flying mount for your collection, guaranteed.</li><li><strong>Preyseeker's Journey Rank 10:</strong> Full completion of the challenging reputation grind, reaching maximum rank.</li><li><strong>2550 Remnant of Anguish:</strong> Acquisition of all specific currency required for the mount.</li><li><strong>All Loot Acquired:</strong> Any items, gold, or resources obtained during the boost are yours to keep, enriching your in-game assets.</li><li><strong>Significant Time-Saving:</strong> Skip countless hours of repetitive farming and grinding, letting you enjoy other game content.</li><li><strong>Guaranteed Acquisition:</strong> Our professional team ensures efficient and successful delivery of your mount.</li><li><strong>Secure Piloted Mode:</strong> Service performed by trusted professionals, prioritizing your account safety and discretion.</li><li><strong>Elevated Midnight Experience:</strong> Ride one of Midnight's most sought-after flying companions without the stress of the grind.</li></ul>;true;2026-02-12 22:33:39.865+00;2026-02-12 22:33:50.358+00;03765a40-f338-4035-a2ba-8928fff30834;2026-02-12 22:33:39.898442+00;2026-02-12 22:33:50.004993+00
b46836cf-0e6e-41a4-96eb-a35b46464b0a;e117e236-a2f2-4f4d-9a58-728c68477982;<h4>What You Get</h4><ul><li><strong>Complete Tier 2.5 Set:</strong> Acquire the full, class-specific Tier 2.5 gear set for your chosen specialization.</li><li><strong>All 5 Gear Tokens Guaranteed:</strong> All necessary tokens are farmed efficiently from AQ40 raid runs (minimum 5 tokens from up to 3 runs).</li><li><strong>Unlock Powerful Bonuses:</strong> Immediately benefit from the potent 3-piece and 5-piece set bonuses.</li><li><strong>Skip the Grind:</strong> Avoid repetitive AQ40 clears and reputation farming.</li><li><strong>Fast & Secure Service:</strong> Professional, 100% safe, private, and manual boosting ensures quick delivery.</li><li><strong>Flexible Options:</strong> Choose between 'Get All Tokens During 1 Run' or 'Tier 2.5 Full Set,' and 'Piloted' or 'Selfplay' modes.</li><li><strong>Convenient & Stress-Free:</strong> We handle everything, allowing you to enjoy your new gear without the hassle.</li><li><strong>Dedicated Support:</strong> Access to a 24/7 support team for your order.</li><li><strong>Start in 15 Minutes:</strong> Begin your boost almost immediately.</li></ul>;true;2025-12-25 20:45:01.637+00;2025-12-25 20:45:10.806+00;03765a40-f338-4035-a2ba-8928fff30834;2025-12-25 20:45:01.680721+00;2025-12-25 20:45:08.588665+00
b21f1066-d6e8-490c-a0ef-5552f4019271;0d28d96f-b65d-4a8d-b8c1-46ed852333b8;<h4>What You Get</h4><ul><li><strong>Glory of the Thundering Raider</strong> meta-achievement completed, unlocking a prestigious title.</li><li><strong>Reins of the Armored Skyscreamer</strong> mount added to your collection – 100% guaranteed.</li><li>Full <strong>Throne of Thunder</strong> raid cleared on your chosen difficulty for all associated achievements.</li><li>Chance to obtain valuable <strong>522–541 ilvl raid gear</strong> and all other loot.</li><li>All boss and achievement objectives completed quickly and efficiently by expert players.</li><li>Your choice of a secure <strong>piloted, selfplay, or remote control boost</strong> for maximum convenience.</li><li>All gold, items, and rewards obtained during the run remain on your account.</li><li>Fast service delivery, starting within 1 day and completed within 2 weeks.</li><li>Save countless hours of coordination and complex mechanics, skipping the grind entirely.</li></ul>;true;2025-12-12 08:53:32.446+00;2025-12-12 09:01:06.291+00;03765a40-f338-4035-a2ba-8928fff30834;2025-12-12 08:53:32.482882+00;2025-12-12 09:01:06.311466+00
43b85cbd-db71-4954-bda5-0283140fb9ab;671844da-ab74-4e73-b258-f88f3ad11411;<h4>What You Get</h4><ul><li><b>Reins of Galakras mount</b> unlocked instantly</li><li>Full <b>Glory of the Orgrimmar Raider</b> meta-achievement completed</li><li>Complete <b>Siege of Orgrimmar</b> raid clear (Normal/Heroic)</li><li>Chance at high-level raid gear</li><li>All achievements completed by professional players</li><li>Secure, piloted boost service with guaranteed account safety</li><li>All loot, gold, and rewards earned remain on your account</li><li>Save weeks of grinding and coordination</li><li>Fast and safe completion (start within 1 day, delivery within 7 days)</li><li>No bots or automated systems—100% manual service</li><li>Friendly customer support and progress updates</li></ul>;true;2025-12-12 08:53:24.495+00;2025-12-12 09:01:11.03+00;03765a40-f338-4035-a2ba-8928fff30834;2025-12-12 08:53:24.544988+00;2025-12-12 09:01:11.061784+00
2d7c3981-347a-448e-8892-1cc2870c3a40;15bdc57b-e767-49ff-8a03-e83c6e47c45c;<h4>What You Get</h4><ul><li><strong>Pandaria Celestial Hero</strong> meta-achievement unlocked, signaling your mastery of challenging content.</li><li>Completion of all nine required Celestial (Heroic+) dungeon achievements.</li><li>All valuable loot, gear, and gold obtained during the boost are yours to keep.</li><li>100% manual completion by our experienced pro players – no bots, just skill.</li><li>Skip the grind and stress of organizing groups and dealing with unreliable teammates.</li><li>Access to powerful rewards and recognition for achieving one of Pandaria Classic's top dungeon milestones.</li><li>Flexible delivery and a start time of just 15 minutes to begin your journey.</li><li>Guaranteed achievement completion, backed by expert players and real-time updates.</li><li>Opportunity to earn the prestigious Celestial Hero title, showcasing your elite status.</li><li>Save countless hours, allowing you to enjoy the game's other aspects.</li></ul>;true;2025-12-12 08:53:17.182+00;2025-12-12 09:01:15.658+00;03765a40-f338-4035-a2ba-8928fff30834;2025-12-12 08:53:17.216056+00;2025-12-12 09:01:15.675516+00
c0942eda-60fe-4077-8357-bbc5042e2015;e40979d8-31c7-41b2-8138-19d7ba873404;<h4>What You Get</h4><ul><li><strong>Celestial Riding Serpent mount</strong> added directly to your account.</li><li>Elimination of tedious reputation grinding and farming for this rare, glowing Mount.</li><li>All rewards, progress, and loot earned during the boost remain with your character.</li><li>Safe and professional handling of all required dungeon content by experienced players.</li><li>Guaranteed results for efficient and secure mount acquisition.</li><li>Flexible options: Choose between <strong>Piloted</strong> (booster plays your character) or <strong>Remote Control</strong> (watch live) for your convenience.</li><li>100% manual gameplay ensures no bots or automation are used.</li><li>Fast service with a start time as quick as 15 minutes.</li></ul>;true;2025-12-12 08:53:07.245+00;2025-12-12 09:01:20.335+00;03765a40-f338-4035-a2ba-8928fff30834;2025-12-12 08:53:07.277608+00;2025-12-12 09:01:20.363704+00
99bfc2a1-a9d6-47ae-bc27-2cc9cb927483;3be9a498-673f-4ad1-91c5-7cf8416ac7b1;<h4>What You Get</h4><ul><li>All selected heirloom gear for chosen slots, up to level 85.</li><li>All required Justice Points farmed and spent efficiently.</li><li>Optional heirlooms from PvP, Darkmoon Faire, or Guild vendors included.</li><li>Fully optimized heirloom setup ready for fast leveling.</li><li>Save endless grind time with quick, secure collection.</li><li>Account-bound items provide long-term value and convenience across all your characters.</li><li>XP bonuses up to 45% for faster alt leveling (Helm, Shoulders, Chest, Legs, Cloak).</li><li>100% manual gameplay ensures safety and security.</li><li>Regular updates and full customization for your chosen heirlooms.</li><li>Fastest results with optimized farming routes and quick completion.</li><li>Guaranteed service for your heirloom collection, with flexible delivery starting in 15 minutes.</li></ul>;true;2025-12-12 08:52:59.724+00;2025-12-12 09:01:24.854+00;03765a40-f338-4035-a2ba-8928fff30834;2025-12-12 08:52:59.756351+00;2025-12-12 09:01:24.87657+00
27ea8270-97f8-4a63-b4ad-bb66c5651930;b5ed8c1c-0913-43d1-b145-36ad910dcc4c;<h4>What You Get</h4><ul><li><strong>Glory of the Pandaria Raider</strong> meta-achievement completed</li><li>Exclusive <strong>Reins of the Heavenly Crimson Cloud Serpent</strong> mount added to your collection</li><li>Full completion of <strong>Mogu’shan Vaults, Heart of Fear, and Terrace of Endless Spring</strong> raids</li><li>High-level raid gear from all completed instances</li><li>All individual raid achievements required for the meta, completed by expert players</li><li>All loot, gold, and rewards acquired during the boost remain on your character</li><li>100% hand-played, secure, and confidential service by professional boosters</li><li>Completion time typically within 2 weeks, with a start time of 1 day</li><li>Option to choose between Piloted, Selfplay, or Remote Control boost for maximum flexibility</li><li>Stress-free experience with no coordination effort required on your part</li></ul>;true;2025-12-12 08:53:35.92+00;2025-12-12 09:01:03.844+00;03765a40-f338-4035-a2ba-8928fff30834;2025-12-12 08:53:35.961094+00;2025-12-12 09:01:03.871309+00
9224b33c-eb83-4f0e-82fc-db67f1ef50dd;e56d1436-8505-4d8b-9940-c1d4a54fa2c8;<h4>What You Get</h4><ul><li><strong>Pandaren Ambassador Achievement:</strong> Completed to earn this prestigious in-game honor.</li><li><strong>Exclusive Pandaren Kite Mount:</strong> Soar through Pandaria on this unique and vibrant mount.</li><li><strong>Exalted Reputation:</strong> Max out your standing with all nine major Pandaria factions, unlocking their unique vendors and questlines.</li><li><strong>Pandaren Ambassador Title:</strong> Showcase your dedication with this rare and respected title.</li><li><strong>Bonus Faction Rewards:</strong> Access mounts, transmogs, pets, toys, and valuable gear from each faction.</li><li><strong>Significant Time Savings:</strong> Skip weeks of repetitive daily quests and farming thanks to our efficient boosting.</li><li><strong>100% Safe & Secure:</strong> All services are performed manually by professional boosters—no bots or cheats.</li><li><strong>Live Progress Updates:</strong> Stay informed with continuous communication about your boost.</li><li><strong>Flexible Delivery:</strong> Choose between Piloted or Remote Control options, with service starting in just 15 minutes.</li></ul>;true;2025-12-12 08:53:28.622+00;2025-12-12 09:01:08.792+00;03765a40-f338-4035-a2ba-8928fff30834;2025-12-12 08:53:28.659113+00;2025-12-12 09:01:08.818588+00
aa77d4e3-ba94-493a-979b-9b14ef166931;2c5a011b-e170-43ad-a6e9-49cf84e351de;<h4>What You Get</h4><ul><li>A complete PvP Gear Set for your character, instantly equipping you for Arenas and Battlegrounds.</li><li>All earned Honor and Conquest Points stay on your account.</li><li>Access to Honor, Conquest, and Elite Conquest gear options, including enhanced visuals for Elite sets.</li><li>Quick and reliable boost, with a 15-minute start time.</li><li>Flexible boost options: Piloted for hands-off convenience or Remote Control to watch live.</li><li>100% manual boosting by expert professional players, ensuring account safety and confidentiality.</li><li>Guaranteed results, allowing you to skip tedious farming and jump straight into competitive play.</li></ul>;true;2025-12-12 08:53:20.882+00;2025-12-12 09:01:13.444+00;03765a40-f338-4035-a2ba-8928fff30834;2025-12-12 08:53:20.919908+00;2025-12-12 09:01:13.465002+00
f7dbf4de-5a25-4cbc-b45b-1119a1e6ab7e;e70acfaa-270d-4717-bba2-1580ac0ea710;<h4>What You Get</h4><ul><li><b>Desired amount of Lesser Charms of Good Fortune:</b> Swiftly acquire this crucial currency for bonus rolls and gear upgrades.</li><li><b>All daily quests and rare mob kills completed:</b> Our experts handle the grind across Pandaria, maximizing charm yield.</li><li><b>Earned faction reputation:</b> Progress your reputation with various Pandaria factions while farming charms.</li><li><b>Bonus Loot Access:</b> Utilize charms for additional raid and world boss loot, enhancing your gear progression.</li><li><b>Time Efficiency & Grind Avoidance:</b> Skip repetitive tasks and save valuable time, letting you enjoy the game's more engaging content.</li><li><b>Safe & Reliable Service:</b> Professional boosters ensure a secure and stress-free experience, with a 15-minute start and 1-hour delivery.</li></ul>;true;2025-12-12 08:53:13.533+00;2025-12-12 09:01:17.901+00;03765a40-f338-4035-a2ba-8928fff30834;2025-12-12 08:53:13.566311+00;2025-12-12 09:01:17.91917+00
2780743e-4cdf-49e4-83e4-3e436b2406fe;50edf0f7-cfba-4beb-a5e0-472bf98c86a2;<h4>What You Get</h4><ul><li>Completion of all selected Heroic Pandaria Dungeons, including challenging ones like Stormstout Brewery and Shado-Pan Monastery.</li><li>Guaranteed 463 item level pre-raid Best-in-Slot (BiS) gear tailored to your class and specialization, significantly boosting your character's power.</li><li>Unlock the prestigious Pandaria Dungeon Hero achievement, showcasing your mastery of MoP's heroic instances.</li><li>All Justice Points, gold, and other loot obtained during the runs remain entirely yours.</li><li>Fast, secure, and stress-free completion by a professional, hand-played team – no bots or automation.</li><li>Save hours of grinding through random groups and avoid frustrating wipes.</li><li>Option for Piloted (account sharing) or Selfplay (play with our team) to suit your preference.</li><li>Quick start time (within 15 minutes) and efficient completion (around 1 hour per dungeon).</li></ul>;true;2025-12-12 08:53:03.959+00;2025-12-12 09:01:22.443+00;03765a40-f338-4035-a2ba-8928fff30834;2025-12-12 08:53:03.992208+00;2025-12-12 09:01:22.459766+00
a9c824b3-8587-43b5-ae69-b5f977534fa8;b5e35753-bcad-4c01-8175-4011b560061d;<h4>What You Get</h4><ul><li><b>Fast & Secure Honor Points:</b> Rapidly accumulate Honor Points for PvP gear, enchants, and upgrades without the grind.</li><li><b>PvP Gear & Rewards:</b> Unlock top-tier PvP equipment, weapons, and all other rewards earned during the boost.</li><li><b>Account Safety Guarantee:</b> 100% secure, manual boosting by professional players, with no risk to your account.</li><li><b>Professional Boosting Options:</b> Choose between Piloted service for effortless farming or Remote Control to watch live.</li><li><b>Time-Saving Convenience:</b> Skip repetitive battlegrounds and focus on enjoying Mists of Pandaria Classic PvP with ready-to-use gear.</li><li><b>Full Transparency:</b> Constant progress updates from trusted, experienced boosters.</li></ul>;true;2025-12-12 08:52:29.144+00;2025-12-12 09:01:41.223+00;03765a40-f338-4035-a2ba-8928fff30834;2025-12-12 08:52:29.199487+00;2025-12-12 09:01:41.269556+00
a0a52857-7766-4618-8ca3-741b380863b6;86294b3c-3065-4abf-acc6-40a11376024e;<h4>What You Get</h4><ul><li>Guaranteed achievement of your desired 5v5 Arena rating quickly and safely.</li><li>Massive Honor and Conquest Point gains to accelerate your gear progression.</li><li>Access to elite PvP gear and rating-based rewards.</li><li>Prestigious Arena titles such as Rival and Duelist.</li><li>Automatic completion of PvP achievements without the grind.</li><li>Secure, manual boosting by experienced and verified PvP professionals.</li><li>Flexible delivery options: Piloted, Remote Control, or Selfplay alongside our pro team.</li><li>Full transparency and regular progress updates throughout the boost.</li><li>Eliminate the stress of unreliable teammates and inconsistent rating gains.</li></ul>;true;2025-12-12 08:52:21.353+00;2025-12-12 09:01:45.689+00;03765a40-f338-4035-a2ba-8928fff30834;2025-12-12 08:52:21.389887+00;2025-12-12 09:01:45.72103+00
81c45e11-07dc-41ac-8961-21ce23703c4c;f815015e-5bfb-41a4-b1fa-9f8475798acd;<h4>What You Get</h4><ul><li><b>Exalted Reputation:</b> Achieve max reputation with The Dominance Offensive without the daily grind.</li><li><b>Powerful Gear & Weapons:</b> Unlock Honored, Revered, and Exalted items including profession recipes, trinkets, advanced armor, and powerful weapons.</li><li><b>Exclusive Mount:</b> Acquire the prestigious <i>Grand Armored Wyvern</i> by reaching Exalted.</li><li><b>Storyline Completion:</b> Experience the full Horde military campaign narrative in Pandaria, unlocking all quests and cinematic events.</li><li><b>Achievements:</b> Earn campaign-specific achievements, bolstering your legacy.</li><li><b>Fast & Professional Service:</b> Reputable boosters complete all daily and campaign quests efficiently.</li><li><b>Flexible Scheduling:</b> Boost delivered on your schedule, starting in just 15 minutes.</li><li><b>No Grind:</b> Enjoy all rewards and story content while we handle the repetitive tasks safely and quickly.</li></ul>;true;2025-12-12 08:52:10.24+00;2025-12-12 09:01:50.986+00;03765a40-f338-4035-a2ba-8928fff30834;2025-12-12 08:52:10.279217+00;2025-12-12 09:01:51.008812+00
622ed57c-ab2d-4d37-95b5-fd85d742fc92;25e7f944-9f6f-4da9-b9a5-18aeb7a9d100;<h4>What You Get</h4><ul><li><b>Exalted Reputation with The Order of the Cloud Serpent:</b> Achieve max standing without the tedious daily grind.</li><li><b>Your Choice of Cloud Serpent Mount:</b> Select from Reins of the Azure, Golden, or Jade Cloud Serpent upon reaching Exalted.</li><li><b>Swift & Secure Boost:</b> Our professional boosters handle all daily quests, egg farming, and training tasks efficiently and safely.</li><li><b>Personalized Cloud Serpent Hatchling:</b> Start your journey by choosing and raising your own unique cloud serpent.</li><li><b>Exclusive Mount Customization:</b> Unlock additional serpent customization options and patterns at Revered.</li><li><b>Professional Recipes & Vanity Items:</b> Gain access to Honored rewards including profession recipes.</li><li><b>Achievement Unlocks:</b> Earn prestigious achievements tied to your serpent's growth and dragonrider mastery.</li><li><b>Guaranteed Completion:</b> Enjoy a reliable service that delivers your desired reputation and rewards.</li><li><b>Time-Saving Service:</b> Skip hours of repetitive dailies and egg collection, freeing up your playtime.</li><li><b>Flexible Scheduling:</b> Our service adapts to your availability with a quick 15-minute start time.</li></ul>;true;2025-12-12 08:52:54.302+00;2025-12-12 09:01:28.647+00;03765a40-f338-4035-a2ba-8928fff30834;2025-12-12 08:52:54.335148+00;2025-12-12 09:01:28.668695+00
4f50a72a-376f-45f9-a32f-ddf11213a9b8;1a47330c-1cf4-49c9-878d-be8dd55f4b3f;<h4>What You Get</h4><ul><li><b>Exalted Reputation:</b> Achieve Exalted status with The Anglers faction without the tedious grind.</li><li><b>Exclusive Mounts:</b> Unlock the prestigious Reins of the Azure Water Strider and Crimson Water Strider mounts.</li><li><b>Premium Fishing Gear:</b> Gain access to unique fishing poles, lures, bait, and gear upgrades at Honored and Revered.</li><li><b>Nat Pagle Friendship Rewards:</b> Progress Nat Pagle's friendship system for additional exclusive items and achievements.</li><li><b>All Anglers Rewards Unlocked:</b> Obtain all faction-specific items, vanity gear (like Nat Pagle's fishing hat), and consumables.</li><li><b>Fast & Secure Service:</b> Enjoy a rapid and professional reputation boost by experienced players, starting in just 15 minutes.</li><li><b>No Repetitive Grind:</b> Skip daily quests, rare fish farming, and fishing challenges – we handle everything.</li><li><b>Bonus Reputation Boosts Used:</b> Our service utilizes all available in-game buffs (Darkmoon Faire, Hallow's End, Guild Perks) for maximum efficiency.</li></ul>;true;2025-12-12 08:52:52.206+00;2025-12-12 09:01:29.838+00;03765a40-f338-4035-a2ba-8928fff30834;2025-12-12 08:52:52.243404+00;2025-12-12 09:01:29.868146+00
9a2266a5-c20d-48f3-ab3b-d3491542e6f1;da371775-f083-4421-b29f-41819c3c927e;<h4>What You Get</h4><ul><li><strong>Prestigious Gladiator Title:</strong> Achieve one of the highest PvP achievements in Pandaria Classic without the grind.</li><li><strong>Exclusive Malevolent Gladiator’s Cloud Serpent Mount:</strong> Flaunt this rare, top-tier mount, a true symbol of PvP mastery.</li><li><strong>Elite PvP Gear Access:</strong> Unlock the best-in-slot gear associated with Gladiator rank, giving you a competitive edge.</li><li><strong>Abundant Honor & Conquest Points:</strong> Earn significant amounts of currencies to further gear and customize your character.</li><li><strong>Rare PvP Achievements:</strong> Complete exclusive achievements tied to your Gladiator status, showcasing your skill.</li><li><strong>100% Secure & Manual Boost:</strong> Guaranteed safe gameplay from experienced professionals, ensuring your account's integrity.</li><li><strong>Fast & Guaranteed Completion:</strong> Our expert PvP team ensures swift progress and guaranteed Gladiator rank.</li><li><strong>Avoid Stress & Grinding:</strong> Skip frustrating losing streaks and unreliable teammates, letting you enjoy the rewards without the hassle.</li></ul>;true;2025-12-12 08:52:34.286+00;2025-12-12 09:01:38.823+00;03765a40-f338-4035-a2ba-8928fff30834;2025-12-12 08:52:34.320226+00;2025-12-12 09:01:38.846133+00
d18c1b16-39eb-470f-960f-495588618013;b8847db0-d41c-4d30-a37c-f98e0362e04a;"<h4>What You Get</h4><ul><li>The prestigious, account-wide ""Arena Master"" title appearing before your character's name.</li><li>Full completion of the demanding Arena Master achievement.</li><li>A complete set of 491 item-level elite PvP gear.</li><li>2200 rating achieved across all Arena brackets (2v2, 3v3, 5v5).</li><li>Completion of Hot Streak achievements via 10 consecutive wins above 1800 rating.</li><li>Over 300 rated arena wins completed, plus all related PvP achievements.</li><li>Significant time saved, bypassing weeks of grind with guaranteed results.</li><li>All additional rewards and drops earned during the boost.</li><li>A secure and confidential boosting process handled by expert PvP professionals.</li></ul>";true;2025-12-12 08:52:01.209+00;2025-12-12 09:01:55.546+00;03765a40-f338-4035-a2ba-8928fff30834;2025-12-12 08:52:01.255309+00;2025-12-12 09:01:55.544456+00
c60974f1-fa0e-4967-9b90-e2ee66f1c542;9f115b8a-64b4-45a5-95f9-85aea7558495;<h4>What You Get</h4><ul><li><strong>Full Expedition Project Completion:</strong> We'll conquer all six stages of your caravan construction, guaranteeing your Raider's departure.</li><li><strong>Permanent Skill Bonuses:</strong> Secure the retirement of your Raider, granting crucial, permanent skill points for your subsequent characters.</li><li><strong>Comprehensive Material Acquisition:</strong> Our experts farm all necessary rare and common materials, including elusive Exodus Modules and Leaper Pulse Units.</li><li><strong>Expedited & Efficient Service:</strong> Experience a fast, secure, and streamlined path to completing this significant endgame objective.</li><li><strong>Guaranteed Account Security:</strong> Benefit from 100% manual service, ensuring your privacy and safety throughout the boost.</li><li><strong>24/7 Progress Updates:</strong> Stay informed with real-time updates from our live support team.</li><li><strong>Endgame Specialization Expertise:</strong> Leverage our proven experience in handling complex endgame challenges for a seamless ARC Raiders Expedition Project completion.</li><li><strong>Flexible Delivery & Fast Start:</strong> We offer flexible scheduling with service commencement within 15 minutes of your order.</li></ul>;true;2025-12-26 22:52:28.669+00;2025-12-26 22:52:33.171+00;03765a40-f338-4035-a2ba-8928fff30834;2025-12-26 22:52:28.705354+00;2025-12-26 22:52:32.622465+00
71ec3a87-12cd-4dec-8dd4-8f3e669204f9;a70e7dc3-087c-48d0-99e6-c0b85f02ce12;<h4>What You Get</h4><ul><li><b>Guaranteed Ashes of Al'ar Mount:</b> We ensure weekly Kael'thas Sunstrider kills until this legendary 310% speed flying mount is yours.</li><li><b>Exclusive Drop:</b> You are the sole recipient of the mount when it drops, with zero competition from other players.</li><li><b>Maximize Flying Speed:</b> Unlock the fastest flight available in TBC Classic for unparalleled efficiency across Outland.</li><li><b>Expertly Managed Raids:</b> Benefit from dedicated, experienced teams focused solely on efficient Ashes of Al'ar farm runs.</li><li><b>Consistent & Reliable Service:</b> Enjoy regular, scheduled weekly attempts until your mount is secured, with a long-term guarantee.</li><li><b>Hassle-Free Acquisition:</b> Avoid the frustration of repeated raid clears and challenging boss encounters yourself.</li></ul>;true;2026-01-17 11:12:09.226+00;2026-01-17 11:15:03.29+00;03765a40-f338-4035-a2ba-8928fff30834;2026-01-17 11:12:09.259392+00;2026-01-17 11:15:03.200633+00
930bef19-2158-449d-b919-a639c6823152;9ed48b8f-6644-40c1-9fce-8bc6a5a90c79;<h4>What You Get</h4><ul><li><b>Instant Endgame Access:</b> Skip the grind and jump straight into Midnight's core content, including new zones and high-tier activities like raiding and Mythic+.</li><li><b>Full Campaign Completion:</b> Expert players will complete your chosen chapters or the entire Midnight Campaign Storyline.</li><li><b>All 4 Starting Factions Unlocked:</b> Gain immediate access to crucial faction vendors and progress your Renown.</li><li><b>Boundless Rewards:</b> Keep all gold and valuable loot acquired during the boost.</li><li><b>Guaranteed Flexibility & Security:</b> Choose specific chapters or the full campaign, with a secure, efficient 15-minute start time.</li><li><b>Essential Storyline Content:</b> Unlock vital narrative progression, crucial NPCs, and full access to the expansion's features.</li></ul>;true;2026-02-03 11:12:54.445+00;2026-02-03 11:13:09.159+00;03765a40-f338-4035-a2ba-8928fff30834;2026-02-03 11:12:54.488436+00;2026-02-03 11:13:08.546175+00
822a1f0d-446c-4ef6-bd35-f32096834811;7cecef17-56b7-46fc-a318-443e53a6804b;"<h4>What You Get</h4><ul><li>Guaranteed acquisition of the prestigious <a href=""https://www.wowhead.com/mop-classic/item=104253/korkron-juggernaut"" rel=""noopener noreferrer"" target=""_blank"">Kor'kron Juggernaut</a> mount, a rare status symbol without the grind.</li><li>Efficient, weekly Heroic Garrosh Hellscream kills in Siege of Orgrimmar completed for your account until the mount drops.</li><li>Access to expert boosters who master all raid mechanics, ensuring safe and manual gameplay with no bots.</li><li>Live progress updates after every weekly raid attempt, keeping you informed.</li><li>Save immense time and effort, bypassing months of tedious weekly farming for this epic siege engine mount.</li><li>Flexible boost options: Piloted (we play for you) or Selfplay (join our team).</li><li>Fast service start time within 15 minutes of purchase.</li></ul>";true;2025-12-12 08:51:59.406+00;2025-12-12 09:01:56.759+00;03765a40-f338-4035-a2ba-8928fff30834;2025-12-12 08:51:59.451644+00;2025-12-12 09:01:56.753355+00
cc335529-f45b-4b96-99ea-3a555d6412da;56a1d7c4-ff38-4261-b9ed-c98eca3cff6a;<h4>What You Get</h4><ul><li>Guaranteed weekly Trials completion and desired Cantina Legend rank advancement (Top 30 placement).</li><li>Perfect scores on all 5 weekly challenges for optimal point accumulation and epic item rewards.</li><li>Unlock exclusive seasonal cosmetics like the Patrol Outfit and Scarlet Black color.</li><li>Fast, 100% manual, and secure service by expert Raiders, eliminating grinding.</li><li>Maximized efficiency with strategic play under high-multiplier conditions.</li><li>Access to 24/7 live support for any inquiries or custom order requests.</li><li>Rapid service start within 15 minutes.</li></ul>;true;2025-12-26 23:36:59.603+00;2025-12-26 23:37:10.827+00;03765a40-f338-4035-a2ba-8928fff30834;2025-12-26 23:36:59.634557+00;2025-12-26 23:37:10.245574+00
2bd8a99f-3fb1-4de8-b6c5-b2688204c0fc;a7bd2242-bd87-49d9-bb54-8c78bd796f5b;<h4>What You Get</h4><ul><li><strong>Guaranteed Dragonspine Trophy:</strong> Weekly Gruul's Lair runs until this best-in-slot trinket drops for your character.</li><li><strong>Exclusive Loot Priority:</strong> All Dragonspine Trophy drops are reserved solely for you – no competition from other players.</li><li><strong>Efficient & Wipe-Free Raiding:</strong> Experience smooth, professional raid clears led by expert teams.</li><li><strong>Flexible & Lockout-Safe Scheduling:</strong> Play at your convenience with scheduling that fits your availability.</li><li><strong>Dedicated Acquisition Service:</strong> Teams are specifically assembled with the singular goal of securing your Dragonspine Trophy.</li><li><strong>Protection from Bad Luck:</strong> Enjoy long-term security with continuous weekly runs, ensuring you get your trinket regardless of RNG.</li><li><strong>Expert Leadership:</strong> Benefit from highly coordinated and experienced raiders for a seamless service experience.</li></ul>;true;2026-01-12 16:27:58.403+00;2026-01-12 16:28:20.665+00;03765a40-f338-4035-a2ba-8928fff30834;2026-01-12 16:27:58.443201+00;2026-01-12 16:28:21.295678+00
98146f58-1d09-43b2-9677-a41eb192f8ea;b72d5027-6cad-40fc-8fa2-a2d84f70a52a;"<h4>What You Get</h4><ul><li><strong>Guaranteed Fiery Warhorse's Reins:</strong> We farm weekly until the legendary mount drops for your character, no exceptions.</li><li><strong>Dedicated Weekly Attumen Kills:</strong> Focused runs on Attumen the Huntsman, avoiding full Karazhan clears.</li><li><strong>Save Time & Effort:</strong> Our teams handle the persistent grind, freeing you from weekly lockouts and farming fatigue.</li><li><strong>Exclusive Loot:</strong> Zero competition; the mount is reserved solely for you upon drop.</li><li><strong>Expert & Efficient Farming:</strong> Benefit from experienced groups optimized for fast Attumen defeats.</li><li><strong>Flexible Playstyle:</strong> Choose between playing with our team (Selfplay) or letting our experts pilot your character.</li><li><strong>Fast Start:</strong> Service begins within 15 minutes of purchase.</li></ul>";true;2026-01-17 15:30:00.534+00;2026-01-17 15:30:36.774+00;03765a40-f338-4035-a2ba-8928fff30834;2026-01-17 15:30:00.571871+00;2026-01-17 15:30:36.676722+00
1e5fa83f-a860-4bc1-98f8-6bdaca314aee;48d89ee1-07e4-4ae2-8c3c-eb0dbf2b3ee1;<h4>What You Get</h4><ul><li><strong>Instant Housing Access:</strong> Swift completion of the entire 'A House For You' questline, granting immediate access to your dream home in Azeroth.</li><li><strong>Premium Plot Acquisition:</strong> Guaranteed securing of a desirable plot in either Founder's Point (Alliance) or Razorwind Shores (Horde).</li><li><strong>Full Housing Dashboard Access:</strong> Unlocked dashboard with convenient teleportation features to manage your property effortlessly.</li><li><strong>Time-Saving & Hassle-Free:</strong> Skip the intricate and time-consuming grind of initial setup, letting expert boosters handle all complexities.</li><li><strong>Secure & Efficient Service:</strong> All services performed manually by seasoned WoW players, ensuring account safety and fast activation.</li><li><strong>Customization Ready:</strong> Jump straight into decorating and enjoying all housing features without delay.</li><li><strong>Guaranteed Results:</strong> Safe and efficient delivery of your unlocked player housing with continuous progress updates.</li></ul>;true;2026-01-22 23:44:21.781+00;2026-01-22 23:44:38.676+00;03765a40-f338-4035-a2ba-8928fff30834;2026-01-22 23:44:21.830819+00;2026-01-22 23:44:38.745031+00
f4123fc1-e64f-4a59-86f7-ea30e1861eba;f83fb8e8-0684-4d56-ad7b-66279b202d92;<h4>What You Get</h4><ul><li><strong>Exalted Netherwing Reputation:</strong> Achieve Exalted status with the Netherwing faction, unlocking all associated rewards and vendor access.</li><li><strong>Complete Netherwing Drake Collection:</strong> Secure all six prestigious 280% speed Netherwing Drakes for your mount collection, ensuring no gaps.</li><li><strong>Skip the Grind:</strong> Bypass the arduous daily quests, intense egg hunts, and lengthy reputation farming thanks to our efficient strategy.</li><li><strong>All Acquired Loot & Gold:</strong> Keep any gold and items earned by our team during the reputation boosting process.</li><li><strong>Piloted Service Convenience:</strong> Enjoy a completely hands-off experience as our professionals handle the entire grind safely and reliably.</li><li><strong>Guaranteed Completion:</strong> We ensure thorough completion of all Netherwing questlines and daily tasks, from introductory to final stages.</li><li><strong>Fast Start & Delivery:</strong> Service begins within 15 minutes, delivering a streamlined path to legendary mounts.</li></ul>;true;2026-01-27 15:48:39.719+00;2026-01-27 15:49:35.19+00;03765a40-f338-4035-a2ba-8928fff30834;2026-01-27 15:48:39.784044+00;2026-01-27 15:49:36.074645+00
b47edeb2-4e3c-48d0-b919-b18a709f491d;05258691-2a3d-4b99-a54b-a5b8291637b3;<h4>What You Get</h4><ul><li><strong>Full Heroic Raid Completion:</strong> Seamless run through 2/2 bosses of March on Quel’Danas Heroic in Midnight.</li><li><strong>Guaranteed Heroic Gear:</strong> Opportunities to obtain powerful, exclusive Heroic-level items from all defeated bosses.</li><li><strong>'Ahead of the Curve' Achievement:</strong> Secure your AOTC status for the current season by clearing Midnight Falls.</li><li><strong>Great Vault Eligibility:</strong> Qualify for weekly Great Vault selections, enhancing your character's progression.</li><li><strong>Boss-Specific Achievements:</strong> Earn unique achievements for each boss defeated within the raid.</li><li><strong>Time-Efficient Service:</strong> Complete the raid quickly, bypassing weeks of effort with our expert teams.</li><li><strong>Flexible Scheduling:</strong> We accommodate your availability for a convenient raid slot.</li><li><strong>Potential Bonus Loot:</strong> Flexible loot trading options may allow for additional drops from your raid group.</li><li><strong>Professional & Smooth Run:</strong> Benefit from a decade of raider experience ensuring a successful and focused service.</li></ul>;true;2026-01-28 10:42:33.693+00;2026-01-28 10:43:05.848+00;03765a40-f338-4035-a2ba-8928fff30834;2026-01-28 10:42:33.742877+00;2026-01-28 10:43:05.372298+00
c003f465-3dd2-4fc5-b428-0c03d9584070;dc40a3a4-8de9-4d3d-afbd-fc1eb8853d83;<h4>What You Get</h4><ul><li><strong>Selected Reputation Level:</strong> Rapid advancement to your chosen Shades of the Row reputation tier, including the prestigious Luminary rank.</li><li><strong>Exclusive Factional Rewards:</strong> Unlock unique cosmetic items, highly sought-after housing decorations, and valuable Enchanting formulas.</li><li><strong>All Loot Acquired:</strong> Keep all items, currency, and resources gathered during the boosting process.</li><li><strong>Significant Time Saved:</strong> Skip the repetitive grind of daily quests and specific activities, freeing up your valuable gaming time.</li><li><strong>Guaranteed Progress:</strong> Our experienced boosters ensure efficient and consistent reputation gains.</li><li><strong>Secure & Reliable Service:</strong> All services are performed by skilled professionals through a secure, piloted mode, prioritizing account safety and discretion.</li></ul>;true;2026-02-12 22:39:30.324+00;2026-02-12 22:39:56.885+00;03765a40-f338-4035-a2ba-8928fff30834;2026-02-12 22:39:30.35895+00;2026-02-12 22:39:56.50859+00
55abc5f7-8e03-4751-b72e-2ff877c47894;5492f09b-5a47-403f-a374-f4715edc721b;"<h4>What You Get</h4><ul><li><strong>Instant Void Elf Demon Hunter Access:</strong> Immediately unlock and play this exciting new race and class combo, including the powerful Devourer specialization.</li><li><strong>Bypass Tedious Questing:</strong> Skip the lengthy ""In Search of Darkness"" and ""Rage of the Ren'dorei"" questlines, saving you significant time.</li><li><strong>All Questline Rewards Secured:</strong> Receive any valuable items or bonuses acquired during the unlock process.</li><li><strong>First Access to New Content:</strong> Be among the first to experience the unique Void-themed aesthetics and striking deep blue Void Metamorphosis.</li><li><strong>Efficient & Secure Service:</strong> Benefit from a swift, smooth, and secure unlock process prioritizing your account safety.</li><li><strong>Flexible Delivery & Fast Start:</strong> Your service begins within 15 minutes, with flexible delivery options to suit your schedule.</li></ul>";true;2026-01-28 10:49:52.947+00;2026-01-28 10:50:11.808+00;03765a40-f338-4035-a2ba-8928fff30834;2026-01-28 10:49:53.005103+00;2026-01-28 10:50:11.332009+00
5abba352-8a05-485d-8401-66988a17cb24;21ba77cf-cff9-44ba-80d0-51cd40c6a9d8;<h4>What You Get</h4><ul><li><strong>Full Voidspire Raid Completion:</strong> All 6 bosses defeated on Normal difficulty.</li><li><strong>Champion-Tier Gear:</strong> High chance to acquire powerful equipment for your character.</li><li><strong>Great Vault Eligibility:</strong> Unlock a valuable weekly reward selection for enhanced progression.</li><li><strong>Exclusive Achievements:</strong> Earn specific Voidspire boss achievements.</li><li><strong>Flexible Loot Options:</strong> Maximize gear acquisitions with various trade configurations.</li><li><strong>Expert Team & Guaranteed Clear:</strong> Benefit from experienced boosters ensuring a seamless, successful run.</li><li><strong>Efficient Progression:</strong> Accelerate your character's power level without the typical grind or PUG hassles.</li><li><strong>Learning Opportunity:</strong> Safely understand raid mechanics as our team handles the heavy lifting.</li><li><strong>Personalized Experience:</strong> Choose between actively participating (Self-Play) or a hands-off approach (Piloted).</li><li><strong>Fast Start:</strong> Service begins in as little as 15 minutes, getting you into the action quickly.</li></ul>;true;2026-01-28 11:02:05.082+00;2026-01-28 11:02:48.655+00;03765a40-f338-4035-a2ba-8928fff30834;2026-01-28 11:02:05.122057+00;2026-01-28 11:02:48.230315+00
c13fac6a-1bc6-4bda-a66d-ec4981b4f6cd;17881791-5e05-4a90-9aa3-c7b21669edf8;<h4>What You Get</h4><ul><li><b>Guaranteed Chimaerus Kill:</b> Secure a Normal mode victory over Chimaerus, the Undreamt God, without the usual raid frustrations.</li><li><b>Valuable Champion Gear:</b> Direct opportunities to acquire essential early-game Champion gear drops to boost your progression.</li><li><b>Effortless & Efficient Clear:</b> Bypass group finding, scheduling conflicts, and PUG issues with a professional, experienced team.</li><li><b>Early Season Advantage:</b> Secure initial gear and learn mechanics quickly, putting you ahead for the new season.</li><li><b>Flawless Execution:</b> Observe top-tier gameplay, enhancing your understanding of Chimaerus fight mechanics.</li><li><b>Flexible Scheduling:</b> Choose a convenient start time that perfectly fits your gaming schedule.</li><li><b>Hassle-Free Progression:</b> Enjoy a streamlined, rewarding raid completion designed for your convenience and early progression.</li></ul>;true;2026-01-28 11:06:32.854+00;2026-01-28 11:06:56.859+00;03765a40-f338-4035-a2ba-8928fff30834;2026-01-28 11:06:32.895139+00;2026-01-28 11:06:56.360288+00
abc7c3af-cda1-4101-9322-22a69dbe947d;fa8f2ffe-dd64-44f2-a232-ef35afa408c6;<h4>What You Get</h4><ul><li><strong>Luminary Reputation Level:</strong> Achieve the highest standing with the Farstriders faction, unlocking all associated benefits.</li><li><strong>Exclusive Farstrider Rewards:</strong> Access unique in-game cosmetics, distinct housing decorations, and powerful Inscription techniques.</li><li><strong>Advanced Inscription Techniques:</strong> Significantly boost your character's abilities with coveted crafting methods.</li><li><strong>All Loot Secured:</strong> Every item, currency, and resource earned during the boost is yours to keep.</li><li><strong>Zero Grind:</strong> Skip the repetitive tasks and time-consuming efforts required to raise reputation.</li><li><strong>Fast & Efficient Service:</strong> Our experienced players quickly achieve your desired reputation level using optimized strategies.</li><li><strong>Secure Piloted Service:</strong> A skilled professional handles the entire process on your account with strict security protocols.</li><li><strong>Instant Start:</strong> Service begins within 15 minutes of purchase.</li></ul>;true;2026-02-12 22:45:14.965+00;2026-02-12 22:45:24.85+00;03765a40-f338-4035-a2ba-8928fff30834;2026-02-12 22:45:14.991625+00;2026-02-12 22:45:24.50191+00
5d7df6ee-05ce-413d-8e00-336be886375d;9d239622-e475-4b25-9461-6b4c5aa1a667;<h4>What You Get</h4><ul><li><strong>Thunderfury, Blessed Blade of the Windseeker:</strong> The iconic legendary one-hand sword guaranteed for your character.</li><li><strong>Legendary Achievement & Feat of Strength:</strong> Unlock the associated 'Thunderfury, Blessed Blade of the Windseeker' feat of strength and achievement.</li><li><strong>Skip the Grind:</strong> Avoid weeks or months of repetitive Molten Core runs, low-drop-chance farming, and intricate quest steps.</li><li><strong>Expert Execution:</strong> Our experienced team efficiently navigates the Molten Core and completes the entire questline on your behalf.</li><li><strong>Bonus Loot:</strong> Retain all gold, items, gear, and other drops obtained throughout the service.</li><li><strong>Pet Acquisition Chance:</strong> Opportunities to acquire battle pets like Mark of Flame, Blazing Rune, and Core of Hardened Ash.</li><li><strong>Time-Saving:</strong> Reclaim dozens of hours previously spent on this challenging endeavor, allowing you to focus on other Midnight adventures.</li><li><strong>Secure Piloted Mode:</strong> A safe and secure service performed by verified professionals.</li></ul>;true;2026-01-28 20:23:36.953+00;2026-01-28 20:25:53.806+00;03765a40-f338-4035-a2ba-8928fff30834;2026-01-28 20:23:37.031979+00;2026-01-28 20:25:52.69908+00
dee62bd1-77a4-42f2-bee2-f68b68162ca9;a4661464-d866-49c5-8852-23bb4ed3d9f1;<h4>What You Get</h4><ul><li>Guaranteed acquisition of the prestigious Fierce Grimlynx ground mount.</li><li>Automatic boost to Renown Rank 16 with the Hara’ti faction.</li><li>Efficient farming and collection of 1600 Voidlight Marls, the mount currency.</li><li>Defeat numerous rare bosses across Midnight zones, saving you extensive grind time.</li><li>Enjoy a professional piloted service, securely handled by expert boosters.</li><li>Instant service start within 15 minutes of purchase.</li><li>Bypass the repetitive farming and substantial time investment for this highly sought-after mount.</li><li>Enhance your Midnight experience with an exclusive cosmetic reward effortlessly.</li></ul>;true;2026-02-05 21:09:15.304+00;2026-02-05 21:17:23.138+00;03765a40-f338-4035-a2ba-8928fff30834;2026-02-05 21:09:15.346387+00;2026-02-05 21:17:23.198569+00
c483a337-994f-4700-9569-497f4bda147a;6dd85e1e-0369-42fa-8a58-8a187b89f470;<h4>What You Get</h4><ul><li><strong>Level 90 Character:</strong> Effortlessly reach the new maximum level, bypassing repetitive questing and dungeon grinding.</li><li><strong>Bypass the Grind:</strong> Instantly access exciting new content and endgame activities in Midnight.</li><li><strong>Retain All Loot & Gold:</strong> Keep every valuable item, resource, and gold acquired during the boost.</li><li><strong>Flexible Completion:</strong> Choose between secure Piloted (account sharing), Self-Play (with our team), or Self-Play Remote methods.</li><li><strong>Time-Saving Convenience:</strong> Avoid the lengthy leveling process and dive straight into Midnight's most engaging aspects.</li><li><strong>Professional Expertise:</strong> Benefit from our experienced boosters' efficient routes and strategies.</li><li><strong>Guaranteed Account Security:</strong> We prioritize your account safety with VPN usage and secure remote options.</li><li><strong>24/7 Support:</strong> Dedicated assistance for any questions or concerns throughout your service.</li></ul>;true;2026-01-29 21:54:54.027+00;2026-01-29 22:03:12.796+00;03765a40-f338-4035-a2ba-8928fff30834;2026-01-29 21:54:54.073976+00;2026-01-29 22:03:12.734385+00
86da086a-258e-49b8-b7e9-83cd6f750251;f16d0753-d2b4-40e7-82a5-3d6c6d84e3e5;<h4>What You Get</h4><ul><li><strong>Keystone Hero Achievement:</strong> Conquer all Midnight Season 1 Mythic +10 dungeons and earn the prestigious 'Midnight Keystone Master: Season One' achievement.</li><li><strong>Exclusive Mount:</strong> Ride in style with the Calamitous Carrion seasonal mount.</li><li><strong>High Mythic+ Rating:</strong> Achieve at least 2500 Mythic+ Rating, showcasing your mastery in Midnight Season 1.</li><li><strong>Top-Tier Gear:</strong> Secure powerful 259 ilvl Great Vault gear and 272 ilvl dungeon loot.</li><li><strong>Personal Dungeon Teleports:</strong> Unlock direct teleports to every Midnight Season 1 Mythic Dungeon for convenience.</li><li><strong>Expert Service:</strong> Benefit from fast completion (often within 16-24 hours) by seasoned WoW professionals.</li><li><strong>Flexible & Secure Options:</strong> Choose between self-play, piloted (with VPN for security), or self-play remote methods.</li></ul>;true;2026-01-29 22:14:53.899+00;2026-01-29 22:15:15.424+00;03765a40-f338-4035-a2ba-8928fff30834;2026-01-29 22:14:53.936063+00;2026-01-29 22:15:15.379371+00
c95fb79c-263d-4be1-990a-e743929324f8;ff9a4348-a4c0-44a6-9fed-c4276fa1ee58;<h4>What You Get</h4><ul><li><strong>Selected Reputation Level:</strong> Achieve your desired Midnight Magisters reputation rank, up to the prestigious Luminary status, without the extensive grind.</li><li><strong>Exclusive Factional Rewards:</strong> Unlock coveted cosmetic items, unique housing decorations, valuable Enchanting formulas, and a special battle pet.</li><li><strong>All Loot Acquired:</strong> Keep any resources, currency, and items obtained during the reputation boosting process.</li><li><strong>Time-Saving Efficiency:</strong> Drastically reduce the weeks of arduous farming, allowing you to enjoy rewards faster.</li><li><strong>Guaranteed Luminary Rank:</strong> We ensure you reach your target reputation level and gain access to all associated benefits.</li><li><strong>Secure & Flexible Service:</strong> Enjoy a safe, piloted boost by professional players, scheduled at your convenience, with a start time as fast as 15 minutes.</li></ul>;true;2026-02-12 22:51:04.394+00;2026-02-12 22:51:14.25+00;03765a40-f338-4035-a2ba-8928fff30834;2026-02-12 22:51:04.440461+00;2026-02-12 22:51:13.875257+00
bf1150dc-1a82-455c-b81a-ed94c4185075;bb061112-83d1-4302-a74e-5e9e86d8bd0a;"<h4>What You Get</h4>
<ul>
  <li><strong>Complete 8/8 Midnight Mythic +0 Dungeons:</strong> Full clear for essential foundational gear and achievements.</li>
  <li><strong>Guaranteed Gear Acquisition:</strong> Opportunities for 246 ilvl dungeon gear directly, plus eligibility for 256 ilvl Great Vault rewards.</li>
  <li><strong>Valuable Crests & Resources:</strong> Collect crests for gear upgrades and various in-game materials throughout your runs.</li>
  <li><strong>All Dungeon Achievements:</strong> Unlock every achievement associated with the Mythic +0 dungeons completed.</li>
  <li><strong>Time Efficiency & Expert Teams:</strong> Bypass LFG frustrations with skilled PvE specialists for quick, flawless completions.</li>
  <li><strong>Season One Preparation:</strong> Get fully geared and ready for Midnight's intensive Mythic+ Season One with ease.</li>
  <li><strong>Flexible & Secure Options:</strong> Choose self-play, piloted, or the secure self-play remote method.</li>
</ul>";true;2026-01-29 22:28:10.888+00;2026-01-29 22:28:43.519+00;03765a40-f338-4035-a2ba-8928fff30834;2026-01-29 22:28:10.991082+00;2026-01-29 22:28:43.471264+00
6db1bae9-aa32-4358-b5f9-2990505553e3;94229ad5-33a1-48de-843d-c55950722b8e;"<h4>What You Get</h4><ul><li><strong>Exclusive Mount:</strong> Ride in style with the unique Calamitous Carrion mount.</li><li><strong>Keystone Master Achievement:</strong> Earn the prestigious ""Midnight Keystone Master: Season One"" achievement.</li><li><strong>2000+ Mythic+ Rating:</strong> Significantly boost your in-game standing and unlock more content.</li><li><strong>Guaranteed iLvl 269 Gear:</strong> Secure a high-level item from your weekly Great Vault, plus a chance for iLvl 259 from dungeons.</li><li><strong>Experienced Team:</strong> Play with highly skilled and coordinated professional players.</li><li><strong>Guaranteed Completion:</strong> Achieve all advertised rewards with our secure and reliable service.</li><li><strong>Flexible Scheduling:</strong> Enjoy a convenient boosting experience tailored to your availability.</li><li><strong>Power & Progress:</strong> Maximize character gearing and improve your overall Mythic+ performance.</li></ul>";true;2026-01-30 09:54:47.57+00;2026-01-30 09:55:11.546+00;03765a40-f338-4035-a2ba-8928fff30834;2026-01-30 09:54:47.606727+00;2026-01-30 09:55:11.218203+00
56b2fa51-1b91-41e2-a1a4-7aa5eb2b2494;35b15c72-384e-479b-9347-4d9e6d3e9ff9;<h4>What You Get</h4><ul><li><strong>Midnight Keystone Legend & Master Achievements:</strong> Prestigious seasonal achievements, including 3000 Mythic+ Rating.</li><li><strong>Two Exclusive Mounts:</strong><ul><li><strong>Calamatious Carrion (Ground):</strong> From Keystone Master achievement.</li><li><strong>Convalescent Carrion (Flying):</strong> From Keystone Legend achievement.</li></ul></li><li><strong>High-Level Gear:</strong> Guaranteed 276 item level gear from Weekly Great Vault and 259 iLvl loot from dungeons.</li><li><strong>Elite Mythic+ Rating:</strong> Achieve at least 3000 M+ Rating during Midnight Season 1.</li><li><strong>Permanent Dungeon Teleports:</strong> Instant travel to all Midnight Season 1 Mythic Dungeons after earning Keystone Master for each.</li><li><strong>Expert Teams & Guaranteed Completion:</strong> Play with or have your account handled by skilled players, ensuring your rewards are secured.</li><li><strong>Flexible & Secure Service:</strong> Schedule according to your availability with secure boosting methods like VPN for piloted services.</li><li><strong>Significant Time Savings:</strong> Skip the grind and enjoy the top-tier rewards without the stress.</li></ul>;true;2026-01-30 09:57:54.989+00;2026-01-30 09:58:16.937+00;03765a40-f338-4035-a2ba-8928fff30834;2026-01-30 09:57:55.022169+00;2026-01-30 09:58:16.586042+00
65d7104e-498c-4c6c-be97-adc21ed4b4b2;3fa58f81-b312-4eaf-a9fd-902ef547868d;<h4>What You Get</h4><ul><li><b>Guaranteed Dungeon Completions:</b> Professional completion of your chosen Midnight Season One Mythic+ dungeons from day one of the new season.</li><li><b>High-Level Gear:</b> Collect 259-276 ilvl gear from the weekly Great Vault and 250-259 ilvl from end-of-dungeon drops, significantly boosting your character's power.</li><li><b>Mythic+ Score Boost:</b> Substantially increase your in-game Mythic+ rating and enhance your reputation for future LFG prospects.</li><li><b>Valuable Crest Rewards:</b> Earn a substantial amount of Crests, scaled to your chosen key level, for upgrading your hard-earned gear.</li><li><b>Dungeon Teleports:</b> Access convenient in-game dungeon teleports for all Mythic+10 and higher keys completed within the timer.</li><li><b>Flexible & Secure Service:</b> Choose between Self-Play, Piloted, or Self-Play Remote options, executed by expert teams with a focus on account safety and immediate service delivery upon season launch.</li></ul>;true;2026-01-30 10:07:40.391+00;2026-01-30 10:07:58.538+00;03765a40-f338-4035-a2ba-8928fff30834;2026-01-30 10:07:40.435834+00;2026-01-30 10:07:58.22405+00
54833963-54e3-49eb-9cc1-8b6b28b63cb9;138084bb-283b-4092-b2c6-f2f4e8e2e5d7;<h4>What You Get</h4><ul><li><strong>Desired Renown Levels:</strong> Swiftly boost your character's Renown to your chosen rank for any major faction in WoW Midnight.</li><li><strong>Instant Faction Rewards:</strong> Unlock immediate access to all faction-specific vendor rewards, including unique cosmetic items, powerful gear, and essential services.</li><li><strong>Player Housing & Additional Vendor Items:</strong> Gain access to decorative items for your Player Housing and any other vendor rewards tied to your Renown rank.</li><li><strong>Significant Voidlight Marl:</strong> A substantial amount of Voidlight Marl currency collected during the boost.</li><li><strong>Incidental Loot & Resources:</strong> Any valuable loot or resources acquired while boosting your Renown.</li><li><strong>Time-Saving & Effortless:</strong> Bypass the extensive daily grind, saving you weeks of repetitive activities.</li><li><strong>Expert & Secure Service:</strong> Benefit from our professional team's efficient Renown farming methods, ensuring account safety and reliable completion.</li><li><strong>Guaranteed Service:</strong> Enhance your World of Warcraft experience with a guaranteed Renown boost.</li></ul>;true;2026-01-30 20:12:11.949+00;2026-01-30 20:12:25.287+00;03765a40-f338-4035-a2ba-8928fff30834;2026-01-30 20:12:12.003499+00;2026-01-30 20:12:24.249267+00
9c733a13-7a0b-4b37-a4c3-7547039e4568;3c5679e9-7585-4c66-aa0f-ccdf390b7deb;<h4>What You Get</h4><ul><li><b>Guaranteed Nullaeus Challenge Completion:</b> Expert players will flawlessly clear your selected challenge tiers and objectives, skipping endless struggles.</li><li><b>Exclusive Rewards Unlocked:</b> Effortlessly acquire the Nullaeus Domaneye transmog, Ominous title, Arcanovoid Construct mount, or Fabled Vanquisher of Nullaeus title, based on your selection.</li><li><b>Rare Achievements & Titles:</b> Unlock prestigious achievements and unique titles otherwise locked behind these formidable encounters.</li><li><b>Valuable Item Acquisition:</b> A chance to receive coveted items including gear, in-game currency, gold, additional cosmetics, and Resplendent Keys.</li><li><b>Significant Time Savings:</b> Bypass long hours of practice and repeated attempts, enjoying your rewards instantly.</li><li><b>Secure & Professional Service:</b> Account safety and a smooth, transparent boosting experience are guaranteed.</li></ul>;false;2026-01-30 20:47:46.468+00;;;2026-01-30 20:47:46.504826+00;2026-01-30 20:47:46.504826+00
d154129c-648b-4b56-b011-f216e05869f6;ca602352-e6de-47ad-bfd0-5726eacdb481;"<h4>What You Get</h4><ul><li><b>Guaranteed Arcanovoid Construct Mount:</b> Secure this prestigious mechanical steed for your collection without the monumental grind.</li><li><b>Nullaeus Challenge Tier 11 Completion:</b> Experience the satisfaction of conquering one of Midnight's toughest challenges.</li><li><b>Exclusive Achievements Earned:</b> Unlock ""My Shady Nemesis,"" ""Lighting the Dark,"" and ""Let Me Solo Him: Nullaeus.""</li><li><b>Prestigious Cosmetics:</b> Receive the unique Nullaeus Domaneye transmog and the Ominous title to showcase your prowess.</li><li><b>All Loot & Resources Acquired:</b> Keep all gold, resources, and drops obtained during the service.</li><li><b>Expert & Secure Service:</b> Benefit from our top-tier gamers, 100% guaranteed results, and strict account security.</li><li><b>Significant Time Savings:</b> Skip countless hours of attempts and frustration; let us handle the demanding work efficiently.</li></ul>";true;2026-01-31 20:12:29.807+00;2026-01-31 20:12:48.175+00;03765a40-f338-4035-a2ba-8928fff30834;2026-01-31 20:12:29.849644+00;2026-01-31 20:12:48.358034+00
17de20c1-cf24-4b47-931b-3d3f2ee9ac4a;0533f9c6-2e36-4d47-8aee-1b7ebcffb66c;"<h4>What You Get</h4><ul><li><b>Guaranteed Lionheart Champion:</b> Secure this powerful epic two-handed sword for your melee DPS.</li><li><b>Maxed Blacksmithing (1-375) & Master Swordsmith Spec:</b> Instantly unlock high-level crafting capabilities without the grind.</li><li><b>All Crafting Reagents Provided:</b> We supply everything, including rare Primal Nethers, so you don't lift a finger.</li><li><b>Ready for TBC Pre-Raid & Endgame:</b> Equip a top-tier early-endgame weapon for immediate power.</li><li><b>Future Crafting Access:</b> Retain your fully leveled Blacksmithing profession for ongoing benefits.</li><li><b>Potential Bonus Pre-raid Gear & Reputation:</b> Enhance your character's overall progression passively.</li><li><b>Effortless & Time-Saving Process:</b> Bypass extensive grinding; just enjoy your new gear and profession.</li><li><b>Expert & Secure Service:</b> Fast and reliable completion from experienced boosters.</li></ul>";true;2026-01-31 20:42:42.077+00;2026-01-31 20:43:17.562+00;03765a40-f338-4035-a2ba-8928fff30834;2026-01-31 20:42:42.1167+00;2026-01-31 20:43:17.727111+00
8550e69c-5448-4850-b6ec-63c211905cdf;c9baf6a3-ea95-41da-a753-faa43e3d3d34;<h4>What You Get</h4><ul><li><b>Any Quantity of Primals:</b> Receive your desired type and amount of Primal materials (Air, Earth, Fire, Water, Mana, Shadow, Life) without the grind.</li><li><b>Efficient & Professional Farming:</b> Our skilled boosters diligently farm and convert Motes, saving you extensive time and effort.</li><li><b>Skip the Grind:</b> Avoid monotonous farming, letting you focus on enjoying other aspects of WoW TBC Classic.</li><li><b>Guaranteed Delivery:</b> Your specified Primals are delivered directly, powering up your crafting for high-end gear, enchants, and consumables.</li><li><b>Secure & Manual Process:</b> Enjoy a safe service with our verified players and manual boosting methods, ensuring account security.</li><li><b>Fast Start:</b> Service begins within 15 minutes of your order, getting you the materials you need quickly.</li><li><b>Flexible & Expert Support:</b> Tailor your order to your exact needs with responsive customer service available throughout the process.</li></ul>;true;2026-01-31 20:54:48.971+00;2026-01-31 20:55:11.512+00;03765a40-f338-4035-a2ba-8928fff30834;2026-01-31 20:54:49.007717+00;2026-01-31 20:55:11.705496+00
caf76ea5-e242-43a1-90c0-e73e97e3032a;072d7441-9ee5-4562-96a7-62b5f0f2d6f9;<h4>What You Get</h4><ul><li><strong>Guaranteed Vicious Saddle Token:</strong> Secure this exclusive PvP currency to unlock any past seasonal PvP mount, or 100% progress toward the current one.</li><li><strong>Exclusive Mount Collection:</strong> Effortlessly expand your mount collection with rare and impressive PvP cosmetic rewards without the competitive grind.</li><li><strong>Significant Honor & Conquest Gains:</strong> Accumulate valuable Honor experience and Conquest points throughout the boost.</li><li><strong>Expert Team Support:</strong> Our professional players handle all challenging Arena and Rated Battleground win requirements.</li><li><strong>Time Saved:</strong> Reclaim your valuable gaming time by letting us efficiently complete the demanding PvP objectives.</li><li><strong>Flexible & Fast Service:</strong> Choose your preferred play method with a start time as quick as 15 minutes.</li><li><strong>Skip the Grind:</strong> Avoid the repetitive and often frustrating PvP win requirements, ensuring a hassle-free acquisition.</li></ul>;true;2026-02-01 00:45:07.463+00;2026-02-01 00:45:56.933+00;03765a40-f338-4035-a2ba-8928fff30834;2026-02-01 00:45:07.497915+00;2026-02-01 00:45:57.346319+00
8ee77052-1012-456c-b291-b5a8d1178204;24b48e17-ab5b-411b-adc0-082b14342534;"<h4>What You Get</h4><ul><li><strong>Full Dungeon Set 3 (115 ilvl Blue Gear):</strong> A complete, class-specific gear set that jumpstarts your raid progression, making you Karazhan-ready.</li><li><strong>Guaranteed Loot:</strong> Eliminate the uncertainty of drops and competition; receive your full set without the grind.</li><li><strong>Skip the Grind & Random Groups:</strong> Avoid repetitive dungeon farming, frustrating wipes, and unreliable pick-up groups.</li><li><strong>Dungeon Completions:</strong> Numerous normal and heroic Burning Crusade dungeons completed by expert players.</li><li><strong>Additional Loot & Resources:</strong> All tradable items, currencies, and resources obtained during runs are yours.</li><li><strong>Raid-Ready Fast:</strong> Equip your character with a solid gear base quickly, allowing you to focus on end-game activities sooner.</li><li><strong>Expert Execution:</strong> Smooth, efficient runs by experienced boosters, ensuring a hassle-free gearing process.</li></ul>";true;2026-02-01 11:45:36.315+00;2026-02-01 11:45:47.492+00;03765a40-f338-4035-a2ba-8928fff30834;2026-02-01 11:45:36.350344+00;2026-02-01 11:45:47.428168+00
eae7f464-3935-4f77-bb4c-fed4d553e520;63c4879f-0299-4b50-86d6-96604a43ab32;<h4>What You Get</h4><ul><li><b>Your Chosen Outland Cloth:</b> Secure delivery of Primal Mooncloth, Shadowcloth, or Spellcloth in your desired quantity.</li><li><b>Immense Time Savings:</b> Skip repetitive farming, strict 92-hour cooldowns, and travel to location-locked crafting tables (Moonwells, Altar of Shadows, Netherstorm).</li><li><b>Guaranteed Materials:</b> Receive the exact high-tier Tailoring endgame materials you need without any hassle or uncertainty.</li><li><b>Expert Handling:</b> Our experienced team manages all the complexities of acquiring these rare, time-gated crafting components for you.</li><li><b>Focus on Endgame:</b> Spend less time grinding for crucial crafting reagents and more time enjoying TBC's crafting and high-end content.</li><li><b>Secure & Reliable Service:</b> Your order is handled by professionals adhering to secure in-game delivery practices, with a start time as fast as 15 minutes.</li></ul>;true;2026-02-02 11:51:13.433+00;2026-02-02 11:51:27.839+00;03765a40-f338-4035-a2ba-8928fff30834;2026-02-02 11:51:13.474732+00;2026-02-02 11:51:27.593456+00
6460ec8b-9e9a-4528-8cad-c6d312474dae;32b814d6-abcc-44c2-af64-eff9bf665fec;<h4>What You Get</h4><ul><li><strong>Dazzling Brilliant Petalwing Mount:</strong> Immediately add this vibrant, highly sought-after flying mount to your collection.</li><li><strong>Treasures of Harandar Achievement Unlocked:</strong> Secure this prestigious achievement, showcasing your dedication and exploration prowess without the grind.</li><li><strong>All Hidden Treasures Discovered:</strong> Our experts will meticulously locate every hidden cache in Harandar for you.</li><li><strong>Bonus Item Drops:</strong> Any additional loot, items, or resources acquired during the boost remain on your character.</li><li><strong>Guaranteed Completion:</strong> We ensure the successful acquisition of both the mount and achievement, saving you countless hours.</li><li><strong>Time-Saving Convenience:</strong> Skip the frustrating scavenger hunt and spend your valuable gaming time enjoying Midnight.</li><li><strong>Secure & Professional Service:</strong> Enjoy peace of mind with our commitment to account security and professional service execution.</li></ul>;true;2026-02-04 18:43:00.514+00;2026-02-04 18:44:11.412+00;03765a40-f338-4035-a2ba-8928fff30834;2026-02-04 18:43:00.557494+00;2026-02-04 18:44:10.031814+00
664b3562-9aa5-4d50-84d1-7bd49e9df8ce;d6ced534-2d2c-41ea-8eb8-a39a87d60e1e;"<h4>What You Get</h4><ul><li><b>Guaranteed Ashes of Belo'ren Mount:</b> Secure this prestigious, Mythic-exclusive mount from World of Warcraft: Midnight.</li><li><b>Mythic Midnight Falls Completion:</b> Effortlessly defeat L'ura, the final boss of the March on Quel'Danas raid on Mythic difficulty.</li><li><b>Ahead of the Curve: Midnight Falls Achievement:</b> Earn this highly coveted achievement before the next raid tier begins.</li><li><b>Professional Team:</b> Play alongside or have your character piloted by skilled and experienced raiders for a smooth, stress-free experience.</li><li><b>No Raid Guild Required:</b> Bypass recruitment and scheduling; join our pre-organized, high-performing team instantly.</li><li><b>Flexible Playstyle:</b> Choose between actively participating via self-play or convenient account-sharing.</li><li><b>Effortless Acquisition:</b> Avoid countless wipes and the pressure of Mythic progression; our experts handle the challenge.</li></ul>";true;2026-02-04 18:55:32.535+00;2026-02-04 18:55:52.175+00;03765a40-f338-4035-a2ba-8928fff30834;2026-02-04 18:55:32.583687+00;2026-02-04 18:55:50.746935+00
fa2a99b3-acbe-4814-ba84-a1e0d8caafe6;f25b3a97-809d-4a91-9891-a07c6216724e;<h4>What You Get</h4><ul><li><strong>Elven Arcane Guardian Mount:</strong> Secure this stunning, prestige flying mount for your collection.</li><li><strong>10 Voidlight Marls:</strong> All currency required for the mount is efficiently farmed for you.</li><li><strong>Skip the Grind:</strong> Avoid repetitive farming and save valuable time and effort in Midnight zones.</li><li><strong>Guaranteed Acquisition:</strong> We ensure 100% successful collection of all necessary currency.</li><li><strong>Expert Rare Boss Defeats:</strong> Our skilled boosters handle challenging rare boss encounters.</li><li><strong>Flexible & Fast Start:</strong> Service starts within 15 minutes of purchase.</li><li><strong>Secure Piloted Mode:</strong> Your account is handled safely by professional players, with optional streaming available.</li></ul>;true;2026-02-05 21:04:50.436+00;2026-02-05 21:05:08.307+00;03765a40-f338-4035-a2ba-8928fff30834;2026-02-05 21:04:50.494506+00;2026-02-05 21:05:08.107312+00
7008c5a6-e488-4a3b-9087-882332902ef0;4f224d4d-99b0-4c86-b26b-4b9158ad9191;<h4>What You Get</h4><ul><li><strong>Giganto Manis Ground Mount:</strong> Instantly unlock this prestigious, rare mount upon completion.</li><li><strong>Glory of the Midnight Delver Meta-Achievement:</strong> Guaranteed successful completion of this challenging achievement.</li><li><strong>Significant Time Savings:</strong> Skip countless hours of repetitive grinding and complex delve progression.</li><li><strong>All Acquired Loot & Delve Currencies:</strong> Keep every valuable item, gear, or currency earned during the boost.</li><li><strong>Expert Player Service:</strong> Benefit from skilled gamers using efficient strategies for Delve content completion.</li><li><strong>Choose Your Playstyle:</strong> Flexible Self-Play or convenient Piloted mode options available.</li><li><strong>Seamless & Secure Experience:</strong> Enjoy a stress-free path to your new mount with our trusted service.</li><li><strong>Fast Start Time:</strong> Service begins in as little as 15 minutes.</li></ul>;true;2026-02-05 21:26:26.069+00;2026-02-05 21:27:20.841+00;03765a40-f338-4035-a2ba-8928fff30834;2026-02-05 21:26:26.133797+00;2026-02-05 21:27:20.87296+00
f97c2098-d363-4b50-9d58-7b99aed7a040;160b30c3-0662-4275-ad94-5aaa5a77860b;<h4>What You Get</h4><ul><li><strong>Cerulean Sporeglider Mount:</strong> Instantly unlock this rare, coveted flying mount for your collection.</li><li><strong>Hara’ti Renown Level 19:</strong> Achievement of the necessary faction reputation, bypassing the grind.</li><li><strong>8000 Voidlight Marls:</strong> All required currency farmed and collected on your behalf.</li><li><strong>All Loot Acquired:</strong> Any additional items, gold, or resources obtained during the boosting process.</li><li><strong>Time-Saving:</strong> Skip extensive and repetitive farming, enjoying your mount without the hassle.</li><li><strong>Guaranteed Acquisition:</strong> We ensure the successful unlock of your Cerulean Sporeglider.</li><li><strong>Safe & Secure:</strong> Professional, piloted service with your account security as a top priority.</li><li><strong>Efficient Process:</strong> Experienced boosters utilize optimal strategies for swift completion.</li></ul>;true;2026-02-06 14:37:51.069+00;2026-02-06 14:38:24.453+00;03765a40-f338-4035-a2ba-8928fff30834;2026-02-06 14:37:51.118549+00;2026-02-06 14:38:24.35508+00
ef8d7a40-d0c3-4668-aed5-b1393d5337d6;e14b0c2f-11c7-4c4c-b198-a74afa86d589;"<h4>What You Get</h4><ul><li><b>Guaranteed Amani Windcaller Mount:</b> Secure this prestigious flying mount without the weeks of solo grind.</li><li><b>Renown Level 19 with Amani Tribe:</b> Achieve maximum faction standing effortlessly.</li><li><b>8000 Voidlight Marls:</b> All required currency collected for you.</li><li><b>All Loot Retained:</b> Keep all valuable items and resources discovered during the boost.</li><li><b>Significant Time Savings:</b> Skip tedious farming; enjoy your mount sooner.</li><li><b>Efficient & Professional Service:</b> Optimized strategies ensure swift and reliable completion.</li><li><b>Hands-Off Piloted Service:</b> A skilled professional handles everything, ensuring a smooth experience.</li><li><b>Enhanced Midnight Presence:</b> Command a distinguished mount that signifies mastery and power.</li></ul>";true;2026-02-06 14:42:17.832+00;2026-02-06 14:42:32.316+00;03765a40-f338-4035-a2ba-8928fff30834;2026-02-06 14:42:17.911023+00;2026-02-06 14:42:32.175071+00
8217846f-f32c-4e79-8296-3d15436813e5;fcd720d0-156d-4a4b-83d3-9074d22ae557;"<h4>What You Get</h4><ul><li><strong>Fiery Dragonhawk Mount:</strong> Unlock this magnificent and prestigious aerial mount for your collection.</li><li><strong>Renown Level 19:</strong> Achieve the required Renown with the Silvermoon Court without the grind.</li><li><strong>8000 Voidlight Marls:</strong> All necessary currency collected for you.</li><li><strong>Time-Saving:</strong> Bypass extensive farming and reputation building; our experts handle the effort.</li><li><strong>Efficient & Fast Completion:</strong> Optimized strategies ensure swift delivery of your mount.</li><li><strong>All Acquired Loot:</strong> Keep all gold, items, and resources obtained during the boost.</li><li><strong>Account Security:</strong> Your account's safety and privacy are our top priority.</li><li><strong>Expert Team:</strong> Professional gamers with deep Midnight knowledge ensure a seamless experience.</li></ul>";true;2026-02-06 14:49:33.292+00;2026-02-06 14:50:01.251+00;03765a40-f338-4035-a2ba-8928fff30834;2026-02-06 14:49:33.328152+00;2026-02-06 14:50:01.120523+00
96a4880c-7ac3-4716-aeb7-2a16079ee74a;a1af1614-537c-4af2-8981-9e859921490b;<h4>What You Get</h4><ul><li><strong>Geargrinder Mk. 11 Mount:</strong> The exclusive, epic ground mount for your collection.</li><li><strong>Worldsoul-Searching Meta-Achievement:</strong> Completion of this prestigious, comprehensive achievement.</li><li><strong>All Loot Acquired:</strong> Keep any gold, items, or resources obtained during the boost.</li><li><strong>Time-Saving Convenience:</strong> Expert boosters handle all the grind, freeing up countless hours for you.</li><li><strong>Guaranteed Acquisition:</strong> We ensure the mount and achievement are successfully added to your account.</li><li><strong>Secure Piloted Service:</strong> A skilled professional logs in to complete the service safely and discreetly.</li><li><strong>Fast Start:</strong> Your boost begins in as little as 15 minutes.</li></ul>;false;2026-02-06 14:55:32.437+00;;;2026-02-06 14:55:32.469277+00;2026-02-06 14:55:32.469277+00
af3a79d6-9888-44b0-8b33-1fb38c7ba39b;217d34d4-adfb-4519-ae5d-7d00f99c5315;<h4>What You Get</h4><ul><li><strong>Guaranteed Madness of the Betrayer Trinket:</strong> Secure this powerful BiS physical DPS trinket, no matter how many Black Temple runs it takes.</li><li><strong>Time-Saving Black Temple Raids:</strong> Our expert team handles all the repetitive farming, freeing you from countless lockouts and frustrating PUGs.</li><li><strong>Opportunities for Additional 141-151 ilvl Gear:</strong> Collect other valuable loot during the necessary Black Temple runs.</li><li><strong>Expert and Efficient Service:</strong> Benefit from professional raiders employing optimal strategies for fast and consistent clears.</li><li><strong>Secure & Private Piloted Boost:</strong> Enjoy a safe and discreet service with flexible scheduling tailored to your availability.</li><li><strong>Instant Start:</strong> We begin your boost within 15 minutes of your order.</li></ul>;false;2026-02-06 15:15:09.581+00;;;2026-02-06 15:15:09.633421+00;2026-02-06 15:15:09.633421+00
abf21329-baa9-4c88-a448-ad2ecdf6faf3;0931e7e6-0abf-4127-bec1-a5c41a26b44d;<h4>What You Get</h4><ul><li><b>Guaranteed Skull of Gul'dan:</b> Secure this iconic, powerful caster DPS trinket for WoW TBC Anniversary without the grind.</li><li><b>Multiple Black Temple Runs:</b> We'll run the raid as many times as needed until your Skull drops.</li><li><b>Bonus Loot:</b> Chance to obtain additional valuable 141-151 item level gear during the runs.</li><li><b>Piloted Service:</b> A professional player expertly handles everything directly on your account.</li><li><b>Expert Raiders:</b> Benefit from our seasoned team's deep knowledge of TBC raid mechanics.</li><li><b>Time-Saving Convenience:</b> Bypass endless solo farming and random drop rates.</li><li><b>Secure & Efficient:</b> Enjoy a safe, fast, and reliable boost designed for your convenience.</li><li><b>Potential Extra Rewards:</b> Acquire additional gear, gold, and other items during the service.</li></ul>;true;2026-02-06 15:18:25.756+00;2026-02-06 15:18:46.364+00;03765a40-f338-4035-a2ba-8928fff30834;2026-02-06 15:18:25.81268+00;2026-02-06 15:18:46.29228+00