id;product_id;name;label;option_type;is_required;options;default_value;min_value;max_value;price_modifier;sort_order;created_at;updated_at;price_modifier_type;percentage_applies_to_cumulative
30e83ecb-d7a1-4605-835d-71ecf084d2fc;c9085438-7717-4a58-aa1c-ad9bc28eaee6;boost_method;Boost Method;button_group;false;"[{""label"":""Pilot"",""price"":""0"",""priceType"":""fixed""}]";;;;0.00;0;2026-01-22 23:26:58.078216+00;2026-01-22 23:26:58.078216+00;fixed;false
39df11e4-46ec-48d6-af84-ae2a5603ea36;12250fc4-5bdc-4045-9374-d69b4fe8b6fa;addop;Additional Options;checkbox;false;"[{""label"":""Stream"",""price"":""8.322"",""priceType"":""fixed""}]";;;;0.00;2;2025-10-26 22:46:49.911938+00;2025-11-10 16:13:48.843096+00;fixed;false
32645065-ccb7-480d-954f-b3efcc5420d2;4bbdb6e1-0137-459f-8b83-628d7f017273;boost;Boost Mode;button_group;true;"[{""label"":""Pilot"",""price"":""0"",""priceType"":""fixed""},{""label"":""Remote"",""price"":""15"",""priceType"":""percentage""}]";;;;0.00;0;2025-10-26 21:04:27.591842+00;2025-10-26 21:04:27.591842+00;fixed;false
d8235c91-0ea3-43c8-9900-99ff7e60782f;2e71414d-d885-412d-8f8f-b72b3c8d3957;boost;Boost Mode;button_group;true;"[{""label"":""Pilot"",""price"":""0"",""priceType"":""fixed""},{""label"":""Selfplay"",""price"":""19"",""priceType"":""percentage""}]";;;;0.00;0;2025-10-26 23:22:12.21953+00;2025-11-10 16:13:49.23591+00;fixed;false
c82681d9-472e-44e8-9823-b2cd486f4a01;adacf06e-80a6-4303-b07d-b1bb59118427;boost;Boost Mode;button_group;true;"[{""label"":""Pilot"",""price"":""0"",""priceType"":""fixed""},{""label"":""Selfplay"",""price"":""19"",""priceType"":""percentage""}]";;;;0.00;0;2025-10-26 23:48:41.341541+00;2025-11-10 16:13:49.787439+00;fixed;false
e03ad817-3442-4f5b-b791-082b9140caf9;28e7cc58-0b6d-474e-9d8f-e115d537fe32;reg;Region;button_group;true;"[{""label"":""EU"",""price"":""0"",""priceType"":""fixed""},{""label"":""NA"",""price"":""0"",""priceType"":""fixed""}]";;;;0.00;1;2025-10-25 15:43:17.769913+00;2025-12-14 22:15:15.884291+00;fixed;false
7bb28c0f-b4a7-4dec-a917-4667bddf556f;4961a6d8-0209-4877-89e3-af0c3ea458a2;reg;Region;button_group;true;"[{""label"":""EU"",""price"":""0"",""priceType"":""fixed""},{""label"":""NA"",""price"":""0"",""priceType"":""fixed""}]";;;;0.00;1;2025-10-25 16:08:41.836394+00;2025-12-14 22:15:16.163043+00;fixed;false
c5ef1bce-86e8-4458-97bb-8a34327e426b;e3559853-6d7b-4645-abea-740bda6043e9;boost;Boost Mode;button_group;true;"[{""label"":""Selfplay"",""price"":""0"",""priceType"":""fixed""},{""label"":""Pilot"",""price"":""0"",""priceType"":""fixed""},{""label"":""Remote"",""price"":""12.11"",""priceType"":""percentage""}]";;;;0.00;0;2025-10-25 18:51:41.768798+00;2025-12-14 22:15:16.358555+00;fixed;false
f4eb903e-3891-4a88-8df4-9ca4f93df1a0;8f4a2bb2-754a-4d09-8f86-8c298b786abf;reg;Region;button_group;true;"[{""label"":""EU"",""price"":""0"",""priceType"":""fixed""},{""label"":""NA"",""price"":""0"",""priceType"":""fixed""}]";;;;0.00;1;2025-10-25 19:01:19.190893+00;2025-12-14 22:15:16.487866+00;fixed;false
a369fb27-0a32-4b54-bffb-f624dcc0989b;60f578ad-9527-499b-b5f4-4005365f7b9a;boost;Boost Mode;button_group;true;"[{""label"":""Selfplay"",""price"":""0"",""priceType"":""fixed""},{""label"":""Pilot"",""price"":""0"",""priceType"":""fixed""},{""label"":""Remote"",""price"":""12.11"",""priceType"":""percentage""}]";;;;0.00;0;2025-10-25 19:37:39.367846+00;2025-12-14 22:15:16.608933+00;fixed;false
7869053d-4d06-4f2d-82e7-e9a4abb7873b;3745c202-29ea-4327-98a6-090be7fa1ae1;reg;Region;button_group;true;"[{""label"":""EU"",""price"":""0"",""priceType"":""fixed""},{""label"":""NA"",""price"":""0"",""priceType"":""fixed""}]";;;;0.00;1;2025-10-25 19:42:47.095166+00;2025-12-14 22:15:16.734192+00;fixed;false
95fa7e94-9dcb-45f2-be75-cd0172ca798e;0de747e0-aa48-44b8-8578-5f5b3cff3cb9;boost;Boost Mode;button_group;true;"[{""label"":""Selfplay"",""price"":""0"",""priceType"":""fixed""},{""label"":""Pilot"",""price"":""0"",""priceType"":""fixed""},{""label"":""Remote"",""price"":""12.11"",""priceType"":""percentage""}]";;;;0.00;0;2025-10-25 19:56:37.920367+00;2025-12-14 22:15:16.85139+00;fixed;false
9867e5a4-e0c9-4c91-ac61-e05bb3d002fe;2ef5bde2-77cb-4541-9895-3290a352ca35;reg;Region;button_group;true;"[{""label"":""EU"",""price"":""0"",""priceType"":""fixed""},{""label"":""NA"",""price"":""0"",""priceType"":""fixed""}]";;;;0.00;1;2025-10-25 21:13:54.13071+00;2025-12-14 22:15:16.983145+00;fixed;false
aae35610-61ac-45ae-a860-491b22ec63fa;b426b5cf-dd25-4dd3-a60f-1d7ea8cc0a5b;boost;Boost Mode;button_group;true;"[{""label"":""Selfplay"",""price"":""0"",""priceType"":""fixed""},{""label"":""Pilot"",""price"":""0"",""priceType"":""fixed""},{""label"":""Remote"",""price"":""12.11"",""priceType"":""percentage""}]";;;;0.00;0;2025-10-25 21:32:33.584368+00;2025-12-14 22:15:17.112205+00;fixed;false
d9b2088c-0830-42be-ba76-baa17e3e750b;c0ed037d-e048-4efc-943d-26d63d8b8bc4;reg;Region;button_group;true;"[{""label"":""EU"",""price"":""0"",""priceType"":""fixed""},{""label"":""NA"",""price"":""0"",""priceType"":""fixed""}]";;;;0.00;1;2025-10-25 21:38:47.143327+00;2025-12-14 22:15:17.232241+00;fixed;false
b9350cf4-0d52-4075-af9d-c8facf94410c;7e7fb27d-27e9-4e93-bfef-dc89a31babf5;boost;Boost Mode;button_group;true;"[{""label"":""Selfplay"",""price"":""0"",""priceType"":""fixed""},{""label"":""Pilot"",""price"":""0"",""priceType"":""fixed""},{""label"":""Remote"",""price"":""12.11"",""priceType"":""percentage""}]";;;;0.00;0;2025-10-25 21:46:18.695191+00;2025-12-14 22:15:17.379565+00;fixed;false
08aaff75-d192-4d16-bb54-fe0ac5fd8164;ce498e92-cf8d-4029-915a-12b05073e14c;reloots;Region;button_group;false;"[{""label"":""EU"",""price"":""0"",""priceType"":""percentage""},{""label"":""NA"",""price"":""21.23"",""priceType"":""percentage""}]";;;;0.00;1;2025-10-21 20:48:26.689781+00;2025-12-14 22:15:17.526751+00;fixed;true
4afce98e-57bc-4755-887c-670092ef9558;78dbfe04-41ff-4c00-a3c3-732c3bcaa4b6;thuop;Thunderfury Options:;select;true;"[{""label"":""Full Legendary"",""price"":""2508"",""priceType"":""fixed""},{""label"":""Garr Binding"",""price"":""1254"",""priceType"":""fixed""},{""label"":""Baron Geddon Binding"",""price"":""1254"",""priceType"":""fixed""}]";;;;0.00;2;2025-10-26 23:31:23.564378+00;2026-01-09 07:15:35.656321+00;fixed;false
eacd1f13-4c63-43c6-8eae-5d674f09f7fb;12250fc4-5bdc-4045-9374-d69b4fe8b6fa;boost;Boost Mode;button_group;true;"[{""label"":""Pilot"",""price"":""0"",""priceType"":""fixed""},{""label"":""Selfplay"",""price"":""19"",""priceType"":""percentage""}]";;;;0.00;0;2025-10-26 19:52:22.118204+00;2025-11-10 16:13:48.625775+00;fixed;false
9c18b3e7-af6c-453b-b6dc-1804e3273ded;42fbdc9c-2eb3-4eb1-99bb-69fba01de791;selatt;Select Attunement;checkbox;true;"[{""label"":""Molten Core Attunement"",""price"":""15"",""priceType"":""fixed""},{""label"":""Onyxia's Lair Attunement"",""price"":""59"",""priceType"":""fixed""},{""label"":""Blackwing Lair Attunement"",""price"":""15"",""priceType"":""fixed""},{""label"":""Naxxramas Attunement"",""price"":""57.684"",""priceType"":""fixed""}]";;;;0.00;2;2025-10-26 23:58:25.996793+00;2025-12-13 16:40:27.985382+00;fixed;false
f79862d1-e3ec-4b86-a84b-1bd11faa749e;ff4634b3-edf4-4d17-8207-d39816b323b2;reg;Region;button_group;true;"[{""label"":""EU"",""price"":""0"",""priceType"":""fixed""},{""label"":""NA"",""price"":""0"",""priceType"":""fixed""}]";;;;0.00;1;2025-10-26 23:01:14.359597+00;2025-11-10 16:13:49.074005+00;fixed;false
7171f848-e678-43ce-ba55-db9e00c26965;4b6a15b0-4764-431f-8372-6e9f180c4436;reg;Region;button_group;true;"[{""label"":""EU"",""price"":""0"",""priceType"":""fixed""},{""label"":""NA"",""price"":""0"",""priceType"":""fixed""}]";;;;0.00;1;2025-10-26 23:27:45.56722+00;2025-11-10 16:13:49.403955+00;fixed;false
f2152f77-82d6-4b49-853e-9c6ed8c10ccc;bcf886c7-0731-4ff9-9fd0-98d38ff491e4;details;Delivery Details;text;false;;;;;0.00;2;2026-01-17 23:38:28.565779+00;2026-01-17 23:38:28.565779+00;fixed;false
ec0596d8-9de2-4cd3-ad48-b982d10ad54f;f1c0275f-b890-483d-ac91-ffb13009995d;reg;Region;button_group;true;"[{""label"":""EU"",""price"":""0"",""priceType"":""fixed""},{""label"":""NA"",""price"":""0"",""priceType"":""fixed""}]";;;;0.00;1;2025-10-26 23:50:53.410882+00;2025-11-10 16:13:49.99321+00;fixed;false
067545fe-d4ab-4a15-8312-1a854b69fe91;11c50335-e6b5-4704-b2bb-10663ec598a0;boostmod;Boost Mode;button_group;true;"[{""label"":""Selfplay"",""price"":""0"",""priceType"":""fixed""},{""label"":""Pilot"",""price"":""0"",""priceType"":""fixed""},{""label"":""Remote"",""price"":""12.11"",""priceType"":""percentage""}]";;;;0.00;0;2025-10-25 15:35:40.623594+00;2025-12-14 22:15:15.750689+00;fixed;false
1e424d07-895b-46a3-906c-b7583debb26a;32b814d6-abcc-44c2-af64-eff9bf665fec;boost_method;Boost Method;button_group;false;"[{""label"":""Pilot"",""price"":""0"",""priceType"":""fixed""},{""label"":""Remote"",""price"":""30"",""priceType"":""percentage""}]";;;;0.00;0;2026-02-04 18:42:51.447916+00;2026-02-05 01:34:18.163263+00;fixed;false
4f0a08f3-fadc-4fcb-b7cb-ef59601b60ae;56893a99-db5d-44cd-ac7c-ab23dfad4f37;boost;Boost Mode;button_group;true;"[{""label"":""Selfplay"",""price"":""0"",""priceType"":""fixed""},{""label"":""Pilot"",""price"":""0"",""priceType"":""fixed""},{""label"":""Remote"",""price"":""12.11"",""priceType"":""percentage""}]";;;;0.00;0;2025-10-25 15:58:39.447518+00;2025-12-14 22:15:16.018162+00;fixed;false
0ea3367d-a3e4-49a9-b1e0-3fc48361272f;c9085438-7717-4a58-aa1c-ad9bc28eaee6;region;Region;button_group;false;"[{""label"":""EU"",""price"":""0"",""priceType"":""fixed""},{""label"":""NA"",""price"":""0"",""priceType"":""fixed""}]";;;;0.00;1;2026-01-22 23:27:09.458319+00;2026-01-22 23:27:09.458319+00;fixed;false
6c0497bc-1b72-476f-9f0d-0f6549580993;3fa58f81-b312-4eaf-a9fd-902ef547868d;boostmethod;Boost Method;button_group;false;"[{""label"":""Selfplay"",""price"":""0"",""priceType"":""fixed""},{""label"":""Pilot"",""price"":""0"",""priceType"":""fixed""},{""label"":""Remote"",""price"":""30"",""priceType"":""percentage""}]";;;;0.00;0;2025-10-22 17:27:39.142259+00;2026-01-30 10:04:34.834781+00;fixed;true
3481339d-5330-4322-9f8b-c7c8f38feeae;61cfeece-3aa1-4b12-bcec-2104b362c403;boost;Boost Mode;button_group;true;"[{""label"":""Selfplay"",""price"":""0"",""priceType"":""fixed""},{""label"":""Pilot"",""price"":""0"",""priceType"":""fixed""},{""label"":""Remote"",""price"":""12.11"",""priceType"":""percentage""}]";;;;0.00;0;2025-10-25 21:19:39.285245+00;2025-12-14 22:15:17.945827+00;fixed;false
12b23792-f355-4e48-a5b8-12c170e3df2b;56893a99-db5d-44cd-ac7c-ab23dfad4f37;reg;Region;button_group;true;"[{""label"":""EU"",""price"":""0"",""priceType"":""fixed""},{""label"":""NA"",""price"":""0"",""priceType"":""fixed""}]";;;;0.00;1;2025-10-25 15:58:56.293011+00;2025-12-14 22:15:18.08212+00;fixed;false
5f90eb68-16e5-4111-8afa-dc6e126ccd32;893dfdf9-192b-4e74-85b1-446f23288a7f;boost;Boost Mode;button_group;true;"[{""label"":""Selfplay"",""price"":""0"",""priceType"":""fixed""},{""label"":""Pilot"",""price"":""0"",""priceType"":""fixed""},{""label"":""Remote"",""price"":""12.11"",""priceType"":""percentage""}]";;;;0.00;0;2025-10-25 16:14:48.078737+00;2025-12-14 22:15:18.234517+00;fixed;false
c2241e78-da98-4d85-ad91-ce94f3dfd0d4;9aa65d73-40cc-4eec-a823-ed03c497f9a3;boost;Boost Mode;button_group;true;"[{""label"":""Pilot"",""price"":""0"",""priceType"":""fixed""}]";;;;0.00;0;2025-10-27 00:28:54.107055+00;2026-02-11 21:58:53.413476+00;fixed;false
a1829fb7-4cdb-4f4d-b360-6c9a841f76f6;4bbdb6e1-0137-459f-8b83-628d7f017273;exoption;Extra Options;checkbox;false;"[{""label"":""Full Pre-raid gear"",""price"":""94.24"",""priceType"":""fixed""},{""label"":""Molten Core Attunement"",""price"":""11.10"",""priceType"":""fixed""},{""label"":""Onyxia's Lair Attunement"",""price"":""19"",""priceType"":""fixed""},{""label"":""Blackwing Lair Attunement"",""price"":""22.96"",""priceType"":""fixed""}]";;;;0.00;1;2025-10-26 21:05:58.796884+00;2025-10-26 21:05:58.796884+00;fixed;false
a105c9b0-e9fb-47b4-9749-b8c4d8e25b92;adacf06e-80a6-4303-b07d-b1bb59118427;reg;Region;button_group;true;"[{""label"":""EU"",""price"":""0"",""priceType"":""fixed""},{""label"":""NA"",""price"":""0"",""priceType"":""fixed""}]";;;;0.00;1;2025-10-26 23:48:51.331605+00;2025-11-10 16:13:51.42253+00;fixed;false
655271f5-4af1-4688-8d88-dfafeac88606;42fbdc9c-2eb3-4eb1-99bb-69fba01de791;boost;Boost Mode;button_group;true;"[{""label"":""Pilot"",""price"":""0"",""priceType"":""fixed""},{""label"":""Remote Control"",""price"":""0"",""priceType"":""fixed""}]";;;;0.00;0;2025-10-26 23:55:53.769541+00;2025-11-10 16:13:51.598092+00;fixed;false
499d5ac3-ba34-42ad-8306-a58f150f6efd;373eeeca-a0c0-4bd3-ae17-ef6900ec8973;reg;Region;button_group;true;"[{""label"":""EU"",""price"":""0"",""priceType"":""fixed""},{""label"":""NA"",""price"":""0"",""priceType"":""fixed""}]";;;;0.00;1;2025-10-25 14:57:58.733284+00;2025-12-14 22:15:18.351457+00;fixed;false
21ca58d8-e3bb-4c2c-9d95-4b97416a8083;7790cce1-5286-4d60-a7fc-9a630ff71aaa;boost;Boost Mode;button_group;true;"[{""label"":""EU"",""price"":""0"",""priceType"":""fixed""},{""label"":""NA"",""price"":""0"",""priceType"":""fixed""}]";;;;0.00;0;2025-10-25 19:30:38.258326+00;2025-12-14 22:15:18.471926+00;fixed;false
e267f747-48a4-4355-97b0-822728850c87;f317f870-e9fe-42ed-bf99-3e344e1e15cc;boost;Boost Mode;button_group;true;"[{""label"":""Selfplay"",""price"":""0"",""priceType"":""fixed""},{""label"":""Pilot"",""price"":""0"",""priceType"":""fixed""},{""label"":""Remote"",""price"":""12.11"",""priceType"":""percentage""}]";;;;0.00;0;2025-10-25 19:48:00.241511+00;2025-12-14 22:15:18.605221+00;fixed;false
df2fe1de-b561-4b85-83f9-2bc6e3505864;0de747e0-aa48-44b8-8578-5f5b3cff3cb9;reg;Region;button_group;true;"[{""label"":""EU"",""price"":""0"",""priceType"":""fixed""},{""label"":""NA"",""price"":""0"",""priceType"":""fixed""}]";;;;0.00;1;2025-10-25 19:56:54.482608+00;2025-12-14 22:15:18.771672+00;fixed;false
74fcaf3c-479b-4ddb-8145-2f483d8c9ac8;e3559853-6d7b-4645-abea-740bda6043e9;reg;Region;button_group;true;"[{""label"":""EU"",""price"":""0"",""priceType"":""fixed""},{""label"":""NA"",""price"":""0"",""priceType"":""fixed""}]";;;;0.00;1;2025-10-25 18:51:56.349829+00;2025-12-14 22:15:17.653885+00;fixed;false
b6865cd9-0433-44ac-9566-b329fe72bd35;9aa65d73-40cc-4eec-a823-ed03c497f9a3;replvl;Select Desired Reputation Level;checkbox;true;"[{""label"":""Neutral - Friendly"",""price"":""23.77"",""priceType"":""fixed""},{""label"":""Friendly - Honored"",""price"":""47.65"",""priceType"":""fixed""},{""label"":""Honored - Revered"",""price"":""70.22"",""priceType"":""fixed""},{""label"":""Revered - Exalted"",""price"":""140.45"",""priceType"":""fixed""}]";;;;0.00;2;2025-10-27 00:31:21.384741+00;2026-02-11 21:58:53.725641+00;fixed;false
d9652562-7450-4cdc-bcfa-8bc60972b15d;b426b5cf-dd25-4dd3-a60f-1d7ea8cc0a5b;reg;Region;button_group;true;"[{""label"":""EU"",""price"":""0"",""priceType"":""fixed""},{""label"":""NA"",""price"":""0"",""priceType"":""fixed""}]";;;;0.00;1;2025-10-25 21:32:52.974157+00;2025-12-14 22:15:19.054553+00;fixed;false
1a3ccbd9-9f8e-4e75-9f73-d364d5ed7361;ad78315b-111b-4627-8d53-f8e3a28b4966;boost;Boost Mode;button_group;true;"[{""label"":""Selfplay"",""price"":""0"",""priceType"":""fixed""},{""label"":""Pilot"",""price"":""0"",""priceType"":""fixed""},{""label"":""Remote"",""price"":""12.11"",""priceType"":""percentage""}]";;;;0.00;0;2025-10-25 21:41:31.917364+00;2025-12-14 22:15:19.193165+00;fixed;false
77b302c2-9215-4b05-b32f-eebc3c56e5dd;7e7fb27d-27e9-4e93-bfef-dc89a31babf5;reg;Region;button_group;true;"[{""label"":""EU"",""price"":""0"",""priceType"":""fixed""},{""label"":""NA"",""price"":""0"",""priceType"":""fixed""}]";;;;0.00;1;2025-10-25 21:46:30.934626+00;2025-12-14 22:15:19.319699+00;fixed;false
f81823a9-4fe2-4438-89ed-5596b3b9be17;2e71414d-d885-412d-8f8f-b72b3c8d3957;reg;Region;button_group;true;"[{""label"":""EU"",""price"":""0"",""priceType"":""fixed""},{""label"":""NA"",""price"":""0"",""priceType"":""fixed""}]";;;;0.00;1;2025-10-26 23:22:24.904166+00;2025-11-10 16:13:50.366092+00;fixed;false
356b8310-d672-4f6d-9157-e75c36e406e8;78dbfe04-41ff-4c00-a3c3-732c3bcaa4b6;boost;Boost Mode;button_group;true;"[{""label"":""Pilot"",""price"":""0"",""priceType"":""fixed""},{""label"":""Selfplay"",""price"":""19"",""priceType"":""percentage""}]";;;;0.00;0;2025-10-26 23:30:07.84442+00;2025-11-10 16:13:50.766376+00;fixed;false
fed74751-bb7d-471c-8ecf-b003f39697c8;7765aefc-5bc3-4e2b-870d-d3abf0e2c421;boost;Boost Mode;button_group;true;"[{""label"":""Pilot"",""price"":""0"",""priceType"":""fixed""},{""label"":""Selfplay"",""price"":""47.5"",""priceType"":""percentage""}]";;;;263.96;0;2025-10-26 23:46:28.780464+00;2025-11-10 16:13:50.911702+00;fixed;false
db5a9234-d0e0-4af1-89d0-e211d355c805;42262eee-c28b-47f8-b3f1-89671d364e90;reg;Region;button_group;true;"[{""label"":""EU"",""price"":""0"",""priceType"":""fixed""},{""label"":""NA"",""price"":""0"",""priceType"":""fixed""}]";;;;0.00;1;2025-10-26 22:50:04.883548+00;2025-11-10 16:13:51.059028+00;fixed;false
6842377d-c09b-4df7-9811-b6c7dadd10e6;e117e236-a2f2-4f4d-9a58-728c68477982;boost;Boost Mode;button_group;true;"[{""label"":""Pilot"",""price"":""0"",""priceType"":""fixed""},{""label"":""Selfplay"",""price"":""19"",""priceType"":""percentage""}]";;;;0.00;0;2025-10-26 23:06:18.767+00;2025-11-10 16:13:51.234987+00;fixed;false
927282f1-4116-4fb7-972b-52a691d760e4;cc9067c9-acfc-4804-8156-454e7773aad1;boost;Boost Mode;button_group;true;"[{""label"":""Pilot"",""price"":""0"",""priceType"":""fixed""},{""label"":""Remote"",""price"":""14.25"",""priceType"":""percentage""}]";;;;0.00;0;2025-10-27 00:53:31.855374+00;2025-11-10 16:13:52.089484+00;fixed;false
bef409a8-8f18-4445-aac8-c1407420ccc5;60f578ad-9527-499b-b5f4-4005365f7b9a;reg;Region;button_group;true;"[{""label"":""EU"",""price"":""0"",""priceType"":""fixed""},{""label"":""NA"",""price"":""0"",""priceType"":""fixed""}]";;;;0.00;1;2025-10-25 19:37:58.142539+00;2025-12-14 22:15:17.819942+00;fixed;false
f256d334-6cf1-4cd4-8475-88ad252d9ecd;e72c5fc9-9517-4d4b-9619-21ba776b08af;boost_method;Boost Method;button_group;false;"[{""label"":""Pilot"",""price"":""0"",""priceType"":""fixed""},{""label"":""Remote"",""price"":""30"",""priceType"":""percentage""}]";;;;0.00;0;2026-01-22 23:37:32.453462+00;2026-01-22 23:37:32.453462+00;fixed;false
1f38a641-965b-4cf0-a480-780d5afe7d5a;e6400ff2-a75f-4faf-9e19-04ba53b08ef6;boost;Boost Mode;button_group;true;"[{""label"":""Selfplay"",""price"":""0"",""priceType"":""fixed""},{""label"":""Pilot"",""price"":""0"",""priceType"":""fixed""},{""label"":""Remote"",""price"":""12.11"",""priceType"":""percentage""}]";;;;0.00;0;2025-10-25 16:02:43.840579+00;2025-12-14 22:15:19.788654+00;fixed;false
d7551ea1-f9fc-4ece-a0af-864d4db3642f;d6ced534-2d2c-41ea-8eb8-a39a87d60e1e;boost_method;Boost Method;button_group;false;"[{""label"":""Pilot"",""price"":""0"",""priceType"":""fixed""},{""label"":""Selfplay"",""price"":""0"",""priceType"":""fixed""},{""label"":""Remote"",""price"":""30"",""priceType"":""percentage""}]";;;;0.00;0;2026-02-04 18:53:54.742427+00;2026-02-05 01:34:18.353682+00;fixed;false
aad88437-6034-43a9-9760-22b2ed228eac;9aa65d73-40cc-4eec-a823-ed03c497f9a3;reg;Region;button_group;true;"[{""label"":""EU"",""price"":""0"",""priceType"":""fixed""},{""label"":""NA"",""price"":""0"",""priceType"":""fixed""}]";;;;0.00;1;2025-10-27 00:29:19.976832+00;2026-02-11 21:58:53.983707+00;fixed;false
a918122c-c309-4902-8627-40a903400a88;9aa65d73-40cc-4eec-a823-ed03c497f9a3;addop;Additional Options;checkbox;false;"[{""label"":""Stream"",""price"":""12.48"",""priceType"":""fixed""}]";;;;0.00;3;2025-10-27 00:31:46.504102+00;2026-02-11 21:58:54.173817+00;fixed;false
b2720741-2ce7-4d63-872c-988c38b8f400;893dfdf9-192b-4e74-85b1-446f23288a7f;reg;Region;button_group;true;"[{""label"":""EU"",""price"":""0"",""priceType"":""fixed""},{""label"":""NA"",""price"":""0"",""priceType"":""fixed""}]";;;;0.00;1;2025-10-25 16:15:03.05521+00;2025-12-14 22:15:20.206985+00;fixed;false
53dc4813-609c-4062-ad89-e7fcfd5e71df;7790cce1-5286-4d60-a7fc-9a630ff71aaa;reg;Region;button_group;true;"[{""label"":""EU"",""price"":""0"",""priceType"":""fixed""},{""label"":""NA"",""price"":""0"",""priceType"":""fixed""}]";;;;0.00;1;2025-10-25 19:31:10.345848+00;2025-12-14 22:15:20.340753+00;fixed;false
3d533498-0eff-4e79-94a7-9cbb0a82cb6b;d1c698be-cd9f-4d2f-8d3d-eefc13ce029b;boost;Boost Mode;button_group;true;"[{""label"":""Selfplay"",""price"":""0"",""priceType"":""fixed""},{""label"":""Pilot"",""price"":""0"",""priceType"":""fixed""},{""label"":""Remote"",""price"":""12.11"",""priceType"":""percentage""}]";;;;0.00;0;2025-10-25 19:40:00.36978+00;2025-12-14 22:15:20.486056+00;fixed;false
3c578261-759d-4604-8811-f1fc4cc16401;f317f870-e9fe-42ed-bf99-3e344e1e15cc;reg;Region;button_group;true;"[{""label"":""EU"",""price"":""0"",""priceType"":""fixed""},{""label"":""NA"",""price"":""0"",""priceType"":""fixed""}]";;;;0.00;1;2025-10-25 19:48:25.891561+00;2025-12-14 22:15:20.646067+00;fixed;false
bae1c79c-122d-4da4-a6fe-accff0eabe50;77db7c27-b639-4ae3-bb4d-d692ba2ade14;boost;Boost Mode;button_group;true;"[{""label"":""Selfplay"",""price"":""0"",""priceType"":""fixed""},{""label"":""Pilot"",""price"":""0"",""priceType"":""fixed""},{""label"":""Remote"",""price"":""0"",""priceType"":""fixed""}]";;;;0.00;0;2025-10-25 21:09:30.145655+00;2025-12-14 22:15:20.779324+00;fixed;false
e12cec0f-09ac-4e3d-8469-342e8b62d102;4b6a15b0-4764-431f-8372-6e9f180c4436;boost;Boost Mode;button_group;true;"[{""label"":""Pilot"",""price"":""0"",""priceType"":""fixed""},{""label"":""Selfplay"",""price"":""0"",""priceType"":""fixed""}]";;;;0.00;0;2025-10-26 23:27:34.718636+00;2025-11-10 16:13:52.255249+00;fixed;false
6ed6e9cc-790c-4a80-80a7-5cf035e331c8;61cfeece-3aa1-4b12-bcec-2104b362c403;reg;Region;button_group;false;"[{""label"":""EU"",""price"":""0"",""priceType"":""fixed""},{""label"":""NA"",""price"":""0"",""priceType"":""fixed""}]";;;;0.00;1;2025-10-25 21:20:44.862002+00;2025-12-14 22:15:20.917403+00;fixed;false
d85e943b-ed2f-4434-883b-1800278ed912;1f7c0235-c537-42b9-a396-c9ec9f7dfe56;boost;Boost Mode;button_group;true;"[{""label"":""Selfplay"",""price"":""0"",""priceType"":""fixed""},{""label"":""Pilot"",""price"":""0"",""priceType"":""fixed""},{""label"":""Remote"",""price"":""12.11"",""priceType"":""percentage""}]";;;;0.00;0;2025-10-25 21:36:20.984892+00;2025-12-14 22:15:21.051975+00;fixed;false
e739cd34-1d79-47e8-af23-450e9106d6e0;ad78315b-111b-4627-8d53-f8e3a28b4966;reg;Region;button_group;true;"[{""label"":""EU"",""price"":""0"",""priceType"":""fixed""},{""label"":""NA"",""price"":""0"",""priceType"":""fixed""}]";;;;0.00;1;2025-10-25 21:41:44.289679+00;2025-12-14 22:15:21.182874+00;fixed;false
366712c4-5000-4934-8789-e47120eb548c;3dbc4652-8386-4a3e-868b-a026f7f8c7aa;boost;Boost Mode;button_group;true;"[{""label"":""Selfplay"",""price"":""0"",""priceType"":""fixed""},{""label"":""Pilot"",""price"":""0"",""priceType"":""fixed""},{""label"":""Remote"",""price"":""12.11"",""priceType"":""percentage""}]";;;;0.00;0;2025-10-25 21:49:43.686304+00;2025-12-14 22:15:21.317019+00;fixed;false
04fb7f3a-331d-4443-b47e-1b4e22a3adaf;a3039778-e93f-4cad-9366-cf878a46bc02;regionsolo;Region;button_group;false;"[{""label"":""EU"",""price"":""0"",""priceType"":""fixed""},{""label"":""NA"",""price"":""0"",""priceType"":""fixed""}]";;;;0.00;1;2025-10-23 20:59:28.030443+00;2025-12-14 22:15:21.453325+00;fixed;true
aa26d199-7c9f-4220-953e-6d87bfd630d1;42262eee-c28b-47f8-b3f1-89671d364e90;addop;Additional Options;checkbox;false;"[{""label"":""Stream"",""price"":""8.322"",""priceType"":""fixed""}]";;;;0.00;2;2025-10-26 22:50:54.432105+00;2025-11-10 16:13:52.505538+00;fixed;false
15573ec8-45d5-4ce5-9b48-17c6db5eb934;42262eee-c28b-47f8-b3f1-89671d364e90;boost;Boost Mode;button_group;true;"[{""label"":""Pilot"",""price"":""0"",""priceType"":""fixed""},{""label"":""Remote"",""price"":""14.25"",""priceType"":""percentage""}]";;;;0.00;0;2025-10-26 22:41:47.860921+00;2025-11-10 16:13:52.646771+00;fixed;false
1a285820-83bc-4cbb-b57c-d90f36b5175f;e117e236-a2f2-4f4d-9a58-728c68477982;reg;Region;button_group;true;"[{""label"":""EU"",""price"":""0"",""priceType"":""fixed""},{""label"":""NA"",""price"":""0"",""priceType"":""fixed""}]";;;;0.00;1;2025-10-26 23:06:47.257845+00;2025-11-10 16:13:52.799068+00;fixed;false
137bf70d-dec4-4cac-a1d9-0dec61ddc965;7765aefc-5bc3-4e2b-870d-d3abf0e2c421;reg;Region;button_group;true;"[{""label"":""EU"",""price"":""0"",""priceType"":""fixed""},{""label"":""NA"",""price"":""0"",""priceType"":""fixed""}]";;;;0.00;1;2025-10-26 23:46:39.356717+00;2025-11-10 16:13:53.12134+00;fixed;false
1078efc6-cc06-4de0-9edc-134459e8c969;f1c0275f-b890-483d-ac91-ffb13009995d;boost;Boost Mode;button_group;true;"[{""label"":""Pilot"",""price"":""0"",""priceType"":""fixed""},{""label"":""Selfplay"",""price"":""0"",""priceType"":""fixed""}]";;;;0.00;0;2025-10-26 23:50:43.264198+00;2025-11-10 16:13:53.291436+00;fixed;false
61ab9ffe-70b6-4742-9a92-48480c214613;42fbdc9c-2eb3-4eb1-99bb-69fba01de791;reg;Region;button_group;true;"[{""label"":""EU"",""price"":""0"",""priceType"":""fixed""},{""label"":""NA"",""price"":""0"",""priceType"":""fixed""}]";;;;0.00;1;2025-10-26 23:56:05.406645+00;2025-11-10 16:13:53.462611+00;fixed;false
90c4e8ff-e1bf-4e7d-acee-ee1658eaaa3a;cc9067c9-acfc-4804-8156-454e7773aad1;reg;Region;button_group;true;"[{""label"":""EU"",""price"":""0"",""priceType"":""fixed""},{""label"":""NA"",""price"":""0"",""priceType"":""fixed""}]";;;;0.00;1;2025-10-27 00:53:47.97122+00;2025-11-10 16:13:53.927679+00;fixed;false
ee89a0fd-f635-4091-a76e-39d50919e343;75c497b8-0d82-4c70-bd15-1f8187dce92c;boost;Boost Mode;button_group;true;"[{""label"":""Pilot"",""price"":""0"",""priceType"":""fixed""},{""label"":""Remote"",""price"":""12.11"",""priceType"":""percentage""}]";;;;0.00;0;2025-10-25 18:53:56.194689+00;2025-12-14 22:15:19.453134+00;fixed;false
686078bd-506e-498e-ad2a-b1cac00e06ff;4c45788c-07fc-45e7-882b-a13d0604448a;reg;Region;button_group;true;"[{""label"":""EU"",""price"":""0"",""priceType"":""fixed""},{""label"":""NA"",""price"":""0"",""priceType"":""fixed""}]";;;;0.00;1;2025-10-25 15:47:44.541389+00;2025-12-14 22:15:19.601748+00;fixed;false
85d5d9b0-79d6-4a5e-8cb6-b0d1f4cc6af8;44ba9ead-093b-4d81-bf68-22b0becd5f02;detchaos;Delivery Details;text;false;;;;;0.00;1;2026-01-02 20:56:10.627373+00;2026-01-02 20:56:10.627373+00;fixed;false
f2e21066-688d-48b1-9a80-5143c09abecc;78dbfe04-41ff-4c00-a3c3-732c3bcaa4b6;reg;Region;button_group;true;"[{""label"":""EU"",""price"":""0"",""priceType"":""fixed""},{""label"":""NA"",""price"":""0"",""priceType"":""fixed""}]";;;;0.00;1;2025-10-26 23:30:39.848613+00;2026-01-09 07:15:35.656321+00;fixed;false
355d53e4-0678-48f6-92fe-d06bd3464250;e72c5fc9-9517-4d4b-9619-21ba776b08af;region;Region;button_group;false;"[{""label"":""EU"",""price"":""0"",""priceType"":""fixed""},{""label"":""NA"",""price"":""0"",""priceType"":""fixed""}]";;;;0.00;1;2026-01-22 23:37:43.803588+00;2026-01-22 23:37:43.803588+00;fixed;false
9c6a57b9-1b53-4399-abbe-693fb85435a3;34a0cb2e-dcf7-4e06-8eaf-5a12bbf1dedb;boosttwwrnwn;Boost Mode;button_group;true;"[{""label"":""Pilot"",""price"":""0"",""priceType"":""fixed""},{""label"":""Remote"",""price"":""12.11"",""priceType"":""percentage""}]";;;;0.00;0;2025-10-24 23:21:40.39724+00;2025-12-14 22:15:21.733302+00;fixed;true
48b8e90f-a2e9-46c9-b7ad-b02ec207b9a4;34a0cb2e-dcf7-4e06-8eaf-5a12bbf1dedb;slctfact;Renown;select;true;"[{""label"":""Council of Dornogal"",""price"":""0"",""priceType"":""fixed""},{""label"":""Assembly of the Deeps"",""price"":""0"",""priceType"":""fixed""},{""label"":""Hallowfall Arathi"",""price"":""0"",""priceType"":""fixed""},{""label"":""Severed Threads"",""price"":""0"",""priceType"":""fixed""}]";;;;0.00;1;2025-10-24 23:22:23.553768+00;2025-12-14 22:15:21.866082+00;fixed;true
09e437c6-4667-49f6-b5d5-4d26a63264bc;3cc781e9-227f-429c-966d-afef353e3ff0;reg;Region;button_group;true;"[{""label"":""EU"",""price"":""0"",""priceType"":""fixed""},{""label"":""NA"",""price"":""0"",""priceType"":""fixed""}]";;;;0.00;1;2025-10-25 15:40:08.755297+00;2025-12-14 22:15:21.996051+00;fixed;false
97f0be35-85c7-4831-9e60-5ec88719f45e;12250fc4-5bdc-4045-9374-d69b4fe8b6fa;reg;Region;button_group;true;"[{""label"":""EU"",""price"":""0"",""priceType"":""fixed""},{""label"":""NA"",""price"":""0"",""priceType"":""fixed""}]";;;;0.00;1;2025-10-26 22:46:08.179584+00;2025-11-10 16:13:54.26128+00;fixed;false
7aefe280-092d-4ad7-86a9-e97937d167cc;d0fe9403-122b-48c8-a9f5-56401cdc6a13;boost;Boost Mode;button_group;true;"[{""label"":""Selfplay"",""price"":""0"",""priceType"":""fixed""},{""label"":""Pilot"",""price"":""0"",""priceType"":""fixed""},{""label"":""Remote"",""price"":""12.11"",""priceType"":""percentage""}]";;;;0.00;0;2025-10-25 15:53:53.894092+00;2025-12-14 22:15:22.138365+00;fixed;false
6316cf07-49e5-4da0-8279-9252bb07fd51;e6400ff2-a75f-4faf-9e19-04ba53b08ef6;reg;Region;button_group;true;"[{""label"":""EU"",""price"":""0"",""priceType"":""fixed""},{""label"":""NA"",""price"":""0"",""priceType"":""fixed""}]";;;;0.00;1;2025-10-25 16:02:56.955489+00;2025-12-14 22:15:22.27949+00;fixed;false
9975062f-df9d-44a7-8439-8c3733218fd7;bfb44828-1ca0-4c07-bd47-25e46bb8b7a4;boost;Boost Mode;button_group;true;"[{""label"":""Selfplay"",""price"":""0"",""priceType"":""fixed""},{""label"":""Pilot"",""price"":""0"",""priceType"":""fixed""},{""label"":""Remote"",""price"":""0"",""priceType"":""fixed""}]";;;;0.00;0;2025-10-25 18:47:56.099208+00;2025-12-14 22:15:22.412531+00;fixed;false
4be37e12-699b-4125-9cef-88123c041889;75c497b8-0d82-4c70-bd15-1f8187dce92c;reg;Region;button_group;true;"[{""label"":""EU"",""price"":""0"",""priceType"":""fixed""},{""label"":""NA"",""price"":""0"",""priceType"":""fixed""}]";;;;0.00;1;2025-10-25 18:54:07.106326+00;2025-12-14 22:15:22.54777+00;fixed;false
69f01799-cebd-4dbc-9fac-3db26a7e48ec;fbe1a404-9afc-420a-940a-27018ff8a81b;boost;Boost Mode;button_group;true;"[{""label"":""Selfplay"",""price"":""0"",""priceType"":""fixed""},{""label"":""Pilot"",""price"":""0"",""priceType"":""fixed""},{""label"":""Remote"",""price"":""12.11"",""priceType"":""percentage""}]";;;;0.00;0;2025-10-25 19:33:24.073027+00;2025-12-14 22:15:22.664+00;fixed;false
aabb2627-733f-4a78-9720-a34542f3f248;d1c698be-cd9f-4d2f-8d3d-eefc13ce029b;reg;Region;button_group;true;"[{""label"":""EU"",""price"":""0"",""priceType"":""fixed""},{""label"":""NA"",""price"":""0"",""priceType"":""fixed""}]";;;;0.00;1;2025-10-25 19:40:16.575799+00;2025-12-14 22:15:22.791226+00;fixed;false
fe0b73b7-c736-4006-a363-e388bba1a593;c223e4f3-8b67-4a3a-a0a3-ad5eec5df727;boost;Boost Mode;button_group;true;"[{""label"":""Selfplay"",""price"":""0"",""priceType"":""fixed""},{""label"":""Pilot"",""price"":""0"",""priceType"":""fixed""},{""label"":""Remote"",""price"":""12.11"",""priceType"":""percentage""}]";;;;0.00;0;2025-10-25 19:53:06.060243+00;2025-12-14 22:15:22.9243+00;fixed;false
9282f1b8-fb3d-471a-9416-062ba6ab2485;77db7c27-b639-4ae3-bb4d-d692ba2ade14;boost;Boost Mode;button_group;true;"[{""label"":""Selfplay"",""price"":""0"",""priceType"":""fixed""},{""label"":""Pilot"",""price"":""0"",""priceType"":""fixed""},{""label"":""Remote"",""price"":""0"",""priceType"":""fixed""}]";;;;0.00;0;2025-10-25 21:09:30.170689+00;2025-12-14 22:15:23.063298+00;fixed;false
485551e0-4ff8-403a-8a89-2c073770c37a;993d585b-a87b-418d-aa98-1f428db8b790;boost;Boost Mode;button_group;true;"[{""label"":""Selfplay"",""price"":""0"",""priceType"":""fixed""},{""label"":""Pilot"",""price"":""0"",""priceType"":""fixed""},{""label"":""Remote"",""price"":""12.11"",""priceType"":""percentage""}]";;;;0.00;0;2025-10-25 21:25:37.686534+00;2025-12-14 22:15:23.196962+00;fixed;false
3716a848-ea83-4ac5-a8f3-a83d51bcc0e4;1f7c0235-c537-42b9-a396-c9ec9f7dfe56;reg;Region;button_group;true;"[{""label"":""EU"",""price"":""0"",""priceType"":""fixed""},{""label"":""NA"",""price"":""0"",""priceType"":""fixed""}]";;;;0.00;1;2025-10-25 21:36:30.833803+00;2025-12-14 22:15:23.336166+00;fixed;false
2f8beaf1-1e47-46f5-acfa-8f3506994f96;f2172cb6-95b5-4ef4-b763-ba6578b2be6b;boost;Boost Mode;button_group;true;"[{""label"":""Selfplay"",""price"":""0"",""priceType"":""fixed""},{""label"":""Pilot"",""price"":""0"",""priceType"":""fixed""},{""label"":""Remote"",""price"":""12.11"",""priceType"":""percentage""}]";;;;0.00;0;2025-10-25 21:43:43.905562+00;2025-12-14 22:15:23.467021+00;fixed;false
d1cf760c-c61c-493f-8a2d-f9e2d500773f;3dbc4652-8386-4a3e-868b-a026f7f8c7aa;reg;Region;button_group;true;"[{""label"":""EU"",""price"":""0"",""priceType"":""fixed""},{""label"":""NA"",""price"":""0"",""priceType"":""fixed""}]";;;;0.00;1;2025-10-25 21:49:57.276746+00;2025-12-14 22:15:23.592996+00;fixed;false
ca31bee5-aaa6-4a8f-aef2-3831b602c756;0108fd90-cc34-4c84-b491-68d3b6b8d064;boostbilgwtr;Boost Mode;button_group;true;"[{""label"":""PIlot"",""price"":""0"",""priceType"":""fixed""},{""label"":""Remote"",""price"":""12.11"",""priceType"":""percentage""}]";;;;0.00;0;2025-10-24 22:59:32.919321+00;2025-12-14 22:15:24.245215+00;fixed;true
5e533261-89f2-4449-a570-893087168535;ff4634b3-edf4-4d17-8207-d39816b323b2;boost;Boost Mode;button_group;true;"[{""label"":""Pilot"",""price"":""0"",""priceType"":""fixed""},{""label"":""Selfplay"",""price"":""19"",""priceType"":""percentage""}]";;;;0.00;0;2025-10-26 23:01:02.850638+00;2025-11-10 16:13:54.471394+00;fixed;false
ae73fbb3-9259-41bf-8e7c-df70cdee9786;0108fd90-cc34-4c84-b491-68d3b6b8d064;repbilgwtr;Reputation;checkbox;true;"[{""label"":""Friendly - Honored"",""price"":""12.79"",""priceType"":""fixed""},{""label"":""Honored - Revered"",""price"":""18.48"",""priceType"":""fixed""},{""label"":""Revered - Exalted"",""price"":""31.27"",""priceType"":""fixed""}]";;;;0.00;1;2025-10-24 23:00:51.983823+00;2025-12-14 22:15:21.589941+00;fixed;true
7f7544bd-092f-4a19-af62-dc4b4c8acce1;48d89ee1-07e4-4ae2-8c3c-eb0dbf2b3ee1;boost_method;Boost Method;button_group;false;"[{""label"":""Pilot"",""price"":""0"",""priceType"":""fixed""},{""label"":""Remote"",""price"":""30"",""priceType"":""percentage""}]";;;;0.00;0;2026-01-22 23:45:28.511707+00;2026-01-22 23:45:28.511707+00;fixed;false
915d7290-c4eb-4d77-bf70-02567ce88e68;d6ced534-2d2c-41ea-8eb8-a39a87d60e1e;region;Region;button_group;false;"[{""label"":""EU"",""price"":""0"",""priceType"":""fixed""},{""label"":""NA"",""price"":""0"",""priceType"":""fixed""}]";;;;0.00;1;2026-02-04 18:54:36.267061+00;2026-02-05 01:34:18.557597+00;fixed;false
583d1268-ae15-4ad0-a08e-8c29ef4d394a;2d25dab0-e5c4-4489-8eb0-efc31cbd8490;boost_method;Boost Method;button_group;false;"[{""label"":""Pilot"",""price"":""0"",""priceType"":""fixed""},{""label"":""Remote"",""price"":""30"",""priceType"":""percentage""}]";;;;0.00;0;2026-02-12 22:27:18.995209+00;2026-02-12 22:27:18.995209+00;fixed;false
33b6de44-91bb-48d5-af87-97394d187f86;3fa58f81-b312-4eaf-a9fd-902ef547868d;region;Region;button_group;false;"[{""label"":""EU"",""price"":""0"",""priceType"":""fixed""},{""label"":""NA"",""price"":""0"",""priceType"":""fixed""}]";;;;0.00;1;2025-10-22 17:27:55.107272+00;2026-01-30 10:04:41.729811+00;fixed;true
6d4df86e-3b3d-487d-a13e-7009c58e2b5f;23bfe3e6-0b18-4066-b995-66f72cbe620c;boost_method;Boost Method;button_group;false;"[{""label"":""Pilot"",""price"":""0"",""priceType"":""fixed""},{""label"":""Remote"",""price"":""30"",""priceType"":""percentage""}]";;;;0.00;0;2026-02-12 22:33:05.386729+00;2026-02-12 22:33:05.386729+00;fixed;false
3eb350a0-74fe-4ee7-af36-ab390fdc6523;aba8d745-7aaa-415e-a0b3-58fdb08b2c81;regionmythic;Region;button_group;false;"[{""label"":""EU"",""price"":""0"",""priceType"":""fixed""},{""label"":""NA"",""price"":""40"",""priceType"":""percentage""}]";;;;0.00;1;2025-10-22 13:14:52.651778+00;2026-01-30 17:25:24.773785+00;fixed;true
51e5383a-81e6-4bb4-8205-15385c1b1869;4986b14a-139a-469a-b851-8a625643cb94;extrag;Extra options;checkbox;false;"[{""label"":""Full Honor Gear 710 ilvl"",""price"":""24.23"",""priceType"":""fixed""},{""label"":""Full Conquest Gear 723 ilvl"",""price"":""79.94"",""priceType"":""fixed""}]";;;;0.00;2;2025-10-23 15:32:58.259416+00;2025-12-14 22:15:25.290359+00;percentage;true
8c70733e-b3d5-4d4a-9fd3-c69fc3a73c3d;ce498e92-cf8d-4029-915a-12b05073e14c;boostm;Boost Method;button_group;false;"[{""label"":""Selfplay"",""price"":""0"",""priceType"":""percentage""},{""label"":""Pilot"",""price"":""0"",""priceType"":""percentage""},{""label"":""Remote"",""price"":""10.19"",""priceType"":""percentage""}]";;;;0.00;0;2025-10-21 20:48:01.151384+00;2025-12-14 22:15:26.103679+00;fixed;true
524c1c22-d713-4442-8849-e0a0ce4145f6;ce498e92-cf8d-4029-915a-12b05073e14c;lootopt;Armor and Tier Loot;select;false;"[{""label"":""Choose option"",""price"":""0"",""priceType"":""fixed""},{""label"":""10 Unsaved Players"",""price"":""46.71"",""priceType"":""fixed""},{""label"":""20 Unsaved Players"",""price"":""86.62"",""priceType"":""fixed""},{""label"":""26 Unsaved Players"",""price"":""101.06"",""priceType"":""fixed""}]";;;;0.00;2;2025-10-21 20:51:34.205687+00;2025-12-14 22:15:26.220126+00;fixed;true
02883203-de9f-4710-bc49-f94856ad78e7;48d89ee1-07e4-4ae2-8c3c-eb0dbf2b3ee1;region;Region;button_group;false;"[{""label"":""EU"",""price"":""0"",""priceType"":""fixed""},{""label"":""NA"",""price"":""0"",""priceType"":""fixed""}]";;;;0.00;1;2026-01-22 23:45:42.671909+00;2026-01-22 23:45:42.671909+00;fixed;false
0cb12d1e-6ef5-4a14-b538-c81b1265f35e;aba8d745-7aaa-415e-a0b3-58fdb08b2c81;mythicbm;Boost Method;button_group;false;"[{""label"":""Selfplay"",""price"":""0"",""priceType"":""fixed""},{""label"":""Pilot"",""price"":""0"",""priceType"":""fixed""},{""label"":""Remote"",""price"":""5.69"",""priceType"":""percentage""}]";;;;0.00;0;2025-10-22 13:14:25.917069+00;2026-01-26 22:37:37.273285+00;fixed;false
83519bc2-92e5-4c79-b95e-3387572d3224;f8768457-209c-490d-9fcf-82041dc85e16;gladbm;Boost Method;button_group;false;"[{""label"":""Selfplay"",""price"":""24.23"",""priceType"":""percentage""},{""label"":""Pilot"",""price"":""0"",""priceType"":""fixed""},{""label"":""Remote"",""price"":""24.23"",""priceType"":""percentage""}]";;;;0.00;0;2025-10-23 15:25:12.955823+00;2025-12-14 22:15:26.467481+00;fixed;true
0fb4f2f6-cf8c-4dd6-b94a-543559481d45;f8768457-209c-490d-9fcf-82041dc85e16;gladconq;Extra options;checkbox;false;"[{""label"":""Conquest 723 ilvl Gear"",""price"":""79.94"",""priceType"":""fixed""}]";;;;0.00;2;2025-10-23 15:26:26.187943+00;2025-12-14 22:15:26.863706+00;fixed;true
f7777a75-1b44-4e9e-aab9-77db41c9e066;1c973700-9f33-40fc-ace2-c42dcc6d9c5f;flmrarnwn;Boost Mode;button_group;true;"[{""label"":""Pilot"",""price"":""0"",""priceType"":""fixed""},{""label"":""Remote"",""price"":""12.11"",""priceType"":""percentage""}]";;;;0.00;0;2025-10-24 19:17:12.351944+00;2025-12-14 22:15:27.011204+00;fixed;true
3d89eb2c-017e-44b2-badb-628d9869cd0f;a31f68cf-6d36-4827-8208-cbcf4053633b;crtlrnwn;Boost Mode;button_group;true;"[{""label"":""Pilot"",""price"":""0"",""priceType"":""fixed""},{""label"":""Remote"",""price"":""12.11"",""priceType"":""percentage""}]";;;;0.00;0;2025-10-24 19:27:18.381065+00;2025-12-14 22:15:27.145275+00;fixed;true
8b44de59-5362-4f8c-b4fb-60b05a27e583;6d29c6ea-7b39-4c91-960d-6aba4493dd2f;bmarena;Boost Method;button_group;false;"[{""label"":""Selfplay"",""price"":""16.15"",""priceType"":""percentage""},{""label"":""Pilot"",""price"":""0"",""priceType"":""fixed""},{""label"":""Remote"",""price"":""20"",""priceType"":""percentage""}]";;;;0.00;0;2025-10-23 20:09:54.672589+00;2026-01-03 08:04:41.621728+00;fixed;true
ab2f8f38-f848-4a1c-b7e8-534bf3e96004;6d29c6ea-7b39-4c91-960d-6aba4493dd2f;regionarean;Region;button_group;false;"[{""label"":""EU"",""price"":""0"",""priceType"":""fixed""},{""label"":""NA"",""price"":""12.11"",""priceType"":""percentage""}]";;;;0.00;1;2025-10-23 20:11:28.534047+00;2025-12-14 22:15:27.406461+00;fixed;true
95c309eb-ab83-41e8-85b8-15bcf6186c2b;a3039778-e93f-4cad-9366-cf878a46bc02;extraoopt;Extra options;checkbox;false;"[{""label"":""I need Honor Gear"",""price"":""24.23"",""priceType"":""fixed""},{""label"":""I need Conquest Gear"",""price"":""79.94"",""priceType"":""fixed""}]";;;;0.00;2;2025-10-23 21:00:19.893617+00;2025-12-14 22:15:27.527257+00;fixed;true
21066faf-e1d1-41de-b852-eded4e939de9;921bee15-be57-4fad-bb9d-e98ae9c98f06;bmpwl2;Boost Mode;button_group;true;"[{""label"":""Pilot"",""price"":""0"",""priceType"":""fixed""},{""label"":""Selfplay"",""price"":""0"",""priceType"":""fixed""},{""label"":""Remote"",""price"":""12.11"",""priceType"":""percentage""}]";;;;0.00;0;2025-10-21 13:42:08.317139+00;2025-12-14 22:15:27.642008+00;percentage;true
136d2be9-ba11-4a0b-84d2-879056fdc803;4986b14a-139a-469a-b851-8a625643cb94;regiongear;Region;button_group;false;"[{""label"":""EU"",""price"":""0"",""priceType"":""fixed""},{""label"":""NA"",""price"":""0"",""priceType"":""fixed""}]";;;;0.00;1;2025-10-23 15:32:00.707009+00;2025-12-14 22:15:27.76332+00;percentage;true
28ed5816-f9cd-45a8-8cd6-c83da5900b5a;4986b14a-139a-469a-b851-8a625643cb94;pvpboostm;Boost Method;button_group;false;"[{""label"":""Selfplay"",""price"":""16.15"",""priceType"":""percentage""},{""label"":""Pilot"",""price"":""0"",""priceType"":""fixed""},{""label"":""Remote"",""price"":""16.15"",""priceType"":""percentage""}]";;;;0.00;0;2025-10-23 15:31:05.772891+00;2025-12-14 22:15:27.934621+00;percentage;true
9f15a624-3eec-4dd6-844f-0150bf4cdc3b;a3039778-e93f-4cad-9366-cf878a46bc02;bmsolo;Boost Method;button_group;false;"[{""label"":""Piloted"",""price"":""0"",""priceType"":""percentage""},{""label"":""Remote"",""price"":""16.15"",""priceType"":""percentage""}]";;;;0.00;0;2025-10-23 20:59:05.88943+00;2025-12-14 22:15:28.050572+00;percentage;true
0d9c6ed3-2fdf-4519-a4fd-f5e847daa9f2;6ae126e0-e2c7-480c-a6b1-e69f2c7dfd44;mnfrnwn;Boost Mode;button_group;true;"[{""label"":""Pilot"",""price"":""0"",""priceType"":""fixed""},{""label"":""Remote"",""price"":""12.11"",""priceType"":""percentage""}]";;;;0.00;0;2025-10-24 19:05:44.712105+00;2025-12-14 22:15:28.179735+00;fixed;true
2b556070-e252-4579-a762-ad76dd40f90b;fb38d668-cd15-4167-a29e-19efdb658936;kshrnw;Boost Mode;button_group;true;"[{""label"":""Pilot"",""price"":""0"",""priceType"":""fixed""},{""label"":""Remote"",""price"":""12.11"",""priceType"":""percentage""}]";;;;0.00;0;2025-10-24 18:21:42.186191+00;2025-12-14 22:15:28.31861+00;fixed;true
eb22255b-769f-4f40-a6c7-9a147c557126;1b411836-2748-44fb-af65-c8600385b4c5;regdiem;Region;button_group;false;"[{""label"":""EU"",""price"":""0"",""priceType"":""fixed""},{""label"":""NA"",""price"":"""",""priceType"":""percentage""}]";;;;0.00;1;2025-10-23 13:39:24.593414+00;2026-02-03 17:03:34.144721+00;fixed;true
e61cde87-c0b9-41b0-b964-2cf84cc3d92a;2c37f571-1b2f-4a82-97fd-2d28318f3519;gllglrnwn;Boost Mode;button_group;true;"[{""label"":""Pilot"",""price"":""0"",""priceType"":""fixed""},{""label"":""Remote"",""price"":""12.11"",""priceType"":""percentage""}]";;;;0.00;0;2025-10-24 21:31:10.221052+00;2025-12-14 22:15:28.458628+00;fixed;true
a4cf76d5-b510-4d44-8016-c45902e14418;2d246a3b-4d8e-4789-92d6-384d15904dec;drkfsrnwn;Boost Mode;button_group;true;"[{""label"":""Pilot"",""price"":""0"",""priceType"":""fixed""},{""label"":""Remote"",""price"":""12.11"",""priceType"":""percentage""}]";;;;0.00;1;2025-10-24 21:47:28.121815+00;2025-12-14 22:15:28.576304+00;fixed;true
5026f6d1-879a-412f-a8ab-ff4f75e0426d;dbe52b9e-9820-4068-8c15-1a0bf89b01c3;boostblckwtr;Boost Mode;button_group;true;"[{""label"":""Pilot"",""price"":""0"",""priceType"":""fixed""},{""label"":""Remote"",""price"":""12.11"",""priceType"":""percentage""}]";;;;0.00;0;2025-10-24 22:26:41.195621+00;2025-12-14 22:15:28.740055+00;fixed;true
94f05837-65e2-4f54-ac96-896a73c2ff04;ee6875e6-de41-425c-b899-8b19ba9019b6;coornwn;Boost Mode;button_group;true;"[{""label"":""Pilot"",""price"":""0"",""priceType"":""fixed""},{""label"":""Remote"",""price"":""12.1"",""priceType"":""percentage""}]";;;;0.00;1;2025-10-24 22:05:47.123201+00;2025-12-14 22:15:28.863784+00;fixed;true
ea1f411a-86fb-4cc9-93e2-0b59eac6475e;ee6875e6-de41-425c-b899-8b19ba9019b6;repcoop;Reputation;checkbox;true;"[{""label"":""Friendly - Honored"",""price"":""12.79"",""priceType"":""fixed""},{""label"":""Honored - Revered"",""price"":""18.48"",""priceType"":""fixed""},{""label"":""Revered - Exalted"",""price"":""31.23"",""priceType"":""fixed""}]";;;;0.00;2;2025-10-24 22:15:13.029941+00;2025-12-14 22:15:28.984561+00;fixed;true
09c0081a-ca1a-4bdb-bbed-82e190ccc4dd;2d246a3b-4d8e-4789-92d6-384d15904dec;repdrk;Reputation;checkbox;true;"[{""label"":""Neutral - Friendly"",""price"":""7.11"",""priceType"":""fixed""},{""label"":""Friendly - Honored"",""price"":""13.4"",""priceType"":""fixed""},{""label"":""Honored - Revered"",""price"":""28.42"",""priceType"":""fixed""},{""label"":""Revered - Exalted"",""price"":""49.74"",""priceType"":""fixed""}]";;;;0.00;1;2025-10-24 22:22:36.03836+00;2025-12-14 22:15:29.119971+00;fixed;true
5df577cc-8d2f-43df-9598-8ebc944e5b39;1b411836-2748-44fb-af65-c8600385b4c5;extdimen;Extra options;checkbox;false;"[{""label"":""Add Nexus-King Saladahaar Mythic"",""price"":""67.89"",""priceType"":""fixed""}]";;;;0.00;2;2025-10-23 13:49:23.48465+00;2025-12-14 22:15:29.249953+00;fixed;true
ddff3f34-591b-4086-85e5-82cafea153a6;f8768457-209c-490d-9fcf-82041dc85e16;gladreg;Region;button_group;false;"[{""label"":""EU"",""price"":""0"",""priceType"":""fixed""},{""label"":""NA"",""price"":""16.15"",""priceType"":""percentage""}]";;;;0.00;1;2025-10-23 15:25:34.944239+00;2025-12-14 22:15:26.71801+00;fixed;true
3de2ed3a-40a4-4c97-bd3f-76c19a7fc6e3;38c4e42e-ec62-4e02-8392-4eee304a48ab;boost-method;Boost Method;button_group;false;"[{""label"":""Pilot"",""price"":0,""priceType"":""fixed"",""value"":""pilot""},{""label"":""Selfplay"",""price"":30,""priceType"":""percentage"",""value"":""selfplay""}]";;;;0.00;0;2026-01-27 15:50:59.51201+00;2026-01-27 15:50:59.51201+00;fixed;false
0758215a-e2cd-40a8-b167-4859f4556c60;83cbdbaa-3c65-4cb7-8ad9-4c9c4c15564f;stemwhldrep;Reputation;checkbox;true;"[{""label"":""Friendly - Honored"",""price"":""12.79"",""priceType"":""fixed""},{""label"":""Honored - Revered"",""price"":""18.48"",""priceType"":""fixed""},{""label"":""Revered - Exalted"",""price"":""31.27"",""priceType"":""fixed""}]";;;;0.00;1;2025-10-24 22:47:08.305983+00;2025-12-14 22:15:29.502802+00;fixed;true
b3c20c71-e841-45d8-8865-52522445eda4;78464851-2cf0-4ef6-8eda-1b921b2663ed;cncilrnwn;Boost Mode;button_group;true;"[{""label"":""Pilot"",""price"":""0"",""priceType"":""fixed""},{""label"":""Remote"",""price"":""12.11"",""priceType"":""percentage""}]";;;;0.00;0;2025-10-24 23:56:53.282116+00;2025-12-14 22:15:29.630338+00;fixed;true
858ec62d-9f6f-4d39-8bcb-ce113b8b84d2;2ccf1b2a-42fa-468b-904f-d2246fc99a24;assmdprnwn;Boost Mode;button_group;true;"[{""label"":""Pilot"",""price"":""0"",""priceType"":""fixed""},{""label"":""Remote"",""price"":""12.11"",""priceType"":""percentage""}]";;;;0.00;0;2025-10-24 23:41:32.635844+00;2025-12-14 22:15:29.755731+00;fixed;true
9903ead5-638d-48f4-91b3-3cd082afff36;d2a23228-16f7-48cf-b7d2-d9263cebd655;hllfalrnwn;Boost Mode;button_group;true;"[{""label"":""Pilot"",""price"":""0"",""priceType"":""fixed""},{""label"":""Remote"",""price"":""12.11"",""priceType"":""percentage""}]";;;;0.00;0;2025-10-25 00:08:27.09796+00;2025-12-14 22:15:29.873935+00;fixed;true
da5d2120-120c-45b9-94e2-0054fa5c39b6;a89421be-41f3-4e6e-bdd8-d69885fa9cdc;covnrnwn;Boost Mode;button_group;true;"[{""label"":""Pilot"",""price"":""0"",""priceType"":""fixed""},{""label"":""Remote"",""price"":""12.11"",""priceType"":""percentage""}]";;;;0.00;0;2025-10-25 01:54:16.605598+00;2025-12-14 22:15:29.993383+00;fixed;true
d3a0de10-1e9b-4e81-9b51-ccbb417797eb;a89421be-41f3-4e6e-bdd8-d69885fa9cdc;covntrnwn;Covenant;select;true;"[{""label"":""Kyrian"",""price"":""0"",""priceType"":""fixed""},{""label"":""Necrolords"",""price"":""0"",""priceType"":""fixed""},{""label"":""Night Fae"",""price"":""0"",""priceType"":""fixed""},{""label"":""Venthyr"",""price"":""0"",""priceType"":""fixed""}]";;;;0.00;1;2025-10-25 01:56:27.588996+00;2025-12-14 22:15:30.111424+00;fixed;true
55a94c22-bba3-4a21-97c8-548a75ac6912;8f46392e-f611-4b2c-bda2-41fce49f06e5;gloryach;Boost Mode;button_group;true;"[{""label"":""Selfplay"",""price"":""0"",""priceType"":""fixed""},{""label"":""Pilot"",""price"":""0"",""priceType"":""fixed""},{""label"":""Remote"",""price"":""12.11"",""priceType"":""percentage""}]";;;;0.00;0;2025-10-25 02:09:53.625813+00;2025-12-14 22:15:30.236004+00;fixed;true
b5b71a7f-3450-47e4-97cf-2f096dfc9597;8f46392e-f611-4b2c-bda2-41fce49f06e5;gloryreg;Region;button_group;true;"[{""label"":""EU"",""price"":""0"",""priceType"":""fixed""},{""label"":""NA"",""price"":""0"",""priceType"":""fixed""}]";;;;0.00;1;2025-10-25 02:12:31.802782+00;2025-12-14 22:15:30.363965+00;fixed;true
c5896014-6791-4fff-9c5b-9f53671cfbe4;622db83c-6793-4075-8b3a-b1d9a68fcd9b;gloryboost;Boost Mode;button_group;true;"[{""label"":""Selfplay"",""price"":""0"",""priceType"":""fixed""},{""label"":""Pilot"",""price"":""0"",""priceType"":""fixed""},{""label"":""Remote"",""price"":""12.11"",""priceType"":""percentage""}]";;;;0.00;0;2025-10-25 02:25:41.604906+00;2025-12-14 22:15:30.48055+00;fixed;true
91a31232-8234-4474-a7c0-d66b9219e480;622db83c-6793-4075-8b3a-b1d9a68fcd9b;gloryreg;Region;button_group;true;"[{""label"":""EU"",""price"":""0"",""priceType"":""fixed""},{""label"":""NA"",""price"":""0"",""priceType"":""fixed""}]";;;;0.00;1;2025-10-25 02:26:00.278943+00;2025-12-14 22:15:30.608905+00;fixed;true
6d035117-ef14-49df-be8c-c59c11f752cc;33596845-629a-47aa-b638-a5c522783716;boostnerub;Boost Mode;button_group;true;"[{""label"":""Selfplay"",""price"":""0"",""priceType"":""fixed""},{""label"":""Pilot"",""price"":""0"",""priceType"":""fixed""},{""label"":""Remote"",""price"":""12.11"",""priceType"":""percentage""}]";;;;0.00;0;2025-10-25 02:30:34.172658+00;2025-12-14 22:15:30.736684+00;fixed;true
3537d8c7-1d5d-41ed-a633-5f3d6cfb2fbb;33596845-629a-47aa-b638-a5c522783716;regnerub;Region;button_group;true;"[{""label"":""EU"",""price"":""0"",""priceType"":""fixed""},{""label"":""NA"",""price"":""0"",""priceType"":""fixed""}]";;;;0.00;1;2025-10-25 02:30:48.815169+00;2025-12-14 22:15:30.886931+00;fixed;true
c9ec4c93-5b6e-484f-874e-5d7f9f1d5aca;702edf9d-c8fe-4466-9bb8-b91313a09202;reg;Region;button_group;true;"[{""label"":""EU"",""price"":""0"",""priceType"":""fixed""},{""label"":""NA"",""price"":""0"",""priceType"":""fixed""}]";;;;0.00;1;2025-10-25 15:30:23.589176+00;2025-12-14 22:15:31.042137+00;fixed;false
575ac0bd-e310-43bf-8a0a-3b723625c2f2;28e7cc58-0b6d-474e-9d8f-e115d537fe32;boost;Boost Mode;button_group;true;"[{""label"":""Selfplay"",""price"":""0"",""priceType"":""fixed""},{""label"":""Pilot"",""price"":""0"",""priceType"":""fixed""},{""label"":""Remote"",""price"":""12.11"",""priceType"":""percentage""}]";;;;0.00;0;2025-10-25 15:43:02.038115+00;2025-12-14 22:15:31.177528+00;fixed;false
53a949e1-d91e-4ad0-9360-13b0232ffbfc;d0fe9403-122b-48c8-a9f5-56401cdc6a13;reg;Region;button_group;true;"[{""label"":""EU"",""price"":""0"",""priceType"":""fixed""},{""label"":""NA"",""price"":""0"",""priceType"":""fixed""}]";;;;0.00;1;2025-10-25 15:54:12.791668+00;2025-12-14 22:15:31.299072+00;fixed;false
6e8b8c4b-d9c6-4872-be0d-7c567293db8d;4961a6d8-0209-4877-89e3-af0c3ea458a2;boost;Boost Mode;button_group;true;"[{""label"":""Pilot"",""price"":""0"",""priceType"":""fixed""},{""label"":""Remote"",""price"":""0"",""priceType"":""fixed""}]";;;;0.00;0;2025-10-25 16:08:28.235626+00;2025-12-14 22:15:31.416986+00;fixed;false
b12d5e69-ec06-4d09-8ed1-9aa7f1087fd5;bfb44828-1ca0-4c07-bd47-25e46bb8b7a4;reg;Region;button_group;true;"[{""label"":""EU"",""price"":""0"",""priceType"":""fixed""},{""label"":""NA"",""price"":""0"",""priceType"":""fixed""}]";;;;0.00;1;2025-10-25 18:48:13.27608+00;2025-12-14 22:15:31.535586+00;fixed;false
3656cb5d-344e-4703-a95b-dc60d5a0651a;8f4a2bb2-754a-4d09-8f86-8c298b786abf;Boost;Boost Mode;button_group;true;"[{""label"":""Selfplay"",""price"":""0"",""priceType"":""fixed""},{""label"":""Pilot"",""price"":""0"",""priceType"":""fixed""},{""label"":""Remote"",""price"":""12.11"",""priceType"":""percentage""}]";;;;0.00;0;2025-10-25 19:01:01.880359+00;2025-12-14 22:15:31.690528+00;fixed;false
d7b0f02c-bc6b-43fb-9f3d-829c985897b7;fbe1a404-9afc-420a-940a-27018ff8a81b;reg;Region;button_group;true;"[{""label"":""EU"",""price"":""0"",""priceType"":""fixed""},{""label"":""NA"",""price"":""0"",""priceType"":""fixed""}]";;;;0.00;1;2025-10-25 19:33:46.703107+00;2025-12-14 22:15:31.824512+00;fixed;false
72d178db-6324-495c-ab41-afc636ca0f9d;3745c202-29ea-4327-98a6-090be7fa1ae1;boost;Boost Mode;button_group;true;"[{""label"":""Selfplay"",""price"":""0"",""priceType"":""fixed""},{""label"":""Pilot"",""price"":""0"",""priceType"":""fixed""},{""label"":""Remote"",""price"":""12.11"",""priceType"":""percentage""}]";;;;0.00;0;2025-10-25 19:42:33.240857+00;2025-12-14 22:15:31.94928+00;fixed;false
324413c4-b6a5-4637-944f-4b4d11bcbded;c223e4f3-8b67-4a3a-a0a3-ad5eec5df727;reg;Region;button_group;true;"[{""label"":""EU"",""price"":""0"",""priceType"":""fixed""},{""label"":""NA"",""price"":""0"",""priceType"":""fixed""}]";;;;0.00;1;2025-10-25 19:53:19.628813+00;2025-12-14 22:15:32.343061+00;fixed;false
ef238ff9-2614-4076-8f37-4e3fc3c8d3dc;2ef5bde2-77cb-4541-9895-3290a352ca35;boost;Boost Mode;button_group;true;"[{""label"":""Selfplay"",""price"":""0"",""priceType"":""fixed""},{""label"":""Pilot"",""price"":""0"",""priceType"":""fixed""},{""label"":""Remote"",""price"":""12.11"",""priceType"":""percentage""}]";;;;0.00;0;2025-10-25 21:13:38.650191+00;2025-12-14 22:15:32.481253+00;fixed;false
9d277c47-0018-40c4-88ce-b59c8b7f9d05;993d585b-a87b-418d-aa98-1f428db8b790;reg;Region;button_group;true;"[{""label"":""EU"",""price"":""0"",""priceType"":""fixed""},{""label"":""NA"",""price"":""0"",""priceType"":""fixed""}]";;;;0.00;1;2025-10-25 21:25:49.70874+00;2025-12-14 22:15:32.620909+00;fixed;false
9cc8ba83-04de-423a-8747-a68403049a79;c0ed037d-e048-4efc-943d-26d63d8b8bc4;boost;Boost Mode;button_group;true;"[{""label"":""Selfplay"",""price"":""0"",""priceType"":""fixed""},{""label"":""Pilot"",""price"":""0"",""priceType"":""fixed""},{""label"":""Remote"",""price"":""12.11"",""priceType"":""percentage""}]";;;;0.00;0;2025-10-25 21:38:33.716695+00;2025-12-14 22:15:32.755476+00;fixed;false
fe578393-f879-49d8-9f49-0f5a67f1b1dd;f2172cb6-95b5-4ef4-b763-ba6578b2be6b;reg;Region;button_group;true;"[{""label"":""EU"",""price"":""0"",""priceType"":""fixed""},{""label"":""NA"",""price"":""0"",""priceType"":""fixed""}]";;;;0.00;1;2025-10-25 21:43:54.945384+00;2025-12-14 22:15:32.874224+00;fixed;false
1d167bb1-0ff1-408a-8f35-2ab80320224a;83cbdbaa-3c65-4cb7-8ad9-4c9c4c15564f;stmwhld;Boost Mode;button_group;true;"[{""label"":""Pilot"",""price"":""0"",""priceType"":""fixed""},{""label"":""Remote"",""price"":""12.11"",""priceType"":""percentage""}]";;;;0.00;0;2025-10-24 22:43:36.499936+00;2025-12-14 22:15:29.378045+00;fixed;true
fafa68e2-d1f0-4765-9f64-66ba364b7e15;0fbda896-84fd-448d-920f-d9d8765d81ac;boost-method;Boost Method;button_group;false;"[{""label"":""Pilot"",""price"":0,""priceType"":""fixed"",""value"":""pilot""},{""label"":""Selfplay"",""price"":30,""priceType"":""percentage"",""value"":""selfplay""}]";;;;0.00;0;2026-01-27 15:50:59.51201+00;2026-01-27 15:50:59.51201+00;fixed;false
58506035-3e3e-4a9d-a2b4-a0ba825a87cc;652def7d-bd4e-45a5-b462-8dcf0f0f2d62;boost;Boost Mode;button_group;true;"[{""label"":""Pilot"",""price"":""0"",""priceType"":""fixed""},{""label"":""Remote"",""price"":""15"",""priceType"":""percentage""}]";;;;0.00;0;2025-10-27 01:20:06.175131+00;2025-10-27 01:20:06.175131+00;fixed;false
4847b1f7-58fc-43f4-ba5d-af9fa1181d5c;652def7d-bd4e-45a5-b462-8dcf0f0f2d62;reg;Region;button_group;true;"[{""label"":""EU"",""price"":""0"",""priceType"":""fixed""},{""label"":""NA"",""price"":""0"",""priceType"":""fixed""}]";;;;0.00;1;2025-10-27 01:20:17.744412+00;2025-10-27 01:20:17.744412+00;fixed;false
91318bf0-1883-43ae-875a-3983966e8ea5;16e87875-03f2-4eee-ad7f-64f14d5dfe3f;reg;Region;button_group;true;"[{""label"":""EU"",""price"":""0"",""priceType"":""fixed""},{""label"":""NA"",""price"":""0"",""priceType"":""fixed""}]";;;;0.00;1;2025-10-27 02:24:28.466572+00;2025-11-10 16:13:56.195425+00;fixed;false
c7008494-185d-4dbd-b662-d4b2f4fb453f;f83fb8e8-0684-4d56-ad7b-66279b202d92;boost-method;Boost Method;button_group;false;"[{""label"":""Pilot"",""price"":0,""priceType"":""fixed"",""value"":""pilot""},{""label"":""Selfplay"",""price"":30,""priceType"":""percentage"",""value"":""selfplay""}]";;;;0.00;0;2026-01-27 15:50:59.51201+00;2026-01-27 15:50:59.51201+00;fixed;false
7694668e-436c-4963-b462-4f169568315a;7da3a215-5750-4a28-b39d-c2cb9cfa5348;boost;Boost Mode;button_group;true;"[{""label"":""Pilot"",""price"":""0"",""priceType"":""fixed""},{""label"":""Remote"",""price"":""28.5"",""priceType"":""percentage""}]";;;;0.00;0;2025-10-27 02:37:19.602473+00;2025-11-10 16:13:57.134248+00;fixed;false
5a6a0098-c9f9-4ef7-baf1-c539b56d65d3;6dd85e1e-0369-42fa-8a58-8a187b89f470;region;Region;button_group;false;"[{""label"":""EU"",""price"":""0"",""priceType"":""fixed""},{""label"":""NA"",""price"":""0"",""priceType"":""fixed""}]";;;;0.00;0;2026-01-29 21:56:49.5319+00;2026-02-05 01:34:18.777808+00;fixed;false
997e5bee-d047-4e1e-bcc2-5ef33998fb14;625d437c-a421-427d-95fd-d016707b6f1a;boost;Boost Mode;button_group;true;"[{""label"":""Pilot"",""price"":""0"",""priceType"":""fixed""},{""label"":""Remote"",""price"":""14.25"",""priceType"":""percentage""}]";;;;0.00;0;2025-10-27 01:03:06.758146+00;2026-02-11 21:58:54.360726+00;fixed;false
db4035ad-0dc3-42e7-b347-a02064a358db;8e2499c1-bd4a-449d-bd9b-e16a3c26af02;specchoice;Specialization;text;false;;Type your specialization;;;0.00;2;2025-10-28 19:32:30.383005+00;2025-10-28 19:34:31.445752+00;fixed;false
3d2cc87e-5560-4205-a78f-aeeeea94945e;625d437c-a421-427d-95fd-d016707b6f1a;reg;Region;button_group;true;"[{""label"":""EU"",""price"":""0"",""priceType"":""fixed""},{""label"":""NA"",""price"":""0"",""priceType"":""fixed""}]";;;;0.00;1;2025-10-27 01:03:19.026947+00;2026-02-11 21:58:54.582688+00;fixed;false
497b075f-f8a4-4f4a-9d9c-815275d325d6;839d5181-03fd-455d-9822-7532ff7d23ab;boost;Boost Mode;button_group;true;"[{""label"":""Pilot"",""price"":""0"",""priceType"":""fixed""},{""label"":""Remote"",""price"":""14.25"",""priceType"":""percentage""}]";;;;0.00;0;2025-10-27 01:08:25.357499+00;2026-02-11 21:58:54.758318+00;fixed;false
8213dcb8-2479-467d-9abc-1058b88583d2;839d5181-03fd-455d-9822-7532ff7d23ab;reg;Region;button_group;true;"[{""label"":""EU"",""price"":""0"",""priceType"":""fixed""},{""label"":""NA"",""price"":""0"",""priceType"":""fixed""}]";;;;0.00;1;2025-10-27 01:08:34.564429+00;2026-02-11 21:58:54.926654+00;fixed;false
e18d66f5-afef-4ffc-932e-b7800e76babf;839d5181-03fd-455d-9822-7532ff7d23ab;selecrep;Select Desired Reputation Level;checkbox;true;"[{""label"":""Neutral - Friendly"",""price"":""6.27"",""priceType"":""fixed""},{""label"":""Friendly - Honored"",""price"":""10.03"",""priceType"":""fixed""},{""label"":""Honored - Revered"",""price"":""17.56"",""priceType"":""fixed""},{""label"":""Revered - Exalted"",""price"":""42.32"",""priceType"":""fixed""}]";;;;0.00;2;2025-10-27 01:09:43.566588+00;2026-02-11 21:58:55.116133+00;fixed;false
a42ce624-85b6-4ab0-b833-1203c7e38648;acb59079-8fbb-4295-ba41-077cdfbbe4ce;boost_method;Boost Method;button_group;false;"[{""label"":""Pilot"",""price"":""0"",""priceType"":""fixed""},{""label"":""Remote"",""price"":""30"",""priceType"":""percentage""}]";;;;0.00;0;2026-02-12 22:30:33.332571+00;2026-02-12 22:30:33.332571+00;fixed;false
ec573486-e4c8-49a4-849b-c3e7b51200da;16e87875-03f2-4eee-ad7f-64f14d5dfe3f;boost;Boost Mode;button_group;true;"[{""label"":""Pilot"",""price"":""0"",""priceType"":""fixed""},{""label"":""Selfplay"",""price"":""28.5"",""priceType"":""percentage""},{""label"":""Remote"",""price"":""14.25"",""priceType"":""fixed""}]";;;;0.00;0;2025-10-27 02:23:55.59519+00;2025-11-10 16:13:56.01948+00;fixed;false
7696c7be-3e7b-429f-810d-497b1f5c1115;aa7fc58f-17d6-46f8-920c-6b24e9c4702e;boost;Boost Mode;button_group;true;"[{""label"":""Pilot"",""price"":""0"",""priceType"":""fixed""},{""label"":""Selfplay"",""price"":""28.5"",""priceType"":""percentage""},{""label"":""Remote"",""price"":""14.25"",""priceType"":""percentage""}]";;;;0.00;0;2025-10-27 02:27:56.639404+00;2025-11-10 16:13:56.345574+00;fixed;false
e5a5b334-2235-4f96-a957-6e54b18ffae0;aa7fc58f-17d6-46f8-920c-6b24e9c4702e;reg;Region;button_group;true;"[{""label"":""EU"",""price"":""0"",""priceType"":""fixed""},{""label"":""NA"",""price"":""0"",""priceType"":""fixed""}]";;;;0.00;1;2025-10-27 02:28:06.994023+00;2025-11-10 16:13:56.544554+00;fixed;false
95c8eace-e364-448e-a181-d65a09ec0fa6;c06eb4ff-0604-43ed-8588-3cb080b5cb0c;boost;Boost Mode;button_group;true;"[{""label"":""Pilot"",""price"":""0"",""priceType"":""fixed""},{""label"":""Remote"",""price"":""14.25"",""priceType"":""percentage""}]";;;;0.00;0;2025-10-27 02:31:28.769424+00;2025-11-10 16:13:56.688631+00;fixed;false
9fbc450e-0a48-417c-895d-5ad24f5047dc;c06eb4ff-0604-43ed-8588-3cb080b5cb0c;warmo;Warlock Mount Options;select;true;"[{""label"":""Feelsteed"",""price"":""6.6499999999999995"",""priceType"":""fixed""},{""label"":""Dreadsteed"",""price"":""66.88"",""priceType"":""fixed""}]";;;;0.00;2;2025-10-27 02:33:15.400838+00;2025-11-10 16:13:56.82145+00;fixed;false
16b15dff-2a58-4510-a9c6-28aad480a1b9;c06eb4ff-0604-43ed-8588-3cb080b5cb0c;reg;Region;button_group;true;"[{""label"":""EU"",""price"":""0"",""priceType"":""fixed""},{""label"":""NA"",""price"":""0"",""priceType"":""fixed""}]";;;;0.00;1;2025-10-27 02:31:38.915658+00;2025-11-10 16:13:56.97663+00;fixed;false
a112d610-a3aa-4ecc-ae72-0b2975f6123e;7da3a215-5750-4a28-b39d-c2cb9cfa5348;reg;Region;button_group;true;"[{""label"":""EU"",""price"":""0"",""priceType"":""fixed""},{""label"":""NA"",""price"":""0"",""priceType"":""fixed""}]";;;;0.00;1;2025-10-27 02:37:29.595454+00;2025-11-10 16:13:57.309164+00;fixed;false
f28c1022-0b6f-4fb1-a663-499d20b84f17;7da3a215-5750-4a28-b39d-c2cb9cfa5348;palmo;Paladin Mount Options;select;true;"[{""label"":""Warhorse"",""price"":""6.6499999999999995"",""priceType"":""fixed""},{""label"":""Charger"",""price"":""50.12199999999999"",""priceType"":""fixed""}]";;;;0.00;2;2025-10-27 02:38:57.367123+00;2025-11-10 16:13:57.469897+00;fixed;false
95d9b1e3-0802-4ed7-a574-1e7afd036506;a3bab107-c4f1-4212-8f57-f6fa20c6bf89;secprofsel;Secondary Professions;button_group;false;"[{""label"":""Fishing"",""price"":""19"",""priceType"":""fixed""},{""label"":""First Aid"",""price"":""19"",""priceType"":""fixed""},{""label"":""Cooking"",""price"":""24"",""priceType"":""fixed""},{""label"":""None"",""price"":""0"",""priceType"":""fixed""}]";;;;0.00;3;2025-10-27 02:50:35.540966+00;2025-12-28 08:55:56.006082+00;fixed;false
12ff5cca-572f-4968-874e-1935e3d5d032;a3bab107-c4f1-4212-8f57-f6fa20c6bf89;reg;Region;button_group;false;"[{""label"":""EU"",""price"":""0"",""priceType"":""fixed""},{""label"":""NA"",""price"":""0"",""priceType"":""fixed""}]";;;;0.00;1;2025-10-27 02:46:49.649163+00;2025-12-28 08:56:47.69182+00;fixed;false
bfb3feb5-42b1-4c8c-96a4-ea271b8fbcf8;3b01367d-c749-4e22-b42f-b8f65a853a47;boost;Boost Mode;button_group;true;"[{""label"":""Pilot"",""price"":""0"",""priceType"":""fixed""},{""label"":""Remote"",""price"":""12.11"",""priceType"":""percentage""}]";;;;0.00;0;2025-10-29 00:44:20.232115+00;2025-12-14 22:15:33.00874+00;fixed;false
d1b13404-914a-4d58-b9dd-12f708ef9a7e;a3bab107-c4f1-4212-8f57-f6fa20c6bf89;boost;Boost Mode;button_group;false;"[{""label"":""Pilot"",""price"":""0"",""priceType"":""fixed""},{""label"":""Remote"",""price"":""20"",""priceType"":""percentage""}]";;;;0.00;0;2025-10-27 02:46:38.909552+00;2025-12-28 08:56:52.82133+00;fixed;false
f88fa467-4f6c-48a0-a7c9-0635d0401aeb;4bbdb6e1-0137-459f-8b83-628d7f017273;speedlvl;Leveling Speed;button_group;false;"[{""label"":""Express 30% Faster"",""price"":""30"",""priceType"":""percentage""},{""label"":""Normal Speed"",""price"":""0"",""priceType"":""fixed""},{""label"":""Quests Only"",""price"":""50"",""priceType"":""percentage""}]";;;;0.00;2;2025-10-28 01:07:18.906795+00;2025-10-28 01:08:01.153158+00;fixed;false
4e034d49-dc5a-413e-971e-ea5ea128a7e5;38c4e42e-ec62-4e02-8392-4eee304a48ab;region;Region;button_group;false;"[{""label"":""EU"",""price"":0,""priceType"":""fixed"",""value"":""eu""},{""label"":""NA"",""price"":0,""priceType"":""fixed"",""value"":""na""}]";;;;0.00;0;2026-01-27 15:51:47.421924+00;2026-01-27 15:51:47.421924+00;fixed;false
ed22f62b-c27b-480b-b192-ef832073b3ad;0fbda896-84fd-448d-920f-d9d8765d81ac;region;Region;button_group;false;"[{""label"":""EU"",""price"":0,""priceType"":""fixed"",""value"":""eu""},{""label"":""NA"",""price"":0,""priceType"":""fixed"",""value"":""na""}]";;;;0.00;0;2026-01-27 15:51:47.421924+00;2026-01-27 15:51:47.421924+00;fixed;false
06d6ae3e-c3bd-4761-a5be-323206a48db1;6937e32c-cb8d-4e82-bac1-df5e3b9df2a6;efunl;Effects Unlocks;checkbox;false;"[{""label"":""Charged Bolts"",""price"":""1.29"",""priceType"":""fixed""},{""label"":""Cauterizing Bolts"",""price"":""1.29"",""priceType"":""fixed""},{""label"":""Critical Chain"",""price"":""1.29"",""priceType"":""fixed""},{""label"":""Spark Burst"",""price"":""1.29"",""priceType"":""fixed""},{""label"":""Static Charge"",""price"":""1.29"",""priceType"":""fixed""},{""label"":""Electric Current"",""price"":""1.29"",""priceType"":""fixed""},{""label"":""Charged Touch"",""price"":""1.29"",""priceType"":""fixed""},{""label"":""Energy Shield"",""price"":""1.29"",""priceType"":""fixed""},{""label"":""Charged Crystal"",""price"":""1.29"",""priceType"":""fixed""}]";;;;0.00;3;2025-10-28 22:31:51.111411+00;2025-12-14 22:15:33.402055+00;fixed;false
e7780881-4fec-42a2-a635-24db93ca6e28;f83fb8e8-0684-4d56-ad7b-66279b202d92;region;Region;button_group;false;"[{""label"":""EU"",""price"":0,""priceType"":""fixed"",""value"":""eu""},{""label"":""NA"",""price"":0,""priceType"":""fixed"",""value"":""na""}]";;;;0.00;0;2026-01-27 15:51:47.421924+00;2026-01-27 15:51:47.421924+00;fixed;false
5b471138-7bb3-4374-bcd2-3cc62e9a1955;3b01367d-c749-4e22-b42f-b8f65a853a47;reg;Region;button_group;true;"[{""label"":""EU"",""price"":""0"",""priceType"":""fixed""},{""label"":""NA"",""price"":""0"",""priceType"":""fixed""}]";;;;0.00;1;2025-10-29 00:44:31.549011+00;2025-12-14 22:15:33.532137+00;fixed;false
9d54e08f-d3f9-4f73-ba5f-b0d16786ebac;9dd3bb46-dfed-46cd-b180-bf9d52fdf206;reg;Region;button_group;true;"[{""label"":""EU"",""price"":""0"",""priceType"":""fixed""},{""label"":""NA"",""price"":""0"",""priceType"":""fixed""}]";;;;0.00;1;2025-10-28 19:38:59.688435+00;2025-12-14 22:15:33.657853+00;fixed;false
47b354e3-f069-42c2-9474-c14b642905cf;6dd85e1e-0369-42fa-8a58-8a187b89f470;boost_method;Boost Method;button_group;false;"[{""label"":""Pilot"",""price"":""0"",""priceType"":""fixed""},{""label"":""Selfplay"",""price"":""0"",""priceType"":""fixed""},{""label"":""Remote"",""price"":""30"",""priceType"":""percentage""}]";;;;0.00;1;2026-01-29 21:57:15.849827+00;2026-02-05 01:34:18.984713+00;fixed;false
606c3eaa-03f5-41b0-8865-3952ec41dfe3;aada2351-3a05-498e-b4a5-79f4686996f9;soaringbm;Boost Method;button_group;false;"[{""label"":""Pilot"",""price"":""0"",""priceType"":""fixed""},{""label"":""Remote"",""price"":""16.15"",""priceType"":""percentage""}]";;;;0.00;0;2025-10-28 19:44:07.0424+00;2025-12-14 22:15:33.970349+00;fixed;false
2c2ee764-8a8d-4bdf-a58e-5fca324a0ec4;6527407f-41c5-4fbc-8dbb-2adde1e61ccb;deldetails;Delivery details;text;false;;Type your charname and server here.;;;0.00;2;2025-10-28 21:40:06.029313+00;2025-10-28 21:40:06.029313+00;fixed;false
4dff5241-f2e5-4ea7-9d48-a3d465f3be5e;e0c73ec2-09d5-46f9-8d6a-f1560c863d15;dif;Difficulty;button_group;true;"[{""label"":""Heroic"",""price"":""0"",""priceType"":""fixed""}]";;;;0.00;2;2025-10-31 17:26:08.573456+00;2025-10-31 18:21:44.179265+00;fixed;false
98355afa-589f-45fc-b89f-c94196889432;aada2351-3a05-498e-b4a5-79f4686996f9;challengesopt;Challenges;button_group;false;"[{""label"":""All 7 Challenges"",""price"":""31.49"",""priceType"":""fixed""},{""label"":""Specific Challenges"",""price"":""0"",""priceType"":""fixed""}]";;;;0.00;1;2025-10-28 19:45:05.637309+00;2025-12-14 22:15:34.092336+00;fixed;false
e3d832d8-a6ed-4731-9987-3cd22fa1a04c;aada2351-3a05-498e-b4a5-79f4686996f9;specchallenge;Specific Challenges;checkbox;false;"[{""label"":""An Impossible Foe"",""price"":""6.46"",""priceType"":""fixed""},{""label"":""Closing the Eye"",""price"":""6.46"",""priceType"":""fixed""},{""label"":""End of the Risen Threat"",""price"":""6.46"",""priceType"":""fixed""},{""label"":""Feltotem's Threat"",""price"":""6.46"",""priceType"":""fixed""},{""label"":""The God's-Queen Fury"",""price"":""6.46"",""priceType"":""fixed""},{""label"":""The Highlord's Return"",""price"":""6.46"",""priceType"":""fixed""},{""label"":""Twarthing the Twins"",""price"":""6.46"",""priceType"":""fixed""}]";;;;0.00;2;2025-10-28 19:50:56.067262+00;2025-12-14 22:15:34.217546+00;fixed;false
37d0abaf-c747-4b08-a8ac-4b72f9fc4e80;9dd3bb46-dfed-46cd-b180-bf9d52fdf206;deltier;Select Delve Tier;select;true;"[{""label"":""Tier 1"",""price"":""1.07"",""priceType"":""fixed""},{""label"":""Tier 2"",""price"":""1.26"",""priceType"":""fixed""},{""label"":""Tier 3"",""price"":""1.58"",""priceType"":""fixed""},{""label"":""Tier 4"",""price"":""1.91"",""priceType"":""fixed""},{""label"":""Tier 5"",""price"":""2.23"",""priceType"":""fixed""},{""label"":""Tier 6 "",""price"":""2.55"",""priceType"":""fixed""},{""label"":""Tier 7"",""price"":""2.87"",""priceType"":""fixed""},{""label"":""Tier 8 "",""price"":""3.52"",""priceType"":""fixed""},{""label"":""Tier 9"",""price"":""5.14"",""priceType"":""fixed""},{""label"":""Tier 10"",""price"":""6.27"",""priceType"":""fixed""},{""label"":""Tier 11"",""price"":""8.37"",""priceType"":""fixed""}]";;;;0.00;3;2025-10-28 19:43:46.776869+00;2025-12-14 22:15:34.339225+00;fixed;false
a2ec44ae-e8c4-4bd5-8a61-4eb5ce47005e;9dd3bb46-dfed-46cd-b180-bf9d52fdf206;save;Buy Together and Save;checkbox;false;"[{""label"":""500k Gold"",""price"":""16.15"",""priceType"":""fixed""},{""label"":""70-80 Leveling"",""price"":""9.69"",""priceType"":""fixed""}]";;;;0.00;5;2025-10-28 19:58:08.716755+00;2025-12-14 22:15:34.459593+00;fixed;false
38b4b1de-4a0a-4f0a-8b88-485cb26b8aea;6937e32c-cb8d-4e82-bac1-df5e3b9df2a6;reg;Region;button_group;true;"[{""label"":""EU"",""price"":""0"",""priceType"":""fixed""},{""label"":""NA"",""price"":""0"",""priceType"":""fixed""}]";;;;0.00;1;2025-10-28 22:28:24.356439+00;2025-12-14 22:15:34.588929+00;fixed;false
64846969-1f72-408b-bb1d-db2059dcc4ee;6937e32c-cb8d-4e82-bac1-df5e3b9df2a6;belt;Select Your Belt ilvl;select;true;"[{""label"":""691 ilvl"",""price"":""3.2"",""priceType"":""fixed""},{""label"":""694 ilvl"",""price"":""5.78"",""priceType"":""fixed""},{""label"":""697 ilvl"",""price"":""9.01"",""priceType"":""fixed""},{""label"":""701 ilvl"",""price"":""12.24"",""priceType"":""fixed""}]";;;;0.00;2;2025-10-28 22:30:04.748094+00;2025-12-14 22:15:34.748398+00;fixed;false
3c705aea-2c70-4470-92a6-4f3326f58e01;5ee9003a-8b88-4148-906b-ca3a08806fd8;boost;Boost Mode;button_group;true;"[{""label"":""Pilot"",""price"":""0"",""priceType"":""fixed""},{""label"":""Selfplay"",""price"":""0"",""priceType"":""fixed""}]";;;;0.00;0;2025-10-29 00:47:18.985907+00;2025-12-14 22:15:34.925228+00;fixed;false
74ba762c-2001-4758-afb6-145b1b3a820f;5ee9003a-8b88-4148-906b-ca3a08806fd8;reg;Region;button_group;true;"[{""label"":""EU"",""price"":""0"",""priceType"":""fixed""},{""label"":""NA"",""price"":""0"",""priceType"":""fixed""}]";;;;0.00;1;2025-10-29 00:47:28.74982+00;2025-12-14 22:15:35.07387+00;fixed;false
a6de80ce-fd2c-40b1-aa8a-24f5c5c4f566;8e2499c1-bd4a-449d-bd9b-e16a3c26af02;bmmtower;Boost Method;button_group;false;"[{""label"":""Pilot"",""price"":""0"",""priceType"":""fixed""},{""label"":""Remote"",""price"":""16.15"",""priceType"":""percentage""}]";;;;0.00;0;2025-10-28 19:27:46.505756+00;2025-12-14 22:15:33.147968+00;fixed;false
a4358fa9-8bd5-4dd1-a934-2e4012521383;9dd3bb46-dfed-46cd-b180-bf9d52fdf206;boost;Boost Mode;button_group;true;"[{""label"":""Selfplay"",""price"":""0"",""priceType"":""fixed""},{""label"":""Pilot"",""price"":""0"",""priceType"":""fixed""},{""label"":""Remote"",""price"":""12.11"",""priceType"":""percentage""}]";;;;0.00;0;2025-10-28 19:38:24.665526+00;2025-12-14 22:15:33.275455+00;fixed;false
e1328f5e-22d7-4883-84ba-e2df74ae1743;9dd3bb46-dfed-46cd-b180-bf9d52fdf206;delboost;Delves Boost;select;true;"[{""label"":""Bountiful Delve"",""price"":""0"",""priceType"":""fixed""},{""label"":""Specific Delve"",""price"":""0"",""priceType"":""fixed""},{""label"":""Random Delve"",""price"":""0"",""priceType"":""fixed""}]";;;;0.00;2;2025-10-28 19:40:15.536318+00;2025-12-14 22:15:33.812262+00;fixed;false
4eaa2e27-cf04-4b66-949e-24e7f79e07ce;be03d496-87d6-4219-a907-78516f4f1c50;fullse;Full Season ;checkbox;false;"[{""label"":""4x Tier 8 Delves"",""price"":""79.94"",""priceType"":""fixed""},{""label"":""4x Tier 11 Delves"",""price"":""120.32"",""priceType"":""fixed""}]";;;;0.00;3;2025-10-28 20:40:37.735079+00;2025-12-14 22:15:35.337318+00;fixed;false
8ebc07dd-1070-43c4-951c-d1ac02cb0958;de499af8-1318-40cd-9a93-fdc472664fbb;boost;Boost Mode;button_group;true;"[{""label"":""Pilot"",""price"":""0"",""priceType"":""fixed""},{""label"":""Selfplay"",""price"":""0"",""priceType"":""fixed""}]";;;;0.00;0;2025-10-28 21:09:31.429539+00;2025-12-14 22:15:35.46286+00;fixed;false
892b38a7-dac8-45fe-bfaf-2aa67ef1a9f3;f83fb8e8-0684-4d56-ad7b-66279b202d92;current_reputation;Current reputation;select;false;"[{""label"":""Hated"",""price"":""499"",""priceType"":""fixed""},{""label"":""Neutral"",""price"":""459"",""priceType"":""fixed""},{""label"":""Friendly"",""price"":""399"",""priceType"":""fixed""},{""label"":""Honored"",""price"":""329"",""priceType"":""fixed""},{""label"":""Revered"",""price"":""259"",""priceType"":""fixed""}]";;;;0.00;2;2026-01-27 15:56:10.014575+00;2026-01-27 15:56:10.014575+00;fixed;false
cb86dbec-c392-49d3-a102-1d53999fbc20;793db771-03c2-44cb-b55d-6c8b71be510b;bmoverwhel;Boost Method;button_group;false;"[{""label"":""Pilot"",""price"":""0"",""priceType"":""fixed""},{""label"":""Remote"",""price"":""12.11"",""priceType"":""percentage""}]";;;;0.00;0;2025-10-28 20:17:57.709367+00;2025-12-14 22:15:36.083882+00;fixed;false
02f107de-e4d7-411c-be6c-ce4e296878b4;e7f01c5e-6dc3-45e7-b07c-7b098ca4078d;boost;Boost Mode;button_group;true;"[{""label"":""Pilot"",""price"":""0"",""priceType"":""fixed""},{""label"":""Remote"",""price"":""0"",""priceType"":""fixed""}]";;;;0.00;0;2025-10-28 20:26:19.734788+00;2025-12-14 22:15:36.202953+00;fixed;false
909a9789-7288-4c92-adb9-9c6752018484;e7f01c5e-6dc3-45e7-b07c-7b098ca4078d;reg;Region;button_group;true;"[{""label"":""EU"",""price"":""0"",""priceType"":""fixed""},{""label"":""NA"",""price"":""0"",""priceType"":""fixed""}]";;;;0.00;1;2025-10-28 20:26:30.865416+00;2025-12-14 22:15:36.332673+00;fixed;false
7dd5b51a-0799-4b78-ae9c-29abb8e92a03;e7f01c5e-6dc3-45e7-b07c-7b098ca4078d;exoption;Extra Options;checkbox;false;"[{""label"":""Unlock ?? challenge tier"",""price"":""18.09"",""priceType"":""fixed""},{""label"":""690+ ilvl"",""price"":""116.28"",""priceType"":""fixed""},{""label"":""Brann Level 60"",""price"":""142.12"",""priceType"":""fixed""}]";;;;0.00;2;2025-10-28 20:27:19.263414+00;2025-12-14 22:15:36.450981+00;fixed;false
f42fb892-1adb-4a92-a3cd-9a069187f796;be03d496-87d6-4219-a907-78516f4f1c50;boost;Boost Mode;button_group;true;"[{""label"":""Selfplay"",""price"":""0"",""priceType"":""fixed""},{""label"":""Pilot"",""price"":""0"",""priceType"":""fixed""},{""label"":""Remote Control"",""price"":""12.11"",""priceType"":""percentage""}]";;;;0.00;0;2025-10-28 20:36:42.101277+00;2025-12-14 22:15:36.590787+00;fixed;false
d0c89232-819d-4163-bd2f-31673ed4e626;be03d496-87d6-4219-a907-78516f4f1c50;reg;Region;button_group;true;"[{""label"":""EU"",""price"":""0"",""priceType"":""fixed""},{""label"":""NA"",""price"":""0"",""priceType"":""fixed""}]";;;;0.00;1;2025-10-28 20:37:09.685838+00;2025-12-14 22:15:36.715301+00;fixed;false
d13ad307-138a-427b-8320-3805881295d3;5095f11f-8528-4b84-b3d1-f5393e66f7d8;boost;Boost Mode;button_group;true;"[{""label"":""Pilot"",""price"":""0"",""priceType"":""fixed""},{""label"":""Remote"",""price"":""12.11"",""priceType"":""percentage""}]";;;;0.00;0;2025-10-28 21:25:30.150788+00;2025-12-14 22:15:36.852831+00;fixed;false
8b219792-a68b-477a-99e7-a272f5206e44;5095f11f-8528-4b84-b3d1-f5393e66f7d8;reg;Region;button_group;true;"[{""label"":""EU"",""price"":""0"",""priceType"":""fixed""},{""label"":""NA"",""price"":""0"",""priceType"":""fixed""}]";;;;0.00;1;2025-10-28 21:25:43.376478+00;2025-12-14 22:15:36.996226+00;fixed;false
beb11f72-706d-48e6-9c50-89f8e6c3dacf;be03d496-87d6-4219-a907-78516f4f1c50;onemon;One Month;checkbox;false;"[{""label"":""4x Tier 8 Delves"",""price"":""29.04"",""priceType"":""fixed""},{""label"":""4x Tier 11 Delves"",""price"":""74.26"",""priceType"":""fixed""}]";;;;0.00;2;2025-10-28 20:39:47.845458+00;2025-12-14 22:15:37.125763+00;fixed;false
966318dc-6db2-407d-9c0b-4cd826506b95;de499af8-1318-40cd-9a93-fdc472664fbb;reg;Region;button_group;true;"[{""label"":""EU"",""price"":""0"",""priceType"":""fixed""},{""label"":""NA"",""price"":""0"",""priceType"":""fixed""}]";;;;0.00;1;2025-10-28 21:09:40.142513+00;2025-12-14 22:15:37.257582+00;fixed;false
7d7b3f72-4c7a-4d23-b1e4-b0015d1304dd;17881791-5e05-4a90-9aa3-c7b21669edf8;full-prio;Full Prio;select;false;"[{""label"":""Choose option"",""price"":0,""priceType"":""fixed"",""value"":""choose_option""},{""label"":""10 Unsaved Players"",""price"":0,""priceType"":""fixed"",""value"":""10_unsaved_players""},{""label"":""15 Unsaved Players"",""price"":0,""priceType"":""fixed"",""value"":""15_unsaved_players""},{""label"":""20 Unsaved Players"",""price"":0,""priceType"":""fixed"",""value"":""20_unsaved_players""},{""label"":""25 Unsaved Players"",""price"":0,""priceType"":""fixed"",""value"":""25_unsaved_players""},{""label"":""29 Unsaved Players"",""price"":0,""priceType"":""fixed"",""value"":""29_unsaved_players""}]";;;;0.00;10;2026-01-31 20:28:02.014908+00;2026-01-31 20:28:02.014908+00;fixed;false
f2a8d1e4-b8f1-485c-8e3f-0a3c5c655d82;6527407f-41c5-4fbc-8dbb-2adde1e61ccb;factiongoldretail;Faction;button_group;false;"[{""label"":""Alliance"",""price"":""0"",""priceType"":""fixed""},{""label"":""Horde"",""price"":""0"",""priceType"":""fixed""}]";;;;0.00;1;2025-10-28 21:39:21.428155+00;2025-12-14 22:15:37.509329+00;fixed;false
7686ef4b-2e2a-47bf-8a4b-27224ecd3d0c;6527407f-41c5-4fbc-8dbb-2adde1e61ccb;regionwowgold;Region;button_group;false;"[{""label"":""EU"",""price"":0.045949,""priceType"":""fixed""},{""label"":""NA"",""price"":0.058687,""priceType"":""fixed""}]";;;;0.00;0;2025-10-28 21:38:41.947707+00;2026-02-16 20:12:07.650953+00;fixed;false
6144939b-1015-476a-b6ba-5af480c39ae8;c91a2fe3-65dc-4d2d-9fea-31f0db78b197;region;Region;button_group;false;"[{""label"":""EU"",""price"":0,""priceType"":""fixed"",""value"":""eu""},{""label"":""NA"",""price"":30,""priceType"":""percentage"",""value"":""na""}]";;;;0.00;0;2026-01-28 11:12:24.56291+00;2026-01-28 11:12:24.56291+00;fixed;false
39fee51b-76dd-48c7-ba94-7188361c36de;17881791-5e05-4a90-9aa3-c7b21669edf8;region;Region;button_group;false;"[{""label"":""EU"",""price"":0,""priceType"":""fixed"",""value"":""eu""},{""label"":""NA"",""price"":30,""priceType"":""percentage"",""value"":""na""}]";;;;0.00;0;2026-01-28 11:12:24.56291+00;2026-01-28 11:12:24.56291+00;fixed;false
1c74ed40-8cf6-4064-a735-ca96fc0946ab;2adf7b32-22c8-4f1c-9459-580056f31bb0;region;Region;button_group;false;"[{""label"":""EU"",""price"":0,""priceType"":""fixed"",""value"":""eu""},{""label"":""NA"",""price"":30,""priceType"":""percentage"",""value"":""na""}]";;;;0.00;0;2026-01-28 11:12:24.56291+00;2026-01-28 11:12:24.56291+00;fixed;false
ece867a3-c7e7-46ec-a520-984eb794b875;ec2e5c1a-9d25-4b1d-a09c-ea500c07353f;reg;Region;button_group;true;"[{""label"":""EU"",""price"":""0"",""priceType"":""fixed""},{""label"":""NA"",""price"":""0"",""priceType"":""fixed""}]";;;;0.00;1;2025-10-31 17:54:11.245542+00;2025-10-31 17:54:11.245542+00;fixed;false
f2f7688c-b858-4d3c-baf8-643a984ef845;1f9aac57-d37f-4f4b-b6a3-a1e130a7b88c;reg;Region;button_group;true;"[{""label"":""EU"",""price"":""0"",""priceType"":""fixed""},{""label"":""NA"",""price"":""0"",""priceType"":""fixed""}]";;;;0.00;1;2025-10-29 00:51:31.758758+00;2025-12-14 22:15:38.149309+00;fixed;false
e4478114-917b-4b4a-bc52-15d045058996;a7354206-406c-4bb2-9ca7-d86ca6b66908;reg;Region;button_group;true;"[{""label"":""Pilot"",""price"":""0"",""priceType"":""fixed""},{""label"":""Remote"",""price"":""12.11"",""priceType"":""percentage""}]";;;;0.00;0;2025-10-29 00:54:14.626593+00;2025-12-14 22:15:38.310899+00;fixed;false
237e6e2e-d33e-4f6f-9050-83918a6f825b;a7354206-406c-4bb2-9ca7-d86ca6b66908;reg;Region;button_group;true;"[{""label"":""EU"",""price"":""0"",""priceType"":""fixed""},{""label"":""NA"",""price"":""0"",""priceType"":""fixed""}]";;;;0.00;1;2025-10-29 00:55:16.393233+00;2025-12-14 22:15:38.463886+00;fixed;false
8ccc9ff3-6116-4630-84a0-958285c69e06;d8c4dd9b-0bb5-49c1-9b9e-64a5dd18406c;boost;Boost Mode;button_group;true;"[{""label"":""Pilot"",""price"":""0"",""priceType"":""fixed""},{""label"":""Remote"",""price"":""12.11"",""priceType"":""percentage""}]";;;;0.00;0;2025-10-29 00:57:41.44834+00;2025-12-14 22:15:38.58969+00;fixed;false
674bce17-8fec-4642-8e4e-c10c95ce2764;d8c4dd9b-0bb5-49c1-9b9e-64a5dd18406c;reg;Region;button_group;true;"[{""label"":""EU"",""price"":""0"",""priceType"":""fixed""},{""label"":""NA"",""price"":""0"",""priceType"":""fixed""}]";;;;0.00;1;2025-10-29 00:57:51.643368+00;2025-12-14 22:15:39.674286+00;fixed;false
d2864cfa-3d23-4190-8ae5-ce8cd52f775c;61b27f47-2f34-4b2e-950f-9e40f2116e55;boost;Boost Mode;button_group;true;"[{""label"":""Pilot"",""price"":""0"",""priceType"":""fixed""},{""label"":""Remote"",""price"":""0"",""priceType"":""fixed""}]";;;;0.00;0;2025-10-29 01:00:22.203298+00;2025-12-14 22:15:39.805025+00;fixed;false
dfd5fe1d-e751-44e6-8c77-58945bc9ff7a;61b27f47-2f34-4b2e-950f-9e40f2116e55;reg;Region;button_group;true;"[{""label"":""EU"",""price"":""0"",""priceType"":""fixed""},{""label"":""NA"",""price"":""0"",""priceType"":""fixed""}]";;;;0.00;1;2025-10-29 01:00:33.53032+00;2025-12-14 22:15:40.163253+00;fixed;false
44869482-4f12-4ea5-af94-008adc6261d5;982832b7-b8a2-4751-a3ca-92d55dd1c390;boost;Boost Mode;button_group;true;"[{""label"":""Pilot"",""price"":""0"",""priceType"":""fixed""},{""label"":""Remote"",""price"":""12.11"",""priceType"":""percentage""}]";;;;0.00;0;2025-10-29 01:09:58.15284+00;2025-12-14 22:15:40.287592+00;fixed;false
9e44245c-a193-4afc-b3d3-67dfb9988177;982832b7-b8a2-4751-a3ca-92d55dd1c390;reg;Region;button_group;true;"[{""label"":""EU"",""price"":""0"",""priceType"":""fixed""},{""label"":""NA"",""price"":""0"",""priceType"":""fixed""}]";;;;0.00;1;2025-10-29 01:10:06.486617+00;2025-12-14 22:15:40.416002+00;fixed;false
00e2aa07-f8d9-40b4-a5d2-44a7314b13b2;a14febbc-49b6-45af-bce6-f1980c081241;boost;Boost Mode;button_group;true;"[{""label"":""Pilot"",""price"":""0"",""priceType"":""fixed""},{""label"":""Remote"",""price"":""0"",""priceType"":""fixed""}]";;;;0.00;2;2025-10-29 01:13:35.538899+00;2025-12-14 22:15:40.551077+00;fixed;false
91bfbac4-ce33-4420-b933-4484746ede7a;a14febbc-49b6-45af-bce6-f1980c081241;reg;Region;button_group;true;"[{""label"":""EU"",""price"":""0"",""priceType"":""fixed""},{""label"":""NA"",""price"":""0"",""priceType"":""fixed""}]";;;;0.00;1;2025-10-29 01:13:58.070665+00;2025-12-14 22:15:40.692432+00;fixed;false
39d275ce-336f-413f-9f57-72715d1a8782;a4cbd4fc-09ab-48a2-9b54-5d01b64b999f;boost;Boost Mode;button_group;true;"[{""label"":""Pilot"",""price"":""0"",""priceType"":""fixed""},{""label"":""Remote"",""price"":""12.11"",""priceType"":""percentage""}]";;;;0.00;0;2025-10-29 01:27:13.381835+00;2025-12-14 22:15:40.854002+00;fixed;false
5b3dbd09-28e0-42ca-9e43-5eaba03e9453;a4cbd4fc-09ab-48a2-9b54-5d01b64b999f;reg;Region;button_group;true;"[{""label"":""EU"",""price"":""0"",""priceType"":""fixed""},{""label"":""NA"",""price"":""0"",""priceType"":""fixed""}]";;;;0.00;1;2025-10-29 01:27:21.798362+00;2025-12-14 22:15:40.970728+00;fixed;false
95a5fc6a-f21b-4d5b-9e68-b9b302a2d085;a4cbd4fc-09ab-48a2-9b54-5d01b64b999f;exoption;Extra Options;checkbox;false;"[{""label"":""Unlock tier 11 delve"",""price"":""25.84"",""priceType"":""fixed""}]";;;;0.00;2;2025-10-29 01:31:22.126069+00;2025-12-14 22:15:41.094727+00;fixed;false
5231534a-4405-4be1-8f4e-d3cc608341ca;312e52e5-a8e2-4517-b2b2-9631d219e8f1;boost;Boost Mode;button_group;true;"[{""label"":""Pilot"",""price"":""0"",""priceType"":""fixed""},{""label"":""Remote"",""price"":""12.11"",""priceType"":""percentage""}]";;;;0.00;0;2025-10-29 01:40:41.075141+00;2025-12-14 22:15:41.233001+00;fixed;false
942e8519-fc51-4125-83ae-b70f1975196f;312e52e5-a8e2-4517-b2b2-9631d219e8f1;reg;Region;button_group;true;"[{""label"":""EU"",""price"":""0"",""priceType"":""fixed""},{""label"":""NA"",""price"":""0"",""priceType"":""fixed""}]";;;;0.00;1;2025-10-29 01:40:56.04576+00;2025-12-14 22:15:42.293154+00;fixed;false
6c82be9c-3320-4748-97dd-a91bc586ae83;e5202c3e-9f9b-46fb-b76b-fc79e889a3d0;boost;Boost Mode;button_group;true;"[{""label"":""Pilot"",""price"":""0"",""priceType"":""fixed""},{""label"":""Remote"",""price"":""0"",""priceType"":""fixed""}]";;;;0.00;0;2025-10-29 01:46:04.640951+00;2025-12-14 22:15:42.419825+00;fixed;false
1622609e-4402-4b8f-8c68-4ca9d2751278;e5202c3e-9f9b-46fb-b76b-fc79e889a3d0;reg;Region;button_group;true;"[{""label"":""EU"",""price"":""0"",""priceType"":""fixed""},{""label"":""NA"",""price"":""0"",""priceType"":""fixed""}]";;;;0.00;1;2025-10-29 01:46:17.503303+00;2025-12-14 22:15:42.842481+00;fixed;false
e4e33859-d6a7-4532-a826-c8939dbf16ed;e5202c3e-9f9b-46fb-b76b-fc79e889a3d0;addop;Additional Option;checkbox;false;"[{""label"":""Unlock ?? challenge tier"",""price"":""18.09"",""priceType"":""fixed""},{""label"":""690+ ilvl"",""price"":""116.28"",""priceType"":""fixed""},{""label"":""Brann leveling to 60"",""price"":""142.12"",""priceType"":""fixed""}]";;;;0.00;2;2025-10-29 01:47:28.410273+00;2025-12-14 22:15:42.97916+00;fixed;false
4d2e3218-8d60-4b94-a959-9363db93273a;8c7f55fc-cf8f-4470-800f-ceccaa37e7eb;boost;Boost Mode;button_group;true;"[{""label"":""Pilot"",""price"":""0"",""priceType"":""fixed""},{""label"":""Remote"",""price"":""12.11"",""priceType"":""percentage""}]";;;;0.00;0;2025-10-29 01:54:41.56599+00;2025-12-14 22:15:43.106136+00;fixed;false
5349e5cd-d58d-4f75-8ea6-556f5b9e87bd;8c7f55fc-cf8f-4470-800f-ceccaa37e7eb;reg;Region;button_group;true;"[{""label"":""EU"",""price"":""0"",""priceType"":""fixed""},{""label"":""NA"",""price"":""0"",""priceType"":""fixed""}]";;;;0.00;1;2025-10-29 01:54:53.256745+00;2025-12-14 22:15:43.29425+00;fixed;false
84e71e45-4800-4a0c-821d-cf5faa020ce6;689fe660-578c-48f5-91d4-fa6888cb8eb4;boost;Boost Mode;button_group;true;"[{""label"":""Pilot"",""price"":""0"",""priceType"":""fixed""},{""label"":""Selfplay"",""price"":""0"",""priceType"":""fixed""}]";;;;0.00;0;2025-10-29 01:58:15.598607+00;2025-12-14 22:15:43.729752+00;fixed;false
9c128120-a82f-4db3-8bad-7ebc1c33cb0a;689fe660-578c-48f5-91d4-fa6888cb8eb4;reg;Region;button_group;true;"[{""label"":""EU"",""price"":""0"",""priceType"":""fixed""},{""label"":""NA"",""price"":""0"",""priceType"":""fixed""}]";;;;0.00;1;2025-10-29 01:58:39.319701+00;2025-12-14 22:15:43.881991+00;fixed;false
3f749dbf-4472-4c0c-9f81-b2f0f5d75579;16fdefab-cd88-47d5-b0c6-35b9df2300eb;boost;Boost Mode;button_group;true;"[{""label"":""Pilot"",""price"":""0"",""priceType"":""fixed""},{""label"":""Selfplay"",""price"":""12.11"",""priceType"":""percentage""}]";;;;0.00;0;2025-10-29 02:07:31.737672+00;2025-12-14 22:15:44.032546+00;fixed;false
c716f59c-073d-4abd-af79-65498ec4e910;16fdefab-cd88-47d5-b0c6-35b9df2300eb;reg;Region;button_group;true;"[{""label"":""EU"",""price"":""0"",""priceType"":""fixed""},{""label"":""NA"",""price"":""0"",""priceType"":""fixed""}]";;;;0.00;1;2025-10-29 02:07:47.907007+00;2025-12-14 22:15:44.155+00;fixed;false
3faa647d-494c-4348-a786-4b859698fad4;1f9aac57-d37f-4f4b-b6a3-a1e130a7b88c;boost;Boost Mode;button_group;true;"[{""label"":""Pilot"",""price"":""0"",""priceType"":""fixed""},{""label"":""Remote"",""price"":""12.11"",""priceType"":""percentage""}]";;;;0.00;0;2025-10-29 00:51:22.123621+00;2025-12-14 22:15:37.922271+00;fixed;false
0e8997f2-2e67-4c8b-91cd-d4886d63ebcd;21ba77cf-cff9-44ba-80d0-51cd40c6a9d8;region;Region;button_group;false;"[{""label"":""EU"",""price"":0,""priceType"":""fixed"",""value"":""eu""},{""label"":""NA"",""price"":30,""priceType"":""percentage"",""value"":""na""}]";;;;0.00;0;2026-01-28 11:12:24.56291+00;2026-01-28 11:12:24.56291+00;fixed;false
b6bf5c8a-acce-491d-ba94-f0d2c46359f3;d670b5e7-94d0-4125-ac6c-bdf4571aef7e;boost;Boost Mode;button_group;true;"[{""label"":""Pilot"",""price"":""0"",""priceType"":""fixed""},{""label"":""Remote"",""price"":""14.25"",""priceType"":""percentage""}]";;;;0.00;0;2025-10-29 03:02:49.330051+00;2025-11-10 16:13:58.121983+00;fixed;false
8cd66e67-afed-4277-9c81-bbc83c9f9ee5;05258691-2a3d-4b99-a54b-a5b8291637b3;region;Region;button_group;false;"[{""label"":""EU"",""price"":0,""priceType"":""fixed"",""value"":""eu""},{""label"":""NA"",""price"":30,""priceType"":""percentage"",""value"":""na""}]";;;;0.00;0;2026-01-28 11:12:24.56291+00;2026-01-28 11:12:24.56291+00;fixed;false
f82715f1-f9c7-40c5-9aa5-66a45c05e6fb;4fc7414f-477a-4395-a5ee-6909b4a1a977;reg;Region;button_group;true;"[{""label"":""EU"",""price"":""0"",""priceType"":""fixed""},{""label"":""NA"",""price"":""0"",""priceType"":""fixed""}]";;;;0.00;1;2025-10-29 03:08:19.832445+00;2025-11-10 16:13:58.987385+00;fixed;false
2028414e-e8b3-42c6-8e70-e5faa34b994c;552d3240-9162-404d-b94d-aba803b756a0;region;Region;button_group;false;"[{""label"":""EU"",""price"":0,""priceType"":""fixed"",""value"":""eu""},{""label"":""NA"",""price"":30,""priceType"":""percentage"",""value"":""na""}]";;;;0.00;0;2026-01-28 11:12:24.56291+00;2026-01-28 11:12:24.56291+00;fixed;false
85cf474b-b62d-4b26-a0cd-d4864fec36f9;f25b3a97-809d-4a91-9891-a07c6216724e;boost_method;Boost Method;button_group;false;"[{""label"":""Pilot"",""price"":""0"",""priceType"":""fixed""},{""label"":""Remote"",""price"":""30"",""priceType"":""percentage""}]";;;;0.00;0;2026-02-05 21:03:43.566772+00;2026-02-05 21:03:43.566772+00;fixed;false
559a6a9c-90f2-4725-8a32-3279bde7f2d0;2ada37a3-0f5e-4aed-aa4b-0ba47d4aac46;selrep;Select your Desired Reputation Level;checkbox;true;"[{""label"":""Neutral - Friendly"",""price"":""60"",""priceType"":""fixed""},{""label"":""Friendly - Honored"",""price"":""80"",""priceType"":""fixed""},{""label"":""Honored - Revered"",""price"":""160"",""priceType"":""fixed""},{""label"":""Revered - Exalted"",""price"":""260"",""priceType"":""fixed""}]";;;;0.00;3;2025-10-29 02:34:42.401127+00;2026-02-11 21:57:37.672028+00;fixed;false
e12ce32b-4c91-4df4-8d1b-5ffde4401b4e;1590e3c0-c5d9-4cb5-8e67-42eb06a74f54;boost;Boost Mode;button_group;true;"[{""label"":""Pilot"",""price"":""0"",""priceType"":""fixed""},{""label"":""Remote"",""price"":""14.25"",""priceType"":""percentage""}]";;;;0.00;0;2025-10-29 03:51:45.891852+00;2026-02-11 21:58:55.310332+00;fixed;false
ce342ef9-a4ea-49ec-a182-a545d7fc6e5e;91afaef0-9f6f-470c-9698-c6cdf4ca94b4;fellowbm;Boost Method;button_group;false;"[{""label"":""Pilot"",""price"":""0"",""priceType"":""fixed""},{""label"":""Selfplay"",""price"":""0"",""priceType"":""fixed""},{""label"":""Remote"",""price"":""30.478612499999997"",""priceType"":""percentage""}]";;;;0.00;0;2025-10-29 18:54:25.679242+00;2025-11-19 07:40:04.281381+00;fixed;false
1136ef06-9f8d-4f20-bd7c-40c8694ba202;5c6cfc43-382e-4dfb-a897-b34dfebddca9;advebm;Boost Method;button_group;false;"[{""label"":""Pilot"",""price"":""0"",""priceType"":""fixed""},{""label"":""Selfplay"",""price"":""0"",""priceType"":""fixed""},{""label"":""Remote"",""price"":""30"",""priceType"":""percentage""}]";;;;0.00;0;2025-10-29 19:34:17.394233+00;2025-10-29 19:34:17.394233+00;fixed;false
6bc8e9c5-4429-4896-8c67-f0ce46d9108b;1590e3c0-c5d9-4cb5-8e67-42eb06a74f54;reg;Region;button_group;true;"[{""label"":""EU"",""price"":""0"",""priceType"":""fixed""},{""label"":""NA"",""price"":""0"",""priceType"":""fixed""}]";;;;0.00;1;2025-10-29 03:51:58.181015+00;2026-02-11 21:58:58.523252+00;fixed;false
213574c9-0fd0-4730-ac3e-2ce8e934f13d;1590e3c0-c5d9-4cb5-8e67-42eb06a74f54;selecrep;Select Desired Reputation Level;select;true;"[{""label"":""Neutral - Friendly"",""price"":""20.06"",""priceType"":""fixed""},{""label"":""Friendly - Honored"",""price"":""40.13"",""priceType"":""fixed""},{""label"":""Honored - Revered"",""price"":""80.26"",""priceType"":""fixed""},{""label"":""Revered - Exalted"",""price"":""140.45"",""priceType"":""fixed""}]";;;;0.00;2;2025-10-29 03:53:24.091592+00;2026-02-11 21:58:58.788527+00;fixed;false
f0a57a62-f5df-4ce5-83f6-fef1d764f6d9;601e7f90-15ba-4fa0-842b-64615e995892;boost;Boost Mode;button_group;true;"[{""label"":""Pilot"",""price"":""0"",""priceType"":""fixed""},{""label"":""Remote "",""price"":""14.25"",""priceType"":""percentage""}]";;;;0.00;0;2025-10-29 04:23:54.002938+00;2026-02-11 21:59:00.031226+00;fixed;false
010f6a0b-7494-4fc2-a1fe-22b14f9b0a28;91afaef0-9f6f-470c-9698-c6cdf4ca94b4;fellowlegue;League;button_group;false;"[{""label"":""Contender"",""price"":""0"",""priceType"":""fixed""},{""label"":""Adept"",""price"":""15.239306249999998"",""priceType"":""percentage""},{""label"":""Champion"",""price"":""76.19653125"",""priceType"":""percentage""},{""label"":""Paragon"",""price"":""228.58959375"",""priceType"":""percentage""}]";;;;0.00;2;2025-10-29 18:57:02.591138+00;2025-11-19 07:40:04.505577+00;fixed;false
13897454-c4ab-47f1-b5a9-bf16190e935d;2ada37a3-0f5e-4aed-aa4b-0ba47d4aac46;boost;Boost Mode;button_group;true;"[{""label"":""Pilot"",""price"":""0"",""priceType"":""fixed""},{""label"":""Remote"",""price"":""14.25"",""priceType"":""percentage""}]";;;;0.00;1;2025-10-29 02:33:17.330582+00;2025-11-10 16:13:57.650912+00;fixed;false
ff7a562c-35d3-46d8-bfd4-cbaf743138d2;2ada37a3-0f5e-4aed-aa4b-0ba47d4aac46;reg;Region;button_group;true;"[{""label"":""EU"",""price"":""0"",""priceType"":""fixed""},{""label"":""NA"",""price"":""0"",""priceType"":""fixed""}]";;;;0.00;2;2025-10-29 02:33:25.853611+00;2025-11-10 16:13:57.83703+00;fixed;false
b9496a1c-c80e-4a2f-9396-98c49ea32867;601e7f90-15ba-4fa0-842b-64615e995892;reg;Region;button_group;true;"[{""label"":""EU"",""price"":""0"",""priceType"":""fixed""},{""label"":""NA"",""price"":""0"",""priceType"":""fixed""}]";;;;0.00;1;2025-10-29 04:24:08.241535+00;2026-02-11 21:59:00.229664+00;fixed;false
e332974a-6b2f-4bf6-975d-b5a9d6dae6ab;d670b5e7-94d0-4125-ac6c-bdf4571aef7e;reg;Region;button_group;true;"[{""label"":""EU"",""price"":""0"",""priceType"":""fixed""},{""label"":""NA"",""price"":""0"",""priceType"":""fixed""}]";;;;0.00;1;2025-10-29 03:02:58.230272+00;2025-11-10 16:13:58.477731+00;fixed;false
037de556-f104-4d46-9e04-a9067ade197c;4fc7414f-477a-4395-a5ee-6909b4a1a977;boost;Boost Mode;button_group;true;"[{""label"":""Pilot"",""price"":""0"",""priceType"":""fixed""},{""label"":""Remote"",""price"":""14.25"",""priceType"":""percentage""}]";;;;0.00;0;2025-10-29 03:07:49.41559+00;2025-11-10 16:13:58.791641+00;fixed;false
53b4324d-118a-4aa5-8984-ba230fbbde41;601e7f90-15ba-4fa0-842b-64615e995892;selecrep;Select Desired Reputation Level;checkbox;true;"[{""label"":""Neutral - Friendly"",""price"":""18.81"",""priceType"":""fixed""},{""label"":""Friendly - Honored"",""price"":""37.62"",""priceType"":""fixed""},{""label"":""Honored - Revered"",""price"":""75.24"",""priceType"":""fixed""},{""label"":""Revered - Exalted"",""price"":""131.67"",""priceType"":""fixed""}]";;;;0.00;2;2025-10-29 04:26:04.81161+00;2026-02-11 21:59:00.394415+00;fixed;false
df028dc5-0855-43a6-a9bd-0fd4ee7ddd16;dc40a3a4-8de9-4d3d-afbd-fc1eb8853d83;boost_method;Boost Method;button_group;false;"[{""label"":""Pilot"",""price"":""0"",""priceType"":""fixed""},{""label"":""Remote"",""price"":""30"",""priceType"":""percentage""}]";;;;0.00;0;2026-02-12 22:38:24.51492+00;2026-02-12 22:38:24.51492+00;fixed;false
0549d5f8-4934-4c0b-ba15-0fadbcb9af56;91afaef0-9f6f-470c-9698-c6cdf4ca94b4;fellowkey;Key level;select;false;"[{""label"":""+1 Key"",""price"":""2.0319075"",""priceType"":""fixed""},{""label"":""+2 Key"",""price"":""2.0319075"",""priceType"":""fixed""},{""label"":""+3 Key"",""price"":""2.0319075"",""priceType"":""fixed""},{""label"":""+4 Key"",""price"":""2.0319075"",""priceType"":""fixed""},{""label"":""+5 Key"",""price"":""2.0319075"",""priceType"":""fixed""},{""label"":""+6 Key"",""price"":""2.0319075"",""priceType"":""fixed""},{""label"":""+7 Key"",""price"":""3.0478612500000004"",""priceType"":""fixed""}]";;;;0.00;3;2025-10-29 18:58:45.300259+00;2025-11-19 07:40:04.688742+00;fixed;false
9ebf3f34-c3ca-445c-acf4-e6109d9a9a1f;91afaef0-9f6f-470c-9698-c6cdf4ca94b4;fellowregion;Region;button_group;false;"[{""label"":""EU"",""price"":""0"",""priceType"":""fixed""},{""label"":""NA"",""price"":""0"",""priceType"":""fixed""},{""label"":""Asia"",""price"":""0"",""priceType"":""fixed""}]";;;;0.00;1;2025-10-29 18:54:56.292656+00;2025-11-19 07:40:04.05741+00;fixed;false
b0d5bc0e-080e-47e2-8471-593ebe8232f2;5c6cfc43-382e-4dfb-a897-b34dfebddca9;advereg;Region;button_group;false;"[{""label"":""EU"",""price"":""0"",""priceType"":""fixed""},{""label"":""NA"",""price"":""0"",""priceType"":""fixed""},{""label"":""Asia"",""price"":""0"",""priceType"":""fixed""}]";;;;0.00;1;2025-10-29 19:34:35.129543+00;2025-10-29 19:34:35.129543+00;fixed;false
ad8583cf-a3e3-45e3-80f6-cc8e340fa4f6;8598effd-6681-46ce-b813-4e3cef0a15b2;bmilvl;Boost Method;button_group;false;"[{""label"":""Pilot"",""price"":""0"",""priceType"":""fixed""},{""label"":""Selfplay"",""price"":""0"",""priceType"":""fixed""},{""label"":""Remote"",""price"":""30"",""priceType"":""percentage""}]";;;;0.00;0;2025-10-29 20:05:37.334965+00;2025-10-29 20:05:37.334965+00;fixed;false
c0aa9337-b748-4c96-8ecf-f3a371f0a348;8598effd-6681-46ce-b813-4e3cef0a15b2;ilvlregion;Region;button_group;false;"[{""label"":""EU"",""price"":""0"",""priceType"":""fixed""},{""label"":""NA"",""price"":""0"",""priceType"":""fixed""},{""label"":""Asia"",""price"":""0"",""priceType"":""fixed""}]";;;;0.00;1;2025-10-29 20:06:01.092261+00;2025-10-29 20:06:01.092261+00;fixed;false
fd0de165-1b77-46c3-b588-f8a7785736db;fac7c35b-9153-439b-a409-5ef80388739f;regionilvl;Region;button_group;false;"[{""label"":""EU"",""price"":""0"",""priceType"":""fixed""},{""label"":""NA"",""price"":""0"",""priceType"":""fixed""},{""label"":""Asia"",""price"":""0"",""priceType"":""fixed""}]";;;;0.00;1;2025-10-29 20:24:56.891062+00;2025-10-29 20:24:56.891062+00;fixed;false
3dcaf339-d899-41ed-92b7-ab19818c445f;fac7c35b-9153-439b-a409-5ef80388739f;ilvlboostmethod;Boost Method;button_group;false;"[{""label"":""Pilot"",""price"":""0"",""priceType"":""fixed""},{""label"":""Remote"",""price"":""30"",""priceType"":""percentage""}]";;;;0.00;0;2025-10-29 20:24:26.956054+00;2025-10-29 20:25:53.29401+00;fixed;false
014b623e-52ef-487a-93bb-91ae00140108;d5670faf-a2ca-476b-a322-8826add8f462;bmquickplay;Boost Method;button_group;false;"[{""label"":""Pilot"",""price"":""0"",""priceType"":""fixed""},{""label"":""Selfplay"",""price"":""0"",""priceType"":""fixed""},{""label"":""Remote"",""price"":""30"",""priceType"":""percentage""}]";;;;0.00;0;2025-10-29 20:54:08.874196+00;2025-10-29 20:54:08.874196+00;fixed;false
a72b02be-afa0-4907-8539-8dd4cb0eda90;d5670faf-a2ca-476b-a322-8826add8f462;regiomquickplay;Region;button_group;false;"[{""label"":""EU"",""price"":""0"",""priceType"":""fixed""},{""label"":""NA"",""price"":""0"",""priceType"":""fixed""},{""label"":""Asia"",""price"":""0"",""priceType"":""fixed""}]";;;;0.00;1;2025-10-29 20:54:39.165477+00;2025-10-29 20:54:39.165477+00;fixed;false
041c4aad-ab16-4d32-82fe-3ce2726da5d0;17881791-5e05-4a90-9aa3-c7b21669edf8;boost-method;Boost Method;button_group;false;"[{""label"":""Pilot"",""price"":0,""priceType"":""fixed"",""value"":""pilot""},{""label"":""Selfplay"",""price"":30,""priceType"":""percentage"",""value"":""selfplay""}]";;;;0.00;0;2026-01-28 11:13:11.105148+00;2026-01-28 11:13:11.105148+00;fixed;false
1e81baac-06c1-4e1c-bbe0-ea438ce5df54;c91a2fe3-65dc-4d2d-9fea-31f0db78b197;boost-method;Boost Method;button_group;false;"[{""label"":""Pilot"",""price"":0,""priceType"":""fixed"",""value"":""pilot""},{""label"":""Selfplay"",""price"":30,""priceType"":""percentage"",""value"":""selfplay""}]";;;;0.00;0;2026-01-28 11:13:11.105148+00;2026-01-28 11:13:11.105148+00;fixed;false
9a66c635-3e5b-4ab2-860f-1a92dbd88db8;86f18d38-c87c-47af-bc0d-066e674c157d;quarterbm;Boost Method;button_group;false;"[{""label"":""Pilot"",""price"":""0"",""priceType"":""fixed""},{""label"":""Selfplay"",""price"":""0"",""priceType"":""fixed""},{""label"":""Remote"",""price"":""30"",""priceType"":""percentage""}]";;;;0.00;0;2025-10-29 21:50:37.748991+00;2025-10-29 21:50:37.748991+00;fixed;false
0ce22375-1615-46df-9c06-78a4daedf0f0;5c6cfc43-382e-4dfb-a897-b34dfebddca9;keyadve;Key level;select;false;"[{""label"":""+1 Key"",""price"":""3"",""priceType"":""fixed""},{""label"":""+2 Key"",""price"":""4"",""priceType"":""fixed""},{""label"":""+3 Key"",""price"":""5"",""priceType"":""fixed""},{""label"":""+4 Key"",""price"":""6"",""priceType"":""fixed""},{""label"":""+5 Key"",""price"":""7"",""priceType"":""fixed""},{""label"":""+6 Key"",""price"":""9"",""priceType"":""fixed""},{""label"":""+7 Key "",""price"":""11"",""priceType"":""fixed""}]";;;;0.00;3;2025-10-29 19:38:05.912691+00;2025-11-16 15:53:42.642226+00;fixed;false
7d881664-c447-470a-a688-4d4e81784010;df48dbf1-cb12-430c-825d-1156d18384a5;relicsbm;Boost Method;button_group;false;"[{""label"":""Pilot"",""price"":""0"",""priceType"":""fixed""},{""label"":""Selfplay"",""price"":""0"",""priceType"":""fixed""},{""label"":""Remote"",""price"":""30"",""priceType"":""percentage""}]";;;;0.00;0;2025-10-29 21:32:50.04706+00;2025-10-29 21:32:50.04706+00;fixed;false
ced3516f-b44a-4fb5-8ce7-1ec59aa953c1;df48dbf1-cb12-430c-825d-1156d18384a5;regionrelics;Region;button_group;false;"[{""label"":""EU"",""price"":""0"",""priceType"":""fixed""},{""label"":""NA"",""price"":""0"",""priceType"":""fixed""},{""label"":""Asia"",""price"":""0"",""priceType"":""fixed""}]";;;;0.00;1;2025-10-29 21:33:18.258935+00;2025-10-29 21:33:18.258935+00;fixed;false
7f5a5a85-1f9e-4853-baee-be3d020781d6;df48dbf1-cb12-430c-825d-1156d18384a5;relicstype;Relics;checkbox;false;"[{""label"":""Ancient Poultry Fetish"",""price"":""16"",""priceType"":""fixed""},{""label"":""Ancient Wardstone"",""price"":""16"",""priceType"":""fixed""},{""label"":""Bloodrite Drums"",""price"":""16"",""priceType"":""fixed""},{""label"":""Chalice of Al’zerac’s Essence"",""price"":""16"",""priceType"":""fixed""},{""label"":""Humming Portalstone"",""price"":""16"",""priceType"":""fixed""},{""label"":""Just Some Shiny Rocks"",""price"":""16"",""priceType"":""fixed""},{""label"":""Orb of Shadows"",""price"":""16"",""priceType"":""fixed""},{""label"":""Ruined Relic Pieces"",""price"":""16"",""priceType"":""fixed""},{""label"":""Saltwash Elixir"",""price"":""16"",""priceType"":""fixed""},{""label"":""Sinbinding Stone"",""price"":""16"",""priceType"":""fixed""}]";;;;0.00;2;2025-10-29 21:36:20.82583+00;2025-10-29 21:36:20.82583+00;fixed;false
b9491093-df1b-4d0a-be3e-bf41c4c7e20e;86f18d38-c87c-47af-bc0d-066e674c157d;regiomqmrt;Region;button_group;false;"[{""label"":""EU"",""price"":""0"",""priceType"":""fixed""},{""label"":""NA"",""price"":""0"",""priceType"":""fixed""},{""label"":""Asia"",""price"":""0"",""priceType"":""fixed""}]";;;;0.00;1;2025-10-29 21:51:01.924862+00;2025-10-29 21:51:01.924862+00;fixed;false
fa6d9108-7826-4052-9522-8300619b4581;2adf7b32-22c8-4f1c-9459-580056f31bb0;boost-method;Boost Method;button_group;false;"[{""label"":""Pilot"",""price"":0,""priceType"":""fixed"",""value"":""pilot""},{""label"":""Selfplay"",""price"":30,""priceType"":""percentage"",""value"":""selfplay""}]";;;;0.00;0;2026-01-28 11:13:11.105148+00;2026-01-28 11:13:11.105148+00;fixed;false
754c6dc2-54b6-4c63-9777-520c9882c5b9;21ba77cf-cff9-44ba-80d0-51cd40c6a9d8;boost-method;Boost Method;button_group;false;"[{""label"":""Pilot"",""price"":0,""priceType"":""fixed"",""value"":""pilot""},{""label"":""Selfplay"",""price"":30,""priceType"":""percentage"",""value"":""selfplay""}]";;;;0.00;0;2026-01-28 11:13:11.105148+00;2026-01-28 11:13:11.105148+00;fixed;false
f49026d4-c7af-4c9d-858b-264c994acebf;ec2e5c1a-9d25-4b1d-a09c-ea500c07353f;lootop;Loot Option;select;true;"[{""label"":""2+ Items loot run"",""price"":""279.96"",""priceType"":""fixed""},{""label"":""3+ Items loot run"",""price"":""319.96"",""priceType"":""fixed""},{""label"":""Full priority loot run"",""price"":""359.96"",""priceType"":""fixed""}]";;;;0.00;3;2025-10-31 17:55:26.725093+00;2025-10-31 17:55:26.725093+00;fixed;false
1fdb5407-d5cc-45a7-b6ad-74d46e8972fd;d068a495-a305-4b90-b973-6ed3f64d2df6;boost;Boost Mode;button_group;true;"[{""label"":""Pilot"",""price"":""0"",""priceType"":""fixed""},{""label"":""Selfplay"",""price"":""0"",""priceType"":""fixed""},{""label"":""Remote"",""price"":""15"",""priceType"":""percentage""}]";;;;0.00;0;2025-10-31 17:58:35.335119+00;2025-10-31 17:58:35.335119+00;fixed;false
c3578d24-6706-4d3f-aec0-ed88e59f2424;d068a495-a305-4b90-b973-6ed3f64d2df6;reg;Region;button_group;true;"[{""label"":""EU"",""price"":""0"",""priceType"":""fixed""},{""label"":""NA"",""price"":""0"",""priceType"":""fixed""}]";;;;0.00;1;2025-10-31 17:58:44.668363+00;2025-10-31 17:58:44.668363+00;fixed;false
5ca3ea7a-1ec2-4358-aea8-06a3f4f3226d;1755c8c6-8198-4e5b-9a42-d789f9cbe350;regionhero;Region;button_group;false;"[{""label"":""EU"",""price"":""0"",""priceType"":""fixed""},{""label"":""NA"",""price"":""0"",""priceType"":""fixed""},{""label"":""Asia"",""price"":""0"",""priceType"":""fixed""}]";;;;0.00;1;2025-10-29 21:18:27.437102+00;2025-11-16 15:35:41.619854+00;fixed;false
0f8ac97b-fb19-4421-bee0-5ef3e474e79a;5c6cfc43-382e-4dfb-a897-b34dfebddca9;adveleague;League;button_group;false;"[{""label"":""Contender"",""price"":""0"",""priceType"":""fixed""},{""label"":""Adept"",""price"":""15"",""priceType"":""percentage""},{""label"":""Champion"",""price"":""75"",""priceType"":""percentage""},{""label"":""Paragon"",""price"":""225"",""priceType"":""percentage""}]";;;;0.00;2;2025-10-29 19:35:53.895615+00;2025-11-16 15:56:20.227027+00;fixed;false
34dba2e7-7589-47b4-90d5-b403ae07be24;05258691-2a3d-4b99-a54b-a5b8291637b3;boost-method;Boost Method;button_group;false;"[{""label"":""Pilot"",""price"":0,""priceType"":""fixed"",""value"":""pilot""},{""label"":""Selfplay"",""price"":30,""priceType"":""percentage"",""value"":""selfplay""}]";;;;0.00;0;2026-01-28 11:13:11.105148+00;2026-01-28 11:13:11.105148+00;fixed;false
b3fe2d8f-a458-4b36-bcca-d14f1f66300d;552d3240-9162-404d-b94d-aba803b756a0;boost-method;Boost Method;button_group;false;"[{""label"":""Pilot"",""price"":0,""priceType"":""fixed"",""value"":""pilot""},{""label"":""Selfplay"",""price"":30,""priceType"":""percentage"",""value"":""selfplay""}]";;;;0.00;0;2026-01-28 11:13:11.105148+00;2026-01-28 11:13:11.105148+00;fixed;false
4a58d04f-736e-43f5-b5db-59fc3faebe4c;c91a2fe3-65dc-4d2d-9fea-31f0db78b197;full-prio;Full Prio;select;false;"[{""label"":""Choose option"",""price"":0,""priceType"":""fixed"",""value"":""choose_option""},{""label"":""10 Unsaved Players"",""price"":0,""priceType"":""fixed"",""value"":""10_unsaved_players""},{""label"":""15 Unsaved Players"",""price"":0,""priceType"":""fixed"",""value"":""15_unsaved_players""},{""label"":""20 Unsaved Players"",""price"":0,""priceType"":""fixed"",""value"":""20_unsaved_players""},{""label"":""25 Unsaved Players"",""price"":0,""priceType"":""fixed"",""value"":""25_unsaved_players""},{""label"":""29 Unsaved Players"",""price"":0,""priceType"":""fixed"",""value"":""29_unsaved_players""}]";;;;0.00;10;2026-01-31 20:28:02.014908+00;2026-01-31 20:28:02.014908+00;fixed;false
737d442b-0a19-4295-81b2-4391debb4c3d;2adf7b32-22c8-4f1c-9459-580056f31bb0;full-prio;Full Prio;select;false;"[{""label"":""Choose option"",""price"":0,""priceType"":""fixed"",""value"":""choose_option""},{""label"":""10 Unsaved Players"",""price"":0,""priceType"":""fixed"",""value"":""10_unsaved_players""},{""label"":""15 Unsaved Players"",""price"":0,""priceType"":""fixed"",""value"":""15_unsaved_players""},{""label"":""20 Unsaved Players"",""price"":0,""priceType"":""fixed"",""value"":""20_unsaved_players""},{""label"":""25 Unsaved Players"",""price"":0,""priceType"":""fixed"",""value"":""25_unsaved_players""},{""label"":""29 Unsaved Players"",""price"":0,""priceType"":""fixed"",""value"":""29_unsaved_players""}]";;;;0.00;10;2026-01-31 20:28:02.014908+00;2026-01-31 20:28:02.014908+00;fixed;false
03c96dd6-d19d-4954-93d9-431b2f4c89c1;9691f18a-f7dd-4dab-a8d9-212be4b9faa1;boost;Boost Mode;button_group;true;"[{""label"":""Pilot"",""price"":""0"",""priceType"":""fixed""},{""label"":""Selfplay"",""price"":""0"",""priceType"":""fixed""},{""label"":""Remote"",""price"":""15"",""priceType"":""percentage""}]";;;;0.00;0;2025-10-31 14:59:23.887881+00;2025-10-31 14:59:23.887881+00;fixed;false
553d12f9-ec9e-4dd1-83e0-580a2fbbe3c3;21ba77cf-cff9-44ba-80d0-51cd40c6a9d8;full-prio;Full Prio;select;false;"[{""label"":""Choose option"",""price"":0,""priceType"":""fixed"",""value"":""choose_option""},{""label"":""10 Unsaved Players"",""price"":0,""priceType"":""fixed"",""value"":""10_unsaved_players""},{""label"":""15 Unsaved Players"",""price"":0,""priceType"":""fixed"",""value"":""15_unsaved_players""},{""label"":""20 Unsaved Players"",""price"":0,""priceType"":""fixed"",""value"":""20_unsaved_players""},{""label"":""25 Unsaved Players"",""price"":0,""priceType"":""fixed"",""value"":""25_unsaved_players""},{""label"":""29 Unsaved Players"",""price"":0,""priceType"":""fixed"",""value"":""29_unsaved_players""}]";;;;0.00;10;2026-01-31 20:28:02.014908+00;2026-01-31 20:28:02.014908+00;fixed;false
3db2e53a-01f1-4028-adc6-e48d820f7b19;9691f18a-f7dd-4dab-a8d9-212be4b9faa1;reg;Region;button_group;true;"[{""label"":""EU"",""price"":""0"",""priceType"":""fixed""},{""label"":""NA"",""price"":""0"",""priceType"":""fixed""}]";;;;0.00;1;2025-10-31 14:59:35.746002+00;2025-10-31 14:59:35.746002+00;fixed;false
15fe6147-d5d6-4920-a3d0-e2a2e7e30ef0;9691f18a-f7dd-4dab-a8d9-212be4b9faa1;alldung;All 9/9 Dungeons;select;false;"[{""label"":""Bronze "",""price"":""49"",""priceType"":""fixed""},{""label"":""Silver"",""price"":""59"",""priceType"":""fixed""},{""label"":""Gold"",""price"":""69"",""priceType"":""fixed""}]";;;;0.00;2;2025-10-31 15:01:00.879668+00;2025-11-25 16:43:50.222516+00;fixed;false
cf3a85a3-8041-4a2e-b788-fd34f5fe5e53;9691f18a-f7dd-4dab-a8d9-212be4b9faa1;specdung;Specific Dungeons (Gold);checkbox;false;"[{""label"":""Gate of the Setting Sun "",""price"":""12.76"",""priceType"":""fixed""},{""label"":""Mogu'shan Palace"",""price"":""12.76"",""priceType"":""fixed""},{""label"":""Scarlet Halls"",""price"":""12.76"",""priceType"":""fixed""},{""label"":""Scarlet Monastery"",""price"":""12.76"",""priceType"":""fixed""},{""label"":""Scholomance"",""price"":""12.76"",""priceType"":""fixed""},{""label"":""Shado-pan Monastery"",""price"":""12.76"",""priceType"":""fixed""},{""label"":""Siege of Niuzao"",""price"":""12.76"",""priceType"":""fixed""},{""label"":""Stormstout Brewery"",""price"":""12.76"",""priceType"":""fixed""},{""label"":""Temple of Jade Serpent"",""price"":""12.76"",""priceType"":""fixed""}]";;;;0.00;3;2025-10-31 15:04:30.400214+00;2025-10-31 15:04:30.400214+00;fixed;false
65f8cb86-8acb-47f8-8985-97d1e4fadd54;05258691-2a3d-4b99-a54b-a5b8291637b3;full-prio;Full Prio;select;false;"[{""label"":""Choose option"",""price"":0,""priceType"":""fixed"",""value"":""choose_option""},{""label"":""10 Unsaved Players"",""price"":0,""priceType"":""fixed"",""value"":""10_unsaved_players""},{""label"":""15 Unsaved Players"",""price"":0,""priceType"":""fixed"",""value"":""15_unsaved_players""},{""label"":""20 Unsaved Players"",""price"":0,""priceType"":""fixed"",""value"":""20_unsaved_players""},{""label"":""25 Unsaved Players"",""price"":0,""priceType"":""fixed"",""value"":""25_unsaved_players""},{""label"":""29 Unsaved Players"",""price"":0,""priceType"":""fixed"",""value"":""29_unsaved_players""}]";;;;0.00;10;2026-01-31 20:28:02.014908+00;2026-01-31 20:28:02.014908+00;fixed;false
a23c34e1-85db-419f-aeb7-9730f7b13e03;f41d104c-25fd-4c09-8abf-7c11c42bd5b0;boost;Boost Mode;button_group;true;"[{""label"":""Pilot"",""price"":""0"",""priceType"":""fixed""},{""label"":""Remote"",""price"":""15"",""priceType"":""percentage""}]";;;;0.00;0;2025-10-31 15:27:27.582987+00;2025-10-31 15:27:27.582987+00;fixed;false
6aa9e9d0-a977-4904-be8b-66033cc420b7;f41d104c-25fd-4c09-8abf-7c11c42bd5b0;reg;Region;button_group;true;"[{""label"":""EU"",""price"":""0"",""priceType"":""fixed""},{""label"":""NA"",""price"":""0"",""priceType"":""fixed""}]";;;;0.00;1;2025-10-31 15:27:38.294392+00;2025-10-31 15:27:38.294392+00;fixed;false
23c6e365-de4c-4f1b-b0f6-9277eb261a20;f41d104c-25fd-4c09-8abf-7c11c42bd5b0;chosprof;Choose First 600 Profession;select;false;"[{""label"":""Inscription"",""price"":""26.4"",""priceType"":""fixed""},{""label"":""Alchemy"",""price"":""22.4"",""priceType"":""fixed""},{""label"":""Enchanting"",""price"":""35.2"",""priceType"":""fixed""},{""label"":""Blacksmithing"",""price"":""24.64"",""priceType"":""fixed""},{""label"":""Engineering"",""price"":""26.4"",""priceType"":""fixed""},{""label"":""Jewelcrafting"",""price"":""28.16"",""priceType"":""fixed""},{""label"":""Leatherworking"",""price"":""22.88"",""priceType"":""fixed""},{""label"":""Tailoring"",""price"":""24.64"",""priceType"":""fixed""},{""label"":""Herbalism"",""price"":""42.24"",""priceType"":""fixed""},{""label"":""Mining"",""price"":""42.24"",""priceType"":""fixed""},{""label"":""Skinning"",""price"":""42.24"",""priceType"":""fixed""}]";;;;0.00;2;2025-10-31 15:30:17.606428+00;2025-10-31 15:30:17.606428+00;fixed;false
5dc0200b-e717-425c-940f-a2bb69cd9ac6;552d3240-9162-404d-b94d-aba803b756a0;full-prio;Full Prio;select;false;"[{""label"":""Choose option"",""price"":0,""priceType"":""fixed"",""value"":""choose_option""},{""label"":""10 Unsaved Players"",""price"":0,""priceType"":""fixed"",""value"":""10_unsaved_players""},{""label"":""15 Unsaved Players"",""price"":0,""priceType"":""fixed"",""value"":""15_unsaved_players""},{""label"":""20 Unsaved Players"",""price"":0,""priceType"":""fixed"",""value"":""20_unsaved_players""},{""label"":""25 Unsaved Players"",""price"":0,""priceType"":""fixed"",""value"":""25_unsaved_players""},{""label"":""29 Unsaved Players"",""price"":0,""priceType"":""fixed"",""value"":""29_unsaved_players""}]";;;;0.00;10;2026-01-31 20:28:02.014908+00;2026-01-31 20:28:02.014908+00;fixed;false
a62ff1b0-0e21-4bbe-a80e-aaa304775199;f41d104c-25fd-4c09-8abf-7c11c42bd5b0;chosprof;Choose Second 600 Profession;select;false;"[{""label"":""Inscription"",""price"":""26.4"",""priceType"":""fixed""},{""label"":""Alchemy"",""price"":""22.4"",""priceType"":""fixed""},{""label"":""Enchanting"",""price"":""35.2"",""priceType"":""fixed""},{""label"":""Blacksmithing"",""price"":""24.64"",""priceType"":""fixed""},{""label"":""Engineering"",""price"":""26.4"",""priceType"":""fixed""},{""label"":""Jewelcrafting"",""price"":""28.16"",""priceType"":""fixed""},{""label"":""Leatherworking"",""price"":""22.88"",""priceType"":""fixed""},{""label"":""Tailoring"",""price"":""24.64"",""priceType"":""fixed""},{""label"":""Herbalism"",""price"":""42.24"",""priceType"":""fixed""},{""label"":""Mining"",""price"":""42.24"",""priceType"":""fixed""},{""label"":""Skinning"",""price"":""42.24"",""priceType"":""fixed""}]";;;;0.00;2;2025-10-31 15:30:17.606227+00;2025-10-31 15:30:26.805711+00;fixed;false
8c32fb4c-a1df-4be3-9687-fdcb96944b65;f41d104c-25fd-4c09-8abf-7c11c42bd5b0;addop;Additional Options;checkbox;false;"[{""label"":""Quest Leveling"",""price"":""20"",""priceType"":""percentage""},{""label"":""Mop Campaign"",""price"":""35.2"",""priceType"":""fixed""},{""label"":""463 ilvl Pre-raid Gear"",""price"":""26.4"",""priceType"":""fixed""},{""label"":""458 ilvl Honor Gear"",""price"":""31.68"",""priceType"":""fixed""}]";;;;0.00;4;2025-10-31 15:31:23.75522+00;2025-10-31 15:31:23.75522+00;fixed;false
cf6d12fc-43e0-4ed4-97ff-06a4ab0b6cde;5b7a773f-10ee-4feb-8abb-56ee74a646f9;boost;Boost Mode;button_group;true;"[{""label"":""Pilot"",""price"":""0"",""priceType"":""fixed""},{""label"":""Selfplay"",""price"":""0"",""priceType"":""fixed""},{""label"":""Remote"",""price"":""15"",""priceType"":""percentage""}]";;;;0.00;0;2025-10-31 16:53:02.496166+00;2025-10-31 16:53:02.496166+00;fixed;false
9e997c14-fdf6-4ad6-96d2-5280dede12f1;5b7a773f-10ee-4feb-8abb-56ee74a646f9;reg;Region;button_group;true;"[{""label"":""EU"",""price"":""0"",""priceType"":""fixed""},{""label"":""NA"",""price"":""0"",""priceType"":""fixed""}]";;;;0.00;1;2025-10-31 16:53:10.951252+00;2025-10-31 16:53:10.951252+00;fixed;false
d9b98493-2cde-4470-a9fe-213f6498a3e1;174e5a48-de41-4350-9eae-491571e5ea1a;boost;Boost Mode;button_group;true;"[{""label"":""Pilot"",""price"":""0"",""priceType"":""fixed""},{""label"":""Selfplay"",""price"":""0"",""priceType"":""fixed""},{""label"":""Remote"",""price"":""15"",""priceType"":""percentage""}]";;;;0.00;0;2025-10-31 16:56:22.086597+00;2025-10-31 16:56:22.086597+00;fixed;false
03e3d6ee-c828-46c2-b7cf-71e8e7664bdb;174e5a48-de41-4350-9eae-491571e5ea1a;reg;Region;button_group;true;"[{""label"":""EU"",""price"":""0"",""priceType"":""fixed""},{""label"":""NA"",""price"":""0"",""priceType"":""fixed""}]";;;;0.00;1;2025-10-31 16:56:32.521097+00;2025-10-31 16:56:32.521097+00;fixed;false
4a7c9252-b2f3-4d77-82e9-6787ca0a792d;4de0d82a-dffd-4fed-9a9b-7f4ce6dbda6d;boost;Boost Mode;button_group;true;"[{""label"":""Pilot"",""price"":""0"",""priceType"":""fixed""},{""label"":""Selfplay"",""price"":""0"",""priceType"":""fixed""},{""label"":""Remote"",""price"":""15"",""priceType"":""percentage""}]";;;;0.00;0;2025-10-31 16:59:37.255011+00;2025-10-31 16:59:37.255011+00;fixed;false
fbc2c0a8-1fac-4fca-9a7f-e6f23281fdb9;4de0d82a-dffd-4fed-9a9b-7f4ce6dbda6d;reg;Region;button_group;true;"[{""label"":""EU"",""price"":""0"",""priceType"":""fixed""},{""label"":""NA"",""price"":""0"",""priceType"":""fixed""}]";;;;0.00;1;2025-10-31 16:59:45.957691+00;2025-10-31 16:59:45.957691+00;fixed;false
0887b947-0ea3-45c8-b4d2-0b86508463c1;86c23f21-7611-401a-9705-67c8f3c68281;boost;Boost Mode;button_group;true;"[{""label"":""Pilot"",""price"":""0"",""priceType"":""fixed""},{""label"":""Selfplay"",""price"":""0"",""priceType"":""fixed""},{""label"":""Remote"",""price"":""15"",""priceType"":""percentage""}]";;;;0.00;0;2025-10-31 17:02:42.47976+00;2025-10-31 17:02:42.47976+00;fixed;false
f708c641-5a45-413e-a921-b9b90eab9033;86c23f21-7611-401a-9705-67c8f3c68281;reg;Region;button_group;true;"[{""label"":""EU"",""price"":""0"",""priceType"":""fixed""},{""label"":""NA"",""price"":""0"",""priceType"":""fixed""}]";;;;0.00;1;2025-10-31 17:02:54.601443+00;2025-10-31 17:02:54.601443+00;fixed;false
49fa843e-af79-42fc-bcc2-7850f2c41836;4ce5c5bd-e753-4347-b963-ae664d0bb4ea;boost;Boost Mode;button_group;true;"[{""label"":""Pilot"",""price"":""0"",""priceType"":""fixed""},{""label"":""Remote"",""price"":""15"",""priceType"":""percentage""}]";;;;0.00;0;2025-10-31 17:06:54.580518+00;2025-10-31 17:06:54.580518+00;fixed;false
34112ce8-6c32-4eba-89a5-f997d09ab32b;4ce5c5bd-e753-4347-b963-ae664d0bb4ea;reg;Region;button_group;true;"[{""label"":""EU"",""price"":""0"",""priceType"":""fixed""},{""label"":""NA"",""price"":""0"",""priceType"":""fixed""}]";;;;0.00;1;2025-10-31 17:07:04.098861+00;2025-10-31 17:07:04.098861+00;fixed;false
71cbe815-455c-40fd-83c0-9b129c044c67;4ce5c5bd-e753-4347-b963-ae664d0bb4ea;role;Your Role;select;true;"[{""label"":""Damage Dealer"",""price"":""0"",""priceType"":""fixed""},{""label"":""Healer"",""price"":""0"",""priceType"":""fixed""},{""label"":""Tank"",""price"":""0"",""priceType"":""fixed""}]";;;;0.00;2;2025-10-31 17:07:28.793451+00;2025-10-31 17:07:28.793451+00;fixed;false
691c0c82-6528-4702-9563-e6fb2e5369a8;4ce5c5bd-e753-4347-b963-ae664d0bb4ea;tridif;Select Trial Difficulty;checkbox;true;"[{""label"":""Bronze"",""price"":""7.96"",""priceType"":""fixed""},{""label"":""Silver"",""price"":""11.56"",""priceType"":""fixed""},{""label"":""Gold"",""price"":""13.56"",""priceType"":""fixed""},{""label"":""Endless (Wave 10)"",""price"":""13.56"",""priceType"":""fixed""},{""label"":""Endless (Wave 20)"",""price"":""18.36"",""priceType"":""fixed""},{""label"":""Endless (Wave 30)"",""price"":""23.16"",""priceType"":""fixed""}]";;;;0.00;3;2025-10-31 17:10:58.818647+00;2025-10-31 17:10:58.818647+00;fixed;false
84188a56-5ed7-4b89-aead-888a7a0b7571;4ce5c5bd-e753-4347-b963-ae664d0bb4ea;exoption;Extra Options;checkbox;false;"[{""label"":""You're Doing it Wrong achievement"",""price"":""17.6"",""priceType"":""fixed""},{""label"":""463 ilvl Heroic Dungeon gear"",""price"":""26.4"",""priceType"":""fixed""}]";;;;0.00;4;2025-10-31 17:12:32.436748+00;2025-10-31 17:12:32.436748+00;fixed;false
1fe2d5ca-1db8-44e6-8329-4d59cbd3d442;e0c73ec2-09d5-46f9-8d6a-f1560c863d15;boost;Boost Mode;button_group;true;"[{""label"":""Pilot"",""price"":""0"",""priceType"":""fixed""},{""label"":""Selfplay"",""price"":""0"",""priceType"":""fixed""},{""label"":""Remote"",""price"":""15"",""priceType"":""percentage""}]";;;;0.00;0;2025-10-31 17:25:43.352776+00;2025-10-31 17:25:43.352776+00;fixed;false
b4175c39-4961-41c0-8aad-7c7c28492ccd;e0c73ec2-09d5-46f9-8d6a-f1560c863d15;reg;Region;button_group;true;"[{""label"":""EU"",""price"":""0"",""priceType"":""fixed""},{""label"":""NA"",""price"":""0"",""priceType"":""fixed""}]";;;;0.00;1;2025-10-31 17:25:51.878517+00;2025-10-31 17:25:51.878517+00;fixed;false
5a6198a0-9a96-4e73-acc7-9fcecec66ee8;e0c73ec2-09d5-46f9-8d6a-f1560c863d15;lootop;Loot Option;select;true;"[{""label"":""3+ items loot run"",""price"":""279.96"",""priceType"":""fixed""},{""label"":""4+ items loot run"",""price"":""319.96"",""priceType"":""fixed""},{""label"":""Full priority loot run"",""price"":""359.96"",""priceType"":""fixed""}]";;;;0.00;3;2025-10-31 17:27:18.595589+00;2025-10-31 17:27:18.595589+00;fixed;false
7a219f94-b668-40b3-9241-9e8945cd24a7;e0c73ec2-09d5-46f9-8d6a-f1560c863d15;addop;Additional Options;checkbox;false;"[{""label"":""Add Astral Cloud Serpent mount"",""price"":""550"",""priceType"":""fixed""}]";;;;440.00;4;2025-10-31 17:28:20.163145+00;2025-10-31 17:28:20.163145+00;fixed;false
8d41bae8-bc63-4f17-91d6-2abb8f519002;492e6763-5aa9-4fc4-bc2c-675b7a1f7eb0;boost;Boost Mode;button_group;true;"[{""label"":""Pilot"",""price"":""0"",""priceType"":""fixed""},{""label"":""Selfplay"",""price"":""0"",""priceType"":""fixed""},{""label"":""Remote"",""price"":""0"",""priceType"":""fixed""}]";;;;0.00;0;2025-10-31 17:46:12.886374+00;2025-10-31 17:46:12.886374+00;fixed;false
2dc4f772-eb46-4b05-b948-fbe299e7d495;492e6763-5aa9-4fc4-bc2c-675b7a1f7eb0;reg;Region;button_group;true;"[{""label"":""EU"",""price"":""0"",""priceType"":""fixed""},{""label"":""NA"",""price"":""0"",""priceType"":""fixed""}]";;;;0.00;1;2025-10-31 17:46:35.035122+00;2025-10-31 17:46:35.035122+00;fixed;false
16e3ba1a-de4d-45e0-9cb1-18581ff92c58;492e6763-5aa9-4fc4-bc2c-675b7a1f7eb0;lootop;Loot Option;select;true;"[{""label"":""3+ Items loot run"",""price"":""279.96"",""priceType"":""fixed""},{""label"":""4+ items loot run"",""price"":""319.96"",""priceType"":""fixed""},{""label"":""Full priority loot run"",""price"":""359.96"",""priceType"":""fixed""}]";;;;0.00;3;2025-10-31 17:50:38.976312+00;2025-10-31 17:50:45.301917+00;fixed;false
ed2c95fb-c795-4f50-80d4-8daa7d22e240;ec2e5c1a-9d25-4b1d-a09c-ea500c07353f;boost;Boost Mode;button_group;true;"[{""label"":""Pilot"",""price"":""0"",""priceType"":""fixed""},{""label"":""Selfplay"",""price"":""0"",""priceType"":""fixed""},{""label"":""Remote"",""price"":""0"",""priceType"":""fixed""}]";;;;0.00;0;2025-10-31 17:53:59.76914+00;2025-10-31 17:53:59.76914+00;fixed;false
d5be61d5-aa3f-4f4a-a96d-1ce389c6b7e1;d174f919-9c1d-413e-8f8c-ddc62cc02873;wpntype;Weapon type and model;text;false;;Weapon ;;;0.00;1;2025-10-31 21:07:06.388197+00;2025-10-31 21:07:06.388197+00;fixed;false
baa104d9-2715-49ff-9790-58d1648ff84c;20eb0c59-9bda-4990-a73e-3d7278adfb2e;dif;Difficulty;select;true;"[{""label"":""Normal"",""price"":""0"",""priceType"":""fixed""},{""label"":""Heroic 12/13"",""price"":""350"",""priceType"":""percentage""},{""label"":""Heroic 13/13"",""price"":""400"",""priceType"":""percentage""}]";;;;0.00;2;2025-10-31 18:11:06.186243+00;2025-10-31 18:20:19.624338+00;fixed;false
af0a05be-d6e4-4f6c-a583-4a5ecff3e336;20eb0c59-9bda-4990-a73e-3d7278adfb2e;reg;Region;button_group;true;"[{""label"":""EU"",""price"":""0"",""priceType"":""fixed""},{""label"":""NA"",""price"":""30"",""priceType"":""percentage""}]";;;;0.00;1;2025-10-31 18:10:46.514462+00;2025-12-29 22:04:49.115072+00;fixed;false
d45b9870-ddef-4b28-9d40-74f71aa7d383;20eb0c59-9bda-4990-a73e-3d7278adfb2e;boost;Boost Mode;button_group;true;"[{""label"":""Pilot"",""price"":""0"",""priceType"":""fixed""},{""label"":""Selfplay"",""price"":""30"",""priceType"":""percentage""},{""label"":""Remote"",""price"":""15"",""priceType"":""percentage""}]";;;;0.00;0;2025-10-31 18:10:31.526188+00;2025-12-29 22:04:57.282915+00;fixed;false
117c65fd-f409-4931-ba4c-1671087a8dd2;20eb0c59-9bda-4990-a73e-3d7278adfb2e;lootop;Loot Option;select;true;"[{""label"":""4+ Items loot run"",""price"":""259"",""priceType"":""fixed""},{""label"":""6+ Items loot run"",""price"":""599"",""priceType"":""fixed""},{""label"":""8+ Items loot run"",""price"":""799"",""priceType"":""fixed""},{""label"":""Full priority loot run"",""price"":""999"",""priceType"":""fixed""}]";;;;0.00;3;2025-10-31 18:13:13.343689+00;2025-12-29 22:05:37.444708+00;fixed;false
6d4b03ab-a75e-4b13-b3da-6842d602a3c1;17881791-5e05-4a90-9aa3-c7b21669edf8;group-loot;Run Type;button_group;false;"[{""label"":""Personal Loot"",""price"":0,""priceType"":""fixed"",""value"":""personal_loot""},{""label"":""Loot Share"",""price"":""0"",""priceType"":""fixed""}]";;;;0.00;0;2026-01-28 11:15:40.735488+00;2026-01-31 20:19:56.227478+00;fixed;false
c6fe1fa3-bc2d-4c35-aabf-d7bfca615a52;17881791-5e05-4a90-9aa3-c7b21669edf8;armor-tier;Armor and Tier Prio;select;false;"[{""label"":""Choose option"",""price"":0,""priceType"":""fixed"",""value"":""choose_option""},{""label"":""10 Unsaved Players"",""price"":0,""priceType"":""fixed"",""value"":""10_unsaved_players""},{""label"":""15 Unsaved Players"",""price"":0,""priceType"":""fixed"",""value"":""15_unsaved_players""},{""label"":""20 Unsaved Players"",""price"":0,""priceType"":""fixed"",""value"":""20_unsaved_players""},{""label"":""25 Unsaved Players"",""price"":0,""priceType"":""fixed"",""value"":""25_unsaved_players""},{""label"":""29 Unsaved Players"",""price"":0,""priceType"":""fixed"",""value"":""29_unsaved_players""}]";;;;0.00;10;2026-01-31 20:29:54.421123+00;2026-01-31 20:29:54.421123+00;fixed;false
0988b2e8-ea39-49a5-8aa0-4095be2eef79;c91a2fe3-65dc-4d2d-9fea-31f0db78b197;armor-tier;Armor and Tier Prio;select;false;"[{""label"":""Choose option"",""price"":0,""priceType"":""fixed"",""value"":""choose_option""},{""label"":""10 Unsaved Players"",""price"":0,""priceType"":""fixed"",""value"":""10_unsaved_players""},{""label"":""15 Unsaved Players"",""price"":0,""priceType"":""fixed"",""value"":""15_unsaved_players""},{""label"":""20 Unsaved Players"",""price"":0,""priceType"":""fixed"",""value"":""20_unsaved_players""},{""label"":""25 Unsaved Players"",""price"":0,""priceType"":""fixed"",""value"":""25_unsaved_players""},{""label"":""29 Unsaved Players"",""price"":0,""priceType"":""fixed"",""value"":""29_unsaved_players""}]";;;;0.00;10;2026-01-31 20:29:54.421123+00;2026-01-31 20:29:54.421123+00;fixed;false
06a6fe6e-81dc-4788-a565-3cd93dd18c4c;2adf7b32-22c8-4f1c-9459-580056f31bb0;armor-tier;Armor and Tier Prio;select;false;"[{""label"":""Choose option"",""price"":0,""priceType"":""fixed"",""value"":""choose_option""},{""label"":""10 Unsaved Players"",""price"":0,""priceType"":""fixed"",""value"":""10_unsaved_players""},{""label"":""15 Unsaved Players"",""price"":0,""priceType"":""fixed"",""value"":""15_unsaved_players""},{""label"":""20 Unsaved Players"",""price"":0,""priceType"":""fixed"",""value"":""20_unsaved_players""},{""label"":""25 Unsaved Players"",""price"":0,""priceType"":""fixed"",""value"":""25_unsaved_players""},{""label"":""29 Unsaved Players"",""price"":0,""priceType"":""fixed"",""value"":""29_unsaved_players""}]";;;;0.00;10;2026-01-31 20:29:54.421123+00;2026-01-31 20:29:54.421123+00;fixed;false
544350c1-dae6-4f1a-8933-6269969e0413;21ba77cf-cff9-44ba-80d0-51cd40c6a9d8;armor-tier;Armor and Tier Prio;select;false;"[{""label"":""Choose option"",""price"":0,""priceType"":""fixed"",""value"":""choose_option""},{""label"":""10 Unsaved Players"",""price"":0,""priceType"":""fixed"",""value"":""10_unsaved_players""},{""label"":""15 Unsaved Players"",""price"":0,""priceType"":""fixed"",""value"":""15_unsaved_players""},{""label"":""20 Unsaved Players"",""price"":0,""priceType"":""fixed"",""value"":""20_unsaved_players""},{""label"":""25 Unsaved Players"",""price"":0,""priceType"":""fixed"",""value"":""25_unsaved_players""},{""label"":""29 Unsaved Players"",""price"":0,""priceType"":""fixed"",""value"":""29_unsaved_players""}]";;;;0.00;10;2026-01-31 20:29:54.421123+00;2026-01-31 20:29:54.421123+00;fixed;false
f2dd925c-85c7-4716-8128-3402a674984d;492e6763-5aa9-4fc4-bc2c-675b7a1f7eb0;dif;Difficulty;button_group;true;"[{""label"":""Heroic"",""price"":""0"",""priceType"":""fixed""}]";;;;0.00;2;2025-10-31 17:46:53.42028+00;2025-10-31 18:21:55.990958+00;fixed;false
b0a5e05c-a7c9-4979-b556-79db6463cd19;9d239622-e475-4b25-9461-6b4c5aa1a667;region;Region;button_group;false;"[{""label"":""EU"",""price"":""0"",""priceType"":""fixed""},{""label"":""NA"",""price"":""0"",""priceType"":""fixed""}]";;;;0.00;0;2026-01-28 20:23:46.236767+00;2026-01-28 20:23:46.236767+00;fixed;false
9da250c6-deef-4760-a74b-ae8885e7745e;05258691-2a3d-4b99-a54b-a5b8291637b3;armor-tier;Armor and Tier Prio;select;false;"[{""label"":""Choose option"",""price"":0,""priceType"":""fixed"",""value"":""choose_option""},{""label"":""10 Unsaved Players"",""price"":0,""priceType"":""fixed"",""value"":""10_unsaved_players""},{""label"":""15 Unsaved Players"",""price"":0,""priceType"":""fixed"",""value"":""15_unsaved_players""},{""label"":""20 Unsaved Players"",""price"":0,""priceType"":""fixed"",""value"":""20_unsaved_players""},{""label"":""25 Unsaved Players"",""price"":0,""priceType"":""fixed"",""value"":""25_unsaved_players""},{""label"":""29 Unsaved Players"",""price"":0,""priceType"":""fixed"",""value"":""29_unsaved_players""}]";;;;0.00;10;2026-01-31 20:29:54.421123+00;2026-01-31 20:29:54.421123+00;fixed;false
bd846ee0-d32d-4e1e-aea2-fe9c471f583c;552d3240-9162-404d-b94d-aba803b756a0;armor-tier;Armor and Tier Prio;select;false;"[{""label"":""Choose option"",""price"":0,""priceType"":""fixed"",""value"":""choose_option""},{""label"":""10 Unsaved Players"",""price"":0,""priceType"":""fixed"",""value"":""10_unsaved_players""},{""label"":""15 Unsaved Players"",""price"":0,""priceType"":""fixed"",""value"":""15_unsaved_players""},{""label"":""20 Unsaved Players"",""price"":0,""priceType"":""fixed"",""value"":""20_unsaved_players""},{""label"":""25 Unsaved Players"",""price"":0,""priceType"":""fixed"",""value"":""25_unsaved_players""},{""label"":""29 Unsaved Players"",""price"":0,""priceType"":""fixed"",""value"":""29_unsaved_players""}]";;;;0.00;10;2026-01-31 20:29:54.421123+00;2026-01-31 20:29:54.421123+00;fixed;false
5618e0c1-0d7f-4cbd-b57a-8da9f9628cbe;a4661464-d866-49c5-8852-23bb4ed3d9f1;boost_method;Boost Method;button_group;false;"[{""label"":""Pilot"",""price"":""0"",""priceType"":""fixed""},{""label"":""Remote"",""price"":""30"",""priceType"":""percentage""}]";;;;0.00;0;2026-02-05 21:08:23.493399+00;2026-02-05 21:08:23.493399+00;fixed;false
1b326a10-6841-4bf8-90e1-bc4c1ad8e5c3;fa8f2ffe-dd64-44f2-a232-ef35afa408c6;boost_method;Boost Method;button_group;false;"[{""label"":""Pilot"",""price"":""0"",""priceType"":""fixed""},{""label"":""Remote"",""price"":""30"",""priceType"":""percentage""}]";;;;0.00;0;2026-02-12 22:45:09.468004+00;2026-02-12 22:45:09.468004+00;fixed;false
6291beb2-9883-4834-8093-870f648e5437;ec2e5c1a-9d25-4b1d-a09c-ea500c07353f;dif;Difficulty;button_group;true;"[{""label"":""Heroic"",""price"":""0"",""priceType"":""fixed""}]";;;;0.00;2;2025-10-31 17:54:28.951867+00;2025-10-31 18:22:06.651822+00;fixed;false
3c293079-811c-40b4-98a0-de13160f5502;ec7d33a3-7a83-46b2-8040-27f5bd519d4e;boost;Boost Mode;button_group;true;"[{""label"":""Pilot"",""price"":""0"",""priceType"":""fixed""},{""label"":""Selfplay"",""price"":""0"",""priceType"":""fixed""},{""label"":""Remote"",""price"":""15"",""priceType"":""fixed""}]";;;;0.00;0;2025-10-31 18:28:15.102775+00;2025-10-31 18:28:15.102775+00;fixed;false
843f845c-25a0-411e-a077-a9893afa61e3;ec7d33a3-7a83-46b2-8040-27f5bd519d4e;reg;Region;button_group;true;"[{""label"":""EU"",""price"":""0"",""priceType"":""fixed""},{""label"":""NA"",""price"":""0"",""priceType"":""fixed""}]";;;;0.00;1;2025-10-31 18:28:25.183496+00;2025-10-31 18:28:25.183496+00;fixed;false
18c82d24-05b2-4637-a0b8-9db4c1e7c962;2cdb211d-2957-404f-8cf3-cdc89d7680d5;boost;Boost Mode;button_group;true;"[{""label"":""Pilot"",""price"":""0"",""priceType"":""fixed""},{""label"":""Selfplay"",""price"":""0"",""priceType"":""fixed""},{""label"":""Remote"",""price"":""15"",""priceType"":""percentage""}]";;;;0.00;0;2025-10-31 18:35:50.790369+00;2025-10-31 18:35:50.790369+00;fixed;false
38aeba85-6763-468c-9c74-71c70eef9608;2cdb211d-2957-404f-8cf3-cdc89d7680d5;reg;Region;button_group;true;"[{""label"":""EU"",""price"":""0"",""priceType"":""fixed""},{""label"":""NA"",""price"":""0"",""priceType"":""fixed""}]";;;;0.00;1;2025-10-31 18:36:05.71588+00;2025-10-31 18:36:05.71588+00;fixed;false
b7af0344-a444-441d-8d4a-d083761eef39;2cdb211d-2957-404f-8cf3-cdc89d7680d5;lootop;Loot Option;select;true;"[{""label"":""5+ Items loot run"",""price"":""159.96"",""priceType"":""fixed""},{""label"":""7+ Items loot run"",""price"":""175.96"",""priceType"":""fixed""},{""label"":""9+ Items loot run"",""price"":""239.95"",""priceType"":""fixed""},{""label"":""11+ Items loot run"",""price"":""259.95"",""priceType"":""fixed""}]";;;;0.00;3;2025-10-31 18:37:56.21736+00;2025-10-31 18:37:56.21736+00;fixed;false
70cb530a-cea2-48db-a5fb-d4d10fc99190;2cdb211d-2957-404f-8cf3-cdc89d7680d5;dif;Difficulty;button_group;true;"[{""label"":""Normal"",""price"":""0"",""priceType"":""fixed""},{""label"":""Heroic"",""price"":""325"",""priceType"":""percentage""}]";;;;0.00;2;2025-10-31 18:36:36.520308+00;2025-10-31 18:38:55.207899+00;fixed;false
683742be-8607-4b27-9830-a500ad7b0f75;2cdb211d-2957-404f-8cf3-cdc89d7680d5;addop;Additional Options;checkbox;false;"[{""label"":""Add Kor'kron Juggernaut mount (Heroic Only)"",""price"":""600"",""priceType"":""fixed""}]";;;;0.00;4;2025-10-31 18:39:25.830492+00;2025-10-31 18:39:29.397644+00;fixed;false
81db2d66-83fb-49e8-b75c-7b9545db5f7e;0d02bc5d-a73e-4372-9ac4-b55fe2fd8893;bf6plat;Platform;button_group;false;"[{""label"":""PC"",""price"":""0"",""priceType"":""fixed""},{""label"":""PS"",""price"":""0"",""priceType"":""fixed""},{""label"":""Xbox"",""price"":""0"",""priceType"":""fixed""}]";;;;0.00;0;2025-10-31 20:35:41.777406+00;2025-10-31 20:35:41.777406+00;fixed;false
7e52de7b-4a8e-47c2-8153-e3ed460bf28e;0d02bc5d-a73e-4372-9ac4-b55fe2fd8893;bf6extra;Weapon use;button_group;false;"[{""label"":""Specific Weapons"",""price"":""10"",""priceType"":""percentage""},{""label"":""Any Weapon"",""price"":""0"",""priceType"":""fixed""}]";;;;0.00;1;2025-10-31 20:37:09.040458+00;2025-10-31 20:41:41.396814+00;fixed;false
8ea1f4a4-7b02-4f02-a2b6-c23decdb8726;90c7202a-95a8-4a14-9d47-0d6477b1da40;platbfpass;Platform;button_group;false;"[{""label"":""PC"",""price"":""0"",""priceType"":""fixed""},{""label"":""PS"",""price"":""0"",""priceType"":""fixed""},{""label"":""Xbox"",""price"":""0"",""priceType"":""fixed""}]";;;;0.00;0;2025-10-31 20:54:30.703648+00;2025-10-31 20:54:30.703648+00;fixed;false
ab154670-f04b-418a-9bbc-e24a8f50e16c;d174f919-9c1d-413e-8f8c-ddc62cc02873;platformbf6;Platform;button_group;false;"[{""label"":""PC"",""price"":""0"",""priceType"":""fixed""},{""label"":""PS"",""price"":""0"",""priceType"":""fixed""},{""label"":""Xbox"",""price"":""0"",""priceType"":""fixed""}]";;;;0.00;0;2025-10-31 21:06:11.732743+00;2025-10-31 21:06:11.732743+00;fixed;false
0ad45e60-0f49-4ac8-bfb8-fb33eedada07;a9fd1070-f955-497f-86ca-657d4b4c923d;platbf6vech;Platform;button_group;false;"[{""label"":""PC"",""price"":""0"",""priceType"":""fixed""},{""label"":""PS"",""price"":""0"",""priceType"":""fixed""},{""label"":""Xbox"",""price"":""0"",""priceType"":""fixed""}]";;;;0.00;0;2025-10-31 21:14:35.987114+00;2025-10-31 21:14:35.987114+00;fixed;false
5b9ea532-1d4f-4740-80bf-ea942f8db943;a9fd1070-f955-497f-86ca-657d4b4c923d;Vehicleboost;Select Vehicle;checkbox;false;"[{""label"":""Main Battle Tanks"",""price"":""0"",""priceType"":""fixed""},{""label"":""Infantry Fighting Vehicles"",""price"":""0"",""priceType"":""fixed""},{""label"":""Mobile AA Vehicles"",""price"":""0"",""priceType"":""fixed""},{""label"":""Light Ground Transport "",""price"":""0"",""priceType"":""fixed""},{""label"":""Attack Helicopters  "",""price"":""0"",""priceType"":""fixed""},{""label"":""Transports Helicopters"",""price"":""0"",""priceType"":""fixed""},{""label"":""Attack Jets"",""price"":""0"",""priceType"":""fixed""},{""label"":""Fighter Jets"",""price"":""0"",""priceType"":""fixed""}]";;;;0.00;1;2025-10-31 21:23:52.238788+00;2025-10-31 21:23:52.238788+00;fixed;false
34960e3a-dcd6-40cd-a85c-85b8505edbf2;f8bb0ea7-9c25-4f3e-a179-a5f66e26a113;platwpn;Platform;button_group;false;"[{""label"":""PC"",""price"":""0"",""priceType"":""fixed""},{""label"":""PS"",""price"":""0"",""priceType"":""fixed""},{""label"":""Xbox"",""price"":""0"",""priceType"":""fixed""}]";;;;0.00;0;2025-10-31 21:26:23.726492+00;2025-10-31 21:26:23.726492+00;fixed;false
5ca5f01d-3d3d-4bc1-a783-78be58451ad5;f8bb0ea7-9c25-4f3e-a179-a5f66e26a113;assrifle;Assault Rifle;checkbox;false;"[{""label"":""NVO-228e "",""price"":""15"",""priceType"":""fixed""},{""label"":""SOR-556 Mk2"",""price"":""49"",""priceType"":""fixed""},{""label"":""AK4D"",""price"":""75"",""priceType"":""fixed""},{""label"":""TR-7"",""price"":""119"",""priceType"":""fixed""},{""label"":""KORD 6P67"",""price"":""11"",""priceType"":""fixed""},{""label"":""B36A4"",""price"":""25"",""priceType"":""fixed""},{""label"":""B36A4"",""price"":""25"",""priceType"":""fixed""},{""label"":""L85A3"",""price"":""19"",""priceType"":""fixed""}]";;;;0.00;1;2025-10-31 21:33:39.417076+00;2025-10-31 21:33:39.417076+00;fixed;false
bfbdb0f4-5422-4b22-b0cb-ed9b760badc4;f8bb0ea7-9c25-4f3e-a179-a5f66e26a113;smgvpn;SMG;checkbox;false;"[{""label"":""PW5A3"",""price"":""9"",""priceType"":""fixed""},{""label"":""PW7A2"",""price"":""34"",""priceType"":""fixed""},{""label"":""UMG-40"",""price"":""58"",""priceType"":""fixed""},{""label"":""USG-90"",""price"":""79"",""priceType"":""fixed""},{""label"":""KV9"",""price"":""106"",""priceType"":""fixed""},{""label"":""SCW-10"",""price"":""25"",""priceType"":""fixed""},{""label"":""SL9"",""price"":""29"",""priceType"":""fixed""}]";;;;0.00;2;2025-10-31 21:37:48.543902+00;2025-10-31 21:37:48.543902+00;fixed;false
1188f62f-8e4b-4f40-b4d9-aa73422c7480;f8bb0ea7-9c25-4f3e-a179-a5f66e26a113;shotgun;Shotgun;checkbox;false;"[{""label"":""M1014"",""price"":""97"",""priceType"":""fixed""},{""label"":""18.5KS-K"",""price"":""29"",""priceType"":""fixed""}]";;;;0.00;3;2025-10-31 21:43:13.082649+00;2025-10-31 21:43:13.082649+00;fixed;false
896b236b-d867-4ac6-bd91-29a90f37fe8d;f8bb0ea7-9c25-4f3e-a179-a5f66e26a113;lmg;Lmg;checkbox;false;"[{""label"":""DRS-IAR"",""price"":""014"",""priceType"":""fixed""},{""label"":""KTSMk8"",""price"":""19"",""priceType"":""fixed""},{""label"":""M60"",""price"":""36"",""priceType"":""fixed""},{""label"":""PRKM"",""price"":""61"",""priceType"":""fixed""},{""label"":""M123K"",""price"":""85"",""priceType"":""fixed""},{""label"":""M250"",""price"":""109"",""priceType"":""fixed""},{""label"":""M240L"",""price"":""25"",""priceType"":""fixed""}]";;;;0.00;4;2025-10-31 21:48:02.290192+00;2025-10-31 21:48:02.290192+00;fixed;false
42691495-a962-4e6c-87a7-7dcb5fdb1a52;f8bb0ea7-9c25-4f3e-a179-a5f66e26a113;carbinevpn;Carbine;checkbox;false;"[{""label"":""M4A1"",""price"":""5"",""priceType"":""fixed""},{""label"":""AK-205"",""price"":""41"",""priceType"":""fixed""},{""label"":""M417 A2"",""price"":""67"",""priceType"":""fixed""},{""label"":""M277"",""price"":""18"",""priceType"":""fixed""},{""label"":""GRT-BC"",""price"":""94"",""priceType"":""fixed""},{""label"":""QBZ-192"",""price"":""11"",""priceType"":""fixed""},{""label"":""SG 553R"",""price"":""29"",""priceType"":""fixed""}]";;;;0.00;5;2025-10-31 21:51:51.785116+00;2025-10-31 21:51:51.785116+00;fixed;false
420bb570-1f79-4f13-9cf4-ae96d3cfb847;f8bb0ea7-9c25-4f3e-a179-a5f66e26a113;sniperriflevpn;Sniper rifle;checkbox;false;"[{""label"":""SV-98"",""price"":""51"",""priceType"":""fixed""},{""label"":""PSR"",""price"":""65"",""priceType"":""fixed""}]";;;;0.00;6;2025-10-31 21:53:26.992004+00;2025-10-31 21:53:26.992004+00;fixed;false
090a43b6-337a-4b8f-b3fb-43bd63889aca;3bfccf90-f336-4367-9cf6-36a54f02a871;addop;Additional Options;checkbox;false;"[{""label"":""Unlock Torment IV"",""price"":""1.76"",""priceType"":""fixed""}]";;;;0.00;4;2025-11-05 03:16:26.29354+00;2025-11-05 03:16:26.29354+00;fixed;false
35f22f3f-c3ab-4606-8704-e2b1391f08af;f8bb0ea7-9c25-4f3e-a179-a5f66e26a113;secondaryvpn;Secondary;checkbox;false;"[{""label"":""ES 5.7"",""price"":""46"",""priceType"":""fixed""},{""label"":""M45A1"",""price"":""88"",""priceType"":""fixed""},{""label"":""M44"",""price"":""115"",""priceType"":""fixed""}]";;;;0.00;8;2025-10-31 21:58:05.941464+00;2025-10-31 21:58:05.941464+00;fixed;false
a71dff61-436b-4386-8b40-35c00d8e11fb;f8bb0ea7-9c25-4f3e-a179-a5f66e26a113;desireddmrvpn;DMR;checkbox;false;"[{""label"":""SVK-8.6"",""price"":""39"",""priceType"":""fixed""},{""label"":""LMR27"",""price"":""28"",""priceType"":""fixed""},{""label"":""SVDM"",""price"":""39"",""priceType"":""fixed""}]";;;;0.00;7;2025-10-31 21:55:57.526175+00;2025-10-31 22:58:18.50477+00;fixed;false
eae8a77e-b978-4f62-abbe-268e7b5876be;e1d90154-c93d-48b1-9a90-817bd82de73c;platformbm6;Platform;button_group;false;"[{""label"":""PC"",""price"":""0"",""priceType"":""fixed""},{""label"":""PS"",""price"":""0"",""priceType"":""fixed""},{""label"":""Xbox"",""price"":""0"",""priceType"":""fixed""}]";;;;0.00;0;2025-10-31 23:20:53.333352+00;2025-10-31 23:20:53.333352+00;fixed;false
217e8040-f1d9-4548-aca0-87ace595ccc2;e1d90154-c93d-48b1-9a90-817bd82de73c;ctbf6;Challenge Type;checkbox;false;"[{""label"":""Daily"",""price"":""6"",""priceType"":""fixed""},{""label"":""Weekly "",""price"":""15"",""priceType"":""fixed""}]";;;;0.00;1;2025-10-31 23:22:01.361444+00;2025-10-31 23:22:01.361444+00;fixed;false
8463fa5f-8430-4530-834c-ed01f7c26daf;e1d90154-c93d-48b1-9a90-817bd82de73c;classassi;Assignments ( Class );checkbox;false;"[{""label"":""Assault Challenge 1"",""price"":""10"",""priceType"":""fixed""},{""label"":""Assault Challenge 2"",""price"":""18"",""priceType"":""fixed""},{""label"":""Assault Challenge 3"",""price"":""18"",""priceType"":""fixed""},{""label"":""Assault Expert Challenge 1"",""price"":""23"",""priceType"":""fixed""},{""label"":""Assault Expert Challenge 2"",""price"":""23"",""priceType"":""fixed""},{""label"":""Assault Expert Challenge 3"",""price"":""37"",""priceType"":""fixed""},{""label"":""Engineer Challenge 1"",""price"":""8"",""priceType"":""fixed""},{""label"":""Engineer Challenge 2"",""price"":""18"",""priceType"":""fixed""},{""label"":""Engineer Challenge 3 "",""price"":""23"",""priceType"":""fixed""},{""label"":""Engineer Specialist Challenge 1"",""price"":""23"",""priceType"":""fixed""},{""label"":""Engineer Specialist Challenge 2"",""price"":""46"",""priceType"":""fixed""},{""label"":""Engineer Specialist Challenge 3"",""price"":""46"",""priceType"":""fixed""},{""label"":""Support Challenge 1"",""price"":""8"",""priceType"":""fixed""},{""label"":""Support Challenge 2"",""price"":""33"",""priceType"":""fixed""},{""label"":""Support Challenge 3"",""price"":""60"",""priceType"":""fixed""},{""label"":""Support Specialist Challenge 1"",""price"":""71"",""priceType"":""fixed""},{""label"":""Support Specialist Challenge 2"",""price"":""27"",""priceType"":""fixed""},{""label"":""Support Specialist Challenge 3"",""price"":""71"",""priceType"":""fixed""},{""label"":""Recon Challenge 1"",""price"":""14"",""priceType"":""fixed""},{""label"":""Recon Challenge 2"",""price"":""42"",""priceType"":""fixed""},{""label"":""Recon Challenge 3"",""price"":""18"",""priceType"":""fixed""},{""label"":""Recon Specialist Challenge 1"",""price"":""46"",""priceType"":""fixed""},{""label"":""Recon Specialist Challenge 2"",""price"":""23"",""priceType"":""fixed""},{""label"":""Recon Specialist Challenge 3"",""price"":""71"",""priceType"":""fixed""}]";;;;0.00;5;2025-10-31 23:27:52.760482+00;2025-11-02 19:39:46.559791+00;fixed;false
3a72c282-97af-434a-a83a-13fda71e86e1;0533f9c6-2e36-4d47-8aee-1b7ebcffb66c;boost_method;Boost Method;button_group;false;"[{""label"":""Pilot"",""price"":""0"",""priceType"":""fixed""},{""label"":""Remote"",""price"":""30"",""priceType"":""percentage""}]";;;;0.00;0;2026-01-31 20:39:35.421403+00;2026-01-31 20:39:35.421403+00;fixed;false
66acaa18-107d-41b5-9a37-8b84f2c71267;2d14e561-2c90-4878-8d10-b200a7324347;boost;Boost Mode;button_group;true;"[{""label"":""Pilot"",""price"":""0"",""priceType"":""fixed""},{""label"":""Selfplay"",""price"":""0"",""priceType"":""fixed""},{""label"":""Remote"",""price"":""15"",""priceType"":""percentage""}]";;;;0.00;0;2025-11-01 03:16:00.073308+00;2025-11-01 03:16:00.073308+00;fixed;false
82235e2e-dc97-449c-a390-b36cccaf10ae;2d14e561-2c90-4878-8d10-b200a7324347;reg;Region;button_group;true;"[{""label"":""EU"",""price"":""0"",""priceType"":""fixed""},{""label"":""NA"",""price"":""0"",""priceType"":""fixed""}]";;;;0.00;1;2025-11-01 03:16:14.879119+00;2025-11-01 03:16:14.879119+00;fixed;false
2f277487-213d-4305-9552-73cbcd2fd670;c56787bf-e424-4cdc-9bc8-de01e7b22f9f;boost;Boost Mode;button_group;true;"[{""label"":""Pilot"",""price"":""0"",""priceType"":""fixed""},{""label"":""Selfplay"",""price"":""15"",""priceType"":""percentage""},{""label"":""Remote"",""price"":""15"",""priceType"":""percentage""}]";;;;0.00;0;2025-11-01 03:19:44.105048+00;2025-11-01 03:19:57.10972+00;fixed;false
af18d677-e080-483c-8a6c-371f4d80a3e6;c56787bf-e424-4cdc-9bc8-de01e7b22f9f;reg;Region;button_group;true;"[{""label"":""EU"",""price"":""0"",""priceType"":""fixed""},{""label"":""NA"",""price"":""0"",""priceType"":""fixed""}]";;;;0.00;1;2025-11-01 03:20:16.765199+00;2025-11-01 03:20:16.765199+00;fixed;false
5b7b1a58-606e-4a10-84f3-74b54466f016;c56787bf-e424-4cdc-9bc8-de01e7b22f9f;boostop;Boost Option;checkbox;true;"[{""label"":""9/9 World Tour"",""price"":""33.56"",""priceType"":""fixed""},{""label"":""Gate of the Setting Sun"",""price"":""4.36"",""priceType"":""fixed""},{""label"":""Mogu'shan Palace"",""price"":""4.36"",""priceType"":""fixed""},{""label"":""Scarlet Halls"",""price"":""4.36"",""priceType"":""fixed""},{""label"":""Scarlet Monastery"",""price"":""4.36"",""priceType"":""fixed""},{""label"":""Scholomance"",""price"":""4.36"",""priceType"":""fixed""},{""label"":""Shado-Pan Monastery"",""price"":""4.36"",""priceType"":""fixed""},{""label"":""Siege of Niuzao Temple"",""price"":""4.36"",""priceType"":""fixed""},{""label"":""Stormstout Brewery"",""price"":""4.36"",""priceType"":""fixed""},{""label"":""Temple of the Jade Serpent"",""price"":""4.36"",""priceType"":""fixed""}]";;;;0.00;2;2025-11-01 03:25:47.587289+00;2025-11-01 03:25:47.587289+00;fixed;false
d1e26dbf-cd3c-46d9-9d1d-55f648a388ef;74440432-6819-4460-8f76-4a563d072d12;boost;Boost Mode;button_group;true;"[{""label"":""Pilot"",""price"":""0"",""priceType"":""fixed""},{""label"":""Selfplay"",""price"":""0"",""priceType"":""fixed""}]";;;;0.00;0;2025-11-01 03:46:12.051784+00;2025-11-01 03:46:12.051784+00;fixed;false
6df152c5-5992-4a90-8d52-358733c1f59e;74440432-6819-4460-8f76-4a563d072d12;reg;Region;button_group;true;"[{""label"":""EU"",""price"":""0"",""priceType"":""fixed""},{""label"":""NA"",""price"":""0"",""priceType"":""fixed""}]";;;;0.00;1;2025-11-01 03:46:22.727745+00;2025-11-01 03:46:22.727745+00;fixed;false
85b052e4-c363-46b5-b3e0-774311cbf7ea;50edf0f7-cfba-4beb-a5e0-472bf98c86a2;reg;Region;button_group;true;"[{""label"":""EU"",""price"":""0"",""priceType"":""fixed""},{""label"":""NA"",""price"":""0"",""priceType"":""fixed""}]";;;;0.00;1;2025-11-01 03:50:24.232531+00;2025-11-01 03:50:24.232531+00;fixed;false
168374cb-7b0a-4fa1-a4db-48301d8ee357;50edf0f7-cfba-4beb-a5e0-472bf98c86a2;boostop;Boost Option;checkbox;true;"[{""label"":""9/9 World Tour"",""price"":""33.56"",""priceType"":""fixed""},{""label"":""Gate of the Setting Sun"",""price"":""4.36"",""priceType"":""fixed""},{""label"":""Mogu'shan Palace"",""price"":""4.36"",""priceType"":""fixed""},{""label"":""Scarlet Halls"",""price"":""4.36"",""priceType"":""fixed""},{""label"":""Scarlet Monastery"",""price"":""4.36"",""priceType"":""fixed""},{""label"":""Scholomance"",""price"":""4.36"",""priceType"":""fixed""},{""label"":""Shado-Pan Monastery"",""price"":""4.36"",""priceType"":""fixed""},{""label"":""Siege of Niuzao Temple"",""price"":""4.36"",""priceType"":""fixed""},{""label"":""Stormstout Brewery"",""price"":""4.36"",""priceType"":""fixed""},{""label"":""Temple of the Jade Serpent"",""price"":""4.36"",""priceType"":""fixed""}]";;;;0.00;2;2025-11-01 03:53:04.168074+00;2025-11-01 03:53:04.168074+00;fixed;false
523e3fe8-29b4-4cff-aae1-bee7d77019a8;50edf0f7-cfba-4beb-a5e0-472bf98c86a2;boost;Boost Mode;button_group;true;"[{""label"":""Pilot"",""price"":""0"",""priceType"":""fixed""},{""label"":""Selfplay"",""price"":""15"",""priceType"":""percentage""},{""label"":""Remote"",""price"":""15"",""priceType"":""percentage""}]";;;;0.00;0;2025-11-01 03:50:11.3393+00;2025-11-01 03:53:40.183066+00;fixed;false
662e34c0-0b9f-4bda-9f66-8c32744c2214;2add98c3-ca46-4c79-b4b9-a185facbaacb;boost;Boost Mode;button_group;true;"[{""label"":""Pilot"",""price"":""0"",""priceType"":""fixed""},{""label"":""Selfplay"",""price"":""0"",""priceType"":""fixed""}]";;;;0.00;0;2025-11-01 04:10:14.927461+00;2025-11-01 04:10:14.927461+00;fixed;false
a3b7b196-fb2b-4e43-8dfa-e1da853d9c80;2add98c3-ca46-4c79-b4b9-a185facbaacb;reg;Region;button_group;true;"[{""label"":""EU"",""price"":""0"",""priceType"":""fixed""},{""label"":""NA"",""price"":""0"",""priceType"":""fixed""}]";;;;0.00;1;2025-11-01 04:10:27.148361+00;2025-11-01 04:10:27.148361+00;fixed;false
74987d0a-24d8-4d7a-93e5-a8fb993b7d99;da6b0c76-0d9c-456b-bbc1-3f9d1c1af5bd;boost;Boost Mode;button_group;true;"[{""label"":""Pilot"",""price"":""0"",""priceType"":""fixed""},{""label"":""Selfplay"",""price"":""0"",""priceType"":""fixed""},{""label"":""Remote"",""price"":""15"",""priceType"":""percentage""}]";;;;0.00;0;2025-11-01 04:14:35.511225+00;2025-11-01 04:14:35.511225+00;fixed;false
360390a1-58c6-4af9-8e4d-518a36256b15;da6b0c76-0d9c-456b-bbc1-3f9d1c1af5bd;reg;Region;button_group;true;"[{""label"":""EU"",""price"":""0"",""priceType"":""fixed""},{""label"":""NA"",""price"":""0"",""priceType"":""fixed""}]";;;;0.00;1;2025-11-01 04:14:46.017101+00;2025-11-01 04:14:46.017101+00;fixed;false
02674886-56f2-45b8-bb96-259031556b6b;f4556954-c692-4bf3-b0ce-ea05b6e217b4;boost;Boost Mode;button_group;true;"[{""label"":""Pilot"",""price"":""0"",""priceType"":""fixed""},{""label"":""Selfplay"",""price"":""0"",""priceType"":""fixed""},{""label"":""Remote"",""price"":""15"",""priceType"":""percentage""}]";;;;0.00;0;2025-11-01 04:19:36.4557+00;2025-11-01 04:20:04.919033+00;fixed;false
c51e9066-e547-4114-a751-bbab870f1e9d;f4556954-c692-4bf3-b0ce-ea05b6e217b4;reg;Region;button_group;true;"[{""label"":""EU"",""price"":""0"",""priceType"":""fixed""},{""label"":""NA"",""price"":""0"",""priceType"":""fixed""}]";;;;0.00;1;2025-11-01 04:20:16.766082+00;2025-11-01 04:20:16.766082+00;fixed;false
1b101b16-46c8-49b8-b9de-c6ec475b6ae7;2c5a011b-e170-43ad-a6e9-49cf84e351de;gearset;Geat Set;select;true;"[{""label"":""Honor Gear"",""price"":""34.36"",""priceType"":""fixed""},{""label"":""Full Conquest Gear"",""price"":""79.96"",""priceType"":""fixed""},{""label"":""Elite Gear (483 ilvl) "",""price"":""239.96"",""priceType"":""fixed""}]";;;;0.00;3;2025-11-01 04:31:35.677651+00;2025-12-16 20:06:43.916028+00;fixed;false
46f83faf-8b43-403e-aff2-4f5d9b2db635;f4556954-c692-4bf3-b0ce-ea05b6e217b4;pvegear;PvE Gear;checkbox;false;"[{""label"":""463 ilvl"",""price"":""27.96"",""priceType"":""fixed""},{""label"":""483 ilvl"",""price"":""67.96"",""priceType"":""fixed""},{""label"":""489 ilvl"",""price"":""279.96"",""priceType"":""fixed""},{""label"":""496 ilvl"",""price"":""399.96"",""priceType"":""fixed""},{""label"":""502 ilvl"",""price"":""401.6"",""priceType"":""fixed""},{""label"":""509 ilvl"",""price"":""1599.96"",""priceType"":""fixed""}]";;;;0.00;2;2025-11-01 04:23:09.00063+00;2025-11-01 04:25:06.516105+00;fixed;false
de8b741a-318f-414b-aa1a-3d0a2a361544;2c5a011b-e170-43ad-a6e9-49cf84e351de;boost;Boost Mode;button_group;true;"[{""label"":""Pilot"",""price"":""0"",""priceType"":""fixed""},{""label"":""Remote"",""price"":""15"",""priceType"":""percentage""}]";;;;0.00;1;2025-11-01 04:30:40.656157+00;2025-11-01 04:30:40.656157+00;fixed;false
4ddb00af-1ed7-41e6-aac8-bcc7f2b006ce;2c5a011b-e170-43ad-a6e9-49cf84e351de;reg;Region;button_group;true;"[{""label"":""EU"",""price"":""0"",""priceType"":""fixed""},{""label"":""NA"",""price"":""0"",""priceType"":""fixed""}]";;;;0.00;2;2025-11-01 04:30:54.744623+00;2025-11-01 04:30:54.744623+00;fixed;false
9069b835-dae5-456e-983d-140bbae4b230;c11cf2e9-7898-431e-bded-51e147bd6ed6;boost;Boost Mode;button_group;true;"[{""label"":""Pilot"",""price"":""0"",""priceType"":""fixed""},{""label"":""Remote"",""price"":""15"",""priceType"":""percentage""}]";;;;0.00;0;2025-11-01 04:38:40.260611+00;2025-11-01 04:38:40.260611+00;fixed;false
1442608f-a1b0-455b-bfca-72830c90b9cd;c11cf2e9-7898-431e-bded-51e147bd6ed6;reg;Region;button_group;true;"[{""label"":""EU"",""price"":""0"",""priceType"":""fixed""},{""label"":""NA"",""price"":""0"",""priceType"":""fixed""}]";;;;0.00;1;2025-11-01 04:39:21.53826+00;2025-11-01 04:39:21.53826+00;fixed;false
37b12859-11c5-483f-a7f3-6c2b44b0f5fd;c11cf2e9-7898-431e-bded-51e147bd6ed6;gearset;Desired Gear Level;select;true;"[{""label"":""Normal Set (496 ilvl)"",""price"":""239.96"",""priceType"":""fixed""},{""label"":""Heroic Set (509 ilvl)"",""price"":""479.96"",""priceType"":""fixed""}]";;;;0.00;2;2025-11-01 04:40:58.785252+00;2025-11-01 04:40:58.785252+00;fixed;false
833249ca-6e9a-43f5-be71-a458ae147f84;9a9c85db-7fb7-44cc-a36a-e93a3315a17c;boost;Boost Mode;button_group;true;"[{""label"":""Pilot"",""price"":""0"",""priceType"":""fixed""},{""label"":""Remote"",""price"":""15"",""priceType"":""percentage""}]";;;;0.00;0;2025-11-01 04:44:55.953314+00;2025-11-01 04:44:55.953314+00;fixed;false
e11a09ef-1f1c-45ff-8244-f8c0030c92e3;9a9c85db-7fb7-44cc-a36a-e93a3315a17c;reg;Region;button_group;true;"[{""label"":""EU"",""price"":""0"",""priceType"":""fixed""},{""label"":""NA"",""price"":""0"",""priceType"":""fixed""}]";;;;0.00;1;2025-11-01 04:45:06.142661+00;2025-11-01 04:45:06.142661+00;fixed;false
d13e9222-bed1-4ace-a722-58eb70dc49f8;9a9c85db-7fb7-44cc-a36a-e93a3315a17c;exoption;Extra Options;checkbox;false;"[{""label"":""Gladiator Title"",""price"":""2160"",""priceType"":""fixed""}]";;;;0.00;2;2025-11-01 04:45:41.095655+00;2025-11-01 04:45:41.095655+00;fixed;false
9bf1abf0-d8cf-4d2a-b707-210c4f890155;e70acfaa-270d-4717-bba2-1580ac0ea710;boost;Boost Mode;button_group;true;"[{""label"":""Pilot"",""price"":""0"",""priceType"":""fixed""},{""label"":""Remote"",""price"":""15"",""priceType"":""percentage""}]";;;;0.00;0;2025-11-01 04:57:14.578446+00;2025-11-01 04:57:14.578446+00;fixed;false
0cea0100-a622-4659-8293-4005883a7874;e70acfaa-270d-4717-bba2-1580ac0ea710;reg;Region;button_group;true;"[{""label"":""EU"",""price"":""0"",""priceType"":""fixed""},{""label"":""NA"",""price"":""0"",""priceType"":""fixed""}]";;;;0.00;1;2025-11-01 04:57:27.575346+00;2025-11-01 04:57:27.575346+00;fixed;false
7d4f5193-72b7-4131-82c1-5ced2b964e5f;453b3b37-afbe-4a4d-bcfc-a0fa4ae3202f;boost;Boost Mode;button_group;true;"[{""label"":""Pilot"",""price"":""0"",""priceType"":""fixed""},{""label"":""Remote"",""price"":""15"",""priceType"":""percentage""}]";;;;0.00;0;2025-11-01 05:00:47.073757+00;2025-11-01 05:00:47.073757+00;fixed;false
9145ca1e-b22c-4137-882b-69e485627bdd;453b3b37-afbe-4a4d-bcfc-a0fa4ae3202f;reg;Region;button_group;true;"[{""label"":""EU"",""price"":""0"",""priceType"":""fixed""},{""label"":""NA"",""price"":""0"",""priceType"":""fixed""}]";;;;0.00;1;2025-11-01 05:01:11.066744+00;2025-11-01 05:01:11.066744+00;fixed;false
46c02e93-2e6b-4c34-8ce4-c740bb1d4b2f;453b3b37-afbe-4a4d-bcfc-a0fa4ae3202f;desire;Desired Chapters;checkbox;true;"[{""label"":""Chapter I: Trial of the Black Prince"",""price"":""491"",""priceType"":""fixed""},{""label"":""Chapter II: Wrathion's War"",""price"":""491"",""priceType"":""fixed""},{""label"":""Chapter III: Two Princess"",""price"":""491"",""priceType"":""fixed""},{""label"":""Chapter IV: Celestial Blessings"",""price"":""491"",""priceType"":""fixed""},{""label"":""Chapter V: Judgment of the Black Prince"",""price"":""491"",""priceType"":""fixed""}]";;;;0.00;2;2025-11-01 05:04:05.807464+00;2025-11-01 05:04:14.251367+00;fixed;false
668d93a1-46df-4234-a6d7-02603c2f7782;453b3b37-afbe-4a4d-bcfc-a0fa4ae3202f;addop;Additional Options;checkbox;false;"[{""label"":""BiS gear"",""price"":""2120.76"",""priceType"":""fixed""},{""label"":""Stream"",""price"":""8.76"",""priceType"":""fixed""}]";;;;0.00;3;2025-11-01 05:04:59.67298+00;2025-11-01 05:04:59.67298+00;fixed;false
541bb322-f41c-490d-b559-05e22178b37c;f373e46b-439f-4612-b949-db5ee37fbbd3;boost;Boost Mode;button_group;true;"[{""label"":""Pilot"",""price"":""0"",""priceType"":""fixed""},{""label"":""Selfplay"",""price"":""0"",""priceType"":""fixed""},{""label"":""Remote"",""price"":""15"",""priceType"":""percentage""}]";;;;0.00;0;2025-11-01 05:16:00.775104+00;2025-11-01 05:16:00.775104+00;fixed;false
99f46adc-818e-44b4-885c-2d12061c4bda;f373e46b-439f-4612-b949-db5ee37fbbd3;reg;Region;button_group;true;"[{""label"":""EU"",""price"":""0"",""priceType"":""fixed""},{""label"":""NA"",""price"":""0"",""priceType"":""fixed""}]";;;;0.00;1;2025-11-01 05:16:12.309974+00;2025-11-01 05:16:12.309974+00;fixed;false
3e50d9d6-97a5-4101-83ed-167b1c148612;f373e46b-439f-4612-b949-db5ee37fbbd3;addop;Additional Options;checkbox;false;"[{""label"":""Gladiator Title"",""price"":""2024"",""priceType"":""fixed""}]";;;;0.00;2;2025-11-01 05:16:38.861322+00;2025-11-01 05:16:38.861322+00;fixed;false
536d8cea-4ae2-434b-ad4a-999be984cc7a;3be9a498-673f-4ad1-91c5-7cf8416ac7b1;boost;Boost Mode;button_group;true;"[{""label"":""Pilot"",""price"":""0"",""priceType"":""fixed""},{""label"":""Remote"",""price"":""15"",""priceType"":""percentage""}]";;;;0.00;0;2025-11-01 05:17:39.662044+00;2025-11-01 05:17:39.662044+00;fixed;false
4b3496af-de8d-4dd0-be7f-5a2eb9c47138;3be9a498-673f-4ad1-91c5-7cf8416ac7b1;reg;Region;button_group;true;"[{""label"":""EU"",""price"":""0"",""priceType"":""fixed""},{""label"":""NA"",""price"":""0"",""priceType"":""fixed""}]";;;;0.00;1;2025-11-01 05:17:56.086827+00;2025-11-01 05:17:56.086827+00;fixed;false
fda2456a-863e-40fb-9e1c-8f23a39ed9d1;3be9a498-673f-4ad1-91c5-7cf8416ac7b1;gearop;Gear Options;checkbox;true;"[{""label"":""Chest"",""price"":""17.56"",""priceType"":""fixed""},{""label"":""Shoulders"",""price"":""17.56"",""priceType"":""fixed""},{""label"":""Helmet"",""price"":""13.16"",""priceType"":""fixed""},{""label"":""Cloak"",""price"":""9.64"",""priceType"":""fixed""},{""label"":""Legs"",""price"":""9.64"",""priceType"":""fixed""},{""label"":""1H Weapon"",""price"":""12.28"",""priceType"":""fixed""},{""label"":""2H Weapon"",""price"":""28.12"",""priceType"":""fixed""},{""label"":""Trinket"",""price"":""20.2"",""priceType"":""fixed""},{""label"":""Brawler's Razor Claws"",""price"":""117.88"",""priceType"":""fixed""},{""label"":""Dread Pirate Ring"",""price"":""79.16"",""priceType"":""fixed""}]";;;;0.00;2;2025-11-01 05:20:45.489301+00;2025-11-01 05:20:45.489301+00;fixed;false
516b4903-15f8-481c-b399-56716c59c53e;b5be312b-9dd1-459c-aa11-ea2738e1b4ab;exoption;Extra Options;checkbox;false;"[{""label"":""Honor Gear (458 ilvl)"",""price"":""34.36"",""priceType"":""fixed""},{""label"":""Conquest Gear"",""price"":""79.96"",""priceType"":""fixed""}]";;;;0.00;2;2025-11-02 02:07:39.767073+00;2025-11-02 02:07:39.767073+00;fixed;false
a3ffd5a8-bf06-413f-b78c-c99292c2897b;86294b3c-3065-4abf-acc6-40a11376024e;boost;Boost Mode;button_group;true;"[{""label"":""Pilot"",""price"":""0"",""priceType"":""fixed""},{""label"":""Selfplay"",""price"":""50"",""priceType"":""percentage""}]";;;;0.00;0;2025-11-02 02:12:27.969934+00;2025-11-02 02:12:27.969934+00;fixed;false
2cf35f5b-7f99-4af8-a772-5ada0c324fed;0533f9c6-2e36-4d47-8aee-1b7ebcffb66c;region;Region;button_group;false;"[{""label"":""EU"",""price"":""0"",""priceType"":""fixed""},{""label"":""NA"",""price"":""0"",""priceType"":""fixed""}]";;;;0.00;1;2026-01-31 20:39:45.672845+00;2026-01-31 20:39:45.672845+00;fixed;false
ed833855-b940-4f74-9ae0-aec2dac63499;59aa8c5f-c51a-4243-8947-8ca0043e17f0;boost;Boost Mode;button_group;true;"[{""label"":""Pilot"",""price"":""0"",""priceType"":""fixed""},{""label"":""Remote"",""price"":""15"",""priceType"":""percentage""}]";;;;0.00;0;2025-11-02 01:18:22.45309+00;2025-11-02 01:18:22.45309+00;fixed;false
f7df2bef-14d9-4088-b78f-cccc2392cf6e;59aa8c5f-c51a-4243-8947-8ca0043e17f0;reg;Region;button_group;true;"[{""label"":""EU"",""price"":""0"",""priceType"":""fixed""},{""label"":""NA"",""price"":""0"",""priceType"":""fixed""}]";;;;0.00;1;2025-11-02 01:18:31.929533+00;2025-11-02 01:18:31.929533+00;fixed;false
42c29cf6-2619-4602-953a-93624d0953b3;c51e5227-5db5-477d-a560-cc85bad1eac7;boost;Boost Mode;button_group;true;"[{""label"":""Pilot"",""price"":""0"",""priceType"":""fixed""},{""label"":""Remote"",""price"":""15"",""priceType"":""percentage""}]";;;;0.00;0;2025-11-02 01:25:00.850734+00;2025-11-02 01:25:00.850734+00;fixed;false
68f05f12-8e17-4d2d-854d-e5744cf7919e;c51e5227-5db5-477d-a560-cc85bad1eac7;reg;Region;button_group;true;"[{""label"":""EU"",""price"":""0"",""priceType"":""fixed""},{""label"":""NA"",""price"":""0"",""priceType"":""fixed""}]";;;;0.00;1;2025-11-02 01:25:11.2144+00;2025-11-02 01:25:11.2144+00;fixed;false
11786a74-ea77-49c5-a6fe-491dce070bfa;14e372f8-76d7-4ea8-a348-54c2343632d9;boost;Boost Mode;button_group;true;"[{""label"":""Pilot"",""price"":""0"",""priceType"":""fixed""},{""label"":""Remote"",""price"":""15"",""priceType"":""percentage""}]";;;;0.00;0;2025-11-02 01:27:45.708117+00;2025-11-02 01:27:45.708117+00;fixed;false
2d3c9a3c-350f-4d79-973a-e8ed5c17febe;6dd85e1e-0369-42fa-8a58-8a187b89f470;delivery;Delivery ;button_group;false;"[{""label"":""Standard"",""price"":""0"",""priceType"":""fixed""},{""label"":""30% Faster"",""price"":""30"",""priceType"":""percentage""}]";;;;0.00;2;2026-01-29 21:58:13.410908+00;2026-02-05 01:34:19.172899+00;fixed;false
9f39171d-d0aa-4c7a-a768-f3d086f28834;4f224d4d-99b0-4c86-b26b-4b9158ad9191;boost_method;Boost Method;button_group;false;"[{""label"":""Pilot"",""price"":""0"",""priceType"":""fixed""},{""label"":""Selfplay"",""price"":""0"",""priceType"":""fixed""},{""label"":""Remote"",""price"":""30"",""priceType"":""percentage""}]";;;;0.00;0;2026-02-05 21:25:58.74482+00;2026-02-05 21:25:58.74482+00;fixed;false
7ffe2a81-c868-4c71-a3c3-d66b5b327785;2632b6f8-a8fb-4232-87fa-c5a44372d150;boost;Boost Mode;button_group;true;"[{""label"":""Pilot"",""price"":""0"",""priceType"":""fixed""},{""label"":""Remote"",""price"":""15"",""priceType"":""percentage""}]";;;;0.00;0;2025-11-02 01:36:33.874268+00;2025-11-02 01:36:33.874268+00;fixed;false
6c4137dd-4bda-4b50-9f5b-a82b36588556;ff9a4348-a4c0-44a6-9fed-c4276fa1ee58;boost_method;Boost Method;button_group;false;"[{""label"":""Pilot"",""price"":""0"",""priceType"":""fixed""},{""label"":""Remote"",""price"":""30"",""priceType"":""percentage""}]";;;;0.00;0;2026-02-12 22:50:56.699582+00;2026-02-12 22:50:56.699582+00;fixed;false
5169a6a8-4a1c-4b6a-ac36-ca79232a8ba6;2632b6f8-a8fb-4232-87fa-c5a44372d150;reg;Region;button_group;true;"[{""label"":""EU"",""price"":""0"",""priceType"":""fixed""},{""label"":""NA"",""price"":""0"",""priceType"":""fixed""}]";;;;0.00;1;2025-11-02 01:36:47.672811+00;2025-11-02 01:36:47.672811+00;fixed;false
3dee7264-5c58-4ca6-aed2-eb8ca5b214af;2632b6f8-a8fb-4232-87fa-c5a44372d150;exoption;Extra Options;checkbox;false;"[{""label"":""Gladiator Title "",""price"":""2160"",""priceType"":""fixed""}]";;;;0.00;2;2025-11-02 01:37:15.876577+00;2025-11-02 01:37:19.448086+00;fixed;false
5895ab7f-c9e4-4f37-8a87-c1c4803b1eef;b5e35753-bcad-4c01-8175-4011b560061d;reg;Region;button_group;true;"[{""label"":""EU"",""price"":""0"",""priceType"":""fixed""},{""label"":""NA"",""price"":""0"",""priceType"":""fixed""}]";;;;0.00;1;2025-11-02 01:53:10.044052+00;2025-11-02 01:53:10.044052+00;fixed;false
f22b5f21-fb06-4784-b450-6b906a9a3a86;b5be312b-9dd1-459c-aa11-ea2738e1b4ab;boost;Boost Mode;button_group;true;"[{""label"":""Pilot"",""price"":""0"",""priceType"":""fixed""},{""label"":""Selfplay"",""price"":""50"",""priceType"":""percentage""}]";;;;0.00;0;2025-11-02 02:06:57.89142+00;2025-11-02 02:06:57.89142+00;fixed;false
e95360cc-1c24-4766-a939-d0ea0cba52b7;b5e35753-bcad-4c01-8175-4011b560061d;boost;Boost Mode;button_group;true;"[{""label"":""Pilot"",""price"":""0"",""priceType"":""fixed""},{""label"":""Remote"",""price"":""15"",""priceType"":""percentage""}]";;;;0.00;0;2025-11-02 01:52:56.46335+00;2025-11-02 01:54:11.308792+00;fixed;false
11a1e48f-cd5b-4684-87d0-76855c5b423f;4931500c-c7a5-49d8-bc5c-86d0d1be7e76;boost;Boost Mode;button_group;true;"[{""label"":""Pilot"",""price"":""0"",""priceType"":""fixed""},{""label"":""Selfplay "",""price"":""50"",""priceType"":""percentage""}]";;;;0.00;0;2025-11-02 02:04:33.004586+00;2025-11-02 02:04:33.004586+00;fixed;false
eb0ad7ee-077c-4837-8efb-b403a7e7f1f1;4931500c-c7a5-49d8-bc5c-86d0d1be7e76;reg;Region;button_group;true;"[{""label"":""EU"",""price"":""0"",""priceType"":""fixed""},{""label"":""NA"",""price"":""0"",""priceType"":""fixed""}]";;;;0.00;1;2025-11-02 02:05:02.304911+00;2025-11-02 02:05:02.304911+00;fixed;false
11c9a524-b01c-4769-81e6-b7829eab7aec;4931500c-c7a5-49d8-bc5c-86d0d1be7e76;exoption;Extra Options;checkbox;false;"[{""label"":""Honor Gear (458 ilvl)"",""price"":""34.36"",""priceType"":""fixed""},{""label"":""Conquest Gear (483 ilvl)"",""price"":""79.96"",""priceType"":""fixed""}]";;;;0.00;2;2025-11-02 02:06:20.505428+00;2025-11-02 02:06:20.505428+00;fixed;false
74b3bfff-1b3d-40ee-8f26-3f2511339395;b5be312b-9dd1-459c-aa11-ea2738e1b4ab;reg;Region;button_group;true;"[{""label"":""EU"",""price"":""0"",""priceType"":""fixed""},{""label"":""NA"",""price"":""0"",""priceType"":""fixed""}]";;;;0.00;1;2025-11-02 02:07:06.159244+00;2025-11-02 02:07:06.159244+00;fixed;false
5bf62f80-726e-4857-80df-a90c17d661ed;86294b3c-3065-4abf-acc6-40a11376024e;reg;Region;button_group;true;"[{""label"":""EU"",""price"":""0"",""priceType"":""fixed""},{""label"":""NA"",""price"":""0"",""priceType"":""fixed""}]";;;;0.00;1;2025-11-02 02:12:36.11616+00;2025-11-02 02:12:36.11616+00;fixed;false
0ea5c975-bdba-450c-9920-2528959f7ab0;e1d90154-c93d-48b1-9a90-817bd82de73c;assignementsbf;Assignments ( Initiation );checkbox;false;"[{""label"":""Squadplay Challenge"",""price"":""9"",""priceType"":""fixed""},{""label"":""Squadplay Challenge 2"",""price"":""14"",""priceType"":""fixed""},{""label"":""Teamplay Challenge 1"",""price"":""8"",""priceType"":""fixed""},{""label"":""Teamplay Challenge 2"",""price"":""14"",""priceType"":""fixed""},{""label"":""Teamplay Challenge 3"",""price"":""18"",""priceType"":""fixed""},{""label"":""Large Modes Challenge 1"",""price"":""8"",""priceType"":""fixed""},{""label"":""Large Modes Challenge 2"",""price"":""8"",""priceType"":""fixed""},{""label"":""Large Modes Challenge 3"",""price"":""8"",""priceType"":""fixed""},{""label"":""Large Modes Challenge 4"",""price"":""8"",""priceType"":""fixed""},{""label"":""Small Modes Challenge 1"",""price"":""8"",""priceType"":""fixed""},{""label"":""Small Modes Challenge 2 "",""price"":""8"",""priceType"":""fixed""},{""label"":""Small Modes Challenge 3 "",""price"":""8"",""priceType"":""fixed""},{""label"":""Vehicle Challenge 1 "",""price"":""4"",""priceType"":""fixed""},{""label"":""Vehicle Challenge 2"",""price"":""8"",""priceType"":""fixed""},{""label"":""Vehicle Challenge 3"",""price"":""8"",""priceType"":""fixed""}]";;;;0.00;2;2025-10-31 23:23:27.968859+00;2025-11-02 19:42:46.991106+00;fixed;false
3c975a95-1d68-4815-9c53-563428c4b574;14e372f8-76d7-4ea8-a348-54c2343632d9;selgear;Select Gear Set;select;true;"[{""label"":""Honor Gear"",""price"":""34.36"",""priceType"":""fixed""},{""label"":""Conquest Gear"",""price"":""79.96"",""priceType"":""fixed""},{""label"":""Elite Gear"",""price"":""239.96"",""priceType"":""fixed""}]";;;;0.00;2;2025-11-02 01:29:13.685739+00;2025-12-16 20:07:13.758689+00;fixed;false
0d966d2e-c74e-4249-be5b-526850cf26fe;86294b3c-3065-4abf-acc6-40a11376024e;exoption;Extra Options;checkbox;false;"[{""label"":""Honor Gear (458 ilvl)"",""price"":""34.36"",""priceType"":""fixed""},{""label"":""Conquest Gear (483 ilvl)"",""price"":""79.96"",""priceType"":""fixed""}]";;;;0.00;2;2025-11-02 02:13:18.456636+00;2025-11-02 02:13:18.456636+00;fixed;false
256a1184-1a0e-4720-ad06-8055b9d5954f;da371775-f083-4421-b29f-41819c3c927e;boost;Boost Mode;button_group;true;"[{""label"":""Pilot"",""price"":""0"",""priceType"":""fixed""}]";;;;0.00;0;2025-11-02 02:32:27.18064+00;2025-11-02 02:32:27.18064+00;fixed;false
abf96362-f48f-4e6d-8457-d8954a7ee7f6;da371775-f083-4421-b29f-41819c3c927e;reg;Region;button_group;true;"[{""label"":""EU"",""price"":""0"",""priceType"":""fixed""},{""label"":""NA"",""price"":""0"",""priceType"":""fixed""}]";;;;0.00;1;2025-11-02 02:32:37.280784+00;2025-11-02 02:32:37.280784+00;fixed;false
f70ffa11-7cb2-4285-a41b-61f4320f4eff;f16d0753-d2b4-40e7-82a5-3d6c6d84e3e5;region;Region;button_group;false;"[{""label"":""EU"",""price"":""0"",""priceType"":""fixed""},{""label"":""NA"",""price"":""30"",""priceType"":""percentage""}]";;;;0.00;0;2026-01-29 22:06:02.756153+00;2026-01-29 22:06:02.756153+00;fixed;false
f95d2b38-e3b6-4863-a5e6-d75fde843a7a;5a27e8f1-6f57-43ba-919c-c2a50c27d140;boost;Boost Mode;button_group;true;"[{""label"":""Pilot"",""price"":""0"",""priceType"":""fixed""},{""label"":""Selfplay"",""price"":""50"",""priceType"":""percentage""}]";;;;0.00;0;2025-11-02 02:41:47.122291+00;2025-11-02 02:41:47.122291+00;fixed;false
835e20aa-b0df-42e6-9049-ce25f83ab0e7;5a27e8f1-6f57-43ba-919c-c2a50c27d140;reg;Region;button_group;true;"[{""label"":""EU"",""price"":""0"",""priceType"":""fixed""},{""label"":""NA"",""price"":""0"",""priceType"":""fixed""}]";;;;0.00;1;2025-11-02 02:42:03.146425+00;2025-11-02 02:42:03.146425+00;fixed;false
5dac62c2-51d2-45f2-a628-00c5e73dec9a;5a27e8f1-6f57-43ba-919c-c2a50c27d140;exoption;Extra Options;checkbox;false;"[{""label"":""Honor Gear (458 ilvl)"",""price"":""34.36"",""priceType"":""fixed""},{""label"":""Conquest Gear (483 ilvl)"",""price"":""79.96"",""priceType"":""fixed""}]";;;;0.00;2;2025-11-02 02:43:04.146394+00;2025-11-02 02:43:04.146394+00;fixed;false
5e2ec025-f4b5-47f7-b804-f109c296aa19;b8847db0-d41c-4d30-a37c-f98e0362e04a;boost;Boost Mode;button_group;true;"[{""label"":""Pilot"",""price"":""0"",""priceType"":""fixed""}]";;;;0.00;0;2025-11-02 02:48:00.857339+00;2025-11-02 02:48:00.857339+00;fixed;false
f3aa6d4c-9b7c-4161-af0a-f2eee9f0628b;b8847db0-d41c-4d30-a37c-f98e0362e04a;reg;Region;button_group;true;"[{""label"":""EU"",""price"":""0"",""priceType"":""fixed""},{""label"":""NA"",""price"":""0"",""priceType"":""fixed""}]";;;;0.00;1;2025-11-02 02:48:11.422273+00;2025-11-02 02:48:11.422273+00;fixed;false
45899bef-2d7f-4094-85da-f1e0f847ed44;affd735f-ebd8-4445-b00c-9bea7b43317b;reg;Region;button_group;true;"[{""label"":""EU"",""price"":""0"",""priceType"":""fixed""},{""label"":""NA"",""price"":""0"",""priceType"":""fixed""}]";;;;0.00;1;2025-11-02 02:53:23.46006+00;2025-11-02 02:53:23.46006+00;fixed;false
61c6e2bf-c0fb-4ace-82cf-43c6fb2b11e3;1141e6fb-29bd-4caa-b2d3-94212b6e589e;boost;Boost Mode;button_group;true;"[{""label"":""Pilot"",""price"":""0"",""priceType"":""fixed""},{""label"":""Remote"",""price"":""15"",""priceType"":""percentage""}]";;;;0.00;0;2025-11-02 02:59:08.056855+00;2025-11-02 02:59:08.056855+00;fixed;false
f9e2f880-4d1d-438e-bf63-7e6a515f70bd;1141e6fb-29bd-4caa-b2d3-94212b6e589e;reg;Region;button_group;true;"[{""label"":""EU"",""price"":""0"",""priceType"":""fixed""},{""label"":""NA"",""price"":""0"",""priceType"":""fixed""}]";;;;0.00;1;2025-11-02 02:59:22.242802+00;2025-11-02 02:59:22.242802+00;fixed;false
e93031a5-cde7-4d64-b5f9-091a44af67c9;b2c5afb3-385c-4a4a-8c98-a7ccf7432fb7;boost;Boost Mode;button_group;true;"[{""label"":""Pilot"",""price"":""0"",""priceType"":""fixed""},{""label"":""Remote"",""price"":""15"",""priceType"":""percentage""}]";;;;0.00;0;2025-11-02 03:00:00.424428+00;2025-11-02 03:00:00.424428+00;fixed;false
ce600ef1-b39e-4c4c-bd0f-10bab6bda571;b2c5afb3-385c-4a4a-8c98-a7ccf7432fb7;reg;Region;button_group;true;"[{""label"":""EU"",""price"":""0"",""priceType"":""fixed""},{""label"":""NA"",""price"":""0"",""priceType"":""fixed""}]";;;;0.00;1;2025-11-02 03:00:11.036732+00;2025-11-02 03:00:11.036732+00;fixed;false
852e8184-b351-4d9e-826e-3ef9c0735ce9;91f7fc88-3b7b-4802-9446-f9230a8b4a61;boost;Boost Mode;button_group;true;"[{""label"":""Pilot"",""price"":""0"",""priceType"":""fixed""},{""label"":""Remote"",""price"":""15"",""priceType"":""percentage""}]";;;;0.00;0;2025-11-02 03:02:57.166272+00;2025-11-02 03:02:57.166272+00;fixed;false
c773d3cf-7b67-4775-823d-3039b6f93661;91f7fc88-3b7b-4802-9446-f9230a8b4a61;reg;Region;button_group;true;"[{""label"":""EU"",""price"":""0"",""priceType"":""fixed""},{""label"":""NA"",""price"":""0"",""priceType"":""fixed""}]";;;;0.00;1;2025-11-02 03:03:09.086749+00;2025-11-02 03:03:09.086749+00;fixed;false
cb06ecd6-28ed-4e85-b8bd-aaf59fa3cc23;91f7fc88-3b7b-4802-9446-f9230a8b4a61;chode;Choose Desired Achievements;checkbox;true;"[{""label"":""Rally the Valley"",""price"":""17.56"",""priceType"":""fixed""},{""label"":""Dread Haste Makes Dread Waste"",""price"":""17.56"",""priceType"":""fixed""},{""label"":""Mighty Roamin' Krasaranger"",""price"":""17.56"",""priceType"":""fixed""},{""label"":""One Steppe Forward, Two Steppes Back"",""price"":""17.56"",""priceType"":""fixed""},{""label"":""Upjade Complete"",""price"":""17.56"",""priceType"":""fixed""},{""label"":""Slum It in the Summit"",""price"":""17.56"",""priceType"":""fixed""}]";;;;0.00;2;2025-11-02 03:05:18.75201+00;2025-11-02 03:05:18.75201+00;fixed;false
376a160a-e194-441e-97dc-4cdca99301c3;e56d1436-8505-4d8b-9940-c1d4a54fa2c8;boost;Boost Mode;button_group;true;"[{""label"":""Pilot"",""price"":""0"",""priceType"":""fixed""},{""label"":""Remote"",""price"":""15"",""priceType"":""percentage""}]";;;;0.00;0;2025-11-02 03:12:21.28529+00;2025-11-02 03:12:21.28529+00;fixed;false
4f3264b5-401f-42c0-a74c-4f43ace784ce;e56d1436-8505-4d8b-9940-c1d4a54fa2c8;reg;Region;button_group;true;"[{""label"":""EU"",""price"":""0"",""priceType"":""fixed""},{""label"":""NA"",""price"":""0"",""priceType"":""fixed""}]";;;;0.00;1;2025-11-02 03:12:30.223244+00;2025-11-02 03:12:30.223244+00;fixed;false
07772966-5b6a-47b2-bd64-ec3851dd0da3;e56d1436-8505-4d8b-9940-c1d4a54fa2c8;boostop;Boost Option;checkbox;true;"[{""label"":""The Anglers (Exalted)"",""price"":""42.2"",""priceType"":""fixed""},{""label"":""Golden Lotus (Exalted)"",""price"":""87.96"",""priceType"":""fixed""},{""label"":""Shado-Pan (Exalted)"",""price"":""87.96"",""priceType"":""fixed""},{""label"":""The Lorewalkers (Exalted)"",""price"":""26.36"",""priceType"":""fixed""},{""label"":""The Tillers (Exalted)"",""price"":""87.96"",""priceType"":""fixed""},{""label"":""Tushui/Huojin Pandaren (Exalted)"",""price"":""87.96"",""priceType"":""fixed""},{""label"":""The August Celestials (Exalted)"",""price"":""87.96"",""priceType"":""fixed""},{""label"":""The Klaxxi (Exalted)"",""price"":""87.96"",""priceType"":""fixed""},{""label"":""Order of the Cloud Serpent (Exalted)"",""price"":""87.96"",""priceType"":""fixed""}]";;;;0.00;2;2025-11-02 03:13:35.038534+00;2025-11-02 03:15:58.059575+00;fixed;false
765ff81b-3567-4f5f-a1a6-e145bad6c465;6197544b-5e8f-4c1a-ac65-9ea40c3f3a39;boost;Boost Mode;button_group;true;"[{""label"":""Pilot"",""price"":""0"",""priceType"":""fixed""},{""label"":""Remote"",""price"":""15"",""priceType"":""percentage""}]";;;;0.00;0;2025-11-02 03:18:41.153883+00;2025-11-02 03:18:41.153883+00;fixed;false
22c009db-aedf-4727-8ec2-9189bb539482;6197544b-5e8f-4c1a-ac65-9ea40c3f3a39;reg;Region;button_group;true;"[{""label"":""EU"",""price"":""0"",""priceType"":""fixed""},{""label"":""NA"",""price"":""0"",""priceType"":""fixed""}]";;;;0.00;1;2025-11-02 03:19:25.631142+00;2025-11-02 03:19:25.631142+00;fixed;false
87b270ea-64e0-4381-b132-4bc7c9732d17;15bdc57b-e767-49ff-8a03-e83c6e47c45c;reg;Region;button_group;true;"[{""label"":""EU"",""price"":""0"",""priceType"":""fixed""},{""label"":""NA"",""price"":""0"",""priceType"":""fixed""}]";;;;0.00;1;2025-11-02 03:22:14.449466+00;2025-11-02 03:22:14.449466+00;fixed;false
ec2771f9-c19a-4c3d-810c-89eb244aeac3;15bdc57b-e767-49ff-8a03-e83c6e47c45c;boost;Boost Mode;button_group;true;"[{""label"":""Pilot"",""price"":""0"",""priceType"":""fixed""},{""label"":""Remote"",""price"":""15"",""priceType"":""percentage""}]";;;;0.00;0;2025-11-02 03:22:01.816649+00;2025-11-02 03:22:31.17489+00;fixed;false
c9d3c6b1-61f3-4dc5-a2af-fc8963d4c5fd;87657d33-4d94-46e8-8394-040fc4f0d6dc;boost;Boost Mode;button_group;true;"[{""label"":""Pilot"",""price"":""0"",""priceType"":""fixed""},{""label"":""Remote"",""price"":""15"",""priceType"":""percentage""}]";;;;0.00;0;2025-11-02 03:26:30.282893+00;2025-11-02 03:26:30.282893+00;fixed;false
be334ba1-4002-4fa3-ada1-eb97e2aee5fb;87657d33-4d94-46e8-8394-040fc4f0d6dc;reg;Region;button_group;true;"[{""label"":""EU"",""price"":""0"",""priceType"":""fixed""},{""label"":""NA"",""price"":""0"",""priceType"":""fixed""}]";;;;0.00;1;2025-11-02 03:26:41.595352+00;2025-11-02 03:26:41.595352+00;fixed;false
19cdf6c3-f4aa-4cc1-932c-8b80fe1e5765;b5ed8c1c-0913-43d1-b145-36ad910dcc4c;boost;Boost Mode;button_group;true;"[{""label"":""Pilot"",""price"":""0"",""priceType"":""fixed""},{""label"":""Remote"",""price"":""15"",""priceType"":""percentage""}]";;;;0.00;0;2025-11-02 03:28:16.751331+00;2025-11-02 03:28:16.751331+00;fixed;false
c44ea116-2455-4442-99e1-b82135c2ad6a;b5ed8c1c-0913-43d1-b145-36ad910dcc4c;reg;Region;button_group;true;"[{""label"":""EU"",""price"":""0"",""priceType"":""fixed""},{""label"":""NA"",""price"":""0"",""priceType"":""fixed""}]";;;;0.00;1;2025-11-02 03:28:36.881654+00;2025-11-02 03:28:36.881654+00;fixed;false
b7fa9653-50c5-490e-8d74-9ae7566fb9ad;0d28d96f-b65d-4a8d-b8c1-46ed852333b8;boost;Boost Mode;button_group;true;"[{""label"":""Pilot"",""price"":""0"",""priceType"":""fixed""},{""label"":""Selfplay"",""price"":""0"",""priceType"":""fixed""},{""label"":""Remote"",""price"":""15"",""priceType"":""percentage""}]";;;;0.00;2;2025-11-02 03:30:08.737227+00;2025-11-02 03:30:08.737227+00;fixed;false
baebeac5-109e-49a7-9caf-e21d97f32482;671844da-ab74-4e73-b258-f88f3ad11411;boost;Boost Mode;button_group;true;"[{""label"":""Pilot"",""price"":""0"",""priceType"":""fixed""},{""label"":""Selfplay"",""price"":""0"",""priceType"":""fixed""},{""label"":""Remote"",""price"":""15"",""priceType"":""percentage""}]";;;;0.00;0;2025-11-02 03:32:58.767871+00;2025-11-02 03:32:58.767871+00;fixed;false
ff5f52ed-571d-491f-b7b2-efbe63232d27;671844da-ab74-4e73-b258-f88f3ad11411;reg;Region;button_group;true;"[{""label"":""EU"",""price"":""0"",""priceType"":""fixed""},{""label"":""NA"",""price"":""0"",""priceType"":""fixed""}]";;;;0.00;1;2025-11-02 03:33:09.178829+00;2025-11-02 03:33:09.178829+00;fixed;false
17f855a2-f908-4537-a25d-fd68ed95e4ac;a10917d0-4b63-4009-8f54-ae2e874f13d3;boost;Boost Mode;button_group;true;"[{""label"":""Pilot"",""price"":""0"",""priceType"":""fixed""}]";;;;0.00;0;2025-11-02 04:01:35.238972+00;2025-11-02 04:01:35.238972+00;fixed;false
29256ac9-bd53-49ad-936f-93ebd023a732;a10917d0-4b63-4009-8f54-ae2e874f13d3;reg;Region;button_group;true;"[{""label"":""EU"",""price"":""0"",""priceType"":""fixed""},{""label"":""NA"",""price"":""0"",""priceType"":""fixed""}]";;;;0.00;1;2025-11-02 04:01:44.604175+00;2025-11-02 04:01:44.604175+00;fixed;false
e87fe065-84bb-4e6b-a061-23a89643ae18;7cecef17-56b7-46fc-a318-443e53a6804b;boost;Boost Mode;button_group;true;"[{""label"":""Pilot"",""price"":""0"",""priceType"":""fixed""},{""label"":""Selfplay"",""price"":""0"",""priceType"":""fixed""}]";;;;0.00;0;2025-11-02 04:21:32.355292+00;2025-11-02 04:21:32.355292+00;fixed;false
cc1fe79c-574f-4a0e-9dbb-9de32a195f7d;7cecef17-56b7-46fc-a318-443e53a6804b;reg;Region;button_group;true;"[{""label"":""EU"",""price"":""0"",""priceType"":""fixed""},{""label"":""NA"",""price"":""0"",""priceType"":""fixed""}]";;;;0.00;1;2025-11-02 04:21:51.241167+00;2025-11-02 04:21:51.241167+00;fixed;false
e1bfa259-182c-4a30-a1cf-c6ef2364f3c2;44d20b45-3c0a-4ead-8883-11865b42cb80;boost;Boost Mode;button_group;true;"[{""label"":""Pilot"",""price"":""0"",""priceType"":""fixed""},{""label"":""Selfplay"",""price"":""0"",""priceType"":""fixed""}]";;;;0.00;0;2025-11-02 04:24:43.144965+00;2025-11-02 04:24:43.144965+00;fixed;false
3b08f6d1-b0be-4af8-aeec-e1580eade05f;44d20b45-3c0a-4ead-8883-11865b42cb80;reg;Region;button_group;true;"[{""label"":""EU"",""price"":""0"",""priceType"":""fixed""},{""label"":""NA"",""price"":""0"",""priceType"":""fixed""}]";;;;0.00;1;2025-11-02 04:24:52.52378+00;2025-11-02 04:24:52.52378+00;fixed;false
d6b3828a-7ec8-4125-a3b2-42614cb0665a;4eb1a3da-7a2e-4bff-abdb-40a88090ea52;boost;Boost Mode;button_group;true;"[{""label"":""Pilot"",""price"":""0"",""priceType"":""fixed""},{""label"":""Selfplay"",""price"":""0"",""priceType"":""fixed""}]";;;;0.00;0;2025-11-02 04:27:21.9032+00;2025-11-02 04:27:21.9032+00;fixed;false
e488451c-69cb-4746-8b05-939eec8758a4;4eb1a3da-7a2e-4bff-abdb-40a88090ea52;reg;Region;button_group;true;"[{""label"":""EU"",""price"":""0"",""priceType"":""fixed""},{""label"":""NA"",""price"":""0"",""priceType"":""fixed""}]";;;;0.00;1;2025-11-02 04:27:47.051056+00;2025-11-02 04:27:47.051056+00;fixed;false
ce1b7662-9550-4089-a1c4-f45b13dd8852;4ce9d86c-8ab6-45f3-9de2-f58801d6e938;boost;Boost Mode;button_group;true;"[{""label"":""Pilot"",""price"":""0"",""priceType"":""fixed""}]";;;;0.00;0;2025-11-02 04:36:17.093209+00;2025-11-02 04:36:17.093209+00;fixed;false
9afb2e62-5b00-4280-ad36-3bf54a63fef1;4ce9d86c-8ab6-45f3-9de2-f58801d6e938;reg;Region;button_group;true;"[{""label"":""EU"",""price"":""0"",""priceType"":""fixed""},{""label"":""NA"",""price"":""0"",""priceType"":""fixed""}]";;;;0.00;1;2025-11-02 04:36:37.24085+00;2025-11-02 04:36:37.24085+00;fixed;false
46b083fb-4e72-4336-9b49-cfbbe613c0c3;4ce9d86c-8ab6-45f3-9de2-f58801d6e938;addop;Additional Options;checkbox;false;"[{""label"":""Cloud Serpent Riding"",""price"":""146.04"",""priceType"":""fixed""}]";;;;0.00;2;2025-11-02 04:37:09.553689+00;2025-11-02 04:37:09.553689+00;fixed;false
5a4c1038-3d49-4191-add8-339e4efe0a1a;7d5f5faa-b632-4057-bb74-5c325ec1de07;boost;Boost Mode;button_group;true;"[{""label"":""Pilot"",""price"":""0"",""priceType"":""fixed""},{""label"":""Selfplay"",""price"":""0"",""priceType"":""fixed""}]";;;;0.00;0;2025-11-02 04:51:03.503106+00;2025-11-02 04:51:03.503106+00;fixed;false
a671d12d-a909-4a49-81a7-df23b14e5ff1;7d5f5faa-b632-4057-bb74-5c325ec1de07;reg;Region;button_group;true;"[{""label"":""EU"",""price"":""0"",""priceType"":""fixed""},{""label"":""NA"",""price"":""0"",""priceType"":""fixed""}]";;;;0.00;1;2025-11-02 04:51:14.994584+00;2025-11-02 04:51:14.994584+00;fixed;false
476ce1e5-2777-4c3c-a5b9-6f023e8e5eb0;4aefb210-5339-4962-9122-6060f5302fb0;boost;Boost Mode;button_group;true;"[{""label"":""Pilot"",""price"":""0"",""priceType"":""fixed""},{""label"":""Selfplay"",""price"":""0"",""priceType"":""fixed""}]";;;;0.00;0;2025-11-02 04:57:30.289803+00;2025-11-02 04:57:30.289803+00;fixed;false
5383d17b-4596-4893-85ee-7dd6dd56b7cb;4aefb210-5339-4962-9122-6060f5302fb0;reg;Region;button_group;true;"[{""label"":""EU"",""price"":""0"",""priceType"":""fixed""},{""label"":""NA"",""price"":""0"",""priceType"":""fixed""}]";;;;0.00;1;2025-11-02 04:57:43.101542+00;2025-11-02 04:57:43.101542+00;fixed;false
4b2de88e-fe56-466a-9382-64dbae9d43c0;0d3452b4-a11d-470c-aedf-748dbb544ad4;reg;Region;button_group;true;"[{""label"":""EU"",""price"":""0"",""priceType"":""fixed""},{""label"":""NA"",""price"":""0"",""priceType"":""fixed""}]";;;;0.00;1;2025-11-02 05:05:18.225298+00;2025-11-02 05:05:18.225298+00;fixed;false
c4fc844c-76f8-4aaa-9715-56cb0824b51a;d8764f3c-823e-4e11-a852-f5eed1a6a0c4;boost;Boost Mode;button_group;true;"[{""label"":""Pilot"",""price"":""0"",""priceType"":""fixed""}]";;;;0.00;0;2025-11-02 05:08:04.474814+00;2025-11-02 05:08:04.474814+00;fixed;false
b8823a87-9954-44bd-919a-0c51f76b19f6;d8764f3c-823e-4e11-a852-f5eed1a6a0c4;reg;Region;button_group;true;"[{""label"":""EU"",""price"":""0"",""priceType"":""fixed""},{""label"":""NA"",""price"":""0"",""priceType"":""fixed""}]";;;;0.00;1;2025-11-02 05:08:12.447802+00;2025-11-02 05:08:12.447802+00;fixed;false
cab848ff-f889-46b9-9314-d959305d270d;aab05a00-2e66-4c6f-a5cd-a7d678c8c073;boost;Boost Mode;button_group;true;"[{""label"":""Pilot"",""price"":""0"",""priceType"":""fixed""}]";;;;0.00;0;2025-11-02 05:12:43.772593+00;2025-11-02 05:12:43.772593+00;fixed;false
52f1ad22-f46b-4f6c-b26c-765ac94339c0;aab05a00-2e66-4c6f-a5cd-a7d678c8c073;reg;Region;button_group;true;"[{""label"":""EU"",""price"":""0"",""priceType"":""fixed""},{""label"":""NA"",""price"":""0"",""priceType"":""fixed""}]";;;;0.00;1;2025-11-02 05:12:52.357544+00;2025-11-02 05:12:52.357544+00;fixed;false
3dba93b1-ee58-4cbc-91a7-410fd198d02f;f16d0753-d2b4-40e7-82a5-3d6c6d84e3e5;boost_method;Boost Method;button_group;false;"[{""label"":""Pilot"",""price"":""0"",""priceType"":""fixed""},{""label"":""Selfplay"",""price"":""0"",""priceType"":""fixed""},{""label"":""Remote"",""price"":""30"",""priceType"":""percentage""}]";;;;0.00;1;2026-01-29 22:06:31.470451+00;2026-01-29 22:25:42.82573+00;fixed;false
ed35cd8d-49d6-4b73-b4c3-ffd9e88c4ec0;58710ab8-a29e-4f2a-82a7-867f664c50f0;boost;Boost Mode;button_group;true;"[{""label"":""Pilot"",""price"":""0"",""priceType"":""fixed""},{""label"":""Remote"",""price"":""15"",""priceType"":""percentage""}]";;;;0.00;0;2025-11-02 05:19:14.802546+00;2025-11-02 05:19:14.802546+00;fixed;false
b0c1e452-2c9f-4926-8a01-2f0990d5e5c5;58710ab8-a29e-4f2a-82a7-867f664c50f0;reg;Region;button_group;true;"[{""label"":""EU"",""price"":""0"",""priceType"":""fixed""},{""label"":""NA"",""price"":""0"",""priceType"":""fixed""}]";;;;0.00;1;2025-11-02 05:19:24.827111+00;2025-11-02 05:19:24.827111+00;fixed;false
c0599b27-ce36-46e9-ae0a-9c8398b492a2;c2968b4f-5210-4a42-bc48-cfdde59e9b17;reg;Region;button_group;true;"[{""label"":""Pilot"",""price"":""0"",""priceType"":""fixed""},{""label"":""Remote"",""price"":""15"",""priceType"":""percentage""}]";;;;0.00;0;2025-11-02 05:21:41.020703+00;2025-11-02 05:21:41.020703+00;fixed;false
907e5056-8074-4f59-ae3b-297468f782e8;c2968b4f-5210-4a42-bc48-cfdde59e9b17;reg;Region;button_group;true;"[{""label"":""EU"",""price"":""0"",""priceType"":""fixed""},{""label"":""NA"",""price"":""0"",""priceType"":""fixed""}]";;;;0.00;1;2025-11-02 05:21:54.625169+00;2025-11-02 05:21:54.625169+00;fixed;false
4284ae2d-f095-448f-a7b1-0dafa652ae3d;0d28d96f-b65d-4a8d-b8c1-46ed852333b8;reg;Region;button_group;true;"[{""label"":""EU"",""price"":""0"",""priceType"":""fixed""},{""label"":""NA"",""price"":""0"",""priceType"":""fixed""}]";;;;0.00;1;2025-11-02 03:30:18.101921+00;2025-11-02 05:44:59.070352+00;fixed;false
a9bb6f20-10e4-447c-ae78-08b3df15f861;08587f4c-8dab-4f3f-af81-c17b2399f93a;deldetailsdivs;Delivery details;text;false;;;;;0.00;1;2026-01-01 22:06:24.62414+00;2026-01-01 22:06:24.62414+00;fixed;false
57a790f2-2f09-4e1d-823f-bc0f3f128005;4f224d4d-99b0-4c86-b26b-4b9158ad9191;region;Region;button_group;false;"[{""label"":""EU"",""price"":""0"",""priceType"":""fixed""},{""label"":""NA"",""price"":""0"",""priceType"":""fixed""}]";;;;0.00;1;2026-02-05 21:26:20.889476+00;2026-02-05 21:26:20.889476+00;fixed;false
ba99b2b9-0bf2-4b0a-8f21-6e8cc631e3d3;e40979d8-31c7-41b2-8138-19d7ba873404;boost;Boost Mode;button_group;true;"[{""label"":""Pilot"",""price"":""0"",""priceType"":""fixed""},{""label"":""Remote"",""price"":""15"",""priceType"":""percentage""}]";;;;0.00;0;2025-11-02 05:24:04.789629+00;2025-11-02 05:24:04.789629+00;fixed;false
2fd882b8-d5f8-41d4-b2f7-05d4f36f6e86;e40979d8-31c7-41b2-8138-19d7ba873404;reg;Region;button_group;true;"[{""label"":""EU"",""price"":""0"",""priceType"":""fixed""},{""label"":""NA"",""price"":""0"",""priceType"":""fixed""}]";;;;0.00;1;2025-11-02 05:24:18.868396+00;2025-11-02 05:24:18.868396+00;fixed;false
8efa4786-e2ff-45c4-b0fe-c6693f83b0a3;07c5a6dd-e714-4db7-92b6-54707d54921d;reg;Region;button_group;true;"[{""label"":""Pilot"",""price"":""0"",""priceType"":""fixed""},{""label"":""Remote"",""price"":""15"",""priceType"":""percentage""}]";;;;0.00;0;2025-11-02 05:26:24.89452+00;2025-11-02 05:26:24.89452+00;fixed;false
6b8063d9-49b5-47a0-b863-e90c39a26678;07c5a6dd-e714-4db7-92b6-54707d54921d;reg;Region;button_group;true;"[{""label"":""EU"",""price"":""0"",""priceType"":""fixed""},{""label"":""NA"",""price"":""0"",""priceType"":""fixed""}]";;;;0.00;1;2025-11-02 05:26:33.932487+00;2025-11-02 05:26:33.932487+00;fixed;false
1baae3f5-3ddb-4d2c-ae22-825b138c32c4;96d1bf21-faa1-49bc-82a4-961746875bde;boost;Boost Mode;button_group;true;"[{""label"":""EU"",""price"":""0"",""priceType"":""fixed""},{""label"":""NA"",""price"":""0"",""priceType"":""fixed""}]";;;;0.00;0;2025-11-02 05:31:59.924032+00;2025-11-02 05:31:59.924032+00;fixed;false
209fb04c-378f-4d06-8e60-36842bceeaab;96d1bf21-faa1-49bc-82a4-961746875bde;reg;Region;button_group;true;"[{""label"":""EU"",""price"":""0"",""priceType"":""fixed""},{""label"":""NA"",""price"":""0"",""priceType"":""fixed""}]";;;;0.00;1;2025-11-02 05:32:09.64704+00;2025-11-02 05:32:09.64704+00;fixed;false
9d0ef143-7f6e-44d3-a3ef-6825f774633b;96d1bf21-faa1-49bc-82a4-961746875bde;rep;Select Desired Reputation Level;checkbox;true;"[{""label"":""Neutral - Friendly"",""price"":""10.52"",""priceType"":""fixed""},{""label"":""Friendly - Honored"",""price"":""21.12"",""priceType"":""fixed""},{""label"":""Honored - Revered"",""price"":""41.36"",""priceType"":""fixed""},{""label"":""Revered - Exalted"",""price"":""73.04"",""priceType"":""fixed""}]";;;;0.00;2;2025-11-02 05:34:47.082772+00;2025-11-02 05:34:47.082772+00;fixed;false
aa0060ea-134f-43be-8fc7-17524a927ed4;14e372f8-76d7-4ea8-a348-54c2343632d9;reg;Region;button_group;true;"[{""label"":""EU"",""price"":""0"",""priceType"":""fixed""},{""label"":""NA"",""price"":""0"",""priceType"":""fixed""}]";;;;0.00;1;2025-11-02 01:28:38.013926+00;2025-11-02 05:43:02.699577+00;fixed;false
17db6b84-c56d-4a5d-a047-9b538b3193f4;affd735f-ebd8-4445-b00c-9bea7b43317b;boost;Boost Mode;button_group;true;"[{""label"":""Pilot"",""price"":""0"",""priceType"":""fixed""},{""label"":""Remote"",""price"":""15"",""priceType"":""percentage""}]";;;;0.00;0;2025-11-02 02:53:05.962551+00;2025-11-02 05:44:42.31465+00;fixed;false
f75673ca-b2e8-4b83-9318-5457865b7ca7;0d3452b4-a11d-470c-aedf-748dbb544ad4;reg;Boost Mode;button_group;true;"[{""label"":""Pilot"",""price"":""0"",""priceType"":""fixed""},{""label"":""Remote"",""price"":""15"",""priceType"":""percentage""}]";;;;0.00;0;2025-11-02 05:05:08.572248+00;2025-11-02 05:46:45.490169+00;fixed;false
ccb80dd9-6c7b-499b-964b-0e3b8439aa75;ab05e217-aa88-499d-b0ca-e03cbe70489c;boost;Boost Mode;button_group;true;"[{""label"":""Pilot"",""price"":""0"",""priceType"":""fixed""},{""label"":""Remote"",""price"":""15"",""priceType"":""percentage""}]";;;;0.00;0;2025-11-02 05:48:18.167792+00;2025-11-02 05:48:18.167792+00;fixed;false
6da88689-0c4b-46e5-8425-a3646e7e6fc0;ab05e217-aa88-499d-b0ca-e03cbe70489c;reg;Region;button_group;true;"[{""label"":""EU"",""price"":""0"",""priceType"":""fixed""},{""label"":""NA"",""price"":""0"",""priceType"":""fixed""}]";;;;0.00;2;2025-11-02 05:48:31.577229+00;2025-11-02 05:48:31.577229+00;fixed;false
5b1700c0-df5f-4fe2-bcdd-9a45d89f600f;e1d90154-c93d-48b1-9a90-817bd82de73c;weaponassignem;Assignments ( Weapon );checkbox;false;"[{""label"":""Rapid Fire Challenge 1"",""price"":""10"",""priceType"":""fixed""},{""label"":""Rapid Fire Challenge 2 "",""price"":""14"",""priceType"":""fixed""},{""label"":""Rapid Fire Challenge 3 "",""price"":""18"",""priceType"":""fixed""},{""label"":""Danger Close Challenge 1"",""price"":""10"",""priceType"":""fixed""},{""label"":""Danger Close Challenge 2"",""price"":""27"",""priceType"":""fixed""},{""label"":""Close Quaters Challenge 1"",""price"":""23"",""priceType"":""fixed""},{""label"":""Close Quaters Challenge 2"",""price"":""27"",""priceType"":""fixed""},{""label"":""Bullet Storm Challenge 1"",""price"":""18"",""priceType"":""fixed""},{""label"":""Bullet Storm Challenge 2"",""price"":""23"",""priceType"":""fixed""},{""label"":""Point Blank  Challenge 1 "",""price"":""27"",""priceType"":""fixed""},{""label"":""Point Blank Challenge 2 "",""price"":""27"",""priceType"":""fixed""},{""label"":""Deadeye Challenge 1 "",""price"":""37"",""priceType"":""fixed""},{""label"":""Deadeye Challenge 2 "",""price"":""61"",""priceType"":""fixed""}]";;;;0.00;3;2025-10-31 23:26:41.472467+00;2025-11-02 19:40:45.577701+00;fixed;false
bff1b4ef-9d27-47ef-aeff-d99b194d25ac;e1d90154-c93d-48b1-9a90-817bd82de73c;uniteassi;Assignments ( Unit );checkbox;false;"[{""label"":""Conquest Challenge 1"",""price"":""18"",""priceType"":""fixed""},{""label"":""Conquest Challenge 2"",""price"":""18"",""priceType"":""fixed""},{""label"":""Conquest Challenge 3"",""price"":""18"",""priceType"":""fixed""},{""label"":""Conquest Challenge 4 "",""price"":""94"",""priceType"":""fixed""},{""label"":""Breakthourgh Challenge 1 "",""price"":""18"",""priceType"":""fixed""},{""label"":""Breakthourgh Challenge 2 "",""price"":""18"",""priceType"":""fixed""},{""label"":""Breakthourgh Challenge 3 "",""price"":""37"",""priceType"":""fixed""},{""label"":""Breaktrough Challenge 4 "",""price"":""84"",""priceType"":""fixed""},{""label"":""Escalation Challenge 1 "",""price"":""18"",""priceType"":""fixed""},{""label"":""Escalation Challenge 2 "",""price"":""18"",""priceType"":""fixed""},{""label"":""Escalation Challenge 3 "",""price"":""18"",""priceType"":""fixed""},{""label"":""Escalation Challenge 4 "",""price"":""46"",""priceType"":""fixed""},{""label"":""Rush Challenge 1 "",""price"":""18"",""priceType"":""fixed""},{""label"":""Rush Challenge 2 "",""price"":""37"",""priceType"":""fixed""},{""label"":""Rush Challenge 3 "",""price"":""18"",""priceType"":""fixed""},{""label"":""Rush Challenge 4 "",""price"":""37"",""priceType"":""fixed""},{""label"":""King of the Hill Challenge 1 "",""price"":""18"",""priceType"":""fixed""},{""label"":""King of the Hill Challenge 2 "",""price"":""18"",""priceType"":""fixed""},{""label"":""King of the Hill Challenge 3"",""price"":""18"",""priceType"":""fixed""},{""label"":""King of the Hill Challenge 4 "",""price"":""33"",""priceType"":""fixed""},{""label"":""King of the Hill Challenge 5 "",""price"":""84"",""priceType"":""fixed""},{""label"":""Squad Deathmatch Challenge 1 "",""price"":""18"",""priceType"":""fixed""},{""label"":""Squad Deathmatch Challenge 2 "",""price"":""33"",""priceType"":""fixed""},{""label"":""Squad Deathmatch Challenge 3 "",""price"":""46"",""priceType"":""fixed""},{""label"":""Squad Deathmatch Challenge 4 "",""price"":""33"",""priceType"":""fixed""},{""label"":""Squad Deathmatch Challenge 5 "",""price"":""46"",""priceType"":""fixed""},{""label"":""Domination Challenge 1 "",""price"":""18"",""priceType"":""fixed""},{""label"":""Domination Challenge 2 "",""price"":""18"",""priceType"":""fixed""},{""label"":""Domination Challenge 3 "",""price"":""42"",""priceType"":""fixed""},{""label"":""Team Deathmatch Challenge 1 "",""price"":""18"",""priceType"":""fixed""},{""label"":""Team Deathmatch Challenge 2 "",""price"":""18"",""priceType"":""fixed""},{""label"":""Team Deathmatch Challenge 3 "",""price"":""27"",""priceType"":""fixed""},{""label"":""Team Deatmatch Challenge 4 "",""price"":""27"",""priceType"":""fixed""},{""label"":""Team Deatmatch Challenge 5 "",""price"":""33"",""priceType"":""fixed""},{""label"":""Combat Expert Challenge 1 "",""price"":""42"",""priceType"":""fixed""},{""label"":""Combat Expert Challenge 2 "",""price"":""71"",""priceType"":""fixed""},{""label"":""Combat Expert Challenge 3 "",""price"":""71"",""priceType"":""fixed""},{""label"":""Land Vehicle Expert Challenge 1 "",""price"":""33"",""priceType"":""fixed""},{""label"":""Land Vehicle Expert Challenge 2"",""price"":""46"",""priceType"":""fixed""},{""label"":""Land Vehicle Expert Challenge 3"",""price"":""46"",""priceType"":""fixed""},{""label"":""Aerial Combat Expert Challenge 1"",""price"":""46"",""priceType"":""fixed""},{""label"":""Aerial Combat Expert Challenge 2"",""price"":""94"",""priceType"":""fixed""},{""label"":""Aerial Combat Expert Challenge 3"",""price"":""71"",""priceType"":""fixed""},{""label"":""Protection Expert Challenge 1"",""price"":""33"",""priceType"":""fixed""},{""label"":""Protection Expert Challenge 2"",""price"":""71"",""priceType"":""fixed""},{""label"":""Protection Expert Challenge 3"",""price"":""71"",""priceType"":""fixed""},{""label"":""Explosives Expert Challenge 1"",""price"":""23"",""priceType"":""fixed""},{""label"":""Explosives Expert Challenge 2"",""price"":""71"",""priceType"":""fixed""},{""label"":""Explosives Expert Challenge 3"",""price"":""80"",""priceType"":""fixed""},{""label"":""Weapon Expert Challenge 1"",""price"":""46"",""priceType"":""fixed""},{""label"":""Weapon Expert Challenge 2"",""price"":""33"",""priceType"":""fixed""},{""label"":""Weapon Expert Challenge 3"",""price"":""23"",""priceType"":""fixed""},{""label"":""Headshot Expert Challenge 1"",""price"":""23"",""priceType"":""fixed""},{""label"":""Headshot Expert Challenge 2"",""price"":""41"",""priceType"":""fixed""},{""label"":""Headshot Expert Challenge 3 "",""price"":""70"",""priceType"":""fixed""},{""label"":""Adaptable Challenge 1 "",""price"":""33"",""priceType"":""fixed""},{""label"":""Adaptable Challenge 1 "",""price"":""33"",""priceType"":""fixed""},{""label"":""Adaptable Challenge 1 "",""price"":""84"",""priceType"":""fixed""}]";;;;0.00;4;2025-10-31 23:27:18.576501+00;2025-11-02 19:42:04.033846+00;fixed;false
25acb1ee-f22a-4d79-b748-a2955f3fd215;1d983d26-029d-47a6-b8a6-b96e2b80b380;risingplatform;Platform;button_group;false;"[{""label"":""iOS"",""price"":""0"",""priceType"":""fixed""},{""label"":""Android"",""price"":""0"",""priceType"":""fixed""}]";;;;0.00;0;2025-11-02 19:50:13.731429+00;2025-11-02 19:50:13.731429+00;fixed;false
377c21b2-3e9b-41d7-8180-9408ea96883a;2afcf3ba-cdaf-4f04-af02-5654b99959fd;reg;Region;button_group;true;"[{""label"":""EU"",""price"":""0"",""priceType"":""fixed""},{""label"":""NA"",""price"":""0"",""priceType"":""fixed""}]";;;;0.00;1;2025-11-02 20:43:33.469673+00;2025-11-02 20:43:33.469673+00;fixed;false
2495c791-d4f3-4ebb-91e9-4fe5d55ba587;2afcf3ba-cdaf-4f04-af02-5654b99959fd;rep;Select Desired Reputation Level;checkbox;true;"[{""label"":""Neutral - Friendly"",""price"":""5.28"",""priceType"":""fixed""},{""label"":""Friendly - Honored"",""price"":""10.56"",""priceType"":""fixed""},{""label"":""Honored - Revered"",""price"":""21.12"",""priceType"":""fixed""},{""label"":""Revered - Exalted"",""price"":""51.04"",""priceType"":""fixed""}]";;;;0.00;2;2025-11-02 20:44:31.952601+00;2025-11-02 20:44:38.459477+00;fixed;false
12542e2c-90d4-468e-ab10-4c3025e1c29d;25e7f944-9f6f-4da9-b9a5-18aeb7a9d100;boost;Boost Mode;button_group;true;"[{""label"":""Pilot"",""price"":""0"",""priceType"":""fixed""},{""label"":""Remote"",""price"":""15"",""priceType"":""percentage""}]";;;;0.00;0;2025-11-02 20:46:25.352933+00;2025-11-02 20:46:25.352933+00;fixed;false
2f5b3298-a19c-4738-bc95-48dc99955cf3;25e7f944-9f6f-4da9-b9a5-18aeb7a9d100;reg;Region;button_group;true;"[{""label"":""EU"",""price"":""0"",""priceType"":""fixed""},{""label"":""NA"",""price"":""0"",""priceType"":""fixed""}]";;;;0.00;1;2025-11-02 20:46:36.158863+00;2025-11-02 20:46:36.158863+00;fixed;false
6a7c6455-ec39-47e3-ac68-509d555936d0;25e7f944-9f6f-4da9-b9a5-18aeb7a9d100;selecrep;Select Desired Reputation Level;checkbox;true;"[{""label"":""Neutral - Friendly"",""price"":""5.28"",""priceType"":""fixed""},{""label"":""Friendly - Honored"",""price"":""10.56"",""priceType"":""fixed""},{""label"":""Honored - Revered"",""price"":""21.12"",""priceType"":""fixed""},{""label"":""Revered - Exalted"",""price"":""51.04"",""priceType"":""fixed""}]";;;;0.00;2;2025-11-02 20:47:08.456913+00;2025-11-02 20:47:08.456913+00;fixed;false
f61962c9-91b5-481d-af38-4a6202dfc4dc;de7a6ade-742f-4734-a6aa-f04b457fb401;teamplat;Platform;button_group;false;"[{""label"":""iOS"",""price"":""0"",""priceType"":""fixed""},{""label"":""Android"",""price"":""0"",""priceType"":""fixed""}]";;;;0.00;0;2025-11-02 20:47:29.504433+00;2025-11-02 20:47:29.504433+00;fixed;false
7c35ea0f-64e9-4c6a-a1f0-c7c03456883d;0538bef4-3fd6-415a-814b-4a052ba7284c;boost;Boost Mode;button_group;true;"[{""label"":""Pilot"",""price"":""0"",""priceType"":""fixed""},{""label"":""Remote"",""price"":""15"",""priceType"":""percentage""}]";;;;0.00;0;2025-11-02 20:48:39.574319+00;2025-11-02 20:48:39.574319+00;fixed;false
b6d15dbc-5214-4813-8592-180750269f8c;1d983d26-029d-47a6-b8a6-b96e2b80b380;risingchapters;Story Chapters;checkbox;false;"[{""label"":""All 20 Chapters "",""price"":""129"",""priceType"":""fixed""},{""label"":""Chapter 1-1"",""price"":""5.99"",""priceType"":""fixed""},{""label"":""Chapter 1-2"",""price"":""5.99"",""priceType"":""fixed""},{""label"":""Chapter 2-1"",""price"":""5.99"",""priceType"":""fixed""},{""label"":""Chapter 2-1"",""price"":""5.99"",""priceType"":""fixed""},{""label"":""Chapter 2-2"",""price"":""5.99"",""priceType"":""fixed""},{""label"":""Chapter 2-3"",""price"":""5.99"",""priceType"":""fixed""},{""label"":""Chapter 3-1 "",""price"":""5.99"",""priceType"":""fixed""},{""label"":""Chapter 3-2 "",""price"":""5.99"",""priceType"":""fixed""},{""label"":""Chapter 3-3"",""price"":""5.99"",""priceType"":""fixed""},{""label"":""Chapter 4-1 "",""price"":""5.99"",""priceType"":""fixed""},{""label"":""Chapter 4-2 "",""price"":""7.50"",""priceType"":""fixed""},{""label"":""Chapter 4-3 "",""price"":""7.50"",""priceType"":""fixed""},{""label"":""Chapter 5-1 "",""price"":""7.50"",""priceType"":""fixed""},{""label"":""Chapter 5-2 "",""price"":""7.50"",""priceType"":""fixed""},{""label"":""Chapter 5-3"",""price"":""7.50"",""priceType"":""fixed""},{""label"":""Chapter 5-4 "",""price"":""7.50"",""priceType"":""fixed""},{""label"":""Chapter 6-1 "",""price"":""7.50"",""priceType"":""fixed""},{""label"":""Chapter 6-2"",""price"":""7.50"",""priceType"":""fixed""},{""label"":""Chapter 6-3 "",""price"":""7.50"",""priceType"":""fixed""},{""label"":""Chapter 7-1 "",""price"":""8.30"",""priceType"":""fixed""},{""label"":""Chapter 7-2 "",""price"":""8.30"",""priceType"":""fixed""}]";;;;0.00;1;2025-11-02 20:07:53.116309+00;2025-11-02 20:07:53.116309+00;fixed;false
72379940-0be1-4237-b01b-f33fb77a44b1;2a5ac2c8-c96b-458e-98f5-e5dfc2c6bba6;brplat;Platform;button_group;false;"[{""label"":""PC"",""price"":""0"",""priceType"":""fixed""},{""label"":""PS"",""price"":""0"",""priceType"":""fixed""},{""label"":""Xbox"",""price"":""0"",""priceType"":""fixed""}]";;;;0.00;0;2025-11-02 20:21:09.448606+00;2025-11-02 20:21:09.448606+00;fixed;false
d363be50-eb0e-48d1-89ad-35dcf291bc27;0ef10f78-1361-4857-a55a-4a05f9a134aa;boost;Boost Mode;button_group;true;"[{""label"":""Pilot"",""price"":""0"",""priceType"":""fixed""},{""label"":""Remote"",""price"":""15"",""priceType"":""percentage""}]";;;;0.00;0;2025-11-02 20:26:44.071436+00;2025-11-02 20:26:44.071436+00;fixed;false
8bcc80db-2658-441d-8dc7-be327a7469a3;0ef10f78-1361-4857-a55a-4a05f9a134aa;boost;Boost Mode;button_group;true;"[{""label"":""EU"",""price"":""0"",""priceType"":""fixed""},{""label"":""NA"",""price"":""0"",""priceType"":""fixed""}]";;;;0.00;1;2025-11-02 20:26:54.061753+00;2025-11-02 20:26:54.061753+00;fixed;false
d29f76e2-7a3c-44a5-92e5-e58a641e7afb;0ef10f78-1361-4857-a55a-4a05f9a134aa;rep;Select Desired Reputation Level;checkbox;true;"[{""label"":""Neutral - Friendly"",""price"":""2.64"",""priceType"":""fixed""},{""label"":""Friendly - Honored"",""price"":""5.28"",""priceType"":""fixed""},{""label"":""Honored - Revered"",""price"":""7.95"",""priceType"":""fixed""},{""label"":""Revered - Exalted"",""price"":""10.56"",""priceType"":""fixed""}]";;;;0.00;2;2025-11-02 20:29:12.665259+00;2025-11-02 20:29:12.665259+00;fixed;false
2412b90c-f7ba-4dc6-97da-68d8991c020d;a00e73ec-1244-4d89-9b28-9595255e413d;platgauntlet;Platform;button_group;false;"[{""label"":""PC"",""price"":""0"",""priceType"":""fixed""},{""label"":""PS"",""price"":""0"",""priceType"":""fixed""},{""label"":""Xbox"",""price"":""0"",""priceType"":""fixed""}]";;;;0.00;0;2025-11-02 20:29:31.152265+00;2025-11-02 20:29:31.152265+00;fixed;false
8366f9be-e0b3-4848-9e97-96a84bc2369e;a00e73ec-1244-4d89-9b28-9595255e413d;bmgauntlet;Boost Method;button_group;false;"[{""label"":""Selfplay"",""price"":""100"",""priceType"":""percentage""},{""label"":""Pilot"",""price"":""0"",""priceType"":""fixed""}]";;;;0.00;1;2025-11-02 20:30:14.606741+00;2025-11-02 20:30:14.606741+00;fixed;false
27541506-857a-4880-b339-1af6d6013ecf;2a5ac2c8-c96b-458e-98f5-e5dfc2c6bba6;bmbrb6;Boost Method;button_group;false;"[{""label"":""Selfplay"",""price"":""100"",""priceType"":""percentage""},{""label"":""Pilot"",""price"":""0"",""priceType"":""fixed""}]";;;;0.00;1;2025-11-02 20:21:30.86996+00;2025-11-02 20:30:45.001282+00;fixed;false
44e1aaa1-01b7-40ac-a095-0431ee18e5ae;1a47330c-1cf4-49c9-878d-be8dd55f4b3f;boost;Boost Mode;button_group;true;"[{""label"":""Pilot"",""price"":""0"",""priceType"":""fixed""},{""label"":""Remote"",""price"":""15"",""priceType"":""percentage""}]";;;;0.00;0;2025-11-02 20:32:03.378575+00;2025-11-02 20:32:03.378575+00;fixed;false
3a0a15a1-06ee-4693-95ff-1b2429233205;1a47330c-1cf4-49c9-878d-be8dd55f4b3f;reg;Region;button_group;true;"[{""label"":""EU"",""price"":""0"",""priceType"":""fixed""},{""label"":""NA"",""price"":""0"",""priceType"":""fixed""}]";;;;0.00;1;2025-11-02 20:32:12.560492+00;2025-11-02 20:32:12.560492+00;fixed;false
664146a1-7786-4bba-8dbb-e2a59837b4cd;1a47330c-1cf4-49c9-878d-be8dd55f4b3f;rep;Select Desired Reputation Level;checkbox;true;"[{""label"":""Neutral - Friendly"",""price"":""3.52"",""priceType"":""fixed""},{""label"":""Friendly - Honored"",""price"":""7.04"",""priceType"":""fixed""},{""label"":""Honored - Revered"",""price"":""10.56"",""priceType"":""fixed""},{""label"":""Revered - Exalted"",""price"":""21.12"",""priceType"":""fixed""}]";;;;0.00;2;2025-11-02 20:33:12.821057+00;2025-11-02 20:33:12.821057+00;fixed;false
1b138d38-17b0-4ce7-9c63-9b74bfbe1efc;65e3d3b1-46de-4c77-82da-4d5e04214cf7;boost;Boost Mode;button_group;true;"[{""label"":""Pilot"",""price"":""0"",""priceType"":""fixed""},{""label"":""Remote"",""price"":""15"",""priceType"":""fixed""}]";;;;0.00;0;2025-11-02 20:35:25.825041+00;2025-11-02 20:35:25.825041+00;fixed;false
ca0819b4-8f94-422c-a80c-8d2bbb343e2b;65e3d3b1-46de-4c77-82da-4d5e04214cf7;reg;Region;button_group;true;"[{""label"":""EU"",""price"":""0"",""priceType"":""fixed""},{""label"":""NA"",""price"":""0"",""priceType"":""fixed""}]";;;;0.00;1;2025-11-02 20:35:38.466381+00;2025-11-02 20:35:38.466381+00;fixed;false
69400036-8edb-45a2-a1a3-fd18cb9b5147;65e3d3b1-46de-4c77-82da-4d5e04214cf7;rep;Select Desired Reputation Level;checkbox;true;"[{""label"":""Neutral - Friendly"",""price"":""5.28"",""priceType"":""fixed""},{""label"":""Friendly - Honored"",""price"":""10.56"",""priceType"":""fixed""},{""label"":""Honored - Revered"",""price"":""21.12"",""priceType"":""fixed""},{""label"":""Revered - Exalted"",""price"":""51.04"",""priceType"":""fixed""}]";;;;0.00;2;2025-11-02 20:36:45.885788+00;2025-11-02 20:36:45.885788+00;fixed;false
eb83e843-f950-4275-8382-a61f403c399a;129cb066-df05-4625-a9de-2619472e26a6;boost;Boost Mode;button_group;true;"[{""label"":""Pilot"",""price"":""0"",""priceType"":""fixed""},{""label"":""Remote"",""price"":""15"",""priceType"":""percentage""}]";;;;0.00;0;2025-11-02 20:38:46.412574+00;2025-11-02 20:38:46.412574+00;fixed;false
4b50f4dc-720e-49a5-8505-46bb953de5a7;129cb066-df05-4625-a9de-2619472e26a6;reg;Region;button_group;true;"[{""label"":""EU"",""price"":""0"",""priceType"":""fixed""},{""label"":""NA"",""price"":""0"",""priceType"":""fixed""}]";;;;0.00;1;2025-11-02 20:38:56.815893+00;2025-11-02 20:38:56.815893+00;fixed;false
ec92cee6-100e-4033-a36e-6fc2f7775aa0;129cb066-df05-4625-a9de-2619472e26a6;rep;Select Desired Reputation Level;checkbox;true;"[{""label"":""Neutral - Friendly"",""price"":""5.28"",""priceType"":""fixed""},{""label"":""Friendly - Honored"",""price"":""10.56"",""priceType"":""fixed""},{""label"":""Honored - Revered"",""price"":""21.12"",""priceType"":""fixed""},{""label"":""Revered - Exalted"",""price"":""51.04"",""priceType"":""fixed""}]";;;;0.00;2;2025-11-02 20:39:34.656284+00;2025-11-02 20:39:34.656284+00;fixed;false
65601743-dff1-4e41-ad7f-d8ef6d17563d;35de5914-0bf3-4035-ac09-e3d53bacca41;boost;Boost Mode;button_group;true;"[{""label"":""Pilot"",""price"":""0"",""priceType"":""fixed""},{""label"":""Remote"",""price"":""15"",""priceType"":""percentage""}]";;;;0.00;0;2025-11-02 20:40:41.749081+00;2025-11-02 20:40:41.749081+00;fixed;false
332add0f-9682-40ce-b852-f4fcd0af8051;35de5914-0bf3-4035-ac09-e3d53bacca41;reg;Region;button_group;true;"[{""label"":""EU"",""price"":""0"",""priceType"":""fixed""},{""label"":""NA"",""price"":""0"",""priceType"":""fixed""}]";;;;0.00;1;2025-11-02 20:40:50.947807+00;2025-11-02 20:40:50.947807+00;fixed;false
baaf25e7-2eab-47f7-a77d-47358cba906a;35de5914-0bf3-4035-ac09-e3d53bacca41;selecrep;Select Desired Reputation Level;checkbox;true;"[{""label"":""Neutral - Friendly"",""price"":""5.28"",""priceType"":""fixed""},{""label"":""Friendly - Honored"",""price"":""10.56"",""priceType"":""fixed""},{""label"":""Honored - Revered"",""price"":""21.12"",""priceType"":""fixed""},{""label"":""Revered - Exalted"",""price"":""51.04"",""priceType"":""fixed""}]";;;;0.00;2;2025-11-02 20:41:36.937355+00;2025-11-02 20:41:36.937355+00;fixed;false
ca44df21-2ab3-4b1d-9d6b-02146425d6ad;2afcf3ba-cdaf-4f04-af02-5654b99959fd;boost;Boost Mode;button_group;true;"[{""label"":""Pilot"",""price"":""0"",""priceType"":""fixed""},{""label"":""Remote"",""price"":""15"",""priceType"":""percentage""}]";;;;0.00;0;2025-11-02 20:43:19.020417+00;2025-11-02 20:43:19.020417+00;fixed;false
d620a083-8e1e-4390-997d-dd03c3165996;0538bef4-3fd6-415a-814b-4a052ba7284c;reg;Region;button_group;true;"[{""label"":""EU"",""price"":""0"",""priceType"":""fixed""},{""label"":""NA"",""price"":""0"",""priceType"":""fixed""}]";;;;0.00;1;2025-11-02 20:48:51.166558+00;2025-11-02 20:48:51.166558+00;fixed;false
d063ac64-d105-47e9-a889-d3816348bc38;0538bef4-3fd6-415a-814b-4a052ba7284c;selecrep;Select Desired Reputation Level;checkbox;true;"[{""label"":""Neutral - Friendly"",""price"":""5.28"",""priceType"":""fixed""},{""label"":""Friendly - Honored"",""price"":""10.56"",""priceType"":""fixed""},{""label"":""Honored - Revered"",""price"":""21.12"",""priceType"":""fixed""},{""label"":""Revered - Exalted"",""price"":""51.04"",""priceType"":""fixed""}]";;;;0.00;2;2025-11-02 20:49:46.069876+00;2025-11-02 20:49:46.069876+00;fixed;false
72d0b7ba-be6f-42ea-977e-5ec5dd21f140;5205ce60-5f11-4af8-a652-ea3f8c717a88;boost;Boost Mode;button_group;true;"[{""label"":""Pilot"",""price"":""0"",""priceType"":""fixed""},{""label"":""Remote"",""price"":""15"",""priceType"":""percentage""}]";;;;0.00;0;2025-11-02 20:51:09.869669+00;2025-11-02 20:51:09.869669+00;fixed;false
6b806bbd-5b35-4e6f-ba35-6d59565ec319;0533f9c6-2e36-4d47-8aee-1b7ebcffb66c;delivery_method;Delivery Method;button_group;false;"[{""label"":""Reagents Only"",""price"":""0"",""priceType"":""fixed""},{""label"":""Fully Crafted"",""price"":""50"",""priceType"":""percentage""}]";;;;0.00;3;2026-01-31 20:42:17.438049+00;2026-01-31 20:42:17.438049+00;fixed;false
91595a16-c632-4512-8dac-1e5c31ad7cac;0533f9c6-2e36-4d47-8aee-1b7ebcffb66c;weapon_level;Weapon Level;button_group;false;"[{""label"":""Lionheart Blade"",""price"":""0"",""priceType"":""fixed""},{""label"":""Lionheart Champion"",""price"":""599"",""priceType"":""fixed""},{""label"":""Lionheart Executioner"",""price"":""1299"",""priceType"":""fixed""}]";;;;0.00;2;2026-01-31 20:41:03.377247+00;2026-01-31 20:43:11.631223+00;fixed;false
f917c0d0-67a3-43ec-b954-fb95428b4b82;a1af1614-537c-4af2-8981-9e859921490b;boost-method;Boost Method;button_group;false;"[{""label"":""Pilot"",""price"":0,""priceType"":""fixed"",""value"":""pilot""},{""label"":""Remote"",""price"":30,""priceType"":""percentage"",""value"":""remote""}]";;;;0.00;0;2026-02-06 15:03:41.977884+00;2026-02-06 15:03:41.977884+00;fixed;false
bed1a00d-3096-404b-bb9c-f17dc8ba6f62;b92d1ebe-36f9-43f9-bd84-bb878fd06fae;boost-method;Boost Method;button_group;false;"[{""label"":""Pilot"",""price"":0,""priceType"":""fixed"",""value"":""pilot""},{""label"":""Remote"",""price"":30,""priceType"":""percentage"",""value"":""remote""}]";;;;0.00;0;2026-02-06 15:03:41.977884+00;2026-02-06 15:03:41.977884+00;fixed;false
51b4092b-567a-4420-9ef2-acc7950dac92;fcd720d0-156d-4a4b-83d3-9074d22ae557;boost-method;Boost Method;button_group;false;"[{""label"":""Pilot"",""price"":0,""priceType"":""fixed"",""value"":""pilot""},{""label"":""Remote"",""price"":30,""priceType"":""percentage"",""value"":""remote""}]";;;;0.00;0;2026-02-06 15:03:41.977884+00;2026-02-06 15:03:41.977884+00;fixed;false
247c2111-40b6-4c48-bc8a-bb0a8dbf4efe;274e562b-ee28-4023-91be-3ebc9217ce72;boost-method;Boost Method;button_group;false;"[{""label"":""Pilot"",""price"":0,""priceType"":""fixed"",""value"":""pilot""},{""label"":""Remote"",""price"":30,""priceType"":""percentage"",""value"":""remote""}]";;;;0.00;0;2026-02-06 15:03:41.977884+00;2026-02-06 15:03:41.977884+00;fixed;false
96b7ea68-e00c-4519-b320-4d88b9102dc3;e14b0c2f-11c7-4c4c-b198-a74afa86d589;boost-method;Boost Method;button_group;false;"[{""label"":""Pilot"",""price"":0,""priceType"":""fixed"",""value"":""pilot""},{""label"":""Remote"",""price"":30,""priceType"":""percentage"",""value"":""remote""}]";;;;0.00;0;2026-02-06 15:03:41.977884+00;2026-02-06 15:03:41.977884+00;fixed;false
433f0ca1-fd99-4586-882b-ca82f923943c;160b30c3-0662-4275-ad94-5aaa5a77860b;boost-method;Boost Method;button_group;false;"[{""label"":""Pilot"",""price"":0,""priceType"":""fixed"",""value"":""pilot""},{""label"":""Remote"",""price"":30,""priceType"":""percentage"",""value"":""remote""}]";;;;0.00;0;2026-02-06 15:03:41.977884+00;2026-02-06 15:03:41.977884+00;fixed;false
88fb7c73-f9ec-406e-b2f8-b6489f884e50;6b0894b5-3f7d-49c7-9724-a49ca0112827;boost_method;Boost Method;button_group;false;"[{""label"":""Pilot"",""price"":""0"",""priceType"":""fixed""},{""label"":""Remote"",""price"":""30"",""priceType"":""percentage""}]";;;;0.00;0;2026-02-12 22:55:04.413342+00;2026-02-12 22:55:04.413342+00;fixed;false
999c3cb7-ed03-428a-8343-ab6b85e28308;5205ce60-5f11-4af8-a652-ea3f8c717a88;reg;Region;button_group;true;"[{""label"":""EU"",""price"":""0"",""priceType"":""fixed""},{""label"":""NA"",""price"":""0"",""priceType"":""fixed""}]";;;;0.00;1;2025-11-02 20:51:19.613244+00;2025-11-02 20:51:19.613244+00;fixed;false
50d69aa7-f3de-4024-8fd5-61c452400294;5205ce60-5f11-4af8-a652-ea3f8c717a88;selecrep;Select Desired Reputation Level;checkbox;true;"[{""label"":""Neutral - Friendly"",""price"":""8.8"",""priceType"":""fixed""},{""label"":""Friendly - Honored"",""price"":""17.6"",""priceType"":""fixed""},{""label"":""Honored - Revered"",""price"":""35.2"",""priceType"":""fixed""},{""label"":""Revered - Exalted"",""price"":""70.4"",""priceType"":""fixed""}]";;;;0.00;2;2025-11-02 20:52:47.1302+00;2025-11-02 20:52:47.1302+00;fixed;false
7f27d8b9-0871-436a-a599-e6733b84382d;b31120b5-2e36-4429-a485-6047fa23c8cd;platbr;Platform;button_group;false;"[{""label"":""iOS"",""price"":""0"",""priceType"":""fixed""},{""label"":""Android"",""price"":""0"",""priceType"":""fixed""}]";;;;0.00;0;2025-11-02 20:59:04.122678+00;2025-11-02 20:59:37.706792+00;fixed;false
b2df6442-790c-494c-804d-4a623daedbb1;f815015e-5bfb-41a4-b1fa-9f8475798acd;boost;Boost Mode;button_group;true;"[{""label"":""Pilot"",""price"":""0"",""priceType"":""fixed""},{""label"":""Remote"",""price"":""15"",""priceType"":""percentage""}]";;;;0.00;0;2025-11-02 21:02:47.094382+00;2025-11-02 21:02:47.094382+00;fixed;false
9b67ec93-bd47-4dc9-9eb3-9524d910f2c7;f815015e-5bfb-41a4-b1fa-9f8475798acd;reg;Region;button_group;true;"[{""label"":""EU"",""price"":""0"",""priceType"":""fixed""},{""label"":""NA"",""price"":""0"",""priceType"":""fixed""}]";;;;0.00;1;2025-11-02 21:03:17.921698+00;2025-11-02 21:03:17.921698+00;fixed;false
c9cc96c6-5945-49e3-a19b-1fcec5016f19;f815015e-5bfb-41a4-b1fa-9f8475798acd;rep;Select Desired Reputation Level;checkbox;true;"[{""label"":""Neutral - Friendly"",""price"":""10.52"",""priceType"":""fixed""},{""label"":""Friendly - Honored"",""price"":""21.12"",""priceType"":""fixed""},{""label"":""Honored - Revered"",""price"":""41.36"",""priceType"":""fixed""},{""label"":""Revered - Exalted"",""price"":""73.04"",""priceType"":""fixed""}]";;;;0.00;2;2025-11-02 21:04:04.188427+00;2025-11-02 21:04:04.188427+00;fixed;false
beaf2a45-9109-4fdf-8fa9-f460752cacee;9ead5799-a511-4254-852e-b324f26b01f6;platformzone;Platform;button_group;false;"[{""label"":""iOS"",""price"":""0"",""priceType"":""fixed""},{""label"":""Android"",""price"":""0"",""priceType"":""fixed""}]";;;;0.00;0;2025-11-02 21:06:40.087836+00;2025-11-02 21:06:40.087836+00;fixed;false
baa2119b-a2d9-4c14-a5c2-c648774c89e1;9ead5799-a511-4254-852e-b324f26b01f6;readsea;Red Sea Rift;checkbox;false;"[{""label"":""Full Completition"",""price"":""45"",""priceType"":""fixed""},{""label"":""Veridia Forest"",""price"":""24"",""priceType"":""fixed""},{""label"":""Firebase Minos"",""price"":""24"",""priceType"":""fixed""}]";;;;0.00;2;2025-11-02 21:10:24.681414+00;2025-11-02 21:10:24.681414+00;fixed;false
c147bda6-0381-4fa0-9e58-d150849064d3;9ead5799-a511-4254-852e-b324f26b01f6;jiangshi;Jiangshi Metro;checkbox;false;"[{""label"":""Full Completition"",""price"":""59"",""priceType"":""fixed""},{""label"":""Aeoronautic Camps"",""price"":""24"",""priceType"":""fixed""},{""label"":""Station"",""price"":""24"",""priceType"":""fixed""},{""label"":""Ice Field"",""price"":""24"",""priceType"":""fixed""}]";;;;0.00;1;2025-11-02 21:09:16.624396+00;2025-11-02 21:11:02.845013+00;fixed;false
b905fdbf-a4a5-4389-80f0-a4aaa31332d5;4ff6f70b-8c48-4ec5-a866-753bdb028ae7;platlego;Platform;button_group;false;"[{""label"":""iOS"",""price"":""0"",""priceType"":""fixed""},{""label"":""Android"",""price"":""0"",""priceType"":""fixed""}]";;;;0.00;0;2025-11-02 21:16:54.109993+00;2025-11-02 21:16:54.109993+00;fixed;false
3036144f-b881-4b9e-985f-3bd001b0dbe8;4ff6f70b-8c48-4ec5-a866-753bdb028ae7;difflego;Difficulty;button_group;false;"[{""label"":""Heroic"",""price"":""0"",""priceType"":""fixed""},{""label"":""Challenge"",""price"":""30"",""priceType"":""percentage""}]";;;;0.00;1;2025-11-02 21:17:50.463329+00;2025-11-02 21:17:50.463329+00;fixed;false
2237707a-883d-4aea-9925-09b136cd58de;b76dc564-49cc-48ef-bf65-8b995fea95f8;boost;Boost Mode;button_group;true;"[{""label"":""Pilot"",""price"":""0"",""priceType"":""fixed""},{""label"":""Remote"",""price"":""15"",""priceType"":""percentage""}]";;;;0.00;0;2025-11-02 21:25:55.281666+00;2025-11-02 21:25:55.281666+00;fixed;false
edcfcef2-d9e3-4f98-b156-d73113f090e2;4ff6f70b-8c48-4ec5-a866-753bdb028ae7;campmission;Campaign Mission;select;false;"[{""label"":""All Missions"",""price"":""50"",""priceType"":""fixed""},{""label"":""Surrounded"",""price"":""8"",""priceType"":""fixed""},{""label"":""Revelations"",""price"":""8"",""priceType"":""fixed""},{""label"":""Forgotten Bounty"",""price"":""8"",""priceType"":""fixed""},{""label"":""Trespassers"",""price"":""8"",""priceType"":""fixed""},{""label"":""Mine Rescue"",""price"":""8"",""priceType"":""fixed""},{""label"":""Labyrinth"",""price"":""8"",""priceType"":""fixed""},{""label"":""Turnabout"",""price"":""8"",""priceType"":""fixed""},{""label"":""Armageddon"",""price"":""8"",""priceType"":""fixed""}]";;;;0.00;2;2025-11-02 21:18:53.64214+00;2025-11-02 21:23:10.199044+00;fixed;false
81f0dade-170c-4bf9-a22f-9e1d99f071b6;02d6f9ea-cb93-40bc-a87d-9d2e36fc715e;boost;Boost Mode;button_group;true;"[{""label"":""Pilot"",""price"":""0"",""priceType"":""fixed""},{""label"":""Remote"",""price"":""15"",""priceType"":""percentage""}]";;;;0.00;0;2025-11-02 21:23:25.324029+00;2025-11-02 21:23:25.324029+00;fixed;false
9f712790-1532-4575-ab04-bddb92fc3ae0;02d6f9ea-cb93-40bc-a87d-9d2e36fc715e;reg;Region;button_group;true;"[{""label"":""EU"",""price"":""0"",""priceType"":""fixed""},{""label"":""NA"",""price"":""0"",""priceType"":""fixed""}]";;;;0.00;1;2025-11-02 21:23:37.296155+00;2025-11-02 21:23:37.296155+00;fixed;false
b01b863f-bf9b-409d-bc3f-db1c2a354fae;02d6f9ea-cb93-40bc-a87d-9d2e36fc715e;rep;Select Desired Reputation Level;checkbox;true;"[{""label"":""Neutral - Friendly"",""price"":""8.8"",""priceType"":""fixed""},{""label"":""Friendly - Honored"",""price"":""17.6"",""priceType"":""fixed""},{""label"":""Honored - Revered"",""price"":""35.2"",""priceType"":""fixed""},{""label"":""Revered - Exalted"",""price"":""70.4"",""priceType"":""fixed""}]";;;;0.00;2;2025-11-02 21:24:13.426405+00;2025-11-02 21:24:13.426405+00;fixed;false
b8c12b52-a081-4009-a17c-fdf171030987;4ff6f70b-8c48-4ec5-a866-753bdb028ae7;addrewards;First Attempt Rewards?;button_group;false;"[{""label"":""Add Rewards"",""price"":""30"",""priceType"":""percentage""},{""label"":""I dont need rewards"",""price"":""0"",""priceType"":""fixed""}]";;;;0.00;3;2025-11-02 21:25:11.485787+00;2025-11-02 21:25:11.485787+00;fixed;false
118d6635-d68e-4b66-8c8c-382ef33593ef;b76dc564-49cc-48ef-bf65-8b995fea95f8;reg;Region;button_group;true;"[{""label"":""EU"",""price"":""0"",""priceType"":""fixed""},{""label"":""NA"",""price"":""0"",""priceType"":""fixed""}]";;;;0.00;1;2025-11-02 21:26:03.036555+00;2025-11-02 21:26:03.036555+00;fixed;false
b13770d7-5f50-4e6c-a095-924671f3f681;b76dc564-49cc-48ef-bf65-8b995fea95f8;rep;Select Desired Reputation Level;checkbox;true;"[{""label"":""Neutral - Friendly"",""price"":""8.8"",""priceType"":""fixed""},{""label"":""Friendly - Honored"",""price"":""17.6"",""priceType"":""fixed""},{""label"":""Honored - Revered"",""price"":""35.2"",""priceType"":""fixed""},{""label"":""Revered - Exalted"",""price"":""70.4"",""priceType"":""fixed""}]";;;;0.00;2;2025-11-02 21:26:47.085613+00;2025-11-02 21:26:47.085613+00;fixed;false
23910840-869f-4bb8-be14-55ad520ed241;f54f6fca-3d74-4288-a4cc-8f17227cb239;boost;Boost Mode;button_group;true;"[{""label"":""Pilot"",""price"":""0"",""priceType"":""fixed""},{""label"":""Remote"",""price"":""15"",""priceType"":""percentage""}]";;;;0.00;0;2025-11-02 21:29:14.63493+00;2025-11-02 21:29:14.63493+00;fixed;false
806dbb12-a34b-4a95-84f6-163d6709ea41;f54f6fca-3d74-4288-a4cc-8f17227cb239;reg;Region;button_group;true;"[{""label"":""EU"",""price"":""0"",""priceType"":""fixed""},{""label"":""NA"",""price"":""0"",""priceType"":""fixed""}]";;;;0.00;1;2025-11-02 21:30:47.983268+00;2025-11-02 21:30:47.983268+00;fixed;false
64c7e9c2-02ac-462e-8e31-6c1f4e87deeb;f54f6fca-3d74-4288-a4cc-8f17227cb239;rep;Select Desired Reputation Level;select;true;"[{""label"":""Neutral - Friendly"",""price"":""10.52"",""priceType"":""fixed""},{""label"":""Friendly - Honored"",""price"":""21.12"",""priceType"":""fixed""},{""label"":""Honored - Revered"",""price"":""41.36"",""priceType"":""fixed""},{""label"":""Revered - Exalted"",""price"":""73.04"",""priceType"":""fixed""}]";;;;0.00;2;2025-11-02 21:31:35.224289+00;2025-11-02 21:31:35.224289+00;fixed;false
69140cf4-558b-4cbc-8753-280f42151c24;c403358d-a790-479e-b7d1-15844225da81;boost;Boost Mode;button_group;true;"[{""label"":""Pilot"",""price"":""0"",""priceType"":""fixed""},{""label"":""Remote"",""price"":""15"",""priceType"":""percentage""}]";;;;0.00;0;2025-11-02 22:20:42.361589+00;2025-11-02 22:20:42.361589+00;fixed;false
8c795553-c050-43a5-ac63-f1555444a07f;c403358d-a790-479e-b7d1-15844225da81;reg;Region;button_group;true;"[{""label"":""EU"",""price"":""0"",""priceType"":""fixed""},{""label"":""NA"",""price"":""0"",""priceType"":""fixed""}]";;;;0.00;1;2025-11-02 22:20:53.638942+00;2025-11-02 22:20:53.638942+00;fixed;false
4ac3d069-3a96-41fb-8aa2-06d6a305c08c;c403358d-a790-479e-b7d1-15844225da81;ach;Choose Desired Achievements;checkbox;true;"[{""label"":""The Anglers (Exalted)"",""price"":""42.2"",""priceType"":""fixed""},{""label"":""Golden Lotus (Exalted)"",""price"":""87.96"",""priceType"":""fixed""},{""label"":""Shado-Pan (Exalted)"",""price"":""87.96"",""priceType"":""fixed""},{""label"":""The Lorewalkers (Exalted)"",""price"":""26.36"",""priceType"":""fixed""},{""label"":""The Tillers (Exalted)"",""price"":""87.96"",""priceType"":""fixed""},{""label"":""Tushui/Huojin Pandaren (Exalted)"",""price"":""87.96"",""priceType"":""fixed""},{""label"":""The August Celestials (Exalted)"",""price"":""87.96"",""priceType"":""fixed""},{""label"":""The Klaxxi (Exalted)"",""price"":""87.96"",""priceType"":""fixed""},{""label"":""Order of the Cloud Serpent (Exalted)"",""price"":""87.96"",""priceType"":""fixed""}]";;;;0.00;2;2025-11-02 22:35:23.570239+00;2025-11-02 22:35:23.570239+00;fixed;false
3da0cc24-5cd7-4c72-9f48-0381945d4d80;f68c29db-ba15-4615-aab5-2efff1fc6397;boost;Boost Mode;button_group;true;"[{""label"":""Pilot"",""price"":""0"",""priceType"":""fixed""},{""label"":""Remote"",""price"":""15"",""priceType"":""percentage""}]";;;;0.00;0;2025-11-02 23:07:23.461213+00;2025-11-02 23:07:23.461213+00;fixed;false
79149d6a-799f-47b2-8aba-b8109a04152c;f68c29db-ba15-4615-aab5-2efff1fc6397;reg;Region;button_group;true;"[{""label"":""EU"",""price"":""0"",""priceType"":""fixed""},{""label"":""NA"",""price"":""0"",""priceType"":""fixed""}]";;;;0.00;1;2025-11-02 23:07:32.324996+00;2025-11-02 23:07:32.324996+00;fixed;false
d3292354-cafd-4c02-a028-e191f2307a67;f68c29db-ba15-4615-aab5-2efff1fc6397;secprofsel;Secondary Professions;checkbox;false;"[{""label"":""First Aid"",""price"":""26.4"",""priceType"":""fixed""},{""label"":""Cooking"",""price"":""26.4"",""priceType"":""fixed""},{""label"":""Fishing"",""price"":""26.4"",""priceType"":""fixed""},{""label"":""Archaeology"",""price"":""79.2"",""priceType"":""fixed""}]";;;;0.00;3;2025-11-02 23:12:27.213572+00;2025-11-02 23:12:36.893615+00;fixed;false
740461b9-5473-4283-9a01-0a11e4710e29;f68c29db-ba15-4615-aab5-2efff1fc6397;prof;Select Your Profession;select;true;"[{""label"":""Inscription"",""price"":""0"",""priceType"":""fixed""},{""label"":""Alchemy"",""price"":""0"",""priceType"":""fixed""},{""label"":""Enchanting"",""price"":""0"",""priceType"":""fixed""},{""label"":""Blacksmithing"",""price"":""0"",""priceType"":""fixed""},{""label"":""Engineering"",""price"":""0"",""priceType"":""fixed""},{""label"":""Jewelcrafting"",""price"":""0"",""priceType"":""fixed""},{""label"":""Leatherworking"",""price"":""0"",""priceType"":""fixed""},{""label"":""Tailoring"",""price"":""0"",""priceType"":""fixed""},{""label"":""Herbalism"",""price"":""0"",""priceType"":""fixed""},{""label"":""Mining"",""price"":""0"",""priceType"":""fixed""},{""label"":""Skinning"",""price"":""0"",""priceType"":""fixed""}]";;;;0.00;2;2025-11-02 23:10:09.785076+00;2025-11-02 23:13:23.42317+00;fixed;false
c4ecb564-7ae4-43f1-9270-2e05d3b39fd1;0493df5e-a534-41c9-9d6e-45ef3c13b8a6;boost;Boost Mode;button_group;true;"[{""label"":""Pilot"",""price"":""0"",""priceType"":""fixed""},{""label"":""Remote"",""price"":""15"",""priceType"":""percentage""}]";;;;0.00;0;2025-11-03 00:32:44.617802+00;2025-11-03 00:32:44.617802+00;fixed;false
2304e626-9462-4933-ac7c-2f0a61bbb193;0493df5e-a534-41c9-9d6e-45ef3c13b8a6;plat;Select Your Platform;button_group;true;"[{""label"":""PC"",""price"":""0"",""priceType"":""fixed""},{""label"":""PSN"",""price"":""0"",""priceType"":""fixed""},{""label"":""XBOX"",""price"":""0"",""priceType"":""fixed""}]";;;;0.00;1;2025-11-03 00:33:54.937943+00;2025-11-03 00:33:54.937943+00;fixed;false
8d6bb1bf-94eb-49a4-a4bd-bd0293d7ef84;0493df5e-a534-41c9-9d6e-45ef3c13b8a6;world;Select World;select;true;"[{""label"":""Seasonal - Softcore"",""price"":""87.56"",""priceType"":""fixed""},{""label"":""Eternal - Softcore"",""price"":""131.34"",""priceType"":""fixed""}]";;;;0.00;2;2025-11-03 00:34:47.322904+00;2025-11-03 00:34:47.322904+00;fixed;false
b6f78385-f54e-47b4-a772-4a8878dc22b9;8a94bd07-aa9c-42b8-844b-5fdd3a32c33d;boost;Boost Mode;button_group;true;"[{""label"":""Pilot"",""price"":""0"",""priceType"":""fixed""},{""label"":""Remote"",""price"":""15"",""priceType"":""percentage""}]";;;;0.00;0;2025-11-03 00:54:45.617649+00;2025-11-03 00:54:45.617649+00;fixed;false
1596bebb-8ee1-45ba-91d6-489c681aedad;8a94bd07-aa9c-42b8-844b-5fdd3a32c33d;plat;Select Your Platform;button_group;true;"[{""label"":""PC"",""price"":""0"",""priceType"":""fixed""},{""label"":""PSN"",""price"":""0"",""priceType"":""fixed""},{""label"":""XBOX"",""price"":""0"",""priceType"":""fixed""}]";;;;0.00;1;2025-11-03 00:55:11.139608+00;2025-11-03 00:55:11.139608+00;fixed;false
3661297b-af61-49e3-82db-b7db7a1963f2;8a94bd07-aa9c-42b8-844b-5fdd3a32c33d;world;Select World;select;true;"[{""label"":""Seasonal - Softcore"",""price"":""87.56"",""priceType"":""fixed""},{""label"":""Eternal - Softcore"",""price"":""131.34"",""priceType"":""fixed""}]";;;;0.00;2;2025-11-03 00:55:51.662752+00;2025-11-03 00:55:51.662752+00;fixed;false
b837dffe-af38-4c54-8ca6-5c0ec5d2eb85;3df88a4e-282d-4fc6-90ca-60f8ebb2dad1;boost;Boost Mode;button_group;true;"[{""label"":""Pilot"",""price"":""0"",""priceType"":""fixed""},{""label"":""Remote"",""price"":""15"",""priceType"":""percentage""}]";;;;0.00;0;2025-11-03 00:57:37.056118+00;2025-11-03 00:57:37.056118+00;fixed;false
e21222be-3b64-4e23-9f7f-a0138471bb74;3df88a4e-282d-4fc6-90ca-60f8ebb2dad1;plat;Select Your Platform;button_group;true;"[{""label"":""PC"",""price"":""0"",""priceType"":""fixed""},{""label"":""PSN"",""price"":""0"",""priceType"":""fixed""},{""label"":""XBOX"",""price"":""0"",""priceType"":""fixed""}]";;;;0.00;1;2025-11-03 00:58:00.671711+00;2025-11-03 00:58:00.671711+00;fixed;false
c4ac76e9-9a77-4049-9a7c-4ff44646a4ff;3df88a4e-282d-4fc6-90ca-60f8ebb2dad1;world;Select World;select;true;"[{""label"":""Seasonal - Softcore"",""price"":""87.56"",""priceType"":""fixed""},{""label"":""Eternal - Softcore"",""price"":""131.34"",""priceType"":""fixed""}]";;;;0.00;2;2025-11-03 00:58:43.035268+00;2025-11-03 00:58:43.035268+00;fixed;false
97a721f0-5365-456e-91e2-bd04db65eaa6;3f4dc1d2-8650-46a2-9fca-80c38e038f5c;boost;Boost Mode;button_group;true;"[{""label"":""Pilot"",""price"":""0"",""priceType"":""fixed""},{""label"":""Remote"",""price"":""15"",""priceType"":""percentage""}]";;;;0.00;0;2025-11-03 01:00:44.227829+00;2025-11-03 01:00:57.887513+00;fixed;false
2e17a8c1-bde1-4942-bb8f-8df265b5d069;3f4dc1d2-8650-46a2-9fca-80c38e038f5c;plat;Select Your Platform;button_group;true;"[{""label"":""PC"",""price"":""0"",""priceType"":""fixed""},{""label"":""PSN"",""price"":""0"",""priceType"":""fixed""},{""label"":""XBOX"",""price"":""0"",""priceType"":""fixed""}]";;;;0.00;1;2025-11-03 01:01:41.65374+00;2025-11-03 01:01:41.65374+00;fixed;false
8de9f027-27e7-48e9-a4d2-9182969fa6ed;3f4dc1d2-8650-46a2-9fca-80c38e038f5c;world;Select World;select;true;"[{""label"":""Seasonal - Softcore"",""price"":""87.56"",""priceType"":""fixed""},{""label"":""Eternal - Softcore"",""price"":""131.34"",""priceType"":""fixed""}]";;;;0.00;2;2025-11-03 01:02:22.801469+00;2025-11-03 01:02:22.801469+00;fixed;false
0d81c0ab-0a25-4d11-bf32-a886c81f33b3;b0d61777-45cd-4eae-90c7-bf70b4c04278;boost;Boost Mode;button_group;true;"[{""label"":""Pilot"",""price"":""0"",""priceType"":""fixed""},{""label"":""Remote"",""price"":""15"",""priceType"":""percentage""}]";;;;0.00;0;2025-11-03 01:05:24.277832+00;2025-11-03 01:05:24.277832+00;fixed;false
34e88491-6c32-4a4e-9176-07d6945756ce;b0d61777-45cd-4eae-90c7-bf70b4c04278;plat;Select Your Platform;button_group;true;"[{""label"":""PC"",""price"":""0"",""priceType"":""fixed""},{""label"":""PSN"",""price"":""0"",""priceType"":""fixed""},{""label"":""XBOX"",""price"":""0"",""priceType"":""fixed""}]";;;;0.00;1;2025-11-03 01:06:05.717799+00;2025-11-03 01:06:05.717799+00;fixed;false
8eabcde3-6989-4a9d-9510-021b8fbaae71;b0d61777-45cd-4eae-90c7-bf70b4c04278;world;Select World;select;true;"[{""label"":""Seasonal - Softcore"",""price"":""87.56"",""priceType"":""fixed""},{""label"":""Eternal - Softcore"",""price"":""131.34"",""priceType"":""fixed""}]";;;;0.00;2;2025-11-03 01:07:06.631397+00;2025-11-03 01:07:12.6399+00;fixed;false
8033d095-d7a3-48a5-8c79-f4f9bb69de0c;cd0edc07-ad7c-43a4-816c-b868a02c5648;boost;Boost Mode;select;true;"[{""label"":""Pilot"",""price"":""0"",""priceType"":""fixed""},{""label"":""Remote"",""price"":""15"",""priceType"":""percentage""}]";;;;0.00;0;2025-11-03 03:24:42.638319+00;2025-11-03 03:24:42.638319+00;fixed;false
68964f04-7a0e-4026-bd9d-35ac36dc0eee;cd0edc07-ad7c-43a4-816c-b868a02c5648;plat;Select Your Platform;select;true;"[{""label"":""PC"",""price"":""0"",""priceType"":""fixed""},{""label"":""PSN"",""price"":""0"",""priceType"":""fixed""},{""label"":""XBOX"",""price"":""0"",""priceType"":""fixed""}]";;;;0.00;1;2025-11-03 03:25:19.09794+00;2025-11-03 03:25:19.09794+00;fixed;false
965e8c15-7ffa-4327-9df1-e6d4e5e82f95;cd0edc07-ad7c-43a4-816c-b868a02c5648;world;Select World;select;true;"[{""label"":""Seasonal - Softcore"",""price"":""303.6"",""priceType"":""fixed""},{""label"":""Eternal - Softcore"",""price"":""455.4"",""priceType"":""fixed""}]";;;;0.00;2;2025-11-03 03:26:36.74753+00;2025-11-03 03:26:36.74753+00;fixed;false
1a5d689f-cc33-4d1f-b71e-5f48ad38f636;5ad040b5-69fc-4fbd-923f-6a2bfb0cd6e2;boost;Boost Mode;button_group;true;"[{""label"":""Pilot"",""price"":""0"",""priceType"":""fixed""},{""label"":""Remote"",""price"":""15"",""priceType"":""percentage""}]";;;;0.00;0;2025-11-03 03:28:24.195753+00;2025-11-03 03:28:24.195753+00;fixed;false
04efbeea-d2d4-4510-add0-4fbd77ddb4fe;5ad040b5-69fc-4fbd-923f-6a2bfb0cd6e2;plat;Select Your Platform;button_group;true;"[{""label"":""PC"",""price"":""0"",""priceType"":""fixed""},{""label"":""PSN"",""price"":""0"",""priceType"":""fixed""},{""label"":""XBOX"",""price"":""0"",""priceType"":""fixed""}]";;;;0.00;1;2025-11-03 03:28:42.739375+00;2025-11-03 03:28:42.739375+00;fixed;false
46abf0f0-fe65-4b41-8e60-e49fa8945a44;5ad040b5-69fc-4fbd-923f-6a2bfb0cd6e2;world;Select World;select;true;"[{""label"":""Seasonal - Softcore"",""price"":""66"",""priceType"":""fixed""},{""label"":""Eternal - Softcore"",""price"":""99"",""priceType"":""fixed""}]";;;;0.00;2;2025-11-03 03:29:23.530639+00;2025-11-03 03:29:23.530639+00;fixed;false
67c04e47-3b47-46bc-b1e9-cb0ad473fc24;0a80a4c7-d5d0-4fea-8b7e-aeca3b977971;boost;Boost Mode;button_group;true;"[{""label"":""Pilot"",""price"":""0"",""priceType"":""fixed""},{""label"":""Remote"",""price"":""15"",""priceType"":""percentage""}]";;;;0.00;0;2025-11-03 03:31:27.348449+00;2025-11-03 03:31:27.348449+00;fixed;false
cc357123-cb31-4337-8ca2-d46a1355bb1f;0a80a4c7-d5d0-4fea-8b7e-aeca3b977971;plat;Select Your Platform;button_group;true;"[{""label"":""PC"",""price"":""0"",""priceType"":""fixed""},{""label"":""PSN"",""price"":""0"",""priceType"":""fixed""},{""label"":""XBOX"",""price"":""0"",""priceType"":""fixed""}]";;;;0.00;1;2025-11-03 03:31:45.150377+00;2025-11-03 03:31:45.150377+00;fixed;false
7b0feaa3-a50c-4869-bc64-d9056ab956ab;0a80a4c7-d5d0-4fea-8b7e-aeca3b977971;world;Select World;select;true;"[{""label"":""Seasonal - Softcore"",""price"":""26.36"",""priceType"":""fixed""},{""label"":""Eternal - Softcore"",""price"":""39.53"",""priceType"":""fixed""}]";;;;0.00;2;2025-11-03 03:32:21.66924+00;2025-11-03 03:32:21.66924+00;fixed;false
aedd0ef6-d3ae-4b3c-b750-1c536b8268eb;2e469156-f4c0-48f2-b3c6-47f848847631;boost;Boost Mode;button_group;true;"[{""label"":""Pilot"",""price"":""0"",""priceType"":""fixed""},{""label"":""Remote"",""price"":""15"",""priceType"":""percentage""}]";;;;0.00;0;2025-11-03 03:33:48.953762+00;2025-11-03 03:33:48.953762+00;fixed;false
da0426d6-ab23-4c8e-8616-8f6677a49e8f;2e469156-f4c0-48f2-b3c6-47f848847631;plat;Select Your Platform;button_group;true;"[{""label"":""PC"",""price"":""0"",""priceType"":""fixed""},{""label"":""PSN"",""price"":""0"",""priceType"":""fixed""},{""label"":""XBOX"",""price"":""0"",""priceType"":""fixed""}]";;;;0.00;1;2025-11-03 03:34:01.583637+00;2025-11-03 03:34:07.470863+00;fixed;false
28acd2f6-fcfa-4359-83b1-b1786f37c2c4;2e469156-f4c0-48f2-b3c6-47f848847631;world;Select World;select;true;"[{""label"":""Seasonal - Softcore"",""price"":""26.36"",""priceType"":""fixed""},{""label"":""Eternal - Softcore"",""price"":""39.53"",""priceType"":""fixed""}]";;;;0.00;2;2025-11-03 03:34:46.5566+00;2025-11-03 03:34:46.5566+00;fixed;false
586f5ae8-2415-45c9-a982-b20e06df66ce;fdbc4ed9-b7f0-44b9-9a48-71479be09ca3;boost;Boost Mode;button_group;true;"[{""label"":""Pilot"",""price"":""0"",""priceType"":""fixed""},{""label"":""Remote"",""price"":""15"",""priceType"":""percentage""}]";;;;0.00;0;2025-11-03 03:37:29.454511+00;2025-11-03 03:37:29.454511+00;fixed;false
117847e8-da3b-4428-bf25-0362466a8636;fdbc4ed9-b7f0-44b9-9a48-71479be09ca3;plat;Select Your Platform;button_group;true;"[{""label"":""PC"",""price"":""0"",""priceType"":""fixed""},{""label"":""PSN"",""price"":""0"",""priceType"":""fixed""},{""label"":""XBOX"",""price"":""0"",""priceType"":""fixed""}]";;;;0.00;1;2025-11-03 03:37:49.034147+00;2025-11-03 03:37:49.034147+00;fixed;false
c3700b67-cb35-4808-acbb-47e794c50184;fdbc4ed9-b7f0-44b9-9a48-71479be09ca3;world;Select World;select;true;"[{""label"":""Seasonal - Softcore"",""price"":""26.36"",""priceType"":""fixed""},{""label"":""Eternal - Softcore"",""price"":""39.53"",""priceType"":""fixed""}]";;;;0.00;2;2025-11-03 03:38:33.423833+00;2025-11-03 03:38:33.423833+00;fixed;false
7c8a07c1-4e08-4a19-af05-eb26ab3f0bea;7e760c51-3a4b-4d8c-b960-d3ba80378862;boost;Boost Mode;button_group;true;"[{""label"":""Pilot"",""price"":""0"",""priceType"":""fixed""},{""label"":""Remote"",""price"":""15"",""priceType"":""percentage""}]";;;;0.00;0;2025-11-03 03:40:39.791236+00;2025-11-03 03:40:39.791236+00;fixed;false
710a8030-1c89-4b86-91fb-64cc7e2704ed;7e760c51-3a4b-4d8c-b960-d3ba80378862;plat;Select Your Platform;button_group;true;"[{""label"":""PC"",""price"":""0"",""priceType"":""fixed""},{""label"":""PSN"",""price"":""0"",""priceType"":""fixed""},{""label"":""XBOX"",""price"":""0"",""priceType"":""fixed""}]";;;;0.00;1;2025-11-03 03:40:53.918909+00;2025-11-03 03:40:53.918909+00;fixed;false
a41281fe-c303-417e-b119-f161e23c027f;7e760c51-3a4b-4d8c-b960-d3ba80378862;world;Select World;select;true;"[{""label"":""Seasonal - Softcore"",""price"":""26.36"",""priceType"":""fixed""},{""label"":""Eternal - Softcore"",""price"":""39.53"",""priceType"":""fixed""}]";;;;0.00;2;2025-11-03 03:41:19.021144+00;2025-11-03 03:41:19.021144+00;fixed;false
6a570306-686e-48ab-87de-b3ef5c068b7c;e131fa68-934a-45cf-bc3a-e5f0abcabe8a;boost;Boost Mode;button_group;true;"[{""label"":""Pilot"",""price"":""0"",""priceType"":""fixed""},{""label"":""Remote"",""price"":""15"",""priceType"":""percentage""}]";;;;0.00;0;2025-11-03 03:43:00.736131+00;2025-11-03 03:43:00.736131+00;fixed;false
4e9d5068-8352-4ca5-af28-8b2daef351f7;e131fa68-934a-45cf-bc3a-e5f0abcabe8a;plat;Select Your Platform;button_group;true;"[{""label"":""PC"",""price"":""0"",""priceType"":""fixed""},{""label"":""PSN"",""price"":""0"",""priceType"":""fixed""},{""label"":""XBOX"",""price"":""0"",""priceType"":""fixed""}]";;;;0.00;1;2025-11-03 03:43:20.917324+00;2025-11-03 03:43:20.917324+00;fixed;false
4ddd37ce-9a58-4f4d-a978-6d7dda36b63b;e131fa68-934a-45cf-bc3a-e5f0abcabe8a;world;Select World;select;true;"[{""label"":""Seasonal - Softcore"",""price"":""26.36"",""priceType"":""fixed""},{""label"":""Eternal - Softcore"",""price"":""39.53"",""priceType"":""fixed""}]";;;;0.00;2;2025-11-03 03:43:46.112791+00;2025-11-03 03:43:46.112791+00;fixed;false
8db2fdf3-2ef5-4787-babf-3938c6a02d05;c9baf6a3-ea95-41da-a753-faa43e3d3d34;boost_method;Boost Method;button_group;false;"[{""label"":""Pilot"",""price"":""0"",""priceType"":""fixed""},{""label"":""Remote"",""price"":""30"",""priceType"":""percentage""}]";;;;0.00;0;2026-01-31 20:53:03.649654+00;2026-01-31 20:53:03.649654+00;fixed;false
8027a1bd-0c53-48f7-ab9d-a09f58874cbd;ecaa627a-7887-4a43-98c8-c24e21c74498;boost;Boost Mode;button_group;true;"[{""label"":""Pilot"",""price"":""0"",""priceType"":""fixed""},{""label"":""Remote"",""price"":""15"",""priceType"":""percentage""}]";;;;0.00;0;2025-11-03 03:45:09.658871+00;2025-11-03 03:45:09.658871+00;fixed;false
bcd452ed-469c-4db4-9171-424d812135ec;ecaa627a-7887-4a43-98c8-c24e21c74498;plat;Select Your Platform;button_group;true;"[{""label"":""PC"",""price"":""0"",""priceType"":""fixed""},{""label"":""PSN"",""price"":""0"",""priceType"":""fixed""},{""label"":""XBOX"",""price"":""0"",""priceType"":""fixed""}]";;;;0.00;1;2025-11-03 03:45:26.353816+00;2025-11-03 03:45:26.353816+00;fixed;false
4341dafc-0f19-422c-86c6-693738d446d9;ecaa627a-7887-4a43-98c8-c24e21c74498;world;Select World;select;true;"[{""label"":""Seasonal - Softcore "",""price"":""26.36"",""priceType"":""fixed""},{""label"":""Eternal - Softcore"",""price"":""39.53"",""priceType"":""fixed""}]";;;;0.00;2;2025-11-03 03:45:56.700045+00;2025-11-03 03:45:56.700045+00;fixed;false
92cd07a8-4e74-47d8-be31-ee59ca15e9ac;71a0892c-72e4-4acd-9448-9a37c3090166;boost;Boost Mode;button_group;true;"[{""label"":""Pilot"",""price"":""0"",""priceType"":""fixed""},{""label"":""Remote"",""price"":""15"",""priceType"":""percentage""}]";;;;0.00;0;2025-11-03 03:47:09.061779+00;2025-11-03 03:47:09.061779+00;fixed;false
7fc2ccc5-421c-441f-a373-37b43b465730;71a0892c-72e4-4acd-9448-9a37c3090166;plat;Select Your Platform;button_group;true;"[{""label"":""PC"",""price"":""0"",""priceType"":""fixed""},{""label"":""PSN"",""price"":""0"",""priceType"":""fixed""},{""label"":""XBOX"",""price"":""0"",""priceType"":""fixed""}]";;;;0.00;1;2025-11-03 03:47:30.141675+00;2025-11-03 03:47:30.141675+00;fixed;false
9d9a63da-60a2-49bc-9580-89afdd7609a7;71a0892c-72e4-4acd-9448-9a37c3090166;world;Select World;select;true;"[{""label"":""Seasonal - Softcore"",""price"":""26.36"",""priceType"":""fixed""},{""label"":""Eternal - Softcore "",""price"":""39.53"",""priceType"":""fixed""}]";;;;0.00;2;2025-11-03 03:47:52.008802+00;2025-11-03 03:47:52.008802+00;fixed;false
688f0d41-6ad5-4829-817c-5eadaadb047d;0ebcb560-f1dc-4ae6-ab70-cfd69f43b46f;boost;Boost Mode;button_group;true;"[{""label"":""Pilot"",""price"":""0"",""priceType"":""fixed""},{""label"":""Remote"",""price"":""15"",""priceType"":""percentage""}]";;;;0.00;0;2025-11-03 03:49:50.013719+00;2025-11-03 03:49:50.013719+00;fixed;false
ff2e73e6-ebde-4f05-b31a-6791b3066035;0ebcb560-f1dc-4ae6-ab70-cfd69f43b46f;plat;Select Your Platform;button_group;true;"[{""label"":""PC"",""price"":""0"",""priceType"":""fixed""},{""label"":""PSN"",""price"":""0"",""priceType"":""fixed""},{""label"":""XBOX"",""price"":""0"",""priceType"":""fixed""}]";;;;0.00;1;2025-11-03 03:50:12.165526+00;2025-11-03 03:50:12.165526+00;fixed;false
f366a8c4-799f-46b4-aedd-75bb15c07b69;12b43851-c09f-4767-913a-851984a2e5d1;boost;Boost Mode;button_group;true;"[{""label"":""Pilot"",""price"":""0"",""priceType"":""fixed""},{""label"":""Remote"",""price"":""15"",""priceType"":""percentage""}]";;;;0.00;0;2025-11-03 03:53:00.711309+00;2025-11-03 03:53:00.711309+00;fixed;false
089d3fc4-4d58-4270-8116-b7e93f2fa0bf;12b43851-c09f-4767-913a-851984a2e5d1;plat;Select Your Platform;button_group;true;"[{""label"":""PC"",""price"":""0"",""priceType"":""fixed""},{""label"":""PSN"",""price"":""0"",""priceType"":""fixed""},{""label"":""XBOX"",""price"":""0"",""priceType"":""fixed""}]";;;;0.00;1;2025-11-03 03:53:19.187846+00;2025-11-03 03:53:19.187846+00;fixed;false
2fa1316e-a419-459c-9682-e4abff2f0a4a;12b43851-c09f-4767-913a-851984a2e5d1;world;Select World;select;true;"[{""label"":""Seasonal - Softcore"",""price"":""26.36"",""priceType"":""fixed""},{""label"":""Eternal - Softcore"",""price"":""39.53"",""priceType"":""fixed""}]";;;;0.00;2;2025-11-03 03:53:53.141581+00;2025-11-03 03:53:53.141581+00;fixed;false
1785924c-280e-40f9-8436-925a7ae98bde;0ebcb560-f1dc-4ae6-ab70-cfd69f43b46f;world;Select World;select;true;"[{""label"":""Seasonal - Softcore"",""price"":""26.36"",""priceType"":""fixed""},{""label"":""Eternal - Softcore"",""price"":""39.53"",""priceType"":""fixed""}]";;;;0.00;2;2025-11-03 03:50:33.637759+00;2025-11-03 03:54:16.822643+00;fixed;false
c1f6c91b-b74e-4650-b9fd-2df79fb5630f;1c1db7aa-eacc-4fb2-962d-86b41dc01313;boost;Boost Mode;button_group;true;"[{""label"":""Pilot"",""price"":""0"",""priceType"":""fixed""},{""label"":""Remote"",""price"":""15"",""priceType"":""percentage""}]";;;;0.00;0;2025-11-03 03:55:41.823658+00;2025-11-03 03:55:41.823658+00;fixed;false
4a20519d-e50d-4000-b89c-b4f61d6b2992;1c1db7aa-eacc-4fb2-962d-86b41dc01313;plat;Select Your Platform;button_group;true;"[{""label"":""PC"",""price"":""0"",""priceType"":""fixed""},{""label"":""PSN"",""price"":""0"",""priceType"":""fixed""},{""label"":""XBOX"",""price"":""0"",""priceType"":""fixed""}]";;;;0.00;1;2025-11-03 03:55:58.937643+00;2025-11-03 03:55:58.937643+00;fixed;false
fd2430e4-4c09-43be-9e46-55d48c55b2ae;1c1db7aa-eacc-4fb2-962d-86b41dc01313;world;Select World;select;true;"[{""label"":""Seasonal - Softcore"",""price"":""26.36"",""priceType"":""fixed""},{""label"":""Eternal - Softcore"",""price"":""39.53"",""priceType"":""fixed""}]";;;;0.00;2;2025-11-03 03:56:20.947919+00;2025-11-03 03:56:20.947919+00;fixed;false
fd0c8af8-89b3-4085-bfbc-61c5c3af1ef4;eb13d0c2-7165-42bb-96b9-feab8c0d92f9;boost;Boost Mode;button_group;true;"[{""label"":""Pilot"",""price"":""0"",""priceType"":""fixed""},{""label"":""Remote"",""price"":""15"",""priceType"":""percentage""}]";;;;0.00;0;2025-11-03 03:57:52.480951+00;2025-11-03 03:57:52.480951+00;fixed;false
fcb90ac1-8140-480b-802c-8ce27aa09fef;eb13d0c2-7165-42bb-96b9-feab8c0d92f9;plat;Select Your Platform;button_group;true;"[{""label"":""PC"",""price"":""0"",""priceType"":""fixed""},{""label"":""PSN"",""price"":""0"",""priceType"":""fixed""},{""label"":""XBOX"",""price"":""0"",""priceType"":""fixed""}]";;;;0.00;1;2025-11-03 03:58:13.594544+00;2025-11-03 03:58:13.594544+00;fixed;false
4b5a58b3-da6e-4a57-8249-bf7590e68407;eb13d0c2-7165-42bb-96b9-feab8c0d92f9;world;Select World;button_group;true;"[{""label"":""Seasonal - Softcore"",""price"":""26.36"",""priceType"":""fixed""},{""label"":""Eternal - Softcore"",""price"":""39.53"",""priceType"":""fixed""}]";;;;0.00;2;2025-11-03 03:58:58.589427+00;2025-11-03 03:58:58.589427+00;fixed;false
774cb888-6636-474c-8b6b-9fd4bac610ee;444b643e-3637-4fcb-b14c-bd3ff5a6dba0;boost;Boost Mode;button_group;true;"[{""label"":""Pilot"",""price"":""0"",""priceType"":""fixed""},{""label"":""Remote"",""price"":""15"",""priceType"":""percentage""}]";;;;0.00;0;2025-11-03 04:01:40.606777+00;2025-11-03 04:01:40.606777+00;fixed;false
4685d67f-4e04-4268-b009-98e160b16d9d;444b643e-3637-4fcb-b14c-bd3ff5a6dba0;plat;Select Your Platform;button_group;true;"[{""label"":""PC"",""price"":""0"",""priceType"":""fixed""},{""label"":""PSN"",""price"":""0"",""priceType"":""fixed""},{""label"":""XBOX"",""price"":""0"",""priceType"":""fixed""}]";;;;0.00;1;2025-11-03 04:01:56.427758+00;2025-11-03 04:01:56.427758+00;fixed;false
9de79ee4-eff5-4a1b-9051-acaeb17111e8;444b643e-3637-4fcb-b14c-bd3ff5a6dba0;world;Select World;select;true;"[{""label"":""Seasonal - Softcore"",""price"":""26.36"",""priceType"":""fixed""},{""label"":""Eternal - Softcore"",""price"":""39.53"",""priceType"":""fixed""}]";;;;0.00;2;2025-11-03 04:02:40.335156+00;2025-11-03 04:02:40.335156+00;fixed;false
3292dede-a253-44d9-8562-88ee93493e72;3c97b9ad-b8c8-4eda-80ec-ef44877d923f;boost;Boost Mode;button_group;true;"[{""label"":""Pilot"",""price"":""0"",""priceType"":""fixed""},{""label"":""Remote"",""price"":""0"",""priceType"":""fixed""}]";;;;0.00;0;2025-11-03 04:03:59.123218+00;2025-11-03 04:03:59.123218+00;fixed;false
d90dd8d7-454a-493a-9ab6-6ef6550ffda4;3c97b9ad-b8c8-4eda-80ec-ef44877d923f;plat;Select Your Platform;button_group;true;"[{""label"":""PC"",""price"":""0"",""priceType"":""fixed""},{""label"":""PSN"",""price"":""0"",""priceType"":""fixed""},{""label"":""XBOX"",""price"":""0"",""priceType"":""fixed""}]";;;;0.00;1;2025-11-03 04:04:28.628416+00;2025-11-03 04:04:28.628416+00;fixed;false
40f7c933-f1a2-4c08-a4c2-fb731b4c4424;3c97b9ad-b8c8-4eda-80ec-ef44877d923f;world;Select World;select;true;"[{""label"":""Seasonal - Softcore"",""price"":""26.36"",""priceType"":""fixed""},{""label"":""Eternal - Softcore"",""price"":""39.53"",""priceType"":""fixed""}]";;;;0.00;2;2025-11-03 04:05:11.123492+00;2025-11-03 04:05:11.123492+00;fixed;false
fcd7d821-2b1a-4b4c-98ac-090304b4d8e3;6bb0517f-b301-4f70-bd4f-568cd3781277;boost;Boost Mode;button_group;true;"[{""label"":""Pilot"",""price"":""0"",""priceType"":""fixed""},{""label"":""Remote"",""price"":""15"",""priceType"":""percentage""}]";;;;0.00;0;2025-11-03 04:06:32.133761+00;2025-11-03 04:06:32.133761+00;fixed;false
76b8a723-3366-4d62-a1ca-77ac2f3c2691;6bb0517f-b301-4f70-bd4f-568cd3781277;plat;Select Your Platform;button_group;true;"[{""label"":""PC"",""price"":""0"",""priceType"":""fixed""},{""label"":""PSN"",""price"":""0"",""priceType"":""fixed""},{""label"":""XBOX"",""price"":""0"",""priceType"":""fixed""}]";;;;0.00;1;2025-11-03 04:06:47.209416+00;2025-11-03 04:06:47.209416+00;fixed;false
d7717488-0c4c-4496-9fd2-472196011d4c;6bb0517f-b301-4f70-bd4f-568cd3781277;world;Select World;select;true;"[{""label"":""Seasonal - Softcore"",""price"":""26.36"",""priceType"":""fixed""},{""label"":""Eternal - Softcore"",""price"":""39.53"",""priceType"":""fixed""}]";;;;0.00;2;2025-11-03 04:07:32.130156+00;2025-11-03 04:07:32.130156+00;fixed;false
4b106fc5-eb59-400f-9e5b-f5371825e3d3;006c20cd-0aa1-4429-bae9-974f3c5e4a61;boost;Boost Mode;button_group;true;"[{""label"":""Pilot"",""price"":""0"",""priceType"":""fixed""},{""label"":""Remote"",""price"":""15"",""priceType"":""percentage""}]";;;;0.00;0;2025-11-03 04:08:48.432774+00;2025-11-03 04:08:48.432774+00;fixed;false
031d8d6f-a699-4737-a9b5-667361bd6679;006c20cd-0aa1-4429-bae9-974f3c5e4a61;plat;Select Your Platform;select;true;"[{""label"":""PC"",""price"":""0"",""priceType"":""fixed""},{""label"":""PSN"",""price"":""0"",""priceType"":""fixed""},{""label"":""XBOX"",""price"":""0"",""priceType"":""fixed""}]";;;;0.00;1;2025-11-03 04:09:08.039986+00;2025-11-03 04:09:08.039986+00;fixed;false
27256eb8-3ded-428f-9a73-559003502afd;006c20cd-0aa1-4429-bae9-974f3c5e4a61;world;Select World;select;true;"[{""label"":""Seasonal - Softcore"",""price"":""26.36"",""priceType"":""fixed""},{""label"":""Eternal - Softcore"",""price"":""39.53"",""priceType"":""fixed""}]";;;;0.00;2;2025-11-03 04:09:42.648974+00;2025-11-03 04:09:42.648974+00;fixed;false
704b9e27-8d6f-4e40-bcc6-a06ad110d393;c74b349f-5e3d-4322-8e70-db22dfb7a98c;boost;Boost Mode;button_group;true;"[{""label"":""Pilot"",""price"":""0"",""priceType"":""fixed""},{""label"":""Remote"",""price"":""15"",""priceType"":""percentage""}]";;;;0.00;0;2025-11-03 04:11:07.045329+00;2025-11-03 04:11:07.045329+00;fixed;false
cc50f3c9-b2ee-4734-9c42-406717e0064a;c74b349f-5e3d-4322-8e70-db22dfb7a98c;plat;Select Your Platform;button_group;true;"[{""label"":""PC"",""price"":""0"",""priceType"":""fixed""},{""label"":""PSN"",""price"":""0"",""priceType"":""fixed""},{""label"":""XBOX"",""price"":""0"",""priceType"":""fixed""}]";;;;0.00;1;2025-11-03 04:11:28.587676+00;2025-11-03 04:11:28.587676+00;fixed;false
dae5d5d2-f280-4130-b52f-1fecf6073bfe;c74b349f-5e3d-4322-8e70-db22dfb7a98c;world;Select World;select;true;"[{""label"":""Seasonal - Softcore"",""price"":""26.36"",""priceType"":""fixed""},{""label"":""Eternal - Softcore"",""price"":""39.53"",""priceType"":""fixed""}]";;;;0.00;2;2025-11-03 04:11:54.599091+00;2025-11-03 04:11:54.599091+00;fixed;false
20760005-9968-4121-85f1-6963b6bd0c63;3579dc12-1020-4d7b-aa21-0edd298059d8;boost;Boost Mode;button_group;true;"[{""label"":""Pilot"",""price"":""0"",""priceType"":""fixed""},{""label"":""Remote"",""price"":""15"",""priceType"":""percentage""}]";;;;0.00;0;2025-11-03 04:13:18.351897+00;2025-11-03 04:13:18.351897+00;fixed;false
84c2ab57-7e67-4f4d-80a9-49b04f892e08;3579dc12-1020-4d7b-aa21-0edd298059d8;plat;Select Your Platform;button_group;true;"[{""label"":""PC"",""price"":""0"",""priceType"":""fixed""},{""label"":""PSN"",""price"":""0"",""priceType"":""fixed""},{""label"":""XBOX"",""price"":""0"",""priceType"":""fixed""}]";;;;0.00;1;2025-11-03 04:13:34.537+00;2025-11-03 04:13:34.537+00;fixed;false
dcc12e26-4aac-4d58-818d-582925a5f56f;3579dc12-1020-4d7b-aa21-0edd298059d8;world;Select World;select;true;"[{""label"":""Seasonal - Softcore"",""price"":""26.36"",""priceType"":""fixed""},{""label"":""Eternal - Softcore"",""price"":""39.53"",""priceType"":""fixed""}]";;;;0.00;2;2025-11-03 04:13:55.036242+00;2025-11-03 04:13:55.036242+00;fixed;false
6fbd3b77-8cf0-4572-be60-ad2d217603ef;767f7aae-4b68-465e-b738-a94607103e83;boost;Boost Mode;button_group;true;"[{""label"":""Pilot"",""price"":""0"",""priceType"":""fixed""},{""label"":""Remote"",""price"":""15"",""priceType"":""percentage""}]";;;;0.00;0;2025-11-03 04:14:54.954367+00;2025-11-03 04:14:54.954367+00;fixed;false
9c8412be-1071-44e3-9883-d9558df37de8;f16d0753-d2b4-40e7-82a5-3d6c6d84e3e5;traders;Traders;button_group;false;"[{""label"":""1 Trader"",""price"":""0"",""priceType"":""percentage""},{""label"":""2 Traders"",""price"":""20"",""priceType"":""percentage""},{""label"":""3 Traders"",""price"":""30"",""priceType"":""percentage""}]";;;;0.00;3;2026-01-29 22:24:40.359099+00;2026-01-29 22:24:52.261624+00;fixed;false
cee65db7-28bb-4dc7-abb9-a0b2daac2809;c9baf6a3-ea95-41da-a753-faa43e3d3d34;region;Region;button_group;false;"[{""label"":""EU"",""price"":""0"",""priceType"":""fixed""},{""label"":""NA"",""price"":""0"",""priceType"":""fixed""}]";;;;0.00;1;2026-01-31 20:53:13.872123+00;2026-01-31 20:53:13.872123+00;fixed;false
28e5f908-547e-41ee-987f-281d267e020a;a1af1614-537c-4af2-8981-9e859921490b;achivements;Achivements;button_group;false;"[{""label"":""Full Completition"",""price"":""399"",""priceType"":""fixed""},{""label"":""Specific Achievements"",""price"":""0"",""priceType"":""fixed""}]";;;;0.00;1;2026-02-06 15:05:39.301032+00;2026-02-06 15:05:39.301032+00;fixed;false
54e580f3-a2de-4d4d-9f26-aee34a1712c8;06415beb-fc6b-41b8-a3ee-89d5d2eeb991;bmlowercity;Boost Method;button_group;false;"[{""label"":""Pilot"",""price"":""0"",""priceType"":""fixed""},{""label"":""Remote"",""price"":""30"",""priceType"":""percentage""}]";;;;0.00;0;2025-11-20 12:07:39.205487+00;2026-02-16 10:52:56.005612+00;fixed;false
b26f7741-4ab1-42bc-83e3-2d70064e38b9;767f7aae-4b68-465e-b738-a94607103e83;plat;Select Your Platform;button_group;true;"[{""label"":""PC"",""price"":""0"",""priceType"":""fixed""},{""label"":""PSN"",""price"":""0"",""priceType"":""fixed""},{""label"":""XBOX"",""price"":""0"",""priceType"":""fixed""}]";;;;0.00;1;2025-11-03 04:15:10.086072+00;2025-11-03 04:15:10.086072+00;fixed;false
925debfc-9ce9-4e0a-8e65-fbdb8b9b2f01;767f7aae-4b68-465e-b738-a94607103e83;world;Select World;select;true;"[{""label"":""Seasonal - Softcore"",""price"":""26.36"",""priceType"":""fixed""},{""label"":""Eternal - Softcore"",""price"":""39.53"",""priceType"":""fixed""}]";;;;0.00;2;2025-11-03 04:15:28.463213+00;2025-11-03 04:15:28.463213+00;fixed;false
e3540a01-5445-4fe5-bb06-4fbf0495208e;135cde8d-a0dd-480b-9ccb-ddb17157bdf8;fpunlock;All Flightpaths;checkbox;false;"[{""label"":""All flightpaths unlocked"",""price"":""29"",""priceType"":""fixed""}]";;;;0.00;1;2025-11-03 08:58:43.950563+00;2025-11-03 08:58:43.950563+00;fixed;false
562f407e-5dd9-4619-8ec4-2f2f6bed1046;135cde8d-a0dd-480b-9ccb-ddb17157bdf8;gamemodehc;Game mode;button_group;false;"[{""label"":""Standard"",""price"":""0"",""priceType"":""fixed""},{""label"":""Self-Found"",""price"":""100"",""priceType"":""percentage""}]";;;;0.00;0;2025-11-03 08:58:04.61941+00;2025-11-03 09:01:18.888794+00;fixed;false
aae81f96-678c-4559-a10d-93613ba5f46f;aba8d745-7aaa-415e-a0b3-58fdb08b2c81;bossid;Full Loot Prio;select;false;"[{""label"":""Choose option"",""price"":""0"",""priceType"":""fixed""},{""label"":""2/8 Bosses"",""price"":""35"",""priceType"":""fixed""},{""label"":""3/8 Bosses"",""price"":""40"",""priceType"":""fixed""},{""label"":""4/8 Bosses"",""price"":""45"",""priceType"":""fixed""},{""label"":""5/8 Bosses"",""price"":""55"",""priceType"":""fixed""},{""label"":""6/8 Bosses"",""price"":""75"",""priceType"":""fixed""},{""label"":""7/8 Bosses"",""price"":""110"",""priceType"":""fixed""},{""label"":""8/8 Bosses"",""price"":""120"",""priceType"":""fixed""},{""label"":""8/8 Bosses + Mount"",""price"":""145"",""priceType"":""fixed""}]";;;;0.00;2;2025-10-22 13:23:51.167593+00;2026-01-30 17:24:56.440427+00;fixed;true
3a53ce34-cf2c-455d-8654-3d41bbb56dfe;bb061112-83d1-4302-a74e-5e9e86d8bd0a;region;Region;button_group;false;"[{""label"":""EU"",""price"":""0"",""priceType"":""fixed""},{""label"":""NA"",""price"":""30"",""priceType"":""percentage""}]";;;;0.00;0;2026-01-29 22:29:02.207389+00;2026-01-29 22:29:09.633027+00;fixed;false
98c0d213-6a80-4c4f-8302-97302d963945;c9baf6a3-ea95-41da-a753-faa43e3d3d34;primal_type;Primal Type;select;false;"[{""label"":""Choose Primal Type"",""price"":""0"",""priceType"":""fixed""},{""label"":""Primal Air"",""price"":""0"",""priceType"":""fixed""},{""label"":""Primal Fire"",""price"":""0"",""priceType"":""fixed""},{""label"":""Primal Earth"",""price"":""0"",""priceType"":""fixed""},{""label"":""Primal Water"",""price"":""0"",""priceType"":""fixed""},{""label"":""Primal Mana"",""price"":""0"",""priceType"":""fixed""},{""label"":""Primal Shadow"",""price"":""0"",""priceType"":""fixed""}]";;;;0.00;2;2026-01-31 20:54:22.622132+00;2026-01-31 20:54:22.622132+00;fixed;false
feda894d-b646-41e5-a253-4afb64668ee8;373eeeca-a0c0-4bd3-ae17-ef6900ec8973;boostdlvr;Boost Mode;button_group;true;"[{""label"":""Pilot"",""price"":""0"",""priceType"":""fixed""},{""label"":""Remote"",""price"":""12.11"",""priceType"":""percentage""}]";;;;0.00;0;2025-10-25 14:57:38.39783+00;2025-12-14 22:15:44.512072+00;fixed;false
511beef2-7c56-46cc-95ab-cc742d4dbfdc;3cc781e9-227f-429c-966d-afef353e3ff0;boost;Boost Mode;button_group;true;"[{""label"":""Selfplay"",""price"":""0"",""priceType"":""fixed""},{""label"":""Pilot"",""price"":""0"",""priceType"":""fixed""},{""label"":""Remote"",""price"":""12.11"",""priceType"":""percentage""}]";;;;0.00;0;2025-10-25 15:39:55.202099+00;2025-12-14 22:15:45.096339+00;fixed;false
3042db9f-e13b-4d6e-8eb4-8c256808ff36;a1af1614-537c-4af2-8981-9e859921490b;specific_achievments;Specific Achievments;checkbox;false;"[{""label"":""Nerub-ar Palace"",""price"":""8"",""priceType"":""fixed""},{""label"":""Manaforge Omega"",""price"":""8"",""priceType"":""fixed""},{""label"":""You Xal Not Pass"",""price"":""129"",""priceType"":""fixed""},{""label"":""Glory of the Delver"",""price"":""99"",""priceType"":""fixed""},{""label"":""Owner of a Radiant Heart"",""price"":""29"",""priceType"":""fixed""},{""label"":""Liberation of Undermine"",""price"":""8"",""priceType"":""fixed""},{""label"":""All That Khaz"",""price"":""189"",""priceType"":""fixed""},{""label"":""The War Within Pathfinder"",""price"":""19"",""priceType"":""fixed""},{""label"":""Going Goblin Mode"",""price"":""29"",""priceType"":""fixed""},{""label"":""Unraveled and Persevering"",""price"":""79"",""priceType"":""fixed""}]";;;;0.00;2;2026-02-06 15:07:01.491613+00;2026-02-06 15:07:01.491613+00;fixed;false
f32c2b8b-e8e1-4247-986d-0b3220bb7868;11c50335-e6b5-4704-b2bb-10663ec598a0;reg;Region;button_group;true;"[{""label"":""EU"",""price"":""0"",""priceType"":""fixed""},{""label"":""NA"",""price"":""0"",""priceType"":""fixed""}]";;;;0.00;1;2025-10-25 15:36:11.175938+00;2025-12-14 22:15:44.811169+00;fixed;false
4240fad1-a8cd-42e6-8ad9-9b5f178c5241;4c45788c-07fc-45e7-882b-a13d0604448a;boost;Boost Mode;button_group;true;"[{""label"":""Selfplay"",""price"":""0"",""priceType"":""fixed""},{""label"":""Pilot"",""price"":""0"",""priceType"":""fixed""},{""label"":""Remote"",""price"":""12.11"",""priceType"":""percentage""}]";;;;0.00;0;2025-10-25 15:47:28.813976+00;2025-12-14 22:15:44.949506+00;fixed;false
756d6e11-a4b8-42a5-ae52-2b1ad0f82d34;373eeeca-a0c0-4bd3-ae17-ef6900ec8973;slcach;Select Achievements:;checkbox;true;"[{""label"":""Full Glory (30% Discount) "",""price"":""71.03"",""priceType"":""fixed""},{""label"":""Leave No Treasure Unfound"",""price"":""19.38"",""priceType"":""fixed""},{""label"":""Spider Senses"",""price"":""4.52"",""priceType"":""fixed""},{""label"":""Delve Loremaster: War Within"",""price"":""32.3"",""priceType"":""fixed""},{""label"":""Sporesweeper"",""price"":""4.52"",""priceType"":""fixed""},{""label"":""Daystormer"",""price"":""4.52"",""priceType"":""fixed""},{""label"":""Nemesis"",""price"":""9.04"",""priceType"":""fixed""},{""label"":""Brann Developtment"",""price"":""25.84"",""priceType"":""fixed""}]";;;;0.00;2;2025-10-25 15:03:04.698078+00;2025-12-14 22:15:45.222886+00;fixed;false
1ad47d27-0ab5-4668-90be-30b431fb342c;702edf9d-c8fe-4466-9bb8-b91313a09202;boostmode;Boost Mode;button_group;true;"[{""label"":""Selfplay"",""price"":""0"",""priceType"":""fixed""},{""label"":""Pilot"",""price"":""0"",""priceType"":""fixed""},{""label"":""Remote"",""price"":""12.11"",""priceType"":""percentage""}]";;;;0.00;0;2025-10-25 15:29:53.356417+00;2025-12-14 22:15:45.362006+00;fixed;false
ee7f7a43-8867-483a-86d5-75a27cb6d1d1;dbe52b9e-9820-4068-8c15-1a0bf89b01c3;repblckwtr;Reputation;checkbox;true;"[{""label"":""Friendly - Honored"",""price"":""12.79"",""priceType"":""fixed""},{""label"":""Honored - Revered"",""price"":""18.48"",""priceType"":""fixed""},{""label"":""Revered - Exalted"",""price"":""31.27"",""priceType"":""fixed""}]";;;;0.00;1;2025-10-24 22:29:15.628095+00;2025-12-14 22:15:45.492709+00;fixed;true
627125f6-56f3-45a1-bc08-678d52966300;e34898c0-d6f0-44e1-a89f-7c0058c92839;regiongear;Region;button_group;false;"[{""label"":""EU"",""price"":""0"",""priceType"":""fixed""},{""label"":""NA"",""price"":""0"",""priceType"":""fixed""}]";;;;0.00;1;2025-10-28 18:31:47.387869+00;2025-12-14 22:15:45.631079+00;fixed;false
5e2586df-c037-447f-af97-54acc13767f8;1b411836-2748-44fb-af65-c8600385b4c5;bmdimen;Boost Method;button_group;false;"[{""label"":""Selfplay"",""price"":""0"",""priceType"":""fixed""},{""label"":""Pilot"",""price"":""0"",""priceType"":""fixed""}]";;;;0.00;0;2025-10-23 13:38:43.305788+00;2025-12-14 22:15:45.785886+00;fixed;true
f75a1bed-f61d-4756-aec1-a5f79fcab0d6;e904fa6c-7dd8-420d-a6ba-52800480b8c0;maghardesired;Desired Reputation Level;checkbox;false;"[{""label"":""Neutral - Friendly"",""price"":""16.88"",""priceType"":""fixed""},{""label"":""Friendly - Honored"",""price"":""28.13"",""priceType"":""fixed""},{""label"":""Honored - Revered"",""price"":""43.88"",""priceType"":""fixed""},{""label"":""Revered - Exalted"",""price"":""55.13"",""priceType"":""fixed""}]";;;;0.00;2;2025-11-20 12:19:25.213161+00;2026-02-16 10:52:56.206895+00;fixed;false
1feaf1b1-0f82-40a8-888f-e3d47fa40e77;921bee15-be57-4fad-bb9d-e98ae9c98f06;ope1;Extra options;checkbox;false;"[{""label"":""Khaz Algar Storyline"",""price"":""12.11"",""priceType"":""fixed""},{""label"":""The War Within Campaign"",""price"":""12.11"",""priceType"":""fixed""},{""label"":""Undermine Campaign"",""price"":""12.11"",""priceType"":""fixed""},{""label"":""K'aresh Campaign"",""price"":""12.11"",""priceType"":""fixed""},{""label"":""Loremaster of Khaz'Algar"",""price"":""32.3"",""priceType"":""fixed""},{""label"":""690 Item Level"",""price"":""60.56"",""priceType"":""fixed""},{""label"":""710 PvP Gear"",""price"":""20.19"",""priceType"":""fixed""},{""label"":""Bundle Deal ( Everything from above ) "",""price"":""141.31"",""priceType"":""fixed""}]";;;;0.00;1;2025-10-21 13:50:42.627979+00;2025-12-14 22:15:46.047431+00;percentage;true
9a8d1c38-d0d8-466c-9545-ccf27f89d449;6937e32c-cb8d-4e82-bac1-df5e3b9df2a6;boost;Boost Mode;button_group;true;"[{""label"":""Pilot"",""price"":""0"",""priceType"":""fixed""},{""label"":""Selfplay"",""price"":""0"",""priceType"":""fixed""}]";;;;0.00;0;2025-10-28 22:28:14.725113+00;2025-12-14 22:15:46.19582+00;fixed;false
1bc58f50-f66b-4d29-9e17-92ed7c4e7a31;bb061112-83d1-4302-a74e-5e9e86d8bd0a;boost_method;Boost Method;button_group;false;"[{""label"":""Pilot"",""price"":""0"",""priceType"":""fixed""},{""label"":""Selfplay"",""price"":""0"",""priceType"":""fixed""},{""label"":""Remote"",""price"":""30"",""priceType"":""percentage""}]";;;;0.00;1;2026-01-29 22:29:50.06572+00;2026-01-29 22:29:50.06572+00;fixed;false
3d3407f1-4a03-4e7f-a83f-a2b9f71ce3f7;7c2e589a-e51d-4074-a6d0-1139718e5e21;boost_method;Boost Method;button_group;false;"[{""label"":""Pilot"",""price"":""0"",""priceType"":""fixed""},{""label"":""Remote"",""price"":""30"",""priceType"":""percentage""}]";;;;0.00;0;2026-01-31 21:00:27.46968+00;2026-01-31 21:00:27.46968+00;fixed;false
a958826a-0959-4866-ad64-b26bdc2d6d8c;217d34d4-adfb-4519-ae5d-7d00f99c5315;boost_method;Boost Method;button_group;false;"[{""label"":""Pilot"",""price"":""0"",""priceType"":""fixed""},{""label"":""Selfplay"",""price"":""0"",""priceType"":""fixed""}]";;;;0.00;0;2026-02-06 15:13:49.866859+00;2026-02-06 15:13:49.866859+00;fixed;false
fdae1c69-13cd-4459-954b-15e5f2051a38;e34898c0-d6f0-44e1-a89f-7c0058c92839;bmgear;Boost Method;button_group;false;"[{""label"":""Selfplay"",""price"":""16.15"",""priceType"":""percentage""},{""label"":""Pilot"",""price"":""0"",""priceType"":""fixed""},{""label"":""Remote"",""price"":""24.23"",""priceType"":""percentage""}]";;;;0.00;0;2025-10-28 18:31:24.934654+00;2025-12-14 22:15:46.32228+00;fixed;false
de21713b-d34d-4a1a-ab8b-1e8afae3b6f3;bb061112-83d1-4302-a74e-5e9e86d8bd0a;dungeons;Dungeons;checkbox;false;"[{""label"":""Algeth'ar Academy "",""price"":""14"",""priceType"":""fixed""},{""label"":""Seat of the Triumvirate "",""price"":""14"",""priceType"":""fixed""},{""label"":"" Skyreach "",""price"":""14"",""priceType"":""fixed""},{""label"":""Pit of Saron "",""price"":""14"",""priceType"":""fixed""},{""label"":"" Windrunner Spire "",""price"":""14"",""priceType"":""fixed""},{""label"":""Magister's Terrace "",""price"":""14"",""priceType"":""fixed""},{""label"":""Maisara Caverns "",""price"":""14"",""priceType"":""fixed""},{""label"":"" Nexus Point Xenas "",""price"":""14"",""priceType"":""fixed""}]";;;;0.00;2;2026-01-29 22:31:17.71193+00;2026-01-29 22:31:17.71193+00;fixed;false
c55becbe-34e0-4014-ac14-2c0299577ac2;7c2e589a-e51d-4074-a6d0-1139718e5e21;region;Region;button_group;false;"[{""label"":""EU"",""price"":""0"",""priceType"":""fixed""},{""label"":""NA"",""price"":""0"",""priceType"":""fixed""}]";;;;0.00;1;2026-01-31 21:00:39.381074+00;2026-01-31 21:00:39.381074+00;fixed;false
9a12de50-efe0-4f85-8a7d-a47fba3dd2da;217d34d4-adfb-4519-ae5d-7d00f99c5315;region;Region;button_group;false;"[{""label"":""EU"",""price"":""0"",""priceType"":""fixed""},{""label"":""NA"",""price"":""30"",""priceType"":""percentage""}]";;;;0.00;1;2026-02-06 15:14:00.279426+00;2026-02-06 15:14:00.279426+00;fixed;false
79080855-8aa9-401a-8d6f-14f7d2950a82;bb061112-83d1-4302-a74e-5e9e86d8bd0a;traders;Traders;button_group;false;"[{""label"":""1 Trader"",""price"":""0"",""priceType"":""fixed""},{""label"":""2 Traders"",""price"":""20"",""priceType"":""fixed""},{""label"":""3 Traders"",""price"":""30"",""priceType"":""fixed""}]";;;;0.00;3;2026-01-29 22:31:59.838275+00;2026-01-29 22:31:59.838275+00;fixed;false
8e885d9d-d7d6-4298-bfd3-1c293bda238f;072d7441-9ee5-4562-96a7-62b5f0f2d6f9;boost_method;Boost Method;button_group;false;"[{""label"":""Pilot"",""price"":""0"",""priceType"":""fixed""},{""label"":""Selfplay"",""price"":""30"",""priceType"":""percentage""},{""label"":""Remote"",""price"":""30"",""priceType"":""percentage""}]";;;;0.00;0;2026-02-01 00:44:22.735558+00;2026-02-01 00:44:22.735558+00;fixed;false
94fb1a90-2fdf-4604-98d7-4f45ca91bf3d;aee56c27-fc47-49e1-be69-2d2fdee6c3c9;boost;Boost Mode;button_group;true;"[{""label"":""Selfplay"",""price"":""0"",""priceType"":""fixed""},{""label"":""Pilot"",""price"":""0"",""priceType"":""fixed""}]";;;;0.00;0;2025-11-04 00:07:44.459714+00;2025-11-04 00:07:44.459714+00;fixed;false
779562db-a799-4275-be85-1c244d078efc;aee56c27-fc47-49e1-be69-2d2fdee6c3c9;world;Select Your Platform;button_group;true;"[{""label"":""PC"",""price"":""0"",""priceType"":""fixed""},{""label"":""PSN"",""price"":""0"",""priceType"":""fixed""},{""label"":""XBOX"",""price"":""0"",""priceType"":""fixed""}]";;;;0.00;1;2025-11-04 00:08:00.824314+00;2025-11-04 00:08:35.846876+00;fixed;false
9612d9b7-acc0-4788-a6cd-716a499ca2b6;aee56c27-fc47-49e1-be69-2d2fdee6c3c9;world;Select World;button_group;true;"[{""label"":""Seasonal - Softcore"",""price"":""0"",""priceType"":""fixed""},{""label"":""Eternal - Softcore"",""price"":""50"",""priceType"":""percentage""}]";;;;0.00;2;2025-11-04 00:09:14.937468+00;2025-11-04 00:09:36.053166+00;fixed;false
9dab96d9-6095-4c6a-a53f-8f134856a6a2;c1bc6f01-73e5-4dee-b487-c5de21cc8219;boost;Boost Mode;button_group;true;"[{""label"":""Pilot"",""price"":""0"",""priceType"":""fixed""},{""label"":""Selfplay"",""price"":""0"",""priceType"":""fixed""}]";;;;0.00;0;2025-11-04 00:40:22.999564+00;2025-11-04 00:40:22.999564+00;fixed;false
964444d1-3c6f-49e0-8600-a12563a2f70e;c1bc6f01-73e5-4dee-b487-c5de21cc8219;plat;Select Your Platform;button_group;true;"[{""label"":""PC"",""price"":""0"",""priceType"":""fixed""},{""label"":""PSN"",""price"":""0"",""priceType"":""fixed""},{""label"":""XBOX"",""price"":""0"",""priceType"":""fixed""}]";;;;0.00;1;2025-11-04 00:40:41.988752+00;2025-11-04 00:40:41.988752+00;fixed;false
b3cb810a-b717-4585-9060-ad2ba86e770b;0931e7e6-0abf-4127-bec1-a5c41a26b44d;boost_method;Boost Method;button_group;false;"[{""label"":""Pilot"",""price"":""0"",""priceType"":""fixed""},{""label"":""Selfplay"",""price"":""0"",""priceType"":""fixed""}]";;;;0.00;0;2026-02-06 15:17:51.87506+00;2026-02-06 15:17:51.87506+00;fixed;false
9d1a366d-b3a0-4d08-87cc-07b81607cffe;00a71e88-7632-4d78-b708-421317aafe14;myuni;Select Mythic Unique(s);checkbox;true;"[{""label"":""Shattered Vow"",""price"":""35.2"",""priceType"":""fixed""},{""label"":""Heir of Perdition"",""price"":""35.2"",""priceType"":""fixed""},{""label"":""Shroud of False Death"",""price"":""35.2"",""priceType"":""fixed""},{""label"":""Nesekem, the Herald"",""price"":""35.2"",""priceType"":""fixed""},{""label"":""Andariel's Visage"",""price"":""35.2"",""priceType"":""fixed""},{""label"":""Harlequin Crest"",""price"":""35.2"",""priceType"":""fixed""},{""label"":""Melted Heart of Selig"",""price"":""35.2"",""priceType"":""fixed""},{""label"":""Ring of Starless Skies"",""price"":""35.2"",""priceType"":""fixed""},{""label"":""Doombringer"",""price"":""35.2"",""priceType"":""fixed""},{""label"":""The Grandfather "",""price"":""35.2"",""priceType"":""fixed""},{""label"":""Ahavarion, Spear of Lycander"",""price"":""35.2"",""priceType"":""fixed""},{""label"":""Tyrael's Might"",""price"":""35.2"",""priceType"":""fixed""}]";;;;0.00;3;2025-11-04 03:35:03.997712+00;2025-11-04 03:35:03.997712+00;fixed;false
63971c72-e6fe-44ce-851a-7bded7a44dcf;12bfc26c-8c29-499d-837d-86b2232e5be4;boost;Boost Mode;button_group;true;"[{""label"":""Pilot"",""price"":""0"",""priceType"":""fixed""},{""label"":""Remote"",""price"":""15"",""priceType"":""percentage""}]";;;;0.00;0;2025-11-04 03:43:27.25854+00;2025-11-04 03:43:27.25854+00;fixed;false
3ba5bb04-af2b-4f14-9c0c-1fca57c8ea2c;c1bc6f01-73e5-4dee-b487-c5de21cc8219;world;Select World - Softcore;button_group;true;"[{""label"":""Seasonal "",""price"":""0"",""priceType"":""fixed""},{""label"":""Eternal "",""price"":""50"",""priceType"":""percentage""}]";;;;0.00;2;2025-11-04 00:41:06.476491+00;2025-11-04 00:47:25.94172+00;fixed;false
339cdb8c-ec74-4339-9b06-05150a51d9bd;00a71e88-7632-4d78-b708-421317aafe14;boost;Boost Mode;button_group;true;"[{""label"":""Pilot"",""price"":""0"",""priceType"":""fixed""},{""label"":""Remote"",""price"":""15"",""priceType"":""percentage""}]";;;;0.00;0;2025-11-04 03:27:42.971098+00;2025-11-04 03:27:42.971098+00;fixed;false
2f683596-ee9d-4ec3-83be-d05578bf2fd1;00a71e88-7632-4d78-b708-421317aafe14;plat;Select Your Platform;button_group;true;"[{""label"":""PC"",""price"":""0"",""priceType"":""fixed""},{""label"":""PSN"",""price"":""0"",""priceType"":""fixed""},{""label"":""XBOX"",""price"":""0"",""priceType"":""fixed""}]";;;;0.00;1;2025-11-04 03:29:16.524009+00;2025-11-04 03:29:16.524009+00;fixed;false
7712a575-6eda-4219-b13b-09a039c8dc80;9dd3bb46-dfed-46cd-b180-bf9d52fdf206;seldelv;Select Delve;select;true;"[{""label"":""Archival Assault"",""price"":""0"",""priceType"":""fixed""},{""label"":""Excavation Site 9"",""price"":""0"",""priceType"":""fixed""},{""label"":""Sidestreet Sluice"",""price"":""0"",""priceType"":""fixed""},{""label"":""Earthcrawl Mines"",""price"":""0"",""priceType"":""fixed""},{""label"":""Kriegval's Rest"",""price"":""0"",""priceType"":""fixed""},{""label"":""Fungal Folly"",""price"":""0"",""priceType"":""fixed""},{""label"":""Skittering Breach"",""price"":""0"",""priceType"":""fixed""},{""label"":""Nightfall Sanctum"",""price"":""0"",""priceType"":""fixed""},{""label"":""The Sinkhole"",""price"":""0"",""priceType"":""fixed""},{""label"":""Mycomancer Cavern"",""price"":""0"",""priceType"":""fixed""},{""label"":""The waterworks"",""price"":""0"",""priceType"":""fixed""},{""label"":""The Spiral Weave"",""price"":""0"",""priceType"":""fixed""},{""label"":""Tak-Rethan Abyss"",""price"":""0"",""priceType"":""fixed""},{""label"":""Random Delve"",""price"":""0"",""priceType"":""fixed""}]";;;;0.00;4;2025-10-28 19:57:21.414215+00;2025-12-14 22:15:46.617157+00;fixed;false
2c89aba0-d4da-4ffd-8e67-e56921815b9b;5ee9003a-8b88-4148-906b-ca3a08806fd8;exoption;Extra Options;checkbox;false;"[{""label"":""Unlock ?? challenge tier"",""price"":""18.09"",""priceType"":""fixed""},{""label"":""690+ ilvl"",""price"":""116.28"",""priceType"":""fixed""},{""label"":""Brann leveling to 60"",""price"":""142.12"",""priceType"":""fixed""}]";;;;0.00;2;2025-10-29 00:48:22.463663+00;2025-12-14 22:15:46.747402+00;fixed;false
76fa7602-53f1-45cc-b0f3-777fa76888dc;a14febbc-49b6-45af-bce6-f1980c081241;selatt;Select Achievements;checkbox;true;"[{""label"":""Full Achievement (-30% Discount)"",""price"":""71.03"",""priceType"":""fixed""},{""label"":""Leave No Treasure Unfound"",""price"":""19.38"",""priceType"":""fixed""},{""label"":""Spider Senses"",""price"":""4.52"",""priceType"":""fixed""},{""label"":""Delve Loremaster: War Within"",""price"":""32.3"",""priceType"":""fixed""},{""label"":""Daystormer"",""price"":""4.52"",""priceType"":""fixed""},{""label"":""Nemesis"",""price"":""9.04"",""priceType"":""fixed""},{""label"":""Sporesweeper"",""price"":""4.52"",""priceType"":""fixed""},{""label"":""Brann Development"",""price"":""25.84"",""priceType"":""fixed""}]";;;;0.00;2;2025-10-29 01:18:06.721753+00;2025-12-14 22:15:46.89323+00;fixed;false
2ae18c8e-abbc-4c32-9b79-b84b8832c743;12bfc26c-8c29-499d-837d-86b2232e5be4;plat;Select Your Platform;button_group;true;"[{""label"":""PC"",""price"":""0"",""priceType"":""fixed""},{""label"":""PSN"",""price"":""0"",""priceType"":""fixed""},{""label"":""XBOX"",""price"":""0"",""priceType"":""fixed""}]";;;;0.00;1;2025-11-04 03:44:01.545416+00;2025-11-04 03:44:01.545416+00;fixed;false
a8da2a15-0dd2-4647-ac12-893608863217;d5e41e52-267d-4a5f-aa61-211a9eb7b06c;boost;Boost Mode;button_group;true;"[{""label"":""Pilot"",""price"":""0"",""priceType"":""fixed""},{""label"":""Remote"",""price"":""15"",""priceType"":""percentage""}]";;;;0.00;0;2025-11-04 04:20:54.092788+00;2025-11-04 04:20:54.092788+00;fixed;false
39716b16-b449-48a1-b749-694461d196c0;00a71e88-7632-4d78-b708-421317aafe14;world;Select World - Softcore;button_group;true;"[{""label"":""Seasonal"",""price"":""0"",""priceType"":""fixed""},{""label"":""Eternal"",""price"":""50"",""priceType"":""percentage""}]";;;;0.00;2;2025-11-04 03:29:53.535701+00;2025-11-04 03:48:11.153507+00;fixed;false
e2ade8fd-6e74-480c-a918-cebaf67fd550;12bfc26c-8c29-499d-837d-86b2232e5be4;world;Select World - Softcore;button_group;true;"[{""label"":""Seasonal "",""price"":""0"",""priceType"":""fixed""},{""label"":""Eternal"",""price"":""50"",""priceType"":""percentage""}]";;;;0.00;2;2025-11-04 03:45:47.304696+00;2025-11-04 03:48:39.957559+00;fixed;false
e21a8d29-99c3-413f-8c57-495d84f2833e;fc956f17-5283-48a9-8d8e-9a91eb8b5f9f;boost;Boost Mode;button_group;true;"[{""label"":""Pilot"",""price"":""0"",""priceType"":""fixed""},{""label"":""Remote"",""price"":""15"",""priceType"":""percentage""}]";;;;0.00;0;2025-11-04 03:53:12.231199+00;2025-11-04 03:53:12.231199+00;fixed;false
5e41801c-eda1-4426-baa3-c75b6eb797d4;fc956f17-5283-48a9-8d8e-9a91eb8b5f9f;plat;Select Your Platform;button_group;true;"[{""label"":""PC"",""price"":""0"",""priceType"":""fixed""},{""label"":""PSN"",""price"":""0"",""priceType"":""fixed""},{""label"":""XBOX"",""price"":""0"",""priceType"":""fixed""}]";;;;0.00;1;2025-11-04 03:53:29.018509+00;2025-11-04 03:53:29.018509+00;fixed;false
4dfd652e-5678-429f-9e4b-12d1cebe15a3;fc956f17-5283-48a9-8d8e-9a91eb8b5f9f;world;Select World - Softcore;button_group;true;"[{""label"":""Seasonal "",""price"":""0"",""priceType"":""fixed""},{""label"":""Eternal"",""price"":""50"",""priceType"":""percentage""}]";;;;0.00;2;2025-11-04 03:53:51.263655+00;2025-11-04 03:54:10.454353+00;fixed;false
4c8570fd-812a-4caf-8110-aa32ef0454aa;f7f969eb-23c0-4e7f-8b66-560ff336cb31;boost;Boost Mode;button_group;true;"[{""label"":""Pilot"",""price"":""0"",""priceType"":""fixed""},{""label"":""Remote"",""price"":""50"",""priceType"":""percentage""}]";;;;0.00;0;2025-11-04 03:57:37.74717+00;2025-11-04 03:57:37.74717+00;fixed;false
a5c78fce-2f28-43f4-8e5a-39b38b2f2112;f7f969eb-23c0-4e7f-8b66-560ff336cb31;plat;Select Your Platform;button_group;true;"[{""label"":""PC"",""price"":""0"",""priceType"":""fixed""},{""label"":""PSN"",""price"":""0"",""priceType"":""fixed""},{""label"":""XBOX"",""price"":""0"",""priceType"":""fixed""}]";;;;0.00;1;2025-11-04 03:57:55.921936+00;2025-11-04 03:57:55.921936+00;fixed;false
8fc11e94-77ba-4c70-b788-311df6556d86;f7f969eb-23c0-4e7f-8b66-560ff336cb31;world;Select World - Softcore;button_group;true;"[{""label"":""Seasonal"",""price"":""0"",""priceType"":""fixed""},{""label"":""Eternal"",""price"":""50"",""priceType"":""percentage""}]";;;;0.00;2;2025-11-04 03:58:18.671026+00;2025-11-04 03:58:18.671026+00;fixed;false
4c6201b5-ffdd-4654-b60d-55e38614a7db;c397ed21-b281-4fe8-b57c-e92ccaa2ffd2;boost;Boost Mode;button_group;true;"[{""label"":""Pilot"",""price"":""0"",""priceType"":""fixed""},{""label"":""Remote"",""price"":""15"",""priceType"":""percentage""}]";;;;0.00;0;2025-11-04 04:02:43.301546+00;2025-11-04 04:02:43.301546+00;fixed;false
107a08f0-1b8d-4e5a-997d-b28eee1c6016;c397ed21-b281-4fe8-b57c-e92ccaa2ffd2;plat;Select Your Platform;button_group;true;"[{""label"":""PC"",""price"":""0"",""priceType"":""fixed""},{""label"":""PSN"",""price"":""0"",""priceType"":""fixed""},{""label"":""XBOX"",""price"":""0"",""priceType"":""fixed""}]";;;;0.00;1;2025-11-04 04:03:01.34373+00;2025-11-04 04:03:01.34373+00;fixed;false
1c5db3c4-78e0-48f4-8a04-a0416cd90987;c397ed21-b281-4fe8-b57c-e92ccaa2ffd2;world;Select World - Softcore;button_group;true;"[{""label"":""Seasonal"",""price"":""0"",""priceType"":""fixed""},{""label"":""Eternal"",""price"":""50"",""priceType"":""percentage""}]";;;;0.00;2;2025-11-04 04:03:23.116938+00;2025-11-04 04:03:23.116938+00;fixed;false
daced6dd-fd45-460a-bf5a-0badb153a573;e5e103b4-194e-43e6-9f7b-74001bdb9928;boost;Boost Mode;button_group;true;"[{""label"":""Pilot"",""price"":""0"",""priceType"":""fixed""},{""label"":""Remote"",""price"":""0"",""priceType"":""fixed""}]";;;;0.00;0;2025-11-04 04:06:55.020141+00;2025-11-04 04:06:55.020141+00;fixed;false
c6bf28c1-60db-4e78-93f6-d29401a596f1;e5e103b4-194e-43e6-9f7b-74001bdb9928;plat;Select Your Platform;button_group;true;"[{""label"":""PC"",""price"":""0"",""priceType"":""fixed""},{""label"":""PSN"",""price"":""0"",""priceType"":""fixed""},{""label"":""XBOX"",""price"":""0"",""priceType"":""fixed""}]";;;;0.00;1;2025-11-04 04:07:10.047854+00;2025-11-04 04:07:10.047854+00;fixed;false
ec15d684-f528-44c1-a755-e3ecede28cbd;e5e103b4-194e-43e6-9f7b-74001bdb9928;world;Select World - Softcore;button_group;true;"[{""label"":""Seasonal"",""price"":""0"",""priceType"":""fixed""},{""label"":""Eternal"",""price"":""50"",""priceType"":""percentage""}]";;;;0.00;2;2025-11-04 04:07:33.863155+00;2025-11-04 04:07:33.863155+00;fixed;false
f0420461-0cd5-479e-ac7d-ffdd27dd6c22;e5761804-c753-4b93-9a5b-7bb55ad5d50c;boost;Boost Mode;button_group;true;"[{""label"":""Pilot"",""price"":""0"",""priceType"":""fixed""},{""label"":""Remote"",""price"":""15"",""priceType"":""percentage""}]";;;;0.00;0;2025-11-04 04:11:13.760066+00;2025-11-04 04:11:13.760066+00;fixed;false
34a852e5-8e13-4a24-b995-3393f0daa122;e5761804-c753-4b93-9a5b-7bb55ad5d50c;plat;Select Your Platform;button_group;true;"[{""label"":""PC"",""price"":""0"",""priceType"":""fixed""},{""label"":""PSN"",""price"":""0"",""priceType"":""fixed""},{""label"":""XBOX"",""price"":""0"",""priceType"":""fixed""}]";;;;0.00;1;2025-11-04 04:11:29.053502+00;2025-11-04 04:11:29.053502+00;fixed;false
a93a57f5-245d-42c3-a03a-1a384d6e21d2;e5761804-c753-4b93-9a5b-7bb55ad5d50c;plat;Select World - Softcore;select;true;"[{""label"":""Seasonal"",""price"":""0"",""priceType"":""fixed""},{""label"":""Eternal"",""price"":""50"",""priceType"":""percentage""}]";;;;0.00;2;2025-11-04 04:11:48.760529+00;2025-11-04 04:11:48.760529+00;fixed;false
29e0ed59-f94a-4e2c-ab42-6d34839012f7;215f1e43-160c-43f8-8ed4-95e8e867078f;boost;Boost Mode;button_group;true;"[{""label"":""Pilot"",""price"":""0"",""priceType"":""fixed""},{""label"":""Remote"",""price"":""15"",""priceType"":""percentage""}]";;;;0.00;0;2025-11-04 04:13:37.096608+00;2025-11-04 04:13:37.096608+00;fixed;false
84865cad-fc24-43e5-992f-28827c252af3;215f1e43-160c-43f8-8ed4-95e8e867078f;plat;Select Your Platform;button_group;true;"[{""label"":""PC"",""price"":""0"",""priceType"":""fixed""},{""label"":""PSN"",""price"":""0"",""priceType"":""fixed""},{""label"":""XBOX"",""price"":""0"",""priceType"":""fixed""}]";;;;0.00;1;2025-11-04 04:13:55.467796+00;2025-11-04 04:13:55.467796+00;fixed;false
9bbeafb9-070f-4aed-83f4-e86065329057;215f1e43-160c-43f8-8ed4-95e8e867078f;world;Select World - Softcore;button_group;true;"[{""label"":""Seasonal"",""price"":""0"",""priceType"":""fixed""},{""label"":""Eternal"",""price"":""50"",""priceType"":""percentage""}]";;;;0.00;2;2025-11-04 04:14:25.199269+00;2025-11-04 04:14:25.199269+00;fixed;false
b8fdb7a3-43ae-415b-b541-1cf862982aba;d5e41e52-267d-4a5f-aa61-211a9eb7b06c;plat;Select Your Platform;button_group;true;"[{""label"":""PC"",""price"":""0"",""priceType"":""fixed""},{""label"":""PSN"",""price"":""0"",""priceType"":""fixed""},{""label"":""XBOX"",""price"":""0"",""priceType"":""fixed""}]";;;;0.00;1;2025-11-04 04:21:16.595604+00;2025-11-04 04:21:16.595604+00;fixed;false
acb01a47-9b69-486b-acc5-b9dae15fd49e;d5e41e52-267d-4a5f-aa61-211a9eb7b06c;world;Select World - Softcore;button_group;true;"[{""label"":""Seasonal"",""price"":""0"",""priceType"":""fixed""},{""label"":""Eternal"",""price"":""50"",""priceType"":""percentage""}]";;;;0.00;2;2025-11-04 04:22:16.299916+00;2025-11-04 04:22:16.299916+00;fixed;false
8d7b5642-416b-4819-97e9-657cef7ffad4;072d7441-9ee5-4562-96a7-62b5f0f2d6f9;region;Region;button_group;false;"[{""label"":""EU"",""price"":""0"",""priceType"":""fixed""},{""label"":""NA"",""price"":""0"",""priceType"":""fixed""}]";;;;0.00;1;2026-02-01 00:44:32.603306+00;2026-02-01 00:44:32.603306+00;fixed;false
875d45ed-f69a-4723-ba4b-3580702ac232;0931e7e6-0abf-4127-bec1-a5c41a26b44d;region;Region;button_group;false;"[{""label"":""EU "",""price"":""0"",""priceType"":""fixed""},{""label"":""NA"",""price"":""30"",""priceType"":""percentage""}]";;;;0.00;1;2026-02-06 15:18:03.076768+00;2026-02-06 15:18:03.076768+00;fixed;false
0a8e5f15-75c8-456f-94ec-fec09103e7a7;d5e41e52-267d-4a5f-aa61-211a9eb7b06c;expo;Extra Power ;checkbox;false;"[{""label"":""High Roll Unique Power"",""price"":""8.8"",""priceType"":""fixed""},{""label"":""High Roll Stats"",""price"":""20"",""priceType"":""percentage""}]";;;;0.00;4;2025-11-04 04:25:41.346947+00;2025-11-04 14:58:13.637403+00;fixed;false
7bcae85f-511a-4268-b176-a7b5ecd511aa;b6b3e826-a628-4349-b8d3-e9212236d73d;world;Select World - Softcore;select;true;"[{""label"":""Seasonal"",""price"":""0"",""priceType"":""fixed""},{""label"":""Eternal"",""price"":""50"",""priceType"":""percentage""}]";;;;0.00;2;2025-11-04 04:47:36.097089+00;2025-11-04 04:47:36.097089+00;fixed;false
9d34dbaf-c924-4a9d-b1c3-93b55942029e;d5e41e52-267d-4a5f-aa61-211a9eb7b06c;aff;Greater Affixes;select;true;"[{""label"":""Without Greater Affixes"",""price"":""0"",""priceType"":""fixed""},{""label"":""1/4 - Greater Affixes"",""price"":""4.84"",""priceType"":""fixed""},{""label"":""2/4 - Greater Affixes"",""price"":""17.6"",""priceType"":""fixed""},{""label"":""3/4 - Greater Affixes"",""price"":""52.8"",""priceType"":""fixed""},{""label"":""4/4 - Greater Affixes"",""price"":""88"",""priceType"":""fixed""}]";;;;0.00;3;2025-11-04 04:23:20.357085+00;2025-11-04 04:28:04.899726+00;fixed;false
f126b4a4-c964-43d7-ba1f-95755ebc343b;8641a229-a57e-4df3-b1ed-241abffa89f4;boost;Boost Mode;button_group;true;"[{""label"":""Pilot"",""price"":""0"",""priceType"":""fixed""},{""label"":""Remote"",""price"":""15"",""priceType"":""percentage""}]";;;;0.00;0;2025-11-04 04:34:04.699981+00;2025-11-04 04:34:04.699981+00;fixed;false
ddf4fad5-c766-4452-9fb3-e8a7c5a860ba;8641a229-a57e-4df3-b1ed-241abffa89f4;plat;Select Your Platform;button_group;true;"[{""label"":""PC"",""price"":""0"",""priceType"":""fixed""},{""label"":""PSN"",""price"":""0"",""priceType"":""fixed""},{""label"":""XBOX"",""price"":""0"",""priceType"":""fixed""}]";;;;0.00;1;2025-11-04 04:34:21.082348+00;2025-11-04 04:34:21.082348+00;fixed;false
fbe04770-f269-4ad3-90b1-dd3d006e9d82;8641a229-a57e-4df3-b1ed-241abffa89f4;world;Select World - Softcore;button_group;true;"[{""label"":""Seasonal"",""price"":""0"",""priceType"":""fixed""},{""label"":""Eternal"",""price"":""50"",""priceType"":""percentage""}]";;;;0.00;2;2025-11-04 04:34:41.363549+00;2025-11-04 04:34:41.363549+00;fixed;false
0ea31b09-43b4-4c75-b627-0c2512f66179;8641a229-a57e-4df3-b1ed-241abffa89f4;aff;Greater Affixes;select;true;"[{""label"":""Without Greater Affixes"",""price"":""0"",""priceType"":""fixed""},{""label"":""1/4 - Greater Affixes"",""price"":""4.84"",""priceType"":""fixed""},{""label"":""2/4 - Greater Affixes"",""price"":""17.6"",""priceType"":""fixed""},{""label"":""3/4 - Greater Affixes"",""price"":""52.8"",""priceType"":""fixed""},{""label"":""4/4 - Greater Affixes"",""price"":""88"",""priceType"":""fixed""}]";;;;0.00;3;2025-11-04 04:35:35.39938+00;2025-11-04 04:35:35.39938+00;fixed;false
9902fcc7-428f-4335-b377-73697ce48876;3fa58f81-b312-4eaf-a9fd-902ef547868d;keylvl;Key level;select;false;"[{""label"":""Choose Key Level"",""price"":""0"",""priceType"":""fixed""},{""label"":""+2"",""price"":""15"",""priceType"":""fixed""},{""label"":""+3"",""price"":""20"",""priceType"":""fixed""},{""label"":""+4"",""price"":""25"",""priceType"":""fixed""},{""label"":""+5"",""price"":""30"",""priceType"":""fixed""},{""label"":""+6"",""price"":""35"",""priceType"":""fixed""},{""label"":""+7"",""price"":""40"",""priceType"":""fixed""},{""label"":""+8"",""price"":""55"",""priceType"":""fixed""},{""label"":""+9"",""price"":""75"",""priceType"":""fixed""},{""label"":""+10"",""price"":""85"",""priceType"":""fixed""},{""label"":""+11"",""price"":""99"",""priceType"":""fixed""},{""label"":""+12"",""price"":""129"",""priceType"":""fixed""},{""label"":""+13"",""price"":""169"",""priceType"":""fixed""}]";;;;0.00;2;2025-10-22 17:35:43.962719+00;2026-01-30 10:06:12.740307+00;fixed;true
242e6614-57e4-4b5f-9829-0158b121ee13;398cc7e4-d58e-4ad7-8f9a-e0b56ed8347f;boost;Boost Mode;button_group;true;"[{""label"":""Pilot"",""price"":""0"",""priceType"":""fixed""},{""label"":""Remote"",""price"":""15"",""priceType"":""percentage""}]";;;;0.00;0;2025-11-04 04:38:30.638723+00;2025-11-04 04:38:30.638723+00;fixed;false
5437688c-54ae-4795-a532-0ee180a503a8;398cc7e4-d58e-4ad7-8f9a-e0b56ed8347f;plat;Select Your Platform;button_group;true;"[{""label"":""PC"",""price"":""0"",""priceType"":""fixed""},{""label"":""PSN"",""price"":""0"",""priceType"":""fixed""},{""label"":""XBOX"",""price"":""0"",""priceType"":""fixed""}]";;;;0.00;1;2025-11-04 04:38:48.108614+00;2025-11-04 04:38:48.108614+00;fixed;false
06881e8d-ab97-4d25-8104-ef1da2a31ee1;398cc7e4-d58e-4ad7-8f9a-e0b56ed8347f;world;Select World - Softcore;button_group;true;"[{""label"":""Seasonal"",""price"":""0"",""priceType"":""fixed""},{""label"":""Eternal"",""price"":""50"",""priceType"":""percentage""}]";;;;0.00;2;2025-11-04 04:39:09.788484+00;2025-11-04 04:39:09.788484+00;fixed;false
97cc9af5-c94f-4783-997d-9fccc7693683;398cc7e4-d58e-4ad7-8f9a-e0b56ed8347f;aff;Greater Affixes;select;true;"[{""label"":""Without Greater Affixes"",""price"":""0"",""priceType"":""fixed""},{""label"":""1/4 - Greater Affixes"",""price"":""4.84"",""priceType"":""fixed""},{""label"":""2/4 - Greater Affixes"",""price"":""17.6"",""priceType"":""fixed""},{""label"":""3/4 - Greater Affixes"",""price"":""52.8"",""priceType"":""fixed""},{""label"":""4/4 - Greater Affixes"",""price"":""88"",""priceType"":""fixed""}]";;;;0.00;3;2025-11-04 04:39:50.922787+00;2025-11-04 04:39:50.922787+00;fixed;false
f02840f5-f1f7-4627-8f19-4f708fb0b240;fa7d5776-54ec-42cb-8eb2-8dfdf6277e04;boost_method;Boost Method;button_group;false;"[{""label"":""Pilot"",""price"":""0"",""priceType"":""fixed""}]";;;;0.00;0;2026-02-06 15:20:04.75981+00;2026-02-06 15:20:04.75981+00;fixed;false
2f29687b-3bb7-4b45-8161-af2fa45cfeec;b6b3e826-a628-4349-b8d3-e9212236d73d;boost;Boost Mode;button_group;true;"[{""label"":""Pilot"",""price"":""0"",""priceType"":""fixed""},{""label"":""Remote"",""price"":""15"",""priceType"":""percentage""}]";;;;0.00;0;2025-11-04 04:47:01.679558+00;2025-11-04 04:47:01.679558+00;fixed;false
861839b1-1f59-4da0-90c2-cf58b4b96c86;b6b3e826-a628-4349-b8d3-e9212236d73d;plat;Select Your Platform;button_group;true;"[{""label"":""PC"",""price"":""0"",""priceType"":""fixed""},{""label"":""PSN"",""price"":""0"",""priceType"":""fixed""},{""label"":""XBOX"",""price"":""0"",""priceType"":""fixed""}]";;;;0.00;1;2025-11-04 04:47:18.23547+00;2025-11-04 04:47:18.23547+00;fixed;false
8b23d111-1206-4d3c-8efe-0d9520a612ac;b6b3e826-a628-4349-b8d3-e9212236d73d;aff;Greater Affixes;select;true;"[{""label"":""Without Greater Affixes"",""price"":""0"",""priceType"":""fixed""},{""label"":""1/4 - Greater Affixes"",""price"":""4.84"",""priceType"":""fixed""},{""label"":""2/4 - Greater Affixes"",""price"":""17.6"",""priceType"":""fixed""},{""label"":""3/4 - Greater Affixes"",""price"":""52.8"",""priceType"":""fixed""},{""label"":""4/4 - Greater Affixes"",""price"":""88"",""priceType"":""fixed""}]";;;;0.00;3;2025-11-04 04:48:19.475272+00;2025-11-04 04:48:19.475272+00;fixed;false
3072ea40-25cb-46b2-936a-c31d4de30e9b;8faafe63-1b68-4165-a5af-82f0fcb5f9b8;boost;Boost Mode;button_group;true;"[{""label"":""Pilot"",""price"":""0"",""priceType"":""fixed""},{""label"":""Remote"",""price"":""15"",""priceType"":""percentage""}]";;;;0.00;0;2025-11-04 04:50:39.212194+00;2025-11-04 04:50:39.212194+00;fixed;false
41f37908-e8b5-4f0f-913f-15191dcd7ea4;8faafe63-1b68-4165-a5af-82f0fcb5f9b8;plat;Select Your Platform;button_group;true;"[{""label"":""PC"",""price"":""0"",""priceType"":""fixed""},{""label"":""PSN"",""price"":""0"",""priceType"":""fixed""},{""label"":""XBOX"",""price"":""0"",""priceType"":""fixed""}]";;;;0.00;1;2025-11-04 04:51:07.179387+00;2025-11-04 04:51:07.179387+00;fixed;false
b72edf0a-18ee-49d5-9c5a-8da75a1dbfed;398cc7e4-d58e-4ad7-8f9a-e0b56ed8347f;expo;Extra Power ;checkbox;false;"[{""label"":""High Roll Unique Power"",""price"":""8.8"",""priceType"":""fixed""},{""label"":""High Roll Stats"",""price"":""20"",""priceType"":""percentage""}]";;;;0.00;4;2025-11-04 04:40:29.869204+00;2025-11-04 14:58:27.715428+00;fixed;false
e6de4a64-5e9f-45d4-91f1-36c8143f3fc4;b6b3e826-a628-4349-b8d3-e9212236d73d;expo;Extra Power ;checkbox;false;"[{""label"":""High Roll Unique Power"",""price"":""8.8"",""priceType"":""fixed""},{""label"":""High Roll Stats"",""price"":""20"",""priceType"":""percentage""}]";;;;0.00;4;2025-11-04 04:48:48.46606+00;2025-11-04 14:59:17.193765+00;fixed;false
a7d53560-68e2-40c8-bdd7-540b00049ed2;8faafe63-1b68-4165-a5af-82f0fcb5f9b8;world;Select World - Softcore;button_group;true;"[{""label"":""Seasonal"",""price"":""0"",""priceType"":""fixed""},{""label"":""Eternal"",""price"":""50"",""priceType"":""percentage""}]";;;;0.00;2;2025-11-04 04:51:51.79399+00;2025-11-04 04:51:51.79399+00;fixed;false
bfc7f63c-4e16-43f5-be33-def3b9938ffd;8faafe63-1b68-4165-a5af-82f0fcb5f9b8;aff;Greater Affixes;select;true;"[{""label"":""Without Greater Affixes"",""price"":""0"",""priceType"":""fixed""},{""label"":""1/4 - Greater Affixes"",""price"":""4.84"",""priceType"":""fixed""},{""label"":""2/4 - Greater Affixes"",""price"":""17.6"",""priceType"":""fixed""},{""label"":""3/4 - Greater Affixes"",""price"":""52.8"",""priceType"":""fixed""},{""label"":""4/4 - Greater Affixes"",""price"":""88"",""priceType"":""fixed""}]";;;;0.00;3;2025-11-04 04:52:47.415743+00;2025-11-04 04:52:47.415743+00;fixed;false
260682ce-8af8-41cf-8e76-47a1d55a1679;0e6978bc-bb79-4f9f-95f2-1f4b64b75c30;addop;Additional Options;checkbox;false;"[{""label"":""Max Renown"",""price"":""33.88"",""priceType"":""fixed""}]";;;;0.00;3;2025-11-05 02:15:02.546633+00;2025-11-05 02:15:02.546633+00;fixed;false
d3e942ef-6eca-443a-9d13-14cd89ddf1b8;0e6978bc-bb79-4f9f-95f2-1f4b64b75c30;world;Select World - Softcore;button_group;true;"[{""label"":""Seasonal"",""price"":""0"",""priceType"":""fixed""},{""label"":""Eternal"",""price"":""50"",""priceType"":""percentage""}]";;;;0.00;2;2025-11-05 02:14:11.70038+00;2025-11-05 02:16:21.349978+00;fixed;false
4ba27311-4b5f-4568-92b2-250e1587daf8;8faafe63-1b68-4165-a5af-82f0fcb5f9b8;expo;Extra Power ;checkbox;false;"[{""label"":""High Roll Unique Power"",""price"":""8.8"",""priceType"":""fixed""},{""label"":""High Roll Stats"",""price"":""20"",""priceType"":""fixed""}]";;;;0.00;4;2025-11-04 04:53:16.52766+00;2025-11-04 14:58:57.997195+00;fixed;false
e9b9641f-9a8e-48bb-a364-fe7fafa0e6cd;8641a229-a57e-4df3-b1ed-241abffa89f4;expo;Extra Power ;checkbox;false;"[{""label"":""High Roll Unique Power"",""price"":""8.8"",""priceType"":""fixed""},{""label"":""High Roll Stats"",""price"":""20"",""priceType"":""percentage""}]";;;;0.00;4;2025-11-04 04:36:09.651136+00;2025-11-04 14:59:07.203072+00;fixed;false
d6639baa-e598-45cd-bb64-766f5ab91d7c;c0d10b2b-2577-4718-a392-8c9e6ad2bed0;boost;Boost Mode;button_group;true;"[{""label"":""Pilot"",""price"":""0"",""priceType"":""fixed""},{""label"":""Selfplay"",""price"":""0"",""priceType"":""fixed""}]";;;;0.00;0;2025-11-05 01:50:19.78466+00;2025-11-05 01:50:19.78466+00;fixed;false
0703fcb0-4b75-476a-b610-887be100c497;c0d10b2b-2577-4718-a392-8c9e6ad2bed0;plat;Select Your Platform;button_group;true;"[{""label"":""PC"",""price"":""0"",""priceType"":""fixed""},{""label"":""PSN"",""price"":""0"",""priceType"":""fixed""},{""label"":""XBOX"",""price"":""0"",""priceType"":""fixed""}]";;;;0.00;1;2025-11-05 01:50:40.597856+00;2025-11-05 01:50:40.597856+00;fixed;false
4cb83f4e-549e-4aa6-bb2d-1537f330a465;c0d10b2b-2577-4718-a392-8c9e6ad2bed0;world;Select World - Softcore;button_group;true;"[{""label"":""Seasonal"",""price"":""0"",""priceType"":""fixed""},{""label"":""Eternal"",""price"":""50"",""priceType"":""percentage""}]";;;;0.00;2;2025-11-05 01:51:05.443626+00;2025-11-05 01:51:05.443626+00;fixed;false
caf07437-5c9e-4868-a2df-bc322c8ed29c;aee56c27-fc47-49e1-be69-2d2fdee6c3c9;addop;Additional Options;checkbox;false;"[{""label"":""Unlock Torment IV"",""price"":""1.87"",""priceType"":""fixed""},{""label"":""Add Main Campaign"",""price"":""11.224"",""priceType"":""fixed""}]";;;;0.00;3;2025-11-05 01:52:07.360714+00;2025-11-05 01:52:07.360714+00;fixed;false
1b2cbed5-d3b3-436e-8344-75bf30c255ad;f554d5a3-feba-4f11-8c3f-a94a4a9c8689;boost;Boost Mode;button_group;true;"[{""label"":""Pilot"",""price"":""0"",""priceType"":""fixed""},{""label"":""Selfplay"",""price"":""0"",""priceType"":""fixed""}]";;;;0.00;0;2025-11-05 01:59:22.579697+00;2025-11-05 01:59:22.579697+00;fixed;false
0ddec330-a8b3-44f2-b12f-c7b4bba101f3;f554d5a3-feba-4f11-8c3f-a94a4a9c8689;plat;Select Your Platform;button_group;true;"[{""label"":""PC"",""price"":""0"",""priceType"":""fixed""},{""label"":""PSN"",""price"":""0"",""priceType"":""fixed""},{""label"":""XBOX"",""price"":""0"",""priceType"":""fixed""}]";;;;0.00;1;2025-11-05 01:59:40.576295+00;2025-11-05 01:59:40.576295+00;fixed;false
dc65860b-1b68-4589-b1ca-6660fb7e1706;f554d5a3-feba-4f11-8c3f-a94a4a9c8689;world;Select World - Softcore;button_group;true;"[{""label"":""Seasonal"",""price"":""0"",""priceType"":""fixed""},{""label"":""Eternal"",""price"":""50"",""priceType"":""percentage""}]";;;;0.00;2;2025-11-05 02:00:06.812728+00;2025-11-05 02:00:06.812728+00;fixed;false
b4ceafd6-2330-4a42-aa8e-35ccb5abd3e0;6cc3e0b2-d6f6-44c7-a33c-3bdf8b343e02;boost;Boost Mode;button_group;true;"[{""label"":""Pilot"",""price"":""0"",""priceType"":""fixed""},{""label"":""Remote"",""price"":""15"",""priceType"":""percentage""}]";;;;0.00;0;2025-11-05 02:19:43.1749+00;2025-11-05 02:19:43.1749+00;fixed;false
d5800a7d-c713-4989-ba40-a2b54e0fc217;c1bc6f01-73e5-4dee-b487-c5de21cc8219;addop;Additional Options;checkbox;false;"[{""label"":""Unlock Torment IV"",""price"":""1.76"",""priceType"":""fixed""}]";;;;0.00;4;2025-11-05 02:32:16.066522+00;2025-11-05 02:43:03.348219+00;fixed;false
7a407702-a5ba-4634-9f8d-042a34c37d8c;0e6978bc-bb79-4f9f-95f2-1f4b64b75c30;boost;Boost Mode;button_group;true;"[{""label"":""Pilot"",""price"":""0"",""priceType"":""fixed""},{""label"":""Remote"",""price"":""15"",""priceType"":""percentage""}]";;;;0.00;0;2025-11-05 02:12:56.257512+00;2025-11-05 02:12:56.257512+00;fixed;false
78dcb5a4-759a-42ee-bfc2-4a55de725072;0e6978bc-bb79-4f9f-95f2-1f4b64b75c30;plat;Select Your Platform;button_group;true;"[{""label"":""PC"",""price"":""0"",""priceType"":""fixed""},{""label"":""PSN"",""price"":""0"",""priceType"":""fixed""},{""label"":""XBOX"",""price"":""0"",""priceType"":""fixed""}]";;;;0.00;1;2025-11-05 02:13:42.293802+00;2025-11-05 02:13:42.293802+00;fixed;false
20f05150-473e-49c7-8450-fd9247537686;6cc3e0b2-d6f6-44c7-a33c-3bdf8b343e02;plat;Select Your Platform;button_group;true;"[{""label"":""PC"",""price"":""0"",""priceType"":""fixed""},{""label"":""PSN"",""price"":""0"",""priceType"":""fixed""},{""label"":""XBOX"",""price"":""0"",""priceType"":""fixed""}]";;;;0.00;1;2025-11-05 02:20:09.65702+00;2025-11-05 02:20:09.65702+00;fixed;false
588b91c0-7792-469e-82d8-b0ff7243ab76;6cc3e0b2-d6f6-44c7-a33c-3bdf8b343e02;world;Select World - Softcore;button_group;true;"[{""label"":""Seasonal"",""price"":""0"",""priceType"":""fixed""},{""label"":""Eternal"",""price"":""50"",""priceType"":""percentage""}]";;;;0.00;2;2025-11-05 02:21:20.625764+00;2025-11-05 02:21:20.625764+00;fixed;false
5c876ceb-b710-4bed-ae8b-f032b73a4375;f8b2faa3-8595-46a2-885c-483c2a74211b;boost;Boost Mode;button_group;true;"[{""label"":""Pilot"",""price"":""0"",""priceType"":""fixed""},{""label"":""Remote"",""price"":""15"",""priceType"":""percentage""}]";;;;0.00;0;2025-11-05 02:24:09.535021+00;2025-11-05 02:24:09.535021+00;fixed;false
d6c0e61a-0224-462b-872f-9f1777f700d4;f8b2faa3-8595-46a2-885c-483c2a74211b;plat;Select Your Platform;button_group;true;"[{""label"":""PC"",""price"":""0"",""priceType"":""fixed""},{""label"":""PSN"",""price"":""0"",""priceType"":""fixed""},{""label"":""XBOX"",""price"":""0"",""priceType"":""fixed""}]";;;;0.00;1;2025-11-05 02:24:33.593623+00;2025-11-05 02:24:33.593623+00;fixed;false
241be613-51ab-44c6-98a3-6c64fe702f01;f8b2faa3-8595-46a2-885c-483c2a74211b;world;Select World - Softcore;button_group;true;"[{""label"":""Seasonal"",""price"":""0"",""priceType"":""fixed""},{""label"":""Eternal"",""price"":""50"",""priceType"":""percentage""}]";;;;0.00;2;2025-11-05 02:25:13.839512+00;2025-11-05 02:25:13.839512+00;fixed;false
3091ec48-6684-4e4b-87a1-ecd9004a5a6a;f8b2faa3-8595-46a2-885c-483c2a74211b;seldif;Select Difficulties;select;true;"[{""label"":""Torment I"",""price"":""1.1"",""priceType"":""fixed""},{""label"":""Torment II"",""price"":""1.32"",""priceType"":""fixed""},{""label"":""Torment III"",""price"":""1.49"",""priceType"":""fixed""},{""label"":""Torment IV"",""price"":""1.76"",""priceType"":""fixed""}]";;;;0.00;3;2025-11-05 02:26:42.017758+00;2025-11-05 02:26:42.017758+00;fixed;false
de31c984-3590-4a64-b2c0-d0902a3fadcf;c1bc6f01-73e5-4dee-b487-c5de21cc8219;lairkey;Have Lair Key;button_group;true;"[{""label"":""YES"",""price"":""-30"",""priceType"":""percentage""},{""label"":""NO"",""price"":""0"",""priceType"":""fixed""}]";;;;0.00;3;2025-11-05 02:31:58.144414+00;2025-11-05 02:31:58.144414+00;fixed;false
cabb0405-3bab-4378-8bf3-0bf84870b4ca;3bfccf90-f336-4367-9cf6-36a54f02a871;world;Select World - Softcore;button_group;true;"[{""label"":""Seasonal"",""price"":""0"",""priceType"":""fixed""},{""label"":""Eternal"",""price"":""50"",""priceType"":""percentage""}]";;;;0.00;2;2025-11-05 03:15:40.580237+00;2025-11-05 03:15:40.580237+00;fixed;false
73eed226-81f7-495d-b1a8-a8c70b352b3d;3bfccf90-f336-4367-9cf6-36a54f02a871;lairkey;Have Lair Key;button_group;true;"[{""label"":""YES"",""price"":""-30"",""priceType"":""percentage""},{""label"":""NO"",""price"":""0"",""priceType"":""fixed""}]";;;;0.00;3;2025-11-05 03:16:01.005778+00;2025-11-05 03:16:01.005778+00;fixed;false
c3b582ea-8d09-4c52-bbf8-a0617b1df6a0;0be7b565-bae7-460f-94ad-035458d010d3;boost;Boost Mode;button_group;true;"[{""label"":""Pilot"",""price"":""0"",""priceType"":""fixed""},{""label"":""Remote"",""price"":""15"",""priceType"":""percentage""}]";;;;0.00;0;2025-11-05 03:18:42.884462+00;2025-11-05 03:18:42.884462+00;fixed;false
c30a430f-5591-4cc6-bfa2-ad2fff858336;c1b13a67-4286-4c3e-8420-5cfc7ebcf466;addop;Additional Options;checkbox;false;"[{""label"":""Unlock Torment IV"",""price"":""1.76"",""priceType"":""fixed""}]";;;;0.00;4;2025-11-05 03:06:32.985378+00;2025-11-05 03:06:32.985378+00;fixed;false
a1da1b77-17a9-473f-a243-e5eddd0020ff;ede127dc-8958-42f9-9d12-97f0b7c2574c;boost;Boost Mode;button_group;true;"[{""label"":""Pilot"",""price"":""0"",""priceType"":""fixed""},{""label"":""Selfplay"",""price"":""0"",""priceType"":""fixed""}]";;;;0.00;0;2025-11-05 03:09:54.816886+00;2025-11-05 03:09:54.816886+00;fixed;false
f03baf0b-50f3-45b6-8e3f-69525871d1d8;f554d5a3-feba-4f11-8c3f-a94a4a9c8689;glyphs;Numbers of Glyphs;button_group;true;"[{""label"":""1 Glyph"",""price"":""0"",""priceType"":""fixed""},{""label"":""2 Glyphs"",""price"":""100"",""priceType"":""percentage""},{""label"":""3 Glyphs"",""price"":""200"",""priceType"":""percentage""},{""label"":""4 Glyphs"",""price"":""300"",""priceType"":""percentage""},{""label"":""5 Glyphs"",""price"":""400"",""priceType"":""percentage""}]";;;;0.00;3;2025-11-05 02:00:48.071211+00;2025-11-05 02:35:22.594499+00;fixed;false
4cb7b891-27a2-454c-858b-123009fa1cf6;8f370df4-346f-472c-a439-ddb7d7c9e792;boost;Boost Mode;button_group;true;"[{""label"":""Pilot"",""price"":""0"",""priceType"":""fixed""},{""label"":""Selfplay"",""price"":""0"",""priceType"":""fixed""}]";;;;0.00;0;2025-11-05 02:40:40.819758+00;2025-11-05 02:40:40.819758+00;fixed;false
38c53944-d547-404b-a260-49692de8b237;8f370df4-346f-472c-a439-ddb7d7c9e792;plat;Select Your Platform;button_group;true;"[{""label"":""PC"",""price"":""0"",""priceType"":""fixed""},{""label"":""PSN"",""price"":""0"",""priceType"":""fixed""},{""label"":""XBOX"",""price"":""0"",""priceType"":""fixed""}]";;;;0.00;1;2025-11-05 02:40:57.985471+00;2025-11-05 02:40:57.985471+00;fixed;false
dc6c44aa-b4bf-4311-886f-cba15d68b222;8f370df4-346f-472c-a439-ddb7d7c9e792;world;Select World - Softcore;button_group;true;"[{""label"":""Seasonal"",""price"":""0"",""priceType"":""fixed""},{""label"":""Eternal"",""price"":""50"",""priceType"":""percentage""}]";;;;0.00;2;2025-11-05 02:41:21.057938+00;2025-11-05 02:41:21.057938+00;fixed;false
a40ab1c3-e60e-4529-8a0c-8ca1dbd6c02d;8f370df4-346f-472c-a439-ddb7d7c9e792;key;Have Lair Key;button_group;true;"[{""label"":""YES"",""price"":""-30"",""priceType"":""percentage""},{""label"":""NO"",""price"":""0"",""priceType"":""fixed""}]";;;;0.00;3;2025-11-05 02:41:57.198938+00;2025-11-05 02:41:57.198938+00;fixed;false
40f3462f-db12-4823-86f8-8cde22de9de8;8f370df4-346f-472c-a439-ddb7d7c9e792;addop;Additional Options;checkbox;false;"[{""label"":""Unlock Torment IV"",""price"":""1.76"",""priceType"":""fixed""}]";;;;0.00;4;2025-11-05 02:42:50.1383+00;2025-11-05 02:42:50.1383+00;fixed;false
0d376174-e1b5-4e14-8f24-8dcdc7234274;70b28c9a-378c-4f32-88e9-1572b384bfae;boost;Boost Mode;button_group;true;"[{""label"":""Pilot"",""price"":""0"",""priceType"":""fixed""},{""label"":""Selfplay"",""price"":""0"",""priceType"":""fixed""}]";;;;0.00;0;2025-11-05 02:49:30.670158+00;2025-11-05 02:49:30.670158+00;fixed;false
d897b3bc-5563-44c2-8069-fe08d80c0c50;70b28c9a-378c-4f32-88e9-1572b384bfae;plat;Select Your Platform;button_group;true;"[{""label"":""PC"",""price"":""0"",""priceType"":""fixed""},{""label"":""PSN"",""price"":""0"",""priceType"":""fixed""},{""label"":""XBOX"",""price"":""0"",""priceType"":""fixed""}]";;;;0.00;1;2025-11-05 02:50:02.594524+00;2025-11-05 02:50:02.594524+00;fixed;false
36cb42ef-1042-4ee3-a43a-477502be0449;70b28c9a-378c-4f32-88e9-1572b384bfae;world;Select World - Softcore;button_group;true;"[{""label"":""Seasonal"",""price"":""0"",""priceType"":""fixed""},{""label"":""Eternal"",""price"":""50"",""priceType"":""percentage""}]";;;;0.00;2;2025-11-05 02:50:28.459248+00;2025-11-05 02:50:28.459248+00;fixed;false
b7a7661d-313f-4e34-9a30-30424d28c184;70b28c9a-378c-4f32-88e9-1572b384bfae;key;Have Lair Key;button_group;true;"[{""label"":""YES"",""price"":""-30"",""priceType"":""percentage""},{""label"":""NO"",""price"":""0"",""priceType"":""fixed""}]";;;;0.00;3;2025-11-05 02:50:54.819886+00;2025-11-05 02:50:54.819886+00;fixed;false
6fb146d3-fc17-4b78-8a48-88b311520293;70b28c9a-378c-4f32-88e9-1572b384bfae;addop;Additional Options;checkbox;false;"[{""label"":""Unlock Torment IV"",""price"":""1.76"",""priceType"":""fixed""}]";;;;0.00;4;2025-11-05 02:51:13.478265+00;2025-11-05 02:51:13.478265+00;fixed;false
f9ebed73-c77e-41bd-8e9c-5f4e6da56236;d6d03556-06d2-49be-8e91-1e361e40ea51;boost;Boost Mode;button_group;true;"[{""label"":""Pilot"",""price"":""0"",""priceType"":""fixed""},{""label"":""Selfplay"",""price"":""0"",""priceType"":""fixed""}]";;;;0.00;0;2025-11-05 02:56:23.65653+00;2025-11-05 02:56:23.65653+00;fixed;false
b65764eb-a6cf-4d5a-9a9b-1c496cb610e7;d6d03556-06d2-49be-8e91-1e361e40ea51;plat;Select Your Platform;button_group;true;"[{""label"":""PC"",""price"":""0"",""priceType"":""fixed""},{""label"":""PSN"",""price"":""0"",""priceType"":""fixed""},{""label"":""XBOX"",""price"":""0"",""priceType"":""fixed""}]";;;;0.00;1;2025-11-05 02:57:18.510911+00;2025-11-05 02:57:18.510911+00;fixed;false
38667174-5342-496f-89c5-b9793dd40d9d;d6d03556-06d2-49be-8e91-1e361e40ea51;world;Select World - Softcore;button_group;true;"[{""label"":""Seasonal"",""price"":""0"",""priceType"":""fixed""},{""label"":""Eternal"",""price"":""50"",""priceType"":""percentage""}]";;;;0.00;2;2025-11-05 02:57:46.746884+00;2025-11-05 02:57:46.746884+00;fixed;false
0aad5663-948d-408d-bcdf-2a0fe1aa657f;d6d03556-06d2-49be-8e91-1e361e40ea51;lairkey;Have Lair Key;button_group;true;"[{""label"":""YES"",""price"":""-30"",""priceType"":""percentage""},{""label"":""NO"",""price"":""0"",""priceType"":""fixed""}]";;;;0.00;3;2025-11-05 02:58:17.385956+00;2025-11-05 02:58:17.385956+00;fixed;false
fbcc2145-85ed-4ba1-895a-0ee0ce7e0b24;d6d03556-06d2-49be-8e91-1e361e40ea51;addop;Additional Options;checkbox;false;"[{""label"":""Unlock Torment IV"",""price"":""1.76"",""priceType"":""fixed""}]";;;;0.00;4;2025-11-05 02:58:46.011652+00;2025-11-05 02:58:46.011652+00;fixed;false
3ee0a1ff-11db-44dd-96d4-3ddbd586a2e5;c1b13a67-4286-4c3e-8420-5cfc7ebcf466;boost;Boost Mode;button_group;true;"[{""label"":""Pilot"",""price"":""0"",""priceType"":""fixed""},{""label"":""Remote"",""price"":""15"",""priceType"":""percentage""}]";;;;0.00;0;2025-11-05 03:02:01.312718+00;2025-11-05 03:02:01.312718+00;fixed;false
6ebbe207-b1df-47e5-9dde-ae69c33b7f00;c1b13a67-4286-4c3e-8420-5cfc7ebcf466;plat;Select Your Platform;button_group;true;"[{""label"":""PC"",""price"":""0"",""priceType"":""fixed""},{""label"":""PSN"",""price"":""0"",""priceType"":""fixed""},{""label"":""XBOX"",""price"":""0"",""priceType"":""fixed""}]";;;;0.00;1;2025-11-05 03:02:46.842551+00;2025-11-05 03:02:46.842551+00;fixed;false
0f6855a4-b06d-4b14-8523-8431de72e6b2;c1b13a67-4286-4c3e-8420-5cfc7ebcf466;world;Select World - Softcore;button_group;true;"[{""label"":""Seasonal"",""price"":""0"",""priceType"":""fixed""},{""label"":""Eternal"",""price"":""0"",""priceType"":""fixed""}]";;;;0.00;2;2025-11-05 03:03:11.55222+00;2025-11-05 03:03:11.55222+00;fixed;false
a5c33163-dbb0-44d3-a29a-0f4fb55a92f3;c1b13a67-4286-4c3e-8420-5cfc7ebcf466;lairkey;Have Lair Key;button_group;true;"[{""label"":""YES"",""price"":""-30"",""priceType"":""percentage""},{""label"":""NO"",""price"":""0"",""priceType"":""fixed""}]";;;;0.00;3;2025-11-05 03:06:11.679996+00;2025-11-05 03:06:11.679996+00;fixed;false
9a0983d2-7bc5-41dd-8562-d4817151800b;ede127dc-8958-42f9-9d12-97f0b7c2574c;plat;Select Your Platform;button_group;true;"[{""label"":""PC"",""price"":""0"",""priceType"":""fixed""},{""label"":""PSN"",""price"":""0"",""priceType"":""fixed""},{""label"":""XBOX"",""price"":""0"",""priceType"":""fixed""}]";;;;0.00;1;2025-11-05 03:10:12.515887+00;2025-11-05 03:10:12.515887+00;fixed;false
995338aa-8d03-44fb-8516-8bc5322566df;ede127dc-8958-42f9-9d12-97f0b7c2574c;world;Select World - Softcore;button_group;true;"[{""label"":""Seasonal"",""price"":""0"",""priceType"":""fixed""},{""label"":""Eternal"",""price"":""50"",""priceType"":""percentage""}]";;;;0.00;2;2025-11-05 03:10:31.495033+00;2025-11-05 03:10:38.275388+00;fixed;false
146df685-3f26-4b1f-8217-f0758576f8c2;ede127dc-8958-42f9-9d12-97f0b7c2574c;lairkey;Have Lair Key;button_group;true;"[{""label"":""YES"",""price"":""-30"",""priceType"":""percentage""},{""label"":""NO"",""price"":""0"",""priceType"":""fixed""}]";;;;0.00;3;2025-11-05 03:11:22.473577+00;2025-11-05 03:11:22.473577+00;fixed;false
f321cb45-637f-4990-943e-3088c3c209ca;ede127dc-8958-42f9-9d12-97f0b7c2574c;addop;Additional Options;checkbox;false;"[{""label"":""Unlock Torment IV"",""price"":""1.71"",""priceType"":""fixed""}]";;;;0.00;4;2025-11-05 03:11:39.047646+00;2025-11-05 03:11:44.984686+00;fixed;false
74bedf1b-43b0-4915-8e1d-808a0c79e30f;3bfccf90-f336-4367-9cf6-36a54f02a871;boost;Boost Mode;button_group;true;"[{""label"":""Pilot"",""price"":""0"",""priceType"":""fixed""},{""label"":""Selfplay"",""price"":""0"",""priceType"":""fixed""}]";;;;0.00;0;2025-11-05 03:15:04.366666+00;2025-11-05 03:15:04.366666+00;fixed;false
6cb175e8-c8ed-452f-ac5c-8b30b462432b;3bfccf90-f336-4367-9cf6-36a54f02a871;plat;Select Your Platform;button_group;true;"[{""label"":""PC"",""price"":""0"",""priceType"":""fixed""},{""label"":""PSN"",""price"":""0"",""priceType"":""fixed""},{""label"":""XBOX"",""price"":""0"",""priceType"":""fixed""}]";;;;0.00;1;2025-11-05 03:15:21.145594+00;2025-11-05 03:15:21.145594+00;fixed;false
21156c96-344d-4967-a8d3-61092fe65f79;1d4f55f4-0c20-4203-8399-c080328d2221;deldetailsmiror;Delivery Details;text;false;;;;;0.00;1;2026-01-04 18:40:20.010126+00;2026-01-04 18:40:20.010126+00;fixed;false
59cb6598-14f5-4695-9a74-79c43914fc01;0be7b565-bae7-460f-94ad-035458d010d3;plat;Select Your Platform;button_group;true;"[{""label"":""PC"",""price"":""0"",""priceType"":""fixed""},{""label"":""PSN"",""price"":""0"",""priceType"":""fixed""},{""label"":""XBOX"",""price"":""0"",""priceType"":""fixed""}]";;;;0.00;1;2025-11-05 03:18:57.396106+00;2025-11-05 03:18:57.396106+00;fixed;false
22b74189-48ea-481e-abb2-30ebd3c0ded3;0be7b565-bae7-460f-94ad-035458d010d3;world;Select World - Softcore;button_group;true;"[{""label"":""Seasonal"",""price"":""0"",""priceType"":""fixed""},{""label"":""Eternal"",""price"":""50"",""priceType"":""percentage""}]";;;;0.00;2;2025-11-05 03:19:19.460363+00;2025-11-05 03:19:19.460363+00;fixed;false
366f8f4c-441f-4081-a560-0fdc825e36e6;0be7b565-bae7-460f-94ad-035458d010d3;lairkey;Have Lair Key;button_group;true;"[{""label"":""YES"",""price"":""-30"",""priceType"":""percentage""},{""label"":""NO"",""price"":""0"",""priceType"":""fixed""}]";;;;0.00;3;2025-11-05 03:19:41.563794+00;2025-11-05 03:19:41.563794+00;fixed;false
0678e7b7-b505-423f-8037-cb74440a459f;0be7b565-bae7-460f-94ad-035458d010d3;addop;Additional Options;checkbox;false;"[{""label"":""Unlock Torment IV"",""price"":""1.76"",""priceType"":""fixed""}]";;;;0.00;4;2025-11-05 03:19:59.629002+00;2025-11-05 03:20:04.757473+00;fixed;false
755a30a1-6979-411e-bcb4-3b5668f8b2a9;5661f783-b979-4214-b5b0-88ce9225b819;boost;Boost Mode;button_group;true;"[{""label"":""Pilot"",""price"":""0"",""priceType"":""fixed""},{""label"":""Selfplay"",""price"":""0"",""priceType"":""fixed""}]";;;;0.00;0;2025-11-05 03:23:14.358632+00;2025-11-05 03:23:14.358632+00;fixed;false
af336b31-d755-4c4f-9a1a-bc4bf3b14e7f;5661f783-b979-4214-b5b0-88ce9225b819;plat;Select Your Platform;button_group;true;"[{""label"":""PC"",""price"":""0"",""priceType"":""fixed""},{""label"":""PSN"",""price"":""0"",""priceType"":""fixed""},{""label"":""XBOX"",""price"":""0"",""priceType"":""fixed""}]";;;;0.00;1;2025-11-05 03:23:35.621937+00;2025-11-05 03:23:35.621937+00;fixed;false
c84324fb-b412-4280-89ac-92150cb4535e;5661f783-b979-4214-b5b0-88ce9225b819;world;Select World - Softcore;button_group;true;"[{""label"":""Seasonal"",""price"":""0"",""priceType"":""fixed""},{""label"":""Eternal"",""price"":""50"",""priceType"":""percentage""}]";;;;0.00;2;2025-11-05 03:23:53.659055+00;2025-11-05 03:23:53.659055+00;fixed;false
4a7a5eb1-70d5-4264-a6f3-a9ed1418416a;5661f783-b979-4214-b5b0-88ce9225b819;lairkey;Have Lair Key;button_group;true;"[{""label"":""YES"",""price"":""-30"",""priceType"":""percentage""},{""label"":""NO"",""price"":""0"",""priceType"":""fixed""}]";;;;0.00;3;2025-11-05 03:24:17.145485+00;2025-11-05 03:24:17.145485+00;fixed;false
26c36e56-75d7-47ea-8d72-8513b9be7a97;5661f783-b979-4214-b5b0-88ce9225b819;addop;Additional Options;checkbox;false;"[{""label"":""Unlock Torment IV"",""price"":""1.76"",""priceType"":""fixed""}]";;;;0.00;4;2025-11-05 03:24:34.795814+00;2025-11-05 03:24:34.795814+00;fixed;false
0ca7b92f-3ca7-44df-a10c-fc6fe5b355f9;f5b162c1-7fbc-4cda-9070-cde9187a1fe2;boost_method;Boost Method;button_group;false;"[{""label"":""Pilot"",""price"":""0"",""priceType"":""fixed""},{""label"":""Remote"",""price"":""30"",""priceType"":""percentage""}]";;;;0.00;0;2026-01-30 10:19:47.396087+00;2026-01-30 10:19:47.396087+00;fixed;false
09d7843e-e47c-4ac4-9ce2-eb9daa44732c;97edaff8-0530-4de2-adec-7e1dfed78beb;boost;Boost Mode;button_group;true;"[{""label"":""Pilot"",""price"":""0"",""priceType"":""fixed""},{""label"":""Selfplay"",""price"":""0"",""priceType"":""fixed""}]";;;;0.00;0;2025-11-05 03:35:49.431379+00;2025-11-05 03:35:49.431379+00;fixed;false
ae1ae49e-f166-427e-8844-0a12fe067972;97edaff8-0530-4de2-adec-7e1dfed78beb;plat;Select Your Platform;button_group;true;"[{""label"":""PC"",""price"":""0"",""priceType"":""fixed""},{""label"":""PSN"",""price"":""0"",""priceType"":""fixed""},{""label"":""XBOX"",""price"":""0"",""priceType"":""fixed""}]";;;;0.00;1;2025-11-05 03:36:05.704373+00;2025-11-05 03:36:05.704373+00;fixed;false
62ef5e71-b420-4780-a3fe-526d590e06a3;97edaff8-0530-4de2-adec-7e1dfed78beb;world;Select World - Softcore;button_group;true;"[{""label"":""Seasonal"",""price"":""0"",""priceType"":""fixed""},{""label"":""Eternal"",""price"":""50"",""priceType"":""percentage""}]";;;;0.00;2;2025-11-05 03:36:25.317698+00;2025-11-05 03:36:25.317698+00;fixed;false
efcd3d9b-e8a1-4e20-8c77-3c2962f34077;97edaff8-0530-4de2-adec-7e1dfed78beb;dif;Difficulty;button_group;true;"[{""label"":""Torment I"",""price"":""0"",""priceType"":""fixed""},{""label"":""Torment II"",""price"":""0"",""priceType"":""fixed""},{""label"":""Torment III"",""price"":""0"",""priceType"":""fixed""},{""label"":""Torment IV"",""price"":""5.28"",""priceType"":""fixed""}]";;;;0.00;3;2025-11-05 03:36:56.040512+00;2025-11-05 03:36:56.040512+00;fixed;false
73b999a1-9b52-4396-8244-d3143ea336f5;97edaff8-0530-4de2-adec-7e1dfed78beb;killl;Select Kill Type;button_group;true;"[{""label"":""Kill in Party"",""price"":""0"",""priceType"":""fixed""},{""label"":""Solo Kill"",""price"":""6.6"",""priceType"":""fixed""}]";;;;0.00;4;2025-11-05 03:37:28.139673+00;2025-11-05 03:37:28.139673+00;fixed;false
d469982c-913e-41d9-8a72-0c3218268487;5549e893-6ae5-4451-ac03-47497fd8cec7;plat;Select Your Platform;button_group;true;"[{""label"":""PC"",""price"":""0"",""priceType"":""fixed""},{""label"":""PSN"",""price"":""0"",""priceType"":""fixed""},{""label"":""XBOX"",""price"":""0"",""priceType"":""fixed""}]";;;;0.00;1;2025-11-05 03:42:45.407652+00;2025-11-05 03:42:45.407652+00;fixed;false
f55eafc3-aac4-4a17-bfe3-7874c020ee3a;5549e893-6ae5-4451-ac03-47497fd8cec7;world;Select World - Softcore;button_group;true;"[{""label"":""Seasonal"",""price"":""0"",""priceType"":""fixed""},{""label"":""Eternal"",""price"":""50"",""priceType"":""percentage""}]";;;;0.00;2;2025-11-05 03:43:02.64588+00;2025-11-05 03:43:02.64588+00;fixed;false
139e0991-95b0-4374-a2c1-55d198799793;5549e893-6ae5-4451-ac03-47497fd8cec7;bosses;Select World Bosses to Kill;checkbox;true;"[{""label"":""Ashava the Pestilent"",""price"":""7.92"",""priceType"":""fixed""},{""label"":""The Wandering Death"",""price"":""7.92"",""priceType"":""fixed""},{""label"":""Avarice, the Gold Cursed"",""price"":""7.92"",""priceType"":""fixed""}]";;;;0.00;3;2025-11-05 03:44:01.634242+00;2025-11-05 03:44:01.634242+00;fixed;false
63d8bbec-2553-4efc-8805-ce3c6e18019c;5549e893-6ae5-4451-ac03-47497fd8cec7;boost;Boost Mode;button_group;true;"[{""label"":""Pilot"",""price"":""0"",""priceType"":""fixed""},{""label"":""Selfplay"",""price"":""0"",""priceType"":""fixed""}]";;;;0.00;0;2025-11-05 03:42:24.074772+00;2025-11-05 03:47:27.928099+00;fixed;false
41068474-cb87-468a-98cd-9c795b6feb29;c6558645-2b8b-455d-a6e1-ee4ab5f66612;boost;Boost Mode;button_group;true;"[{""label"":""Pilot"",""price"":""0"",""priceType"":""fixed""},{""label"":""Remote"",""price"":""15"",""priceType"":""percentage""}]";;;;0.00;0;2025-11-05 03:59:16.149524+00;2025-11-05 03:59:16.149524+00;fixed;false
4de1b4cc-13b7-437e-8e34-917ff1446184;c6558645-2b8b-455d-a6e1-ee4ab5f66612;plat;Select Your Platform;button_group;true;"[{""label"":""PC"",""price"":""0"",""priceType"":""fixed""},{""label"":""PSN"",""price"":""0"",""priceType"":""fixed""},{""label"":""XBOX"",""price"":""0"",""priceType"":""fixed""}]";;;;0.00;1;2025-11-05 04:04:24.828995+00;2025-11-05 04:08:06.365956+00;fixed;false
e7e67482-d761-4b5e-ab3e-2d34b011a47c;cebda02f-f480-4da3-8685-daffab059876;boost;Boost Mode;button_group;true;"[{""label"":""Pilot"",""price"":""0"",""priceType"":""fixed""},{""label"":""Remote"",""price"":""15"",""priceType"":""percentage""}]";;;;0.00;0;2025-11-05 04:24:15.932892+00;2025-11-05 04:24:15.932892+00;fixed;false
616ee4fb-8025-43b0-86e4-a9d24bfde9ae;cebda02f-f480-4da3-8685-daffab059876;plat;Select Your Platform;button_group;true;"[{""label"":""PC"",""price"":""0"",""priceType"":""fixed""},{""label"":""PSN"",""price"":""0"",""priceType"":""fixed""},{""label"":""XBOX"",""price"":""0"",""priceType"":""fixed""}]";;;;0.00;1;2025-11-05 04:24:31.438747+00;2025-11-05 04:24:31.438747+00;fixed;false
d12ddc5b-1c9d-41eb-b191-bbcbf8eb9367;cebda02f-f480-4da3-8685-daffab059876;world;Select World - Softcore;select;true;"[{""label"":""Seasonal"",""price"":""0"",""priceType"":""fixed""},{""label"":""Eternal"",""price"":""50"",""priceType"":""percentage""}]";;;;0.00;2;2025-11-05 04:24:45.467072+00;2025-11-05 04:35:05.861575+00;fixed;false
8aef5aa8-060f-4a93-a70e-9ce8ca4c1a0c;c6558645-2b8b-455d-a6e1-ee4ab5f66612;world;Select World - Softcore;button_group;true;"[{""label"":""Seasonal"",""price"":""0"",""priceType"":""fixed""},{""label"":""Eternal"",""price"":""50"",""priceType"":""percentage""}]";;;;0.00;2;2025-11-05 04:04:41.677856+00;2025-11-05 04:35:21.12097+00;fixed;false
a3c7f2b2-dec2-4785-8907-10271ca9dc36;ee234f4e-dba9-468d-971f-7ab933aef6c0;deldetailsexalts1;Delivery Details;text;false;;;;;0.00;1;2026-01-04 18:43:20.442882+00;2026-01-04 18:43:20.442882+00;fixed;false
c03ba077-ac73-4a30-b8ec-21ba5fde066b;c6558645-2b8b-455d-a6e1-ee4ab5f66612;build;Select Build;select;true;"[{""label"":""Evade Rake"",""price"":""0"",""priceType"":""fixed""},{""label"":""Crushing Hands"",""price"":""0"",""priceType"":""fixed""},{""label"":""Quill Volley"",""price"":""0"",""priceType"":""fixed""},{""label"":""Custom Build"",""price"":""0"",""priceType"":""fixed""}]";;;;0.00;3;2025-11-05 04:05:39.05585+00;2025-11-05 04:40:33.185976+00;fixed;false
a6d1df8f-4629-4693-a2e0-a58b8498d5b9;70a5a0e6-735d-47fc-bc36-3bbce7074916;boost_method;Boost Method;button_group;false;"[{""label"":""Pilot"",""price"":""0"",""priceType"":""fixed""}]";;;;0.00;0;2026-02-06 15:23:32.609775+00;2026-02-06 15:23:32.609775+00;fixed;false
e04f6b4d-e4f0-4647-b776-99be2bec6288;c6558645-2b8b-455d-a6e1-ee4ab5f66612;level;Select Build Level;select;true;"[{""label"":""Starter"",""price"":""35.2"",""priceType"":""fixed""},{""label"":""Medium"",""price"":""70.4"",""priceType"":""fixed""},{""label"":""Nightmare"",""price"":""176"",""priceType"":""fixed""},{""label"":""Tormented"",""price"":""396"",""priceType"":""fixed""}]";;;;0.00;4;2025-11-05 04:07:04.664213+00;2025-11-05 04:26:42.457472+00;fixed;false
7eacc253-881c-4b37-824b-529395c0d689;30b9079b-4d9f-425c-9842-de2f76052bb4;boost;Boost Mode;button_group;true;"[{""label"":""Pilot"",""price"":""0"",""priceType"":""fixed""},{""label"":""Selfplay"",""price"":""0"",""priceType"":""fixed""}]";;;;0.00;0;2025-11-05 04:32:15.725487+00;2025-11-05 04:32:15.725487+00;fixed;false
32eca1a2-b867-414c-a03f-036f48e0ff85;30b9079b-4d9f-425c-9842-de2f76052bb4;plat;Select Your Platform;button_group;true;"[{""label"":""PC"",""price"":""0"",""priceType"":""fixed""},{""label"":""PSN"",""price"":""0"",""priceType"":""fixed""},{""label"":""XBOX"",""price"":""0"",""priceType"":""fixed""}]";;;;0.00;1;2025-11-05 04:32:31.272256+00;2025-11-05 04:32:31.272256+00;fixed;false
76af0168-ee42-4c28-bd9a-e1e6c617a081;30b9079b-4d9f-425c-9842-de2f76052bb4;world;Select World - Softcore;button_group;true;"[{""label"":""Seasonal"",""price"":""0"",""priceType"":""fixed""},{""label"":""Eternal"",""price"":""50"",""priceType"":""percentage""}]";;;;0.00;2;2025-11-05 04:32:53.908263+00;2025-11-05 04:32:53.908263+00;fixed;false
e85a7a70-28aa-4847-a29f-bb3258472c71;30b9079b-4d9f-425c-9842-de2f76052bb4;build;Select Build;select;true;"[{""label"":""Hammer of the Ancients"",""price"":""0"",""priceType"":""fixed""},{""label"":""Mighty Throw"",""price"":""0"",""priceType"":""fixed""},{""label"":""Whirlwind Dual Basic"",""price"":""0"",""priceType"":""fixed""}]";;;;0.00;3;2025-11-05 04:33:56.797118+00;2025-11-05 04:33:56.797118+00;fixed;false
fb1251a3-57ed-46ca-89a4-bfe5e3b2d147;67b40cc2-a507-4375-88b1-7d0eba73e3ed;boost;Boost Mode;button_group;true;"[{""label"":""Pilot"",""price"":""0"",""priceType"":""fixed""},{""label"":""Remote"",""price"":""15"",""priceType"":""percentage""}]";;;;0.00;0;2025-11-05 04:37:38.341036+00;2025-11-05 04:37:38.341036+00;fixed;false
02c6f0c2-4800-4c2b-b61c-a5a3cc6c099b;67b40cc2-a507-4375-88b1-7d0eba73e3ed;plat;Select Your Platform;button_group;true;"[{""label"":""PC"",""price"":""0"",""priceType"":""fixed""},{""label"":""PSN"",""price"":""0"",""priceType"":""fixed""},{""label"":""XBOX"",""price"":""0"",""priceType"":""fixed""}]";;;;0.00;1;2025-11-05 04:38:08.89399+00;2025-11-05 04:38:08.89399+00;fixed;false
09e694d8-6fc4-495f-8a43-fee373de45eb;67b40cc2-a507-4375-88b1-7d0eba73e3ed;world;Select World - Softcore;button_group;true;"[{""label"":""Seasonal"",""price"":""0"",""priceType"":""fixed""},{""label"":""Eternal"",""price"":""50"",""priceType"":""percentage""}]";;;;0.00;2;2025-11-05 04:38:26.63414+00;2025-11-05 04:38:26.63414+00;fixed;false
8501645a-90ae-4104-a291-28d523bb8728;67b40cc2-a507-4375-88b1-7d0eba73e3ed;build;Select Build;select;true;"[{""label"":""Death Trap"",""price"":""0"",""priceType"":""fixed""},{""label"":""Dance of Knives"",""price"":""0"",""priceType"":""fixed""},{""label"":""Heartseeker"",""price"":""0"",""priceType"":""fixed""},{""label"":""Custom Build"",""price"":""0"",""priceType"":""fixed""}]";;;;0.00;3;2025-11-05 04:39:09.632554+00;2025-11-05 04:39:20.85943+00;fixed;false
e8aa706e-b400-41fb-8b21-261234a63e35;cebda02f-f480-4da3-8685-daffab059876;build;Select Build;select;true;"[{""label"":""Bone Spirit"",""price"":""0"",""priceType"":""fixed""},{""label"":""Bloodwave"",""price"":""0"",""priceType"":""fixed""},{""label"":""Shadowblight"",""price"":""0"",""priceType"":""fixed""},{""label"":""Custom Build"",""price"":""0"",""priceType"":""fixed""}]";;;;0.00;3;2025-11-05 04:25:22.234694+00;2025-11-05 04:54:45.797461+00;fixed;false
7bc67a3f-4bb1-4418-a74f-c9904f3512a9;0523caed-b6ed-4564-953f-fa6aa9c03b85;boost;Boost Mode;button_group;true;"[{""label"":""Pilot"",""price"":""0"",""priceType"":""fixed""},{""label"":""Selfplay"",""price"":""0"",""priceType"":""fixed""}]";;;;0.00;0;2025-11-05 04:57:23.173005+00;2025-11-05 04:57:23.173005+00;fixed;false
f9ea43ef-2012-4517-856c-794096eb2c38;0523caed-b6ed-4564-953f-fa6aa9c03b85;plat;Select Your Platform;button_group;true;"[{""label"":""PC"",""price"":""0"",""priceType"":""fixed""},{""label"":""PSN"",""price"":""0"",""priceType"":""fixed""},{""label"":""XBOX"",""price"":""0"",""priceType"":""fixed""}]";;;;0.00;1;2025-11-05 04:57:36.136989+00;2025-11-05 04:57:36.136989+00;fixed;false
f5a6a865-6f86-42fd-a786-feab1f783d7b;0523caed-b6ed-4564-953f-fa6aa9c03b85;world;Select World - Softcore;select;true;"[{""label"":""Seasonal"",""price"":""0"",""priceType"":""fixed""},{""label"":""Eternal"",""price"":""0"",""priceType"":""fixed""}]";;;;0.00;2;2025-11-05 04:57:57.813386+00;2025-11-05 04:57:57.813386+00;fixed;false
0bd70ea3-1d8f-43df-89f2-f269d762f718;0523caed-b6ed-4564-953f-fa6aa9c03b85;build;Select Build;select;true;"[{""label"":""Hydra"",""price"":""0"",""priceType"":""fixed""},{""label"":""Ball Lightning"",""price"":""0"",""priceType"":""fixed""},{""label"":""Crackling Energy"",""price"":""0"",""priceType"":""fixed""},{""label"":""Custom Build"",""price"":""0"",""priceType"":""fixed""}]";;;;0.00;3;2025-11-05 04:58:37.493332+00;2025-11-05 04:58:37.493332+00;fixed;false
b9c6a4da-6087-4117-9930-d2334c02c193;b89b1a3b-5679-4cc2-8ff4-372b5666ecba;boost;Boost Mode;button_group;true;"[{""label"":""Pilot"",""price"":""0"",""priceType"":""fixed""},{""label"":""Selfplay"",""price"":""0"",""priceType"":""fixed""}]";;;;0.00;0;2025-11-05 05:02:13.968423+00;2025-11-05 05:02:13.968423+00;fixed;false
0488af08-898d-4af4-ad39-7a42938e1d25;b89b1a3b-5679-4cc2-8ff4-372b5666ecba;plat;Select Your Platform;button_group;true;"[{""label"":""PC"",""price"":""0"",""priceType"":""fixed""},{""label"":""PSN"",""price"":""0"",""priceType"":""fixed""},{""label"":""XBOX"",""price"":""0"",""priceType"":""fixed""}]";;;;0.00;1;2025-11-05 05:02:27.833082+00;2025-11-05 05:02:27.833082+00;fixed;false
0871669e-2054-4de8-84dd-9bda464dad9d;b89b1a3b-5679-4cc2-8ff4-372b5666ecba;world;Select World - Softcore;button_group;true;"[{""label"":""Seasonal"",""price"":""0"",""priceType"":""fixed""},{""label"":""Eternal"",""price"":""0"",""priceType"":""fixed""}]";;;;0.00;2;2025-11-05 05:02:45.010293+00;2025-11-05 05:02:45.010293+00;fixed;false
75cbfb3f-a82f-46e1-b59f-0d7af45fe534;b89b1a3b-5679-4cc2-8ff4-372b5666ecba;build;Select Build;select;true;"[{""label"":""Puddle Pulverize"",""price"":""0"",""priceType"":""fixed""},{""label"":""Raven Companion"",""price"":""0"",""priceType"":""fixed""},{""label"":""Fleshrenderer"",""price"":""0"",""priceType"":""fixed""},{""label"":""Custom Build"",""price"":""0"",""priceType"":""fixed""}]";;;;0.00;3;2025-11-05 05:03:25.867093+00;2025-11-05 05:03:25.867093+00;fixed;false
e852edb3-7621-463e-b35a-ed08392ca4f9;30b9079b-4d9f-425c-9842-de2f76052bb4;level;Select Build Level;select;true;"[{""label"":""Starter"",""price"":""35.20"",""priceType"":""fixed""},{""label"":""Medium"",""price"":""70.4"",""priceType"":""fixed""},{""label"":""Nightmare"",""price"":""176"",""priceType"":""fixed""},{""label"":""Tormented"",""price"":""396"",""priceType"":""fixed""}]";;;;0.00;4;2025-11-05 04:34:40.894707+00;2025-11-05 05:07:10.91365+00;fixed;false
3fa47e9d-a1ff-471c-a127-3432867c62dc;67b40cc2-a507-4375-88b1-7d0eba73e3ed;level;Select Build Level;select;true;"[{""label"":""Starter"",""price"":""35.2"",""priceType"":""fixed""},{""label"":""Medium"",""price"":""70.4"",""priceType"":""fixed""},{""label"":""Nightmare"",""price"":""176"",""priceType"":""fixed""},{""label"":""Tormented"",""price"":""396"",""priceType"":""fixed""}]";;;;0.00;4;2025-11-05 04:40:19.08365+00;2025-11-05 05:07:23.763468+00;fixed;false
2c9d96a8-0726-43f5-b51b-8ba6850903fb;b89b1a3b-5679-4cc2-8ff4-372b5666ecba;level;Select Build Level;select;true;"[{""label"":""Starter"",""price"":""35.2"",""priceType"":""fixed""},{""label"":""Medium"",""price"":""70.4"",""priceType"":""fixed""},{""label"":""Nightmare"",""price"":""176"",""priceType"":""fixed""},{""label"":""Tormented"",""price"":""396"",""priceType"":""fixed""}]";;;;0.00;4;2025-11-05 05:04:08.141488+00;2025-11-05 05:07:34.923603+00;fixed;false
2c4747af-1088-4cb3-914a-8e377c6ecfa6;0523caed-b6ed-4564-953f-fa6aa9c03b85;level;Select Build Level;select;true;"[{""label"":""Starter"",""price"":""35.2"",""priceType"":""fixed""},{""label"":""Medium"",""price"":""70.4"",""priceType"":""fixed""},{""label"":""Nightmare"",""price"":""176"",""priceType"":""fixed""},{""label"":""Tormented"",""price"":""396"",""priceType"":""fixed""}]";;;;0.00;4;2025-11-05 04:59:32.21481+00;2025-11-05 05:07:50.402558+00;fixed;false
18591ddd-229a-4f10-9f46-ad6131b778be;cebda02f-f480-4da3-8685-daffab059876;level;Select Build Level;select;true;"[{""label"":""Starter"",""price"":""35.2"",""priceType"":""fixed""},{""label"":""Medium"",""price"":""70.4"",""priceType"":""fixed""},{""label"":""Nightmare"",""price"":""176"",""priceType"":""fixed""},{""label"":""Tormented"",""price"":""396"",""priceType"":""fixed""}]";;;;0.00;4;2025-11-05 04:26:20.742444+00;2025-11-05 05:06:58.42724+00;fixed;false
9cb2633f-6840-4282-a6ce-41afd618f159;92022507-dcc7-4067-9d6e-4ad094722070;plat;Select Your Platform;button_group;true;"[{""label"":""PC"",""price"":""0"",""priceType"":""fixed""},{""label"":""PSN"",""price"":""0"",""priceType"":""fixed""},{""label"":""XBOX"",""price"":""0"",""priceType"":""fixed""}]";;;;0.00;0;2025-11-05 05:17:49.048536+00;2025-11-05 05:17:49.048536+00;fixed;false
428b9e4b-a178-403c-b5a2-0ec89c729758;92022507-dcc7-4067-9d6e-4ad094722070;world;Select World - Softcore;button_group;true;"[{""label"":""Seasonal"",""price"":""0"",""priceType"":""fixed""}]";;;;0.00;1;2025-11-05 05:18:17.984805+00;2025-11-05 05:18:17.984805+00;fixed;false
de844b7d-8bce-408c-98a2-a2cb84e59fab;81a4f561-3a57-4ce2-9805-f853129059e7;boost;Boost Mode;button_group;true;"[{""label"":""Piloted"",""price"":""0"",""priceType"":""fixed""}]";;;;0.00;0;2025-11-05 05:23:42.538519+00;2025-11-05 05:23:42.538519+00;fixed;false
395f8f02-96e6-40b9-8e3a-033d4f7feebb;81a4f561-3a57-4ce2-9805-f853129059e7;plat;Select Your Platform;button_group;true;"[{""label"":""PC"",""price"":""0"",""priceType"":""fixed""},{""label"":""PSN"",""price"":""0"",""priceType"":""fixed""},{""label"":""XBOX"",""price"":""0"",""priceType"":""fixed""}]";;;;0.00;1;2025-11-05 05:23:57.688587+00;2025-11-05 05:23:57.688587+00;fixed;false
cbe37c8b-a27a-4921-ba21-a783d05c0b73;81a4f561-3a57-4ce2-9805-f853129059e7;world;Select World - Softcore;button_group;true;"[{""label"":""Seasonal"",""price"":""0"",""priceType"":""fixed""},{""label"":""Eternal"",""price"":""50"",""priceType"":""percentage""}]";;;;0.00;2;2025-11-05 05:24:27.625993+00;2025-11-05 05:24:27.625993+00;fixed;false
04f86269-9b4d-4db6-a47a-e718bb959d26;4419252d-a424-4e5d-860c-fb2347df47fc;boost;Boost Mode;button_group;true;"[{""label"":""Piloted"",""price"":""0"",""priceType"":""fixed""}]";;;;0.00;0;2025-11-05 05:28:26.85625+00;2025-11-05 05:28:26.85625+00;fixed;false
588217bd-325c-4657-bb56-b1e522fc9e5d;4419252d-a424-4e5d-860c-fb2347df47fc;plat;Select Your Platform;button_group;true;"[{""label"":""PC"",""price"":""0"",""priceType"":""fixed""},{""label"":""PSN"",""price"":""0"",""priceType"":""fixed""},{""label"":""XBOX"",""price"":""0"",""priceType"":""fixed""}]";;;;0.00;1;2025-11-05 05:28:44.117953+00;2025-11-05 05:28:44.117953+00;fixed;false
9806f99b-45d6-46be-9768-a173c7cb393d;4419252d-a424-4e5d-860c-fb2347df47fc;world;Select World - Softcore;button_group;true;"[{""label"":""Seasonal"",""price"":""0"",""priceType"":""fixed""},{""label"":""Eternal"",""price"":""50"",""priceType"":""percentage""}]";;;;0.00;2;2025-11-05 05:29:17.440038+00;2025-11-05 05:29:17.440038+00;fixed;false
af5955ce-d28e-4558-9fcd-1b591bbfdeb3;4419252d-a424-4e5d-860c-fb2347df47fc;addop;Additional Options;checkbox;false;"[{""label"":""Spend Obols"",""price"":""1"",""priceType"":""fixed""}]";;;;0.00;3;2025-11-05 05:29:33.050412+00;2025-11-05 05:29:53.05921+00;fixed;false
b65a6873-9dd9-4b4c-a164-1250ad1599e1;f8fbcbf5-4891-4734-9eba-2d55561d33b3;rgtbc;Region;button_group;false;"[{""label"":""EU"",""price"":""0"",""priceType"":""fixed""},{""label"":""NA"",""price"":""0"",""priceType"":""fixed""}]";;;;0.00;1;2025-11-12 20:11:00.457171+00;2026-02-16 15:44:41.067562+00;fixed;false
f0a32849-4245-47f2-ae60-91d966b308b4;b3a012e1-1147-4cbc-843a-311a43375f22;shatarvm;Boost Method;button_group;false;"[{""label"":""Pilot"",""price"":""0"",""priceType"":""fixed""},{""label"":""Remote"",""price"":""30"",""priceType"":""percentage""}]";;;;0.00;0;2025-11-13 23:01:18.102861+00;2026-02-16 10:52:56.590106+00;fixed;false
d5c75f0b-2e5d-4202-a699-58b4e264257c;936a554d-3345-4011-b141-7fea391fe3a7;bmattunes;Boost Method;button_group;false;"[{""label"":""Pilot"",""price"":""0"",""priceType"":""fixed""},{""label"":""Remote"",""price"":""33"",""priceType"":""percentage""}]";;;;0.00;1;2025-11-11 19:40:48.542323+00;2026-02-16 10:51:04.702643+00;fixed;false
78062c83-f327-4395-8cc9-436117f0275c;b3a012e1-1147-4cbc-843a-311a43375f22;regshatar;Region;button_group;false;"[{""label"":""EU"",""price"":""0"",""priceType"":""fixed""},{""label"":""NA"",""price"":""0"",""priceType"":""fixed""}]";;;;0.00;1;2025-11-13 23:01:39.918876+00;2026-02-16 10:52:56.398729+00;fixed;false
4f42b197-eaca-43ec-8cb7-d69c06b38856;f8fbcbf5-4891-4734-9eba-2d55561d33b3;bmhonortb;Boost Method;button_group;false;"[{""label"":""Pilot"",""price"":""0"",""priceType"":""fixed""},{""label"":""Remote"",""price"":""15"",""priceType"":""percentage""}]";;;;0.00;0;2025-11-12 20:10:43.556375+00;2026-02-16 15:44:40.689113+00;fixed;false
315f0fd0-64c4-4a99-9c5c-7af202209add;ce498e92-cf8d-4029-915a-12b05073e14c;full loot;Full Prio Loot;select;false;"[{""label"":""Choose option"",""price"":""0"",""priceType"":""fixed""},{""label"":""10 Unsaved Players"",""price"":""46.71"",""priceType"":""fixed""},{""label"":""15 Unsaved Players"",""price"":""61.15"",""priceType"":""fixed""},{""label"":""20 Unsaved Players"",""price"":""79.83"",""priceType"":""fixed""},{""label"":""26 Unsaved Players"",""price"":""97.67"",""priceType"":""fixed""},{""label"":""29 Unsaved Players"",""price"":""119.74"",""priceType"":""fixed""}]";;;;0.00;3;2025-10-21 20:53:53.298154+00;2025-12-14 22:15:47.177207+00;fixed;true
84dafb12-eba5-4335-aabb-945cc59c0cd8;0ab1cfd9-d330-4826-8f8f-0646f70fef25;boost_method;Boost Method;button_group;false;"[{""label"":""Pilot"",""price"":""0"",""priceType"":""fixed""},{""label"":""Remote"",""price"":""30"",""priceType"":""percentage""}]";;;;0.00;0;2026-02-06 15:28:26.5132+00;2026-02-06 15:28:26.5132+00;fixed;false
a20234c7-2e4c-4ba7-970c-2c0a6c36bc76;d670b5e7-94d0-4125-ac6c-bdf4571aef7e;selecrep;Select your Desired Reputation Level;checkbox;true;"[{""label"":""Neutral - Friendly"",""price"":""60"",""priceType"":""fixed""},{""label"":""Friendly - Honored"",""price"":""80"",""priceType"":""fixed""},{""label"":""Honored - Revered"",""price"":""160"",""priceType"":""fixed""},{""label"":""Revered - Exalted"",""price"":""260"",""priceType"":""fixed""}]";;;;0.00;2;2025-10-29 03:04:59.624872+00;2026-02-11 21:57:12.962828+00;fixed;false
0ed3283f-1419-4646-b979-aeed722a97e0;625d437c-a421-427d-95fd-d016707b6f1a;selecrep;Select Desired Reputation Level;checkbox;true;"[{""label"":""Neutral - Friendly"",""price"":""28.84"",""priceType"":""fixed""},{""label"":""Friendly - Honored"",""price"":""72.11"",""priceType"":""fixed""},{""label"":""Honored - Revered"",""price"":""115.37"",""priceType"":""fixed""},{""label"":""Revered - Exalted"",""price"":""201.89"",""priceType"":""fixed""}]";;;;0.00;2;2025-10-27 01:04:53.566906+00;2026-02-11 21:59:00.775703+00;fixed;false
a8e70753-446f-4d5b-b06f-22f1461cefc7;b3a012e1-1147-4cbc-843a-311a43375f22;desiredreplvl;Select Desired Reputation Level;checkbox;false;"[{""label"":""Neutral - Friendly"",""price"":""16.88"",""priceType"":""fixed""},{""label"":""Friendly - Honored"",""price"":""28.13"",""priceType"":""fixed""},{""label"":""Honored - Revered"",""price"":""43.88"",""priceType"":""fixed""},{""label"":""Revered - Exalted"",""price"":""55.13"",""priceType"":""fixed""}]";;;;0.00;2;2025-11-13 23:03:39.847705+00;2026-02-16 10:52:56.753939+00;fixed;false
1ed5fb84-a429-4096-856b-58b03daa8e6d;58aad526-c357-4a77-9ead-c9b83004fdf9;bmtbv;Boost Method;button_group;false;"[{""label"":""Pilot"",""price"":""0"",""priceType"":""fixed""},{""label"":""Remote"",""price"":""30"",""priceType"":""percentage""}]";;;;0.00;0;2025-11-09 22:59:39.282859+00;2026-02-16 11:13:08.961721+00;fixed;false
66421ed4-d02f-4735-a695-72046c57bab0;936a554d-3345-4011-b141-7fea391fe3a7;dungkeys;Dungeon Keys;checkbox;false;"[{""label"":""Auchenai Key"",""price"":""54.75"",""priceType"":""fixed""},{""label"":""Flamewrought Key"",""price"":""54.75"",""priceType"":""fixed""},{""label"":""Key of Time "",""price"":""54.75"",""priceType"":""fixed""},{""label"":""Reservoir Key"",""price"":""54.75"",""priceType"":""fixed""},{""label"":""Warpforged Key "",""price"":""54.75"",""priceType"":""fixed""},{""label"":""All Keys"",""price"":""241.86"",""priceType"":""fixed""}]";;;;0.00;2;2025-11-11 19:42:27.124747+00;2026-02-16 10:51:04.455929+00;fixed;false
15677bd5-5396-4bc7-a261-c5cc7d2d5e1e;3fa58f81-b312-4eaf-a9fd-902ef547868d;m+traders;Traders;select;false;"[{""label"":""1 Trader"",""price"":""0"",""priceType"":""fixed""},{""label"":""2 Traders"",""price"":""20"",""priceType"":""fixed""},{""label"":""3 Traders"",""price"":""30"",""priceType"":""fixed""},{""label"":""4 Traders"",""price"":""30"",""priceType"":""percentage""}]";;;;0.00;3;2025-11-15 22:09:45.78447+00;2026-01-30 10:06:35.644562+00;fixed;false
2b2ae664-45a6-4760-a5a2-0bf238c1ad32;1755c8c6-8198-4e5b-9a42-d789f9cbe350;bmherotal;Boost Method;button_group;false;"[{""label"":""Pilot"",""price"":""0"",""priceType"":""fixed""},{""label"":""Selfplay"",""price"":""0"",""priceType"":""fixed""},{""label"":""Remote"",""price"":""28.5"",""priceType"":""percentage""}]";;;;0.00;0;2025-10-29 21:18:03.262488+00;2025-11-16 15:35:41.373092+00;fixed;false
965bbda3-db4d-4ec4-8f92-83d902c1c3f0;1755c8c6-8198-4e5b-9a42-d789f9cbe350;herolist;Hero List;checkbox;false;"[{""label"":""Helena"",""price"":""22.799999999999997"",""priceType"":""fixed""},{""label"":""Meiko"",""price"":""22.799999999999997"",""priceType"":""fixed""},{""label"":""Sylvie"",""price"":""22.799999999999997"",""priceType"":""fixed""},{""label"":""Vigour"",""price"":""22.799999999999997"",""priceType"":""fixed""},{""label"":""Ardeos"",""price"":""22.799999999999997"",""priceType"":""fixed""},{""label"":""Mara"",""price"":""22.799999999999997"",""priceType"":""fixed""},{""label"":""Rime"",""price"":""22.799999999999997"",""priceType"":""fixed""},{""label"":""Tariq"",""price"":""22.799999999999997"",""priceType"":""fixed""},{""label"":""Elarion"",""price"":""22.799999999999997"",""priceType"":""fixed""},{""label"":""All Heroes Discounted"",""price"":""170.04999999999998"",""priceType"":""fixed""}]";;;;0.00;2;2025-10-29 21:20:40.40001+00;2025-11-16 15:35:41.805153+00;fixed;false
e63db4cc-1476-4cd2-adbc-5400aa148186;1755c8c6-8198-4e5b-9a42-d789f9cbe350;talenttype;Talents Type;button_group;false;"[{""label"":""Contender"",""price"":""0"",""priceType"":""fixed""},{""label"":""Adept"",""price"":""23.75"",""priceType"":""percentage""},{""label"":""Champion"",""price"":""38"",""priceType"":""percentage""},{""label"":""Paragon"",""price"":""95"",""priceType"":""fixed""}]";;;;0.00;3;2025-11-09 20:49:46.35761+00;2025-11-16 15:35:42.005421+00;fixed;false
44b37021-4c4e-4700-88eb-e83b63051349;923bb47a-49e7-4b86-becc-6dbdb343374b;bmthrallamar;Boost Method;button_group;false;"[{""label"":""Pilot"",""price"":""0"",""priceType"":""fixed""},{""label"":""Remote"",""price"":""30"",""priceType"":""percentage""}]";;;;0.00;0;2025-11-19 07:53:02.050498+00;2026-02-16 10:52:57.087476+00;fixed;false
f9477de1-ae17-4c71-9386-a44b670167da;3fa58f81-b312-4eaf-a9fd-902ef547868d;intime;Run Type;select;false;"[{""label"":""Weekly Run "",""price"":""0"",""priceType"":""fixed""},{""label"":""In time run "",""price"":""30"",""priceType"":""percentage""}]";;;;0.00;4;2025-11-15 22:16:17.304411+00;2026-01-30 10:06:47.661944+00;fixed;false
8daaebc3-f9a8-4d5a-9257-c01ff6c305ba;95ff4f94-2563-4b9e-8705-e3733f773863;serverid;Server;select;false;"[{""label"":""US Dreamscythe Alliance"",""price"":0.057376,""priceType"":""fixed""},{""label"":""US Dreamscythe Horde"",""price"":0.055799,""priceType"":""fixed""},{""label"":""US Nightslayer Alliance"",""price"":0.056862,""priceType"":""fixed""},{""label"":""US Nightslayer Horde"",""price"":0.064717,""priceType"":""fixed""},{""label"":""EU Spineshatter Alliance "",""price"":0.048546,""priceType"":""fixed""},{""label"":""EU Spineshatter Horde"",""price"":0.049495,""priceType"":""fixed""},{""label"":""EU Thunderstrike Alliance"",""price"":0.053449,""priceType"":""fixed""},{""label"":""EU Thunderstrike Horde"",""price"":0.052741,""priceType"":""fixed""},{""label"":""OCE Maladath Alliance"",""price"":0.062148,""priceType"":""fixed""},{""label"":""OCE Maladath Horde"",""price"":0.067223,""priceType"":""fixed""}]";;;;0.00;2;2025-10-28 22:14:31.352097+00;2026-02-16 20:11:42.405811+00;fixed;false
9b8c6f7e-15fa-4479-a950-2e7bda4768d8;da557acb-1717-46f1-ab2e-674389ec3758;regionhonorh;Region;button_group;false;"[{""label"":""EU"",""price"":""0"",""priceType"":""fixed""},{""label"":""NA"",""price"":""0"",""priceType"":""fixed""}]";;;;0.00;1;2025-11-15 20:46:15.879839+00;2026-02-16 10:52:57.302831+00;fixed;false
237226bb-29c5-4c98-a4ac-3865349ab639;958d9334-f79a-46ea-b699-4f15f8263970;bmbadges;Boost Method;button_group;false;"[{""label"":""Pilot"",""price"":""0"",""priceType"":""fixed""},{""label"":""Remote"",""price"":""25.5"",""priceType"":""percentage""}]";;;;0.00;0;2025-11-17 12:28:15.170048+00;2025-12-14 22:15:47.619794+00;fixed;false
c0b28b3c-82c4-4518-8df3-f884286a6553;da557acb-1717-46f1-ab2e-674389ec3758;selectrep;Select Desired Reputation Level;checkbox;false;"[{""label"":""Neutral - Friendly"",""price"":""16.88"",""priceType"":""fixed""},{""label"":""Friendly - Honored"",""price"":""28.13"",""priceType"":""fixed""},{""label"":""Honored - Revered"",""price"":""43.88"",""priceType"":""fixed""},{""label"":""Revered - Exalted"",""price"":""55.13"",""priceType"":""fixed""}]";;;;0.00;2;2025-11-15 20:47:10.295716+00;2026-02-16 10:52:56.916811+00;fixed;false
18d6dbec-5856-45b1-a823-a1f795457104;dac47162-4fcb-4aef-b101-67b883c9b0d9;deldetailsjewellers;Delivery Details;text;false;;;;;0.00;1;2026-01-07 10:41:18.181665+00;2026-01-07 10:41:18.181665+00;fixed;false
82166b1c-e939-4a9d-b3f0-0c0c20ee2028;da557acb-1717-46f1-ab2e-674389ec3758;honorbm;Boost Method;button_group;false;"[{""label"":""Pilot"",""price"":""0"",""priceType"":""fixed""},{""label"":""Remote"",""price"":""30"",""priceType"":""percentage""}]";;;;0.00;0;2025-11-15 20:45:57.785712+00;2026-02-16 10:52:57.464276+00;fixed;false
7bd2cd08-8a98-4a25-812e-4863d6902472;923bb47a-49e7-4b86-becc-6dbdb343374b;regthrallamr;Region;button_group;false;"[{""label"":""EU"",""price"":""0"",""priceType"":""fixed""},{""label"":""NA"",""price"":""0"",""priceType"":""fixed""}]";;;;0.00;1;2025-11-19 07:53:19.216812+00;2026-02-16 10:52:57.638929+00;fixed;false
ab3f21bd-3bfb-40a2-9d6f-5cb7157b598b;923bb47a-49e7-4b86-becc-6dbdb343374b;thralamamrre;Desired Reputation Level;checkbox;false;"[{""label"":""Neutral - Friendly"",""price"":""16.88"",""priceType"":""fixed""},{""label"":""Friendly - Honored"",""price"":""28.13"",""priceType"":""fixed""},{""label"":""Honored - Revered"",""price"":""43.88"",""priceType"":""fixed""},{""label"":""Revered - Exalted"",""price"":""55.13"",""priceType"":""fixed""}]";;;;0.00;2;2025-11-19 07:54:24.824958+00;2026-02-16 10:52:57.825405+00;fixed;false
602edef8-fa86-4d65-9221-fdfb71ae2020;4fb3d480-f8e8-4a3f-a1d7-869c2a14786c;netherwingbm;Boost Method;button_group;false;"[{""label"":""Pilot"",""price"":""0"",""priceType"":""fixed""},{""label"":""Remote"",""price"":""30"",""priceType"":""percentage""}]";;;;0.00;0;2025-11-19 08:05:38.908715+00;2026-02-16 10:52:58.158235+00;fixed;false
4030ba98-4198-423e-a8f3-cd9b34352dbc;4fb3d480-f8e8-4a3f-a1d7-869c2a14786c;regionnetherwing;Region;button_group;false;"[{""label"":""EU"",""price"":""0"",""priceType"":""fixed""},{""label"":""NA"",""price"":""0"",""priceType"":""fixed""}]";;;;0.00;1;2025-11-19 08:05:54.92107+00;2026-02-16 10:52:58.308201+00;fixed;false
632a1ffe-f290-4601-9e40-b6b2cf2ef5d3;4fb3d480-f8e8-4a3f-a1d7-869c2a14786c;netherwingrep;Desired Reputation Level;checkbox;false;"[{""label"":""Neutral - Friendly"",""price"":""16.88"",""priceType"":""fixed""},{""label"":""Friendly - Honored"",""price"":""43.88"",""priceType"":""fixed""},{""label"":""Honored - Revered"",""price"":""66.38"",""priceType"":""fixed""},{""label"":""Revered - Exalted"",""price"":""77.63"",""priceType"":""fixed""}]";;;;0.00;2;2025-11-19 08:06:49.637292+00;2026-02-16 10:52:58.465971+00;fixed;false
fa314c90-5441-41c4-8a29-cf6782a89807;c7ecfc05-fa07-4671-aec1-b5ba02927cad;sporeggarbm;Boost Method;button_group;false;"[{""label"":""Pilot"",""price"":""0"",""priceType"":""fixed""},{""label"":""Remote"",""price"":""30"",""priceType"":""percentage""}]";;;;0.00;0;2025-11-19 08:14:07.2431+00;2026-02-16 10:52:58.644617+00;fixed;false
928423cf-1ea0-463c-9c4f-7d437b15fbe6;c7ecfc05-fa07-4671-aec1-b5ba02927cad;regionspore;Region;button_group;false;"[{""label"":""EU"",""price"":""0"",""priceType"":""fixed""},{""label"":""NA"",""price"":""0"",""priceType"":""fixed""}]";;;;0.00;1;2025-11-19 08:14:19.835428+00;2026-02-16 10:52:58.803903+00;fixed;false
3375c67a-f841-430f-9c6e-c9dc4e7099c8;c7ecfc05-fa07-4671-aec1-b5ba02927cad;repspore;Desired Reputation Level;checkbox;false;"[{""label"":""Neutral - Friendly"",""price"":""16.88"",""priceType"":""fixed""},{""label"":""Friendly - Honored"",""price"":""28.13"",""priceType"":""fixed""},{""label"":""Honored - Revered"",""price"":""55.13"",""priceType"":""fixed""},{""label"":""Revered - Exalted"",""price"":""77.63"",""priceType"":""fixed""}]";;;;0.00;2;2025-11-19 08:15:11.436229+00;2026-02-16 10:52:58.965974+00;fixed;false
21f31749-7a4f-4746-aa0c-8badfee0ac1f;9f51600a-64d9-495f-b196-109ff0626d4e;cenarionexbm;Boost Method;button_group;false;"[{""label"":""Pilot"",""price"":""0"",""priceType"":""fixed""},{""label"":""Remote"",""price"":""30"",""priceType"":""percentage""}]";;;;0.00;0;2025-11-19 08:24:04.831235+00;2026-02-16 10:52:59.11732+00;fixed;false
bad40ccc-afb8-49c7-b256-2ac7f8975f0a;9f51600a-64d9-495f-b196-109ff0626d4e;regioncenarion;Region;button_group;false;"[{""label"":""EU"",""price"":""0"",""priceType"":""fixed""},{""label"":""NA"",""price"":""0"",""priceType"":""fixed""}]";;;;0.00;1;2025-11-19 08:24:16.216723+00;2026-02-16 10:52:59.281507+00;fixed;false
e213b4c3-eec0-4505-9782-b182f720df77;9f51600a-64d9-495f-b196-109ff0626d4e;desrepcenarionex;Desired Reputation Level;checkbox;false;"[{""label"":""Neutral - Friendly"",""price"":""16.88"",""priceType"":""fixed""},{""label"":""Friendly - Honored"",""price"":""43.88"",""priceType"":""fixed""},{""label"":""Honored - Revered"",""price"":""66.38"",""priceType"":""fixed""},{""label"":""Revered - Exalted"",""price"":""77.63"",""priceType"":""fixed""}]";;;;0.00;2;2025-11-19 08:26:04.13695+00;2026-02-16 10:52:59.439461+00;fixed;false
d3d08d2a-92c0-4d87-9d96-07847b97c150;816b7cb7-c24f-41a6-9012-bd2ae43c1925;keepersregion;Region;button_group;false;"[{""label"":""EU"",""price"":""0"",""priceType"":""fixed""},{""label"":""NA"",""price"":""0"",""priceType"":""fixed""}]";;;;0.00;1;2025-11-19 15:24:32.543654+00;2026-02-16 10:52:59.659671+00;fixed;false
059ac6fd-dd16-4fc2-ab9e-b4426c0f30be;816b7cb7-c24f-41a6-9012-bd2ae43c1925;keeperslvl;Desired Reputation Level;checkbox;false;"[{""label"":""Neutral - Friendly"",""price"":""16.88"",""priceType"":""fixed""},{""label"":""Friendly - Honored"",""price"":""28.13"",""priceType"":""fixed""},{""label"":""Honored - Revered"",""price"":""43.88"",""priceType"":""fixed""},{""label"":""Revered - Exalted"",""price"":""55.13"",""priceType"":""fixed""}]";;;;0.00;2;2025-11-19 15:25:23.686241+00;2026-02-16 10:52:59.822153+00;fixed;false
afb00ff4-083b-4ca6-8936-8a326ed84578;9d16b707-217a-41d2-973e-285352d21c4d;ashtongerep;Boost Method;button_group;false;"[{""label"":""Pilot"",""price"":""0"",""priceType"":""fixed""},{""label"":""Remote"",""price"":""30"",""priceType"":""percentage""}]";;;;0.00;0;2025-11-19 20:22:59.818338+00;2026-02-16 10:52:59.98872+00;fixed;false
e6ebd0fe-75ad-4341-a939-2728c2378238;9d16b707-217a-41d2-973e-285352d21c4d;regionash;Region;button_group;false;"[{""label"":""EU"",""price"":""0"",""priceType"":""fixed""},{""label"":""US"",""price"":""0"",""priceType"":""fixed""}]";;;;0.00;1;2025-11-19 20:23:17.058221+00;2026-02-16 10:53:00.154504+00;fixed;false
bef37e75-eb42-48f7-80a9-3872b9b2d35c;9d16b707-217a-41d2-973e-285352d21c4d;repash;Desired Reputation Level;checkbox;false;"[{""label"":""Neutral - Friendly"",""price"":""32.63"",""priceType"":""fixed""},{""label"":""Friendly - Honored"",""price"":""43.88"",""priceType"":""fixed""},{""label"":""Honored - Revered"",""price"":""77.63"",""priceType"":""fixed""},{""label"":""Revered - Exalted"",""price"":""100.13"",""priceType"":""fixed""}]";;;;0.00;2;2025-11-19 20:24:29.127131+00;2026-02-16 10:53:00.320031+00;fixed;false
5e7bb757-41d4-4acf-8a7e-9e9419483bc0;304d1194-987a-464c-8906-24e44831f0e1;kurenaibm;Boost Method;button_group;false;"[{""label"":""Pilot"",""price"":""0"",""priceType"":""fixed""},{""label"":""Remote"",""price"":""30"",""priceType"":""percentage""}]";;;;0.00;0;2025-11-19 20:31:30.572298+00;2026-02-16 10:53:00.473103+00;fixed;false
f2abf21a-71a8-436f-b1e1-5fd758b4a079;304d1194-987a-464c-8906-24e44831f0e1;kurenaireg;Region;button_group;false;"[{""label"":""EU"",""price"":""0"",""priceType"":""fixed""},{""label"":""NA"",""price"":""0"",""priceType"":""fixed""}]";;;;0.00;1;2025-11-19 20:31:44.304319+00;2026-02-16 10:53:00.642634+00;fixed;false
361930e1-b072-417e-aa6c-6a196263cbbb;304d1194-987a-464c-8906-24e44831f0e1;kurenairep;Desired Reputation Level;checkbox;false;"[{""label"":""Neutral - Friendly"",""price"":""16.88"",""priceType"":""fixed""},{""label"":""Friendly - Honored"",""price"":""28.13"",""priceType"":""fixed""},{""label"":""Honored - Revered"",""price"":""43.88"",""priceType"":""fixed""},{""label"":""Revered - Exalted"",""price"":""55.13"",""priceType"":""fixed""}]";;;;0.00;2;2025-11-19 20:33:36.235104+00;2026-02-16 10:53:00.825563+00;fixed;false
5940f85b-66ab-4872-9467-5aa268de831c;a970438b-d289-408b-8099-b73ad6604a98;skyguardbm;Boost Method;button_group;false;"[{""label"":""Pilot"",""price"":""0"",""priceType"":""fixed""},{""label"":""Remote"",""price"":""30"",""priceType"":""percentage""}]";;;;0.00;0;2025-11-19 20:38:09.516042+00;2026-02-16 10:53:01.02223+00;fixed;false
ad298576-3c48-4be9-8b16-14e7358c31a8;a970438b-d289-408b-8099-b73ad6604a98;regskyguard;Region;button_group;false;"[{""label"":""EU"",""price"":""0"",""priceType"":""fixed""},{""label"":""US"",""price"":""0"",""priceType"":""fixed""}]";;;;0.00;1;2025-11-19 20:38:30.237215+00;2026-02-16 10:53:01.226585+00;fixed;false
c872d8d7-e90c-4c11-a8b6-0b2b13a9b839;aafb9fb1-42ef-4de4-9058-96da93e0e0b7;consoritum;Boost Method;button_group;false;"[{""label"":""Pilot"",""price"":""0"",""priceType"":""fixed""},{""label"":""Remote"",""price"":""30"",""priceType"":""percentage""}]";;;;0.00;0;2025-11-19 20:47:16.121386+00;2026-02-16 10:53:01.419492+00;fixed;false
fd6baeb4-5748-4995-aa73-2e754f941fac;aafb9fb1-42ef-4de4-9058-96da93e0e0b7;consreg;Region;button_group;false;"[{""label"":""EU"",""price"":""0"",""priceType"":""fixed""},{""label"":""NA"",""price"":""0"",""priceType"":""fixed""}]";;;;0.00;1;2025-11-19 20:47:33.243448+00;2026-02-16 10:53:01.606592+00;fixed;false
a26dcab5-f58e-4b6d-9b7d-290160eb024d;aafb9fb1-42ef-4de4-9058-96da93e0e0b7;desconsrep;Desired Reputation Level;checkbox;false;"[{""label"":""Neutral - Friendly"",""price"":""16.88"",""priceType"":""fixed""},{""label"":""Friendly - Honored"",""price"":""28.13"",""priceType"":""fixed""},{""label"":""Honored - Revered"",""price"":""43.88"",""priceType"":""fixed""},{""label"":""Revered - Exalted"",""price"":""55.13"",""priceType"":""fixed""}]";;;;0.00;2;2025-11-19 20:48:19.430685+00;2026-02-16 10:53:01.801346+00;fixed;false
79c5e4df-4e15-4346-898e-9e13fba68de5;816b7cb7-c24f-41a6-9012-bd2ae43c1925;bmkeepers;Boost Method;button_group;false;"[{""label"":""Pilot"",""price"":""0"",""priceType"":""fixed""},{""label"":""Remote"",""price"":""30"",""priceType"":""percentage""}]";;;;0.00;0;2025-11-19 15:24:17.548628+00;2026-02-16 10:52:57.994483+00;fixed;false
165dc776-3d3d-44be-b492-082f1cc3979c;138084bb-283b-4092-b2c6-f2f4e8e2e5d7;boost_method;Boost Method;button_group;false;"[{""label"":""Pilot"",""price"":""0"",""priceType"":""fixed""},{""label"":""Remote"",""price"":""30"",""priceType"":""percentage""}]";;;;0.00;0;2026-01-30 20:10:49.859899+00;2026-01-30 20:10:49.859899+00;fixed;false
2a55fd44-04b2-412f-b91f-e3fd400bab80;06415beb-fc6b-41b8-a3ee-89d5d2eeb991;desiredlowerrep;Desired Reputation Level;checkbox;false;"[{""label"":""Neutral - Friendly"",""price"":""16.88"",""priceType"":""fixed""},{""label"":""Friendly - Honored"",""price"":""28.13"",""priceType"":""fixed""},{""label"":""Honored - Revered"",""price"":""43.88"",""priceType"":""fixed""},{""label"":""Revered - Exalted"",""price"":""55.13"",""priceType"":""fixed""}]";;;;0.00;2;2025-11-20 12:08:51.900569+00;2026-02-16 10:53:02.158707+00;fixed;false
cc8b8f8a-c45c-42ad-8dcb-a6a072bf2c4f;2f8cb701-94f5-43f8-9967-9914d2794f0f;bmsun;Boost Method;button_group;false;"[{""label"":""Pilot"",""price"":""0"",""priceType"":""fixed""},{""label"":""Remote"",""price"":""30"",""priceType"":""percentage""}]";;;;0.00;0;2025-11-20 12:11:30.840594+00;2026-02-16 10:53:02.370436+00;fixed;false
fce7af54-1960-4fb9-844f-022d03d972b9;2f8cb701-94f5-43f8-9967-9914d2794f0f;sunregion;Region;button_group;false;"[{""label"":""EU"",""price"":""0"",""priceType"":""fixed""},{""label"":""NA"",""price"":""0"",""priceType"":""fixed""}]";;;;0.00;1;2025-11-20 12:11:48.980587+00;2026-02-16 10:53:02.534992+00;fixed;false
51fa7bde-6dfa-468d-aeed-d7dac2d87dbb;2f8cb701-94f5-43f8-9967-9914d2794f0f;desunrep;Desired Reputation Level;checkbox;false;"[{""label"":""Neutral - Friendly"",""price"":""16.88"",""priceType"":""fixed""},{""label"":""Friendly - Honored"",""price"":""28.13"",""priceType"":""fixed""},{""label"":""Honored - Revered"",""price"":""43.88"",""priceType"":""fixed""},{""label"":""Revered - Exalted"",""price"":""55.13"",""priceType"":""fixed""}]";;;;0.00;2;2025-11-20 12:12:49.370895+00;2026-02-16 10:53:02.685218+00;fixed;false
45f16879-a276-4616-9535-d3c1e3e67761;e904fa6c-7dd8-420d-a6ba-52800480b8c0;bmmaghar;Boost Method;button_group;false;"[{""label"":""Pilot"",""price"":""0"",""priceType"":""fixed""},{""label"":""Remote"",""price"":""30"",""priceType"":""percentage""}]";;;;0.00;0;2025-11-20 12:16:10.947416+00;2026-02-16 10:53:02.881036+00;fixed;false
1f18d896-8d60-4ba8-8893-65f0685cc3f4;e904fa6c-7dd8-420d-a6ba-52800480b8c0;regrep;Region;button_group;false;"[{""label"":""EU"",""price"":""0"",""priceType"":""fixed""},{""label"":""NA"",""price"":""0"",""priceType"":""fixed""}]";;;;0.00;1;2025-11-20 12:16:24.531049+00;2026-02-16 10:53:03.057842+00;fixed;false
f5b85ca8-e7b9-4b36-99cd-070eab98fedf;8af46009-2884-407d-8943-17ae1e2ea2e3;violeteye;Boost Method;button_group;false;"[{""label"":""Pilot"",""price"":""0"",""priceType"":""fixed""},{""label"":""Remote"",""price"":""30"",""priceType"":""percentage""}]";;;;0.00;0;2025-11-20 12:22:26.062266+00;2026-02-16 10:53:03.227803+00;fixed;false
84ba2a1b-b650-4082-b606-53512861e29a;8af46009-2884-407d-8943-17ae1e2ea2e3;violetreg;Region;button_group;false;"[{""label"":""EU"",""price"":""0"",""priceType"":""fixed""},{""label"":""NA"",""price"":""0"",""priceType"":""fixed""}]";;;;0.00;1;2025-11-20 12:22:41.719895+00;2026-02-16 10:53:03.400364+00;fixed;false
5e0498c3-b3de-484b-9dd4-939de4c46435;8af46009-2884-407d-8943-17ae1e2ea2e3;violetdesired;Desired Reputation Level;checkbox;false;"[{""label"":""Neutral - Friendly"",""price"":""32.63"",""priceType"":""fixed""},{""label"":""Friendly - Honored"",""price"":""43.88"",""priceType"":""fixed""},{""label"":""Honored - Revered"",""price"":""77.63"",""priceType"":""fixed""},{""label"":""Revered - Exalted"",""price"":""100.13"",""priceType"":""fixed""}]";;;;0.00;2;2025-11-20 12:23:30.506194+00;2026-02-16 10:53:03.596095+00;fixed;false
63b1f571-5bdb-43cd-8849-bf50ffd87bf6;570804c3-3ff2-4326-b791-2339d538630b;scalebm;Boost Method;button_group;false;"[{""label"":""Pilot"",""price"":""0"",""priceType"":""fixed""},{""label"":""Remote"",""price"":""30"",""priceType"":""percentage""}]";;;;0.00;0;2025-11-20 12:28:05.929255+00;2026-02-16 10:53:03.768509+00;fixed;false
dccc358a-9964-4f8a-a34f-8f927f019e71;570804c3-3ff2-4326-b791-2339d538630b;scalereg;Region;button_group;false;"[{""label"":""EU"",""price"":""0"",""priceType"":""fixed""},{""label"":""NA"",""price"":""0"",""priceType"":""fixed""}]";;;;0.00;1;2025-11-20 12:28:18.047689+00;2026-02-16 10:53:03.934845+00;fixed;false
0fd0e315-bcbc-484c-bcaf-c762576a7d5b;570804c3-3ff2-4326-b791-2339d538630b;scaledes;Desired Reputation Level;checkbox;false;"[{""label"":""Neutral - Friendly"",""price"":""32.63"",""priceType"":""fixed""},{""label"":""Friendly - Honored"",""price"":""43.88"",""priceType"":""fixed""},{""label"":""Honored - Revered"",""price"":""77.63"",""priceType"":""fixed""},{""label"":""Revered - Exalted"",""price"":""100.13"",""priceType"":""fixed""}]";;;;0.00;2;2025-11-20 12:29:14.152548+00;2026-02-16 10:53:04.131224+00;fixed;false
d5866f1c-cd98-459b-a1b2-b24c969965a1;4a6f4fd7-ff05-453d-b904-113143c995be;ogribm;Boost Method;button_group;false;"[{""label"":""Pilot"",""price"":""0"",""priceType"":""fixed""},{""label"":""Remote"",""price"":""30"",""priceType"":""percentage""}]";;;;0.00;0;2025-11-20 12:39:23.042196+00;2026-02-16 10:53:04.303365+00;fixed;false
096e7e44-c3a3-4acb-af4b-59c0403226d6;4a6f4fd7-ff05-453d-b904-113143c995be;ogrireg;Region;button_group;false;"[{""label"":""EU"",""price"":""0"",""priceType"":""fixed""},{""label"":""NA"",""price"":""0"",""priceType"":""fixed""}]";;;;0.00;1;2025-11-20 12:39:39.359354+00;2026-02-16 10:53:04.520593+00;fixed;false
ae2f3d5c-7cf2-465b-a27c-c1c99c95c5ed;4a6f4fd7-ff05-453d-b904-113143c995be;ogrides;Desired Reputation Level;checkbox;false;"[{""label"":""Neutral - Friendly"",""price"":""16.88"",""priceType"":""fixed""},{""label"":""Friendly - Honored"",""price"":""28.13"",""priceType"":""fixed""},{""label"":""Honored - Revered"",""price"":""43.88"",""priceType"":""fixed""},{""label"":""Revered - Exalted"",""price"":""55.13"",""priceType"":""fixed""}]";;;;0.00;2;2025-11-20 12:40:35.155853+00;2026-02-16 10:53:04.767613+00;fixed;false
6b78a588-8a84-4a48-88e1-09d152987eb1;59a8a0d8-8537-4a76-8100-81665faed1d7;thealdorbm;Boost Method;button_group;false;"[{""label"":""Pilot"",""price"":""0"",""priceType"":""fixed""},{""label"":""Remote"",""price"":""30"",""priceType"":""percentage""}]";;;;0.00;0;2025-11-20 19:37:24.939247+00;2026-02-16 10:53:04.943338+00;fixed;false
c107cdef-09bd-4dbe-a61a-49b2be5a57d8;59a8a0d8-8537-4a76-8100-81665faed1d7;thealdorreg;Region;button_group;false;"[{""label"":""EU"",""price"":""0"",""priceType"":""fixed""},{""label"":""NA"",""price"":""0"",""priceType"":""fixed""}]";;;;0.00;1;2025-11-20 19:37:37.41134+00;2026-02-16 10:53:05.087525+00;fixed;false
73573fd5-64c1-45d8-9fbe-66c813cadbbc;59a8a0d8-8537-4a76-8100-81665faed1d7;thealdorrep;Desired Reputation Level;checkbox;false;"[{""label"":""Hated-Hostile"",""price"":""55.13"",""priceType"":""fixed""},{""label"":""Hostile-Unfriendly"",""price"":""55.13"",""priceType"":""fixed""},{""label"":""Unfriendly-Friendly"",""price"":""28.13"",""priceType"":""fixed""},{""label"":""Friendly-Honored"",""price"":""28.13"",""priceType"":""fixed""},{""label"":""Honored-Revered"",""price"":""66.38"",""priceType"":""fixed""},{""label"":""Revered-Exalted"",""price"":""77.63"",""priceType"":""fixed""},{""label"":""Hated-Exalted"",""price"":""178.88"",""priceType"":""fixed""}]";;;;0.00;2;2025-11-20 19:39:36.398444+00;2026-02-16 10:53:05.263077+00;fixed;false
a3ff75a9-ccbc-4f97-9ab6-8e63064576c6;33e3b5a1-e6f1-4c9e-b314-470b18a4f0ee;scryersbm;Boost Method;button_group;false;"[{""label"":""Pilot"",""price"":""0"",""priceType"":""fixed""},{""label"":""Remote"",""price"":""30"",""priceType"":""percentage""}]";;;;0.00;0;2025-11-20 19:43:15.606142+00;2026-02-16 10:53:05.426999+00;fixed;false
6d105596-cb0f-4455-8585-89fb89d9b166;33e3b5a1-e6f1-4c9e-b314-470b18a4f0ee;scryersreg;Region;button_group;false;"[{""label"":""EU"",""price"":""0"",""priceType"":""fixed""},{""label"":""NA"",""price"":""0"",""priceType"":""fixed""}]";;;;0.00;1;2025-11-20 19:43:31.361147+00;2026-02-16 10:53:05.586737+00;fixed;false
0f54409c-d4cf-4c51-aa56-6c17dafb5b27;06415beb-fc6b-41b8-a3ee-89d5d2eeb991;regionlowercity;Region;button_group;false;"[{""label"":""EU"",""price"":""0"",""priceType"":""fixed""},{""label"":""NA"",""price"":""0"",""priceType"":""fixed""}]";;;;0.00;1;2025-11-20 12:07:58.605314+00;2026-02-16 10:53:01.98179+00;fixed;false
22a44053-7b97-4874-ab3f-41d0d16f2844;49896428-e437-4281-8799-897d2697f22a;karabm;Boost Method;button_group;false;"[{""label"":""Pilot"",""price"":""0"",""priceType"":""fixed""},{""label"":""Remote"",""price"":""33"",""priceType"":""percentage""}]";;;;0.00;0;2025-11-21 23:20:15.176584+00;2026-02-16 10:51:05.18217+00;fixed;false
deb6bbc6-9a48-456a-9248-5ffdd42ac0e2;bcf886c7-0731-4ff9-9fd0-98d38ff491e4;server;Server;select;false;"[{""label"":""EU Firemaw Cluster"",""price"":0.007961,""priceType"":""fixed""},{""label"":""EU Gehennas Cluster"",""price"":0.187714,""priceType"":""fixed""},{""label"":""EU Mirage Raceway Cluster"",""price"":0.020567,""priceType"":""fixed""},{""label"":""NA Whitemane Cluster"",""price"":0.007434,""priceType"":""fixed""},{""label"":""NA Arugal Cluster"",""price"":0.063674,""priceType"":""fixed""},{""label"":""NA Mankrik Cluster"",""price"":0.013381,""priceType"":""fixed""},{""label"":""NA Atiesh Cluster"",""price"":0.038574,""priceType"":""fixed""},{""label"":""NA Benediction Cluster"",""price"":0.110759,""priceType"":""fixed""},{""label"":""NA Herod Cluster"",""price"":0.014902,""priceType"":""fixed""}]";;;;0.00;1;2026-01-17 23:38:09.053079+00;2026-02-16 20:11:55.314135+00;fixed;false
b94ccab8-e3a6-4ecf-a08d-0bcd26b10105;49896428-e437-4281-8799-897d2697f22a;karareg;Region;button_group;false;"[{""label"":""EU"",""price"":""0"",""priceType"":""fixed""},{""label"":""NA"",""price"":""0"",""priceType"":""fixed""}]";;;;0.00;1;2025-11-21 23:20:27.00585+00;2026-02-16 10:51:05.365201+00;fixed;false
2a86d0f1-53d3-43fe-836e-b11c762b87b7;138084bb-283b-4092-b2c6-f2f4e8e2e5d7;faction;Faction;button_group;false;"[{""label"":""Silvermoon Court"",""price"":""0"",""priceType"":""fixed""},{""label"":""Amani Tribe"",""price"":""0"",""priceType"":""fixed""},{""label"":""Hara'Ti"",""price"":""0"",""priceType"":""fixed""},{""label"":""The Singularity"",""price"":""0"",""priceType"":""fixed""}]";;;;0.00;1;2026-01-30 20:12:03.436996+00;2026-02-12 22:39:06.003433+00;fixed;false
29c23bbc-210d-4388-89c7-03d4dca1b165;33e3b5a1-e6f1-4c9e-b314-470b18a4f0ee;desiredscryers;Desired Reputation Level;checkbox;false;"[{""label"":""Hated-Hostile"",""price"":""55.13"",""priceType"":""fixed""},{""label"":""Hostile-Unfriendly"",""price"":""55.13"",""priceType"":""fixed""},{""label"":""Unfriendly-Friendly"",""price"":""28.13"",""priceType"":""fixed""},{""label"":""Friendly-Honored"",""price"":""28.13"",""priceType"":""fixed""},{""label"":""Honored-Revered"",""price"":""66.38"",""priceType"":""fixed""},{""label"":""Revered-Exalted"",""price"":""77.63"",""priceType"":""fixed""},{""label"":""Hated-Exalted"",""price"":""178.88"",""priceType"":""fixed""}]";;;;0.00;2;2025-11-20 19:45:07.019966+00;2026-02-16 10:53:05.746806+00;fixed;false
5060e71f-c1ca-4825-89fd-355a08be55e8;a970438b-d289-408b-8099-b73ad6604a98;skyguarrep;Desired Reputation Level;checkbox;false;"[{""label"":""Neutral - Friendly"",""price"":""32.63"",""priceType"":""fixed""},{""label"":""Friendly - Honored"",""price"":""66.38"",""priceType"":""fixed""},{""label"":""Honored - Revered"",""price"":""88.88"",""priceType"":""fixed""},{""label"":""Revered - Exalted"",""price"":""111.38"",""priceType"":""fixed""}]";;;;0.00;2;2025-11-19 20:39:12.30933+00;2026-02-16 10:53:05.991779+00;fixed;false
dc83523e-3d4b-4c5e-b6aa-7b9744b3a82e;58aad526-c357-4a77-9ead-c9b83004fdf9;tbclvlreg;Region;button_group;false;"[{""label"":""EU"",""price"":""0"",""priceType"":""fixed""},{""label"":""NA"",""price"":""0"",""priceType"":""fixed""}]";;;;0.00;1;2025-11-20 20:49:39.82997+00;2026-02-16 11:13:09.156747+00;fixed;false
e9cd88c0-1992-4e09-92ee-f07a18052763;58aad526-c357-4a77-9ead-c9b83004fdf9;expresslvl;Express;button_group;false;"[{""label"":""Standard Speed"",""price"":""0"",""priceType"":""percentage""},{""label"":""30% Faster"",""price"":""30"",""priceType"":""percentage""}]";;;;0.00;2;2025-11-20 20:50:33.27523+00;2026-02-16 11:13:09.360763+00;fixed;false
616a7f06-edd0-49f9-b993-c01dc10e474f;3cd001f4-71d7-4b45-9778-09a6d3403630;bmroyalv;Boost Method;button_group;false;"[{""label"":""Selfplay"",""price"":""0"",""priceType"":""fixed""},{""label"":""Pilot"",""price"":""0"",""priceType"":""fixed""},{""label"":""Remote"",""price"":""25.5"",""priceType"":""percentage""}]";;;;0.00;0;2025-11-22 19:04:59.075425+00;2025-12-14 22:15:48.377419+00;fixed;false
1a6bc03f-8404-491a-ac4b-192cd4761b37;3cd001f4-71d7-4b45-9778-09a6d3403630;regionroyalww;Region;button_group;false;"[{""label"":""EU"",""price"":""0"",""priceType"":""fixed""},{""label"":""NA"",""price"":""0"",""priceType"":""fixed""}]";;;;0.00;1;2025-11-22 19:05:30.111668+00;2025-12-14 22:15:48.499205+00;fixed;false
392f034b-e3cf-4b7f-b652-8745c80ca19a;96b9acc7-1af3-4add-a8e1-c5f8c87d0965;Boost Method;Boost Method;button_group;false;"[{""label"":""Pilot"",""price"":0,""priceType"":""fixed"",""value"":""pilot""},{""label"":""Remote"",""price"":""25.5"",""priceType"":""percentage"",""value"":""remote""}]";;;;0.00;0;2025-11-23 09:54:14.183024+00;2026-01-09 07:15:35.656321+00;fixed;false
cf761218-6fd5-414f-9fef-9ba787631199;3a46c5ef-739d-4c07-8852-8c820964a6f2;Boost Method;Boost Method;button_group;false;"[{""label"":""Pilot"",""price"":0,""priceType"":""fixed"",""value"":""pilot""},{""label"":""Remote"",""price"":""25.5"",""priceType"":""percentage"",""value"":""remote""}]";;;;0.00;0;2025-11-23 09:54:14.183024+00;2026-01-09 07:15:35.656321+00;fixed;false
5105d04a-f06e-4afb-8901-d502f4390af5;260ab6e5-8514-4287-95be-cdc893a8d411;boost_method;Boost Method;button_group;false;"[{""label"":""Pilot"",""price"":""0"",""priceType"":""fixed""},{""label"":""Remote"",""price"":""30"",""priceType"":""percentage""}]";;;;0.00;0;2026-01-30 20:17:41.380837+00;2026-01-30 20:17:41.380837+00;fixed;false
18a4b747-89f1-412d-a7aa-d15de3ef76cf;24b48e17-ab5b-411b-adc0-082b14342534;boost_method;Boost Method;button_group;false;"[{""label"":""Pilot"",""price"":""0"",""priceType"":""fixed""},{""label"":""Remote"",""price"":""30"",""priceType"":""percentage""}]";;;;0.00;0;2026-02-01 11:44:18.120419+00;2026-02-01 11:44:18.120419+00;fixed;false
6963df9d-3a08-4963-a18f-0801004f19cc;1781f357-43d0-45f2-9029-78d05e16cb29;boost_method;Boost Method;button_group;false;"[{""label"":""Pilot"",""price"":""0"",""priceType"":""fixed""},{""label"":""Remote"",""price"":""30"",""priceType"":""percentage""}]";;;;0.00;0;2026-02-08 23:46:43.973709+00;2026-02-08 23:46:43.973709+00;fixed;false
a91a60e7-1cf3-4ae3-95f1-6f552b76e987;41bf4151-4d2d-4f49-b454-b53abbd5b706;bmprepatch;Boost Method;button_group;false;"[{""label"":""Pilot"",""price"":""0"",""priceType"":""fixed""},{""label"":""Remote"",""price"":""30"",""priceType"":""percentage""}]";;;;0.00;0;2025-11-23 21:36:07.206146+00;2026-02-16 11:13:09.539072+00;fixed;false
e9345527-ee4c-43ef-a698-468600fb3b0c;41bf4151-4d2d-4f49-b454-b53abbd5b706;regprepatch;Region;button_group;false;"[{""label"":""EU"",""price"":""0"",""priceType"":""fixed""},{""label"":""NA"",""price"":""0"",""priceType"":""fixed""}]";;;;0.00;1;2025-11-23 21:36:22.828492+00;2026-02-16 11:13:09.972985+00;fixed;false
34c98b4d-ed60-4ca6-a870-e2b3d351acb8;41bf4151-4d2d-4f49-b454-b53abbd5b706;prepatchclass;Class;select;false;"[{""label"":""Druid"",""price"":""0"",""priceType"":""fixed""},{""label"":""Hunter"",""price"":""0"",""priceType"":""fixed""},{""label"":""Mage"",""price"":""0"",""priceType"":""fixed""},{""label"":""Paladin"",""price"":""0"",""priceType"":""fixed""},{""label"":""Priest"",""price"":""0"",""priceType"":""fixed""},{""label"":""Rogue"",""price"":""0"",""priceType"":""fixed""},{""label"":""Shaman"",""price"":""0"",""priceType"":""fixed""},{""label"":""Warlock"",""price"":""0"",""priceType"":""fixed""},{""label"":""Warrior"",""price"":""0"",""priceType"":""fixed""}]";;;;0.00;2;2025-11-23 21:40:32.402767+00;2026-02-16 11:13:10.151095+00;fixed;false
6b84b662-762a-477d-a3eb-957d1b91cc01;58aad526-c357-4a77-9ead-c9b83004fdf9;classtbc;Class;select;false;"[{""label"":""Druid"",""price"":""0"",""priceType"":""fixed""},{""label"":""Hunter"",""price"":""0"",""priceType"":""fixed""},{""label"":""Mage"",""price"":""0"",""priceType"":""fixed""},{""label"":""Paladin"",""price"":""0"",""priceType"":""fixed""},{""label"":""Priest"",""price"":""0"",""priceType"":""fixed""},{""label"":""Rogue"",""price"":""0"",""priceType"":""fixed""},{""label"":""Shaman"",""price"":""0"",""priceType"":""fixed""},{""label"":""Warlock"",""price"":""0"",""priceType"":""fixed""},{""label"":""Warrior"",""price"":""0"",""priceType"":""fixed""}]";;;;0.00;3;2025-11-23 21:47:59.083377+00;2026-02-16 11:13:10.355851+00;fixed;false
d6625bbf-d697-4372-bc18-e31eb45bddb6;b4916168-ad35-4b85-80b2-63a12bfc3c9a;b;Boost Method;button_group;false;"[{""label"":""Pilot"",""price"":0,""priceType"":""fixed"",""value"":""pilot""},{""label"":""Remote"",""price"":""25.5"",""priceType"":""percentage"",""value"":""remote""}]";;;;0.00;0;2025-11-23 10:25:03.357039+00;2026-01-09 07:15:35.656321+00;fixed;false
bd976f48-b5df-4ac3-ac8e-160de9cf9bb0;86fd6211-27e2-43b5-992a-3df42d89ca3c;region;Region;button_group;false;"[{""label"":""EU"",""price"":""0"",""priceType"":""fixed""},{""label"":""NA"",""price"":""0"",""priceType"":""fixed""}]";;;;0.00;0;2026-01-30 20:22:43.51099+00;2026-01-30 20:22:43.51099+00;fixed;false
57d40b17-54ff-4dee-a82c-0bb27b5ec42d;24b48e17-ab5b-411b-adc0-082b14342534;region;Region;button_group;false;"[{""label"":""EU"",""price"":""0"",""priceType"":""fixed""},{""label"":""NA"",""price"":""30"",""priceType"":""percentage""}]";;;;0.00;1;2026-02-01 11:44:37.152563+00;2026-02-01 11:44:37.152563+00;fixed;false
fbcc3463-1466-400a-9a05-d274203341db;1781f357-43d0-45f2-9029-78d05e16cb29;lumber_type;Lumber Type;select;false;"[{""label"":""Ironwood Lumber"",""price"":""0"",""priceType"":""fixed""},{""label"":""Olemba Lumber"",""price"":""0"",""priceType"":""fixed""},{""label"":""Coldwind Lumber"",""price"":""0"",""priceType"":""fixed""},{""label"":""Ashwood Lumber"",""price"":""0"",""priceType"":""fixed""},{""label"":""Bamboo Lumber"",""price"":""0"",""priceType"":""fixed""},{""label"":""Shadowmoon Lumber"",""price"":""0"",""priceType"":""fixed""},{""label"":""Fel-Touched Lumber"",""price"":""0"",""priceType"":""fixed""},{""label"":""Darkspine Lumber"",""price"":""0"",""priceType"":""fixed""},{""label"":""Arden Lumber"",""price"":""0"",""priceType"":""fixed""},{""label"":""Dragonpine Lumber"",""price"":""0"",""priceType"":""fixed""},{""label"":""Other Lumber Types"",""price"":""0"",""priceType"":""fixed""}]";;;;0.00;1;2026-02-08 23:52:55.478113+00;2026-02-08 23:52:55.478113+00;fixed;false
3ec69abb-5f8b-44b1-8c1a-a3b7965216ee;177a0913-f605-44c7-a967-d4e433a12fd2;boostmethodattunements;Boost Method;button_group;false;"[{""label"":""Pilot"",""price"":0,""priceType"":""fixed"",""value"":""pilot""},{""label"":""Remote"",""price"":""33"",""priceType"":""percentage"",""value"":""remote""}]";;;;0.00;0;2025-11-24 15:21:57.03904+00;2026-02-16 10:51:05.821683+00;fixed;false
c93adb36-fb0f-49db-8a0c-d2234d3b3cdd;fe2c4393-8783-4518-bb86-e6e95bc18db4;boostmethodattunements;Boost Method;button_group;false;"[{""label"":""Pilot"",""price"":0,""priceType"":""fixed"",""value"":""pilot""},{""label"":""Remote"",""price"":""33"",""priceType"":""percentage"",""value"":""remote""}]";;;;0.00;0;2025-11-24 15:21:57.03904+00;2026-02-16 10:51:06.010315+00;fixed;false
84fb6c4c-db59-4026-9ae8-dd352f566d9b;91c957d5-def7-4cf8-9fe2-e65fa1a9ca55;b;Boost Method;button_group;false;"[{""label"":""Pilot"",""price"":0,""priceType"":""fixed"",""value"":""pilot""},{""label"":""Remote"",""price"":""25.5"",""priceType"":""percentage"",""value"":""remote""}]";;;;0.00;0;2025-11-24 22:15:45.370657+00;2026-01-08 17:03:59.116198+00;fixed;false
e6088cf3-b0f8-4b44-9d69-9f2fceefce71;86fd6211-27e2-43b5-992a-3df42d89ca3c;boost_method;Boost Method;button_group;false;"[{""label"":""Pilot"",""price"":""0"",""priceType"":""fixed""},{""label"":""Selfplay"",""price"":"""",""priceType"":""percentage""},{""label"":""Remote"",""price"":""30"",""priceType"":""percentage""}]";;;;0.00;1;2026-01-30 20:23:16.568572+00;2026-01-30 20:23:16.568572+00;fixed;false
c500c705-7274-49a6-bf51-7cbaaa8ac23f;24b48e17-ab5b-411b-adc0-082b14342534;class;Class set;text;false;;Type class name you need set for.;;;0.00;2;2026-02-01 11:45:13.550732+00;2026-02-01 11:45:24.91085+00;fixed;false
6425f450-f6ec-4b51-8d3c-8b3b8bb7c564;58aad526-c357-4a77-9ead-c9b83004fdf9;faction;Faction;button_group;false;"[{""label"":""Aldor"",""price"":""0"",""priceType"":""fixed""},{""label"":""Scryer"",""price"":""0"",""priceType"":""fixed""}]";;;;0.00;4;2026-02-09 11:02:02.817514+00;2026-02-16 11:13:10.559521+00;fixed;false
5e595207-5894-40f1-a716-ab04fafb7439;91c957d5-def7-4cf8-9fe2-e65fa1a9ca55;r;Region;button_group;false;"[{""label"":""EU"",""price"":0,""priceType"":""fixed"",""value"":""eu""},{""label"":""NA"",""price"":""30"",""priceType"":""percentage"",""value"":""na""}]";;;;0.00;0;2025-11-24 22:17:14.44096+00;2026-01-09 07:47:39.846095+00;fixed;false
dbb306be-34ab-4ed4-813f-34e15f0db9a9;3459e362-5cfd-4607-89a7-15b8329bfb36;b;Boost Method;button_group;false;"[{""label"":""Pilot"",""price"":0,""priceType"":""fixed"",""value"":""pilot""},{""label"":""Selfplay"",""price"":""25.5"",""priceType"":""percentage"",""value"":""remote""},{""label"":""Remote"",""price"":""25.5"",""priceType"":""percentage""}]";;;;0.00;0;2025-11-24 22:15:45.370657+00;2025-12-14 22:15:58.500922+00;fixed;false
36363dcf-883d-488d-bb5d-5bf484fae9fd;11bcebb3-dcc6-468a-810a-b387769c68a5;b;Boost Method;button_group;false;"[{""label"":""Pilot"",""price"":0,""priceType"":""fixed"",""value"":""pilot""},{""label"":""Remote"",""price"":""25.5"",""priceType"":""percentage"",""value"":""remote""}]";;;;0.00;0;2025-11-24 23:08:27.973488+00;2026-01-09 07:15:35.656321+00;fixed;false
0473dd63-73be-4ca4-b803-ab1e129ffe51;5640330b-402f-408e-b192-a1d3c287532e;b;Boost Method;button_group;false;"[{""label"":""Pilot"",""price"":0,""priceType"":""fixed"",""value"":""pilot""},{""label"":""Remote"",""price"":""25.5"",""priceType"":""percentage"",""value"":""remote""}]";;;;0.00;0;2025-11-24 22:15:45.370657+00;2026-01-09 07:15:35.656321+00;fixed;false
77f558a6-4822-4b95-8878-5ab6f7440adf;e40ffa40-bcbc-4716-bd92-14920b1229cf;bmabmarks;Boost Method;button_group;false;"[{""label"":""Pilot"",""price"":""0"",""priceType"":""fixed""},{""label"":""Remote"",""price"":""15"",""priceType"":""percentage""}]";;;;0.00;0;2025-12-02 23:55:22.910429+00;2026-02-16 15:42:17.285418+00;fixed;false
ddeeb38f-3401-451a-b255-5556125f6573;e40ffa40-bcbc-4716-bd92-14920b1229cf;regabmarks;Region;button_group;false;"[{""label"":""EU"",""price"":""0"",""priceType"":""fixed""},{""label"":""NA"",""price"":""0"",""priceType"":""fixed""}]";;;;0.00;1;2025-12-02 23:55:48.169542+00;2026-02-16 15:42:17.650325+00;fixed;false
3b6a6dc7-9fc4-436d-9d3f-4ee17b9e4130;f011818c-6aff-4fbd-9b03-33afe3546522;bmgear;Boost Method;button_group;false;"[{""label"":""Pilot"",""price"":""0"",""priceType"":""fixed""},{""label"":""Remote"",""price"":""30"",""priceType"":""percentage""}]";;;;0.00;0;2025-11-26 23:43:20.285614+00;2025-11-26 23:43:20.285614+00;fixed;false
43549577-41b3-4a47-b03f-884cece6c722;f011818c-6aff-4fbd-9b03-33afe3546522;prregion;Region;button_group;false;"[{""label"":""EU"",""price"":""0"",""priceType"":""fixed""},{""label"":""NA"",""price"":""0"",""priceType"":""fixed""}]";;;;0.00;1;2025-11-26 23:43:48.496928+00;2025-11-26 23:43:48.496928+00;fixed;false
4d6f476d-8675-42de-b5dc-93341af3cc9f;51ac8e7a-ec2b-44e9-9569-ecf71966520e;region;Region;button_group;false;"[{""label"":""EU"",""price"":""0"",""priceType"":""fixed""},{""label"":""NA"",""price"":""0"",""priceType"":""fixed""}]";;;;0.00;0;2026-02-09 18:28:48.791133+00;2026-02-09 18:28:48.791133+00;fixed;false
394afe8f-863d-4d0a-bc8e-35f720d1ee67;031c3929-d439-4985-bcc2-521e7cfd205a;bmwsgmarks;Boost Method;button_group;false;"[{""label"":""Pilot"",""price"":""0"",""priceType"":""fixed""},{""label"":""Remote"",""price"":""15"",""priceType"":""percentage""}]";;;;0.00;0;2025-12-02 23:53:41.504593+00;2026-02-16 15:42:18.434131+00;fixed;false
ad344a05-e4ea-48ec-9b5e-4ef11f97d02a;e29af65e-c22d-4ea1-96dd-52827b3efcfc;ff14lvlplatform;Platform;button_group;false;"[{""label"":""PC"",""price"":""0"",""priceType"":""fixed""},{""label"":""PS"",""price"":""0"",""priceType"":""fixed""},{""label"":""Xbox"",""price"":""0"",""priceType"":""fixed""}]";;;;0.00;0;2025-12-04 22:46:27.62333+00;2025-12-04 22:46:27.62333+00;fixed;false
1965d5b0-1978-48fd-88f6-e78b174906ac;e29af65e-c22d-4ea1-96dd-52827b3efcfc;regionff14lvl;Region;button_group;false;"[{""label"":""EU"",""price"":""0"",""priceType"":""fixed""},{""label"":""NA"",""price"":""0"",""priceType"":""fixed""},{""label"":""JP"",""price"":""0"",""priceType"":""fixed""},{""label"":""OCE"",""price"":""0"",""priceType"":""fixed""}]";;;;0.00;1;2025-12-04 22:46:55.37799+00;2025-12-04 22:46:55.37799+00;fixed;false
4ceea5d6-ca67-4cc0-9885-7953ac3cc51d;e29af65e-c22d-4ea1-96dd-52827b3efcfc;extraff14options;Extra options;checkbox;false;"[{""label"":""Endwalker Aether Currents"",""price"":""30"",""priceType"":""fixed""},{""label"":""Dawntrail Aether Currents"",""price"":""30"",""priceType"":""fixed""}]";;;;0.00;2;2025-12-04 22:48:55.394933+00;2025-12-04 22:48:55.394933+00;fixed;false
3f1475b1-7aac-459c-8fcf-26d4e42e18d8;d4ad92b3-5ec2-410d-b983-17fc30265814;deldetailsff14;Server and Character Name?;text;false;;;;;0.00;1;2025-12-04 13:03:36.624222+00;2025-12-04 13:04:09.583942+00;fixed;false
54ada707-1130-452c-8c9a-650313d6220a;2083c85e-8ea9-4018-9d70-e5844dca7936;eftlvlserver;Server;button_group;false;"[{""label"":""PVP"",""price"":"""",""priceType"":""percentage""},{""label"":""PVE"",""price"":""0"",""priceType"":""fixed""}]";;;;0.00;0;2025-12-05 13:39:58.78758+00;2025-12-12 22:32:27.873473+00;fixed;false
88644cdb-8a85-4295-b788-63039a2dd339;2083c85e-8ea9-4018-9d70-e5844dca7936;bmeftlvl;Boost Method;button_group;false;"[{""label"":""Pilot"",""price"":""0"",""priceType"":""fixed""},{""label"":""Selfplay"",""price"":""30"",""priceType"":""percentage""}]";;;;0.00;1;2025-12-05 13:40:38.16398+00;2025-12-05 13:40:38.16398+00;fixed;false
b3f12c82-bf50-446e-8a4a-85a91dd64e5c;2083c85e-8ea9-4018-9d70-e5844dca7936;delspeedlvl;Delivery Speed;button_group;false;"[{""label"":""Normal "",""price"":""0"",""priceType"":""fixed""},{""label"":""30% Faster"",""price"":""30"",""priceType"":""percentage""}]";;;;0.00;2;2025-12-05 19:36:14.141241+00;2025-12-05 19:36:14.141241+00;fixed;false
3d4265c2-463c-468d-b637-762da117c5ff;86fd6211-27e2-43b5-992a-3df42d89ca3c;crest_type;Crest Type;button_group;false;"[{""label"":""Veteran Dawncrest"",""price"":""0.45"",""priceType"":""fixed""},{""label"":""Champion Dawncrest"",""price"":""0.90"",""priceType"":""fixed""},{""label"":""Hero Dawncrest"",""price"":""1.81"",""priceType"":""fixed""},{""label"":""Myth Dawncrest"",""price"":""3.68"",""priceType"":""fixed""}]";;;;0.00;2;2026-01-30 20:24:45.961357+00;2026-01-30 20:28:25.739761+00;fixed;false
71ee37c5-09ec-45fa-b4f7-ba14608dd271;0725d1ad-cc34-4b43-922a-91a1f013ab57;bmplatinum;Boost Mode;button_group;false;"[{""label"":""Selfplay"",""price"":""24"",""priceType"":""percentage""},{""label"":""Pilot"",""price"":""0"",""priceType"":""fixed""},{""label"":""Remote"",""price"":""24"",""priceType"":""percentage""}]";;;;0.00;0;2025-11-25 20:15:23.464175+00;2025-12-16 20:03:57.90142+00;fixed;false
a260f29d-ca6d-422b-9ebf-f5098cee8fcb;0725d1ad-cc34-4b43-922a-91a1f013ab57;regionplatnium;Region;button_group;false;"[{""label"":""EU"",""price"":""0"",""priceType"":""fixed""},{""label"":""NA"",""price"":""0"",""priceType"":""fixed""}]";;;;0.00;1;2025-11-25 20:15:40.620603+00;2025-12-16 20:03:58.11225+00;fixed;false
155e48e3-091f-4e0b-a578-c7dc3ea7d125;031c3929-d439-4985-bcc2-521e7cfd205a;regionwsgmarks;Region;button_group;false;"[{""label"":""EU"",""price"":""0"",""priceType"":""fixed""},{""label"":""NA"",""price"":""0"",""priceType"":""fixed""}]";;;;0.00;1;2025-12-02 23:53:59.632201+00;2026-02-16 15:42:19.714094+00;fixed;false
25e15561-6cc4-4c0a-a7a8-47157d95b6aa;63c4879f-0299-4b50-86d6-96604a43ab32;region;Region;button_group;false;"[{""label"":""EU"",""price"":""0"",""priceType"":""fixed""},{""label"":""NA"",""price"":""0"",""priceType"":""fixed""}]";;;;0.00;0;2026-02-02 11:50:29.019037+00;2026-02-02 11:50:29.019037+00;fixed;false
f0a7678d-225a-470b-bd15-410f86a1d982;244987e0-2f07-4fe1-8a63-37c6d7a2fd2a;boostmethodattunements;Boost Method;button_group;false;"[{""label"":""Pilot"",""price"":0,""priceType"":""fixed"",""value"":""pilot""},{""label"":""Remote"",""price"":""33"",""priceType"":""percentage"",""value"":""remote""}]";;;;0.00;0;2025-11-24 15:21:57.03904+00;2026-02-16 10:51:06.182686+00;fixed;false
adf12e95-9ce7-41c4-8ac3-8c970a2e77ce;06b6d303-4846-4c80-8fa5-1e18f230e0f8;bmavmarks;Boost Method;button_group;false;"[{""label"":""Pilot"",""price"":""0"",""priceType"":""fixed""},{""label"":""Remote"",""price"":""15"",""priceType"":""percentage""}]";;;;0.00;0;2025-12-02 23:54:30.35721+00;2026-02-16 15:42:15.344534+00;fixed;false
dbf5daf8-0de6-4fe0-b7f3-2dbf3e028ded;06b6d303-4846-4c80-8fa5-1e18f230e0f8;regavmarks;Region;button_group;false;"[{""label"":""EU"",""price"":""0"",""priceType"":""fixed""},{""label"":""NA"",""price"":""0"",""priceType"":""fixed""}]";;;;0.00;1;2025-12-02 23:54:48.5378+00;2026-02-16 15:42:15.748674+00;fixed;false
a44db114-56b1-4b69-aa53-9ae4bd3bd9c7;bfffc087-1d49-42fc-b556-caa4d071ad50;boost_method;Boost Method;button_group;false;"[{""label"":""Pilot"",""price"":""0"",""priceType"":""fixed""},{""label"":""Remote"",""price"":""30"",""priceType"":""percentage""}]";;;;0.00;0;2026-01-30 20:32:44.60888+00;2026-01-30 20:32:44.60888+00;fixed;false
1355d361-cc7e-4b84-bed7-a5494fe8c5c7;0020f314-d0a1-4d89-98b2-aeec0aaa87fb;bmprestige;Boost Method;button_group;false;"[{""label"":""Pilot"",""price"":""0"",""priceType"":""fixed""}]";;;;0.00;0;2025-12-06 16:24:05.267331+00;2025-12-06 16:24:05.267331+00;fixed;false
e6d67490-9bd4-410c-9c8c-5fc782776ed7;0020f314-d0a1-4d89-98b2-aeec0aaa87fb;delspeedeftprestige;Delivery Speed;button_group;false;"[{""label"":""Normal"",""price"":""0"",""priceType"":""fixed""},{""label"":""30% Faster"",""price"":""30"",""priceType"":""percentage""}]";;;;0.00;1;2025-12-06 16:24:52.603596+00;2025-12-06 16:24:52.603596+00;fixed;false
36a0539d-10d1-481c-adb1-f248bc1a8136;3394c522-8d04-4e09-bcee-060ee937b52b;legoeftachieve;Legendary Achievements;checkbox;false;"[{""label"":""Firefly"",""price"":""19"",""priceType"":""fixed""},{""label"":""Master of ULTRA"",""price"":""999"",""priceType"":""fixed""},{""label"":""Snowball"",""price"":""299"",""priceType"":""fixed""}]";;;;0.00;2;2025-12-07 19:12:36.836116+00;2025-12-07 19:12:36.836116+00;fixed;false
efa197bf-3c00-4a38-9126-4d15f13004f4;b79d7b26-bfd2-4ac5-8750-b151ec36ca75;serverscav;Server;button_group;false;"[{""label"":""PVP"",""price"":""0"",""priceType"":""fixed""},{""label"":""PVE"",""price"":""0"",""priceType"":""fixed""}]";;;;0.00;0;2025-12-06 20:45:48.687246+00;2025-12-06 20:48:36.5741+00;fixed;false
f23119d4-9076-4e08-9e69-6293f968b779;b79d7b26-bfd2-4ac5-8750-b151ec36ca75;bmscavkarma;Boost Method;button_group;false;"[{""label"":""Pilot"",""price"":""0"",""priceType"":""fixed""}]";;;;0.00;1;2025-12-06 20:46:11.736894+00;2025-12-06 20:48:51.486101+00;fixed;false
3364a3a2-3e75-4be3-be3a-8757fe752af3;b79d7b26-bfd2-4ac5-8750-b151ec36ca75;addoptscav;Additional Options;button_group;false;"[{""label"":""Normal"",""price"":""0"",""priceType"":""fixed""},{""label"":""Express"",""price"":""30"",""priceType"":""percentage""}]";;;;0.00;2;2025-12-06 20:49:16.867666+00;2025-12-06 20:49:16.867666+00;fixed;false
5cae863e-672e-421d-abb0-913535dd41f0;ba6025ed-7681-4d28-8aa3-06c474fde6c7;hidoutleveleft;Hideout Level ;button_group;false;"[{""label"":""Hideout Level 1"",""price"":""119"",""priceType"":""fixed""},{""label"":""Hideout Level 2"",""price"":""329"",""priceType"":""fixed""},{""label"":""Hideout Level 3"",""price"":""859"",""priceType"":""fixed""}]";;;;0.00;1;2025-12-06 20:54:12.651205+00;2025-12-06 20:54:12.651205+00;fixed;false
825b9437-f5b1-45ce-9efe-8053a64391f6;ba6025ed-7681-4d28-8aa3-06c474fde6c7;delspeedhdeout;Delivery Speed;button_group;false;"[{""label"":""Normal"",""price"":""0"",""priceType"":""fixed""},{""label"":""30% Faster"",""price"":""30"",""priceType"":""percentage""}]";;;;0.00;2;2025-12-06 20:55:06.417448+00;2025-12-06 20:55:06.417448+00;fixed;false
4729a50b-adb4-443e-b01e-89e57a1497be;ba6025ed-7681-4d28-8aa3-06c474fde6c7;bmefthideout;Boost Method;button_group;false;"[{""label"":""Pilot"",""price"":""0"",""priceType"":""fixed""}]";;;;0.00;0;2025-12-06 20:52:52.162654+00;2025-12-06 20:56:04.73812+00;fixed;false
ef8ba9bb-249d-459b-a2f6-84ac3b76cd75;f6087ad0-94c2-4cdb-a770-23ed9d2cf729;bmfleamarket;Boost Method;button_group;false;"[{""label"":""Selfplay"",""price"":""15"",""priceType"":""percentage""},{""label"":""Pilot"",""price"":""0"",""priceType"":""fixed""}]";;;;0.00;0;2025-12-06 21:14:58.844331+00;2025-12-06 21:14:58.844331+00;fixed;false
b116c1c5-ce40-4d8e-a3cd-02fac269d2e3;f6087ad0-94c2-4cdb-a770-23ed9d2cf729;delspeedflea;Delivery Speed;button_group;false;"[{""label"":""Normal"",""price"":""0"",""priceType"":""fixed""},{""label"":""30% Faster"",""price"":""30"",""priceType"":""percentage""}]";;;;0.00;1;2025-12-06 21:15:34.06696+00;2025-12-06 21:15:34.06696+00;fixed;false
6d4cd3af-2fc8-4db9-813a-8d5d4b3c20a2;63c4879f-0299-4b50-86d6-96604a43ab32;cloth_type;Cloth Type;button_group;false;"[{""label"":""Primal Cloth"",""price"":""0"",""priceType"":""fixed""},{""label"":""Shadowcloth"",""price"":""0"",""priceType"":""fixed""},{""label"":""Mooncloth"",""price"":""0"",""priceType"":""fixed""}]";;;;0.00;1;2026-02-02 11:51:03.758024+00;2026-02-02 11:51:03.758024+00;fixed;false
91b3636a-ce15-4b3a-b2d6-b9931da498fb;4a47d637-ebb6-4913-b546-8061acff7ab4;cardseftbtc;Cards;select;false;"[{""label"":""1 Card"",""price"":""3"",""priceType"":""fixed""},{""label"":""2 Cards"",""price"":""6"",""priceType"":""fixed""},{""label"":""3 Cards"",""price"":""9"",""priceType"":""fixed""},{""label"":""4 Cards"",""price"":""12"",""priceType"":""fixed""},{""label"":""5 Cards"",""price"":""15"",""priceType"":""fixed""},{""label"":""6 Cards"",""price"":""18"",""priceType"":""fixed""},{""label"":""7 Cards"",""price"":""21"",""priceType"":""fixed""},{""label"":""8 Cards"",""price"":""24"",""priceType"":""fixed""},{""label"":""9 Cards"",""price"":""27"",""priceType"":""fixed""},{""label"":""10 Cards"",""price"":""30"",""priceType"":""fixed""}]";;;;0.00;0;2025-12-06 21:42:23.220849+00;2025-12-06 21:42:23.220849+00;fixed;false
9dbfc091-7cd0-4e6b-af0a-6775b3c503f9;4a47d637-ebb6-4913-b546-8061acff7ab4;delspeedbtc;Delivery Speed;button_group;false;"[{""label"":""Normal"",""price"":""0"",""priceType"":""fixed""},{""label"":""30% Faster"",""price"":""30"",""priceType"":""percentage""}]";;;;0.00;1;2025-12-06 21:42:45.453772+00;2025-12-06 21:42:45.453772+00;fixed;false
6892f67c-0462-47af-8869-1576075a98d5;3394c522-8d04-4e09-bcee-060ee937b52b;commonachive;Common Achievements;checkbox;false;"[{""label"":""Art of Style"",""price"":""12"",""priceType"":""fixed""},{""label"":""BEAR With Me"",""price"":""12"",""priceType"":""fixed""},{""label"":""Call Your Brother"",""price"":""12"",""priceType"":""fixed""},{""label"":""Deal to Make"",""price"":""10"",""priceType"":""fixed""},{""label"":""First Time Always Hurts"",""price"":""12"",""priceType"":""fixed""},{""label"":""Funny Graveyard Keeper"",""price"":""12"",""priceType"":""fixed""},{""label"":""Grouse Hunting"",""price"":""10"",""priceType"":""fixed""},{""label"":""Make a Notch"",""price"":""12"",""priceType"":""fixed""},{""label"":""Now There Are Three of Them!"",""price"":""19"",""priceType"":""fixed""},{""label"":""PMC's Best Friend"",""price"":""9"",""priceType"":""fixed""},{""label"":""Sanatorium Orderly"",""price"":""9"",""priceType"":""fixed""},{""label"":""Silence of the Sawmill"",""price"":""9"",""priceType"":""fixed""},{""label"":""Traveler"",""price"":""49"",""priceType"":""fixed""},{""label"":""U-SUCC"",""price"":""9"",""priceType"":""fixed""}]";;;;0.00;0;2025-12-07 19:05:43.837245+00;2025-12-07 19:05:43.837245+00;fixed;false
b93cf105-577f-4f15-81ed-c76b6513b755;3394c522-8d04-4e09-bcee-060ee937b52b;rareachieveeft;Rare Achievements;checkbox;false;"[{""label"":""Another Cold Case"",""price"":""129"",""priceType"":""fixed""},{""label"":""Blind Fury"",""price"":""12"",""priceType"":""fixed""},{""label"":""Hammer and Scythe"",""price"":""119"",""priceType"":""fixed""},{""label"":""I Hear the Voice of Darkness"",""price"":""99"",""priceType"":""fixed""},{""label"":""King of the Sawmill"",""price"":""119"",""priceType"":""fixed""},{""label"":""Long Live the King!"",""price"":""159"",""priceType"":""fixed""},{""label"":""Old Dog With Old Tricks"",""price"":""159"",""priceType"":""fixed""},{""label"":""PMC"",""price"":""1650"",""priceType"":""fixed""},{""label"":""Ready for Anything"",""price"":""59"",""priceType"":""fixed""},{""label"":""Smoke the Peace Pipe"",""price"":""109"",""priceType"":""fixed""},{""label"":""The Red Book"",""price"":""109"",""priceType"":""fixed""},{""label"":""This Is a Tarkov Showdown"",""price"":""159"",""priceType"":""fixed""},{""label"":""What Not To Wear"",""price"":""159"",""priceType"":""fixed""},{""label"":""Who Called the Doctor?"",""price"":""119"",""priceType"":""fixed""}]";;;;0.00;1;2025-12-07 19:09:58.561515+00;2025-12-07 19:09:58.561515+00;fixed;false
11855147-fa7a-4165-bf63-b8392566eb8d;3394c522-8d04-4e09-bcee-060ee937b52b;delspeedachieve;Delivery Speed;button_group;false;"[{""label"":""Normal"",""price"":""0"",""priceType"":""fixed""},{""label"":""30% Faster"",""price"":""30"",""priceType"":""percentage""}]";;;;0.00;3;2025-12-07 19:13:00.121468+00;2025-12-07 19:13:00.121468+00;fixed;false
f2ca1425-99f8-4ec7-9b2e-d55b12e2dc62;5bf12cb4-3891-4766-b584-b372ee609ca5;s;Server;button_group;false;"[{""label"":""PvP"",""price"":50,""priceType"":""percentage"",""value"":""pvp""},{""label"":""PVE"",""price"":0,""priceType"":""fixed"",""value"":""pve""}]";;;;0.00;0;2025-12-08 22:18:48.243857+00;2026-01-09 07:15:35.656321+00;fixed;false
c94b98de-dc93-4560-b45c-a038801661a7;8e664ef0-fdf7-4514-adb4-1dc575e51125;s;Server;button_group;false;"[{""label"":""PvP"",""price"":50,""priceType"":""percentage"",""value"":""pvp""},{""label"":""PVE"",""price"":0,""priceType"":""fixed"",""value"":""pve""}]";;;;0.00;0;2025-12-08 22:18:48.243857+00;2026-01-09 07:15:35.656321+00;fixed;false
909e409d-381e-45e0-98cb-3ff62489fdf3;1cec85a0-8ee1-4281-b439-e71b8922b995;boost_method;Boost Method;button_group;false;"[{""label"":""Pilot"",""price"":""0"",""priceType"":""fixed""},{""label"":""Selfplay"",""price"":""0"",""priceType"":""fixed""},{""label"":""Remote"",""price"":""30"",""priceType"":""percentage""}]";;;;0.00;0;2026-01-30 20:39:06.403984+00;2026-01-30 20:43:41.881873+00;fixed;false
28e4d2fb-87b7-4fb6-bb72-6af390f84c61;63c4879f-0299-4b50-86d6-96604a43ab32;delivery_details;Delivery Details;text;false;;;;;0.00;2;2026-02-02 11:54:35.976211+00;2026-02-02 11:54:35.976211+00;fixed;false
1694dccb-e5fe-4c4e-8742-fddcb8dca672;ee81e26c-d1a5-4fdf-8f9b-8bb3bc33ca61;boost_method;Boost Method;button_group;false;"[{""label"":""Pilot"",""price"":""0"",""priceType"":""fixed""},{""label"":""Remote"",""price"":""30"",""priceType"":""percentage""}]";;;;0.00;0;2026-02-09 18:55:22.705551+00;2026-02-09 18:55:22.705551+00;fixed;false
b3a9d0d3-387a-4bc8-9262-442d8a63078d;bf24b415-4b2d-4980-bb0e-fac51bc02803;bmquestslightkeeper;Boost Method;button_group;false;"[{""label"":""Pilot"",""price"":""0"",""priceType"":""fixed""},{""label"":""Selfplay"",""price"":""30"",""priceType"":""percentage""}]";;;;0.00;1;2025-12-10 18:00:26.209605+00;2025-12-10 18:07:27.68362+00;fixed;false
7526e921-8b54-434f-8bd3-203e053afc22;bf24b415-4b2d-4980-bb0e-fac51bc02803;bmquestslightkeeper;Server;button_group;false;"[{""label"":""PvP"",""price"":""0"",""priceType"":""percentage""},{""label"":""PvE"",""price"":""0"",""priceType"":""fixed""}]";;;;0.00;0;2025-12-10 18:00:05.82537+00;2025-12-10 18:05:44.060053+00;fixed;false
fd1aae00-d68f-40b6-b0a1-b58d845f8102;58004f5d-799a-43da-92d7-23994c13f4ff;ragmansew;Sew it Good;checkbox;false;"[{""label"":""Sew it Good Part 1 "",""price"":""12"",""priceType"":""fixed""},{""label"":""Sew it Good Part 2"",""price"":""12"",""priceType"":""fixed""},{""label"":""Sew it Good Part 3"",""price"":""49"",""priceType"":""fixed""},{""label"":""Sew it Good Part 4"",""price"":""19"",""priceType"":""fixed""}]";;;;0.00;6;2025-12-12 22:02:33.962534+00;2025-12-12 22:02:33.962534+00;fixed;false
e3e4718c-297f-49db-bdba-502f8b718ed2;58004f5d-799a-43da-92d7-23994c13f4ff;textileragman;Textile;checkbox;false;"[{""label"":""Textile Part 1"",""price"":""19"",""priceType"":""fixed""},{""label"":""Textile Part 2"",""price"":""19"",""priceType"":""fixed""}]";;;;0.00;7;2025-12-12 22:03:03.145156+00;2025-12-12 22:03:03.145156+00;fixed;false
66bab9f7-ec2e-4943-bc1d-44b2804ae4c6;bf24b415-4b2d-4980-bb0e-fac51bc02803;questslightkeeper2;Quests;checkbox;false;"[{""label"":""Following the Bread Crumbs"",""price"":""69"",""priceType"":""fixed""},{""label"":""Information Source"",""price"":""39"",""priceType"":""fixed""},{""label"":""Missing Informant"",""price"":""19"",""priceType"":""fixed""},{""label"":""Snatch"",""price"":""39"",""priceType"":""fixed""},{""label"":""Return the Favor"",""price"":""89"",""priceType"":""fixed""},{""label"":""Payback"",""price"":""69"",""priceType"":""fixed""},{""label"":""Provocation"",""price"":""109"",""priceType"":""fixed""},{""label"":""Spotter"",""price"":""39"",""priceType"":""fixed""},{""label"":""Make an Impression"",""price"":""69"",""priceType"":""fixed""},{""label"":""Trouble in the Big City"",""price"":""229"",""priceType"":""fixed""}]";;;;0.00;2;2025-12-10 18:02:25.024563+00;2025-12-10 18:07:05.745738+00;fixed;false
7de734e2-9cfa-4043-adcb-5c5c5d145a02;9090c2e2-8451-48a7-b9ef-60fe8eabb118;therapist;Server;button_group;false;"[{""label"":""PvP"",""price"":""0"",""priceType"":""fixed""},{""label"":""PvE"",""price"":""0"",""priceType"":""fixed""}]";;;;0.00;0;2025-12-10 18:16:06.014102+00;2025-12-10 18:16:06.014102+00;fixed;false
174229ab-b519-48d9-9d3f-45a6d814bf67;9090c2e2-8451-48a7-b9ef-60fe8eabb118;bmtherapists;Boost Method;button_group;false;"[{""label"":""Pilot"",""price"":""0"",""priceType"":""fixed""},{""label"":""Selfplay"",""price"":""30"",""priceType"":""percentage""}]";;;;0.00;1;2025-12-10 18:16:29.2437+00;2025-12-10 18:16:29.2437+00;fixed;false
882f44ba-361c-442c-85ec-3ced85b38dbc;9090c2e2-8451-48a7-b9ef-60fe8eabb118;bmquests;Quests;checkbox;false;"[{""label"":""First in Line"",""price"":""9"",""priceType"":""fixed""},{""label"":""Shortage"",""price"":""19"",""priceType"":""fixed""},{""label"":""Painkiller"",""price"":""17"",""priceType"":""fixed""},{""label"":""Pharmacist"",""price"":""12"",""priceType"":""fixed""},{""label"":""Car Repair"",""price"":""35"",""priceType"":""fixed""},{""label"":""Disease History"",""price"":""18"",""priceType"":""fixed""},{""label"":""Supply Plans"",""price"":""18"",""priceType"":""fixed""},{""label"":""An Apple a Day Keeps the Doctor Away"",""price"":""6"",""priceType"":""fixed""},{""label"":""Athlete"",""price"":""7"",""priceType"":""fixed""},{""label"":""Private Clinic"",""price"":""55"",""priceType"":""fixed""},{""label"":""Decontamination Service"",""price"":""55"",""priceType"":""fixed""},{""label"":""General Wares"",""price"":""17"",""priceType"":""fixed""},{""label"":""Out of Curiosity"",""price"":""7"",""priceType"":""fixed""},{""label"":""Trust Regain"",""price"":""9"",""priceType"":""fixed""},{""label"":""Crisis"",""price"":""169"",""priceType"":""fixed""},{""label"":""Seaside Vacation"",""price"":""9"",""priceType"":""fixed""},{""label"":""Lost Contact"",""price"":""9"",""priceType"":""fixed""},{""label"":""Population Census"",""price"":""12"",""priceType"":""fixed""},{""label"":""Dangerous Road"",""price"":""17"",""priceType"":""fixed""},{""label"":""Dangerous Road"",""price"":""12"",""priceType"":""fixed""},{""label"":""Drug Trafficking"",""price"":""17"",""priceType"":""fixed""},{""label"":""Ambulances Again"",""price"":""17"",""priceType"":""fixed""},{""label"":""All is Revealed"",""price"":""12"",""priceType"":""fixed""},{""label"":""Quality Standard"",""price"":""14"",""priceType"":""fixed""},{""label"":""A Healthy Alternative"",""price"":""9"",""priceType"":""fixed""}]";;;;0.00;2;2025-12-10 18:36:05.02939+00;2025-12-10 18:36:05.02939+00;fixed;false
b5f2e66d-bdd7-40e1-acf6-48e5c234e6bf;1cec85a0-8ee1-4281-b439-e71b8922b995;region;Region;button_group;false;"[{""label"":""EU"",""price"":""0"",""priceType"":""fixed""},{""label"":""NA"",""price"":""0"",""priceType"":""fixed""}]";;;;0.00;1;2026-01-30 20:39:21.078924+00;2026-01-30 20:39:21.078924+00;fixed;false
c8ebf54b-431c-4a1d-8604-f8040a2a10e2;9ed48b8f-6644-40c1-9fce-8bc6a5a90c79;region;Region;button_group;false;"[{""label"":""EU"",""price"":""0"",""priceType"":""fixed""},{""label"":""NA"",""price"":""0"",""priceType"":""fixed""}]";;;;0.00;0;2026-02-03 11:08:41.970382+00;2026-02-03 11:08:41.970382+00;fixed;false
29b6226c-e55e-459f-8da0-5701f667e1a0;9090c2e2-8451-48a7-b9ef-60fe8eabb118;Pets wont Need It1 ;Pets wont Need It ;checkbox;false;"[{""label"":""Pets wont Need It Part 1 "",""price"":""17"",""priceType"":""fixed""},{""label"":""Pets wont Need It  Part 2"",""price"":""17"",""priceType"":""fixed""}]";;;;0.00;6;2025-12-10 18:48:32.849309+00;2025-12-10 19:42:36.420579+00;fixed;false
994048e4-35ce-4a34-9c1d-956065ea7716;9090c2e2-8451-48a7-b9ef-60fe8eabb118;Postman Pat ;Postman Pat ;checkbox;false;"[{""label"":""Postman Pat Part 2"",""price"":""7"",""priceType"":""fixed""}]";;;;0.00;7;2025-12-10 18:49:47.392408+00;2025-12-10 19:43:09.760696+00;fixed;false
53ffaa39-f7b6-41cd-9f21-ec0eeefaf2a0;9090c2e2-8451-48a7-b9ef-60fe8eabb118;Sanitary Standards1;Sanitary Standards ;checkbox;false;"[{""label"":""Sanitary Standards Part 1"",""price"":""9"",""priceType"":""fixed""},{""label"":""Sanitary Standards Part 2"",""price"":""9"",""priceType"":""fixed""}]";;;;0.00;8;2025-12-10 18:55:43.127008+00;2025-12-10 19:43:45.884875+00;fixed;false
1116b5f7-f350-4e9d-a358-cf2ada8a50f7;9090c2e2-8451-48a7-b9ef-60fe8eabb118;Echo ;Thirsty;checkbox;false;"[{""label"":""Echo"",""price"":""11"",""priceType"":""fixed""},{""label"":""Secrets "",""price"":""25"",""priceType"":""fixed""}]";;;;0.00;9;2025-12-10 18:57:35.504842+00;2025-12-10 19:44:06.919482+00;fixed;false
42805b78-8413-4230-9e83-991e3d3838b4;dc51aea4-aa84-4b8c-80ca-fd92ef06881a;Acquaintance ;Acquaintance 1;checkbox;false;"[{""label"":""Ambulance"",""price"":""27"",""priceType"":""fixed""},{""label"":""Cease Fire"",""price"":""15"",""priceType"":""fixed""},{""label"":""Courtesy Visit"",""price"":""12"",""priceType"":""fixed""},{""label"":""Fishing Place"",""price"":""27"",""priceType"":""fixed""},{""label"":""Hunter"",""price"":""599"",""priceType"":""fixed""},{""label"":""Hunting Trip"",""price"":""65"",""priceType"":""fixed""},{""label"":""Nostalgia"",""price"":""15"",""priceType"":""fixed""},{""label"":""Reserve"",""price"":""10"",""priceType"":""fixed""},{""label"":""Pest Control"",""price"":""50"",""priceType"":""fixed""},{""label"":""Shady Business"",""price"":""30"",""priceType"":""fixed""},{""label"":""Slaughterhouse"",""price"":""160"",""priceType"":""fixed""},{""label"":""Every Hunter Knows This"",""price"":""12"",""priceType"":""fixed""},{""label"":""Rough Tarkov"",""price"":""12"",""priceType"":""fixed""},{""label"":""Dragnet"",""price"":""10"",""priceType"":""fixed""},{""label"":""Stray Dogs"",""price"":""180"",""priceType"":""fixed""},{""label"":""Swift One"",""price"":""115"",""priceType"":""fixed""},{""label"":""Claustrophobia"",""price"":""50"",""priceType"":""fixed""},{""label"":""The Delicious Sausage"",""price"":""15"",""priceType"":""fixed""},{""label"":""The Hermit"",""price"":""12"",""priceType"":""fixed""}]";;;;0.00;0;2025-12-10 19:10:19.335444+00;2025-12-10 19:10:19.335444+00;fixed;false
5c812e32-53e7-49df-80ed-b81ab83c84f6;ee81e26c-d1a5-4fdf-8f9b-8bb3bc33ca61;region;Region;button_group;false;"[{""label"":""EU"",""price"":""0"",""priceType"":""fixed""},{""label"":""NA"",""price"":""0"",""priceType"":""fixed""}]";;;;0.00;1;2026-02-09 18:55:34.107853+00;2026-02-09 18:55:34.107853+00;fixed;false
94c597b8-e936-4fc2-a263-c081d9a197f7;dc51aea4-aa84-4b8c-80ca-fd92ef06881a;TheSurvivalistPath1;The Survivalist Path;checkbox;false;"[{""label"":""Cold Blooded"",""price"":""22"",""priceType"":""fixed""},{""label"":""Combat Medic"",""price"":""22"",""priceType"":""fixed""},{""label"":""Eagle Owl"",""price"":""25"",""priceType"":""fixed""},{""label"":""Junkie"",""price"":""22"",""priceType"":""fixed""},{""label"":""Thrifty"",""price"":""13"",""priceType"":""fixed""},{""label"":""Tough Guy"",""price"":""16"",""priceType"":""fixed""},{""label"":""Unprotected but Dangerous"",""price"":""18"",""priceType"":""fixed""},{""label"":""Wounded Beast"",""price"":""16"",""priceType"":""fixed""},{""label"":""Zhivchik"",""price"":""9"",""priceType"":""fixed""}]";;;;0.00;1;2025-12-10 19:24:16.117151+00;2025-12-10 19:24:16.117151+00;fixed;false
1b87267f-09a7-4c47-b3be-7db9e12305df;9090c2e2-8451-48a7-b9ef-60fe8eabb118;Operation Aquarius1;Operation Aquarius ;checkbox;false;"[{""label"":""Operation Aquarius  Part 1 "",""price"":""7"",""priceType"":""fixed""},{""label"":""Operation Aquarius Part 2"",""price"":""14"",""priceType"":""fixed""}]";;;;0.00;5;2025-12-10 18:46:01.41336+00;2025-12-10 19:41:52.149273+00;fixed;false
296c466d-244d-45a1-89a5-cc164b6485a2;dc51aea4-aa84-4b8c-80ca-fd92ef06881a;Th TarkovShooter1;The Tarkov Shooter;checkbox;false;"[{""label"":""The Tarkov Shooter Part 1"",""price"":""17"",""priceType"":""fixed""},{""label"":""The Tarkov Shooter Part 2"",""price"":""17"",""priceType"":""fixed""},{""label"":""The Tarkov Shooter Part 3"",""price"":""17"",""priceType"":""fixed""},{""label"":""The Tarkov Shooter Part 4"",""price"":""45"",""priceType"":""fixed""},{""label"":""The Tarkov Shooter Part 5"",""price"":""27"",""priceType"":""fixed""},{""label"":""The Tarkov Shooter Part 6"",""price"":""27"",""priceType"":""fixed""},{""label"":""The Tarkov Shooter Part 7"",""price"":""27"",""priceType"":""fixed""},{""label"":""The Tarkov Shooter Part 8"",""price"":""22"",""priceType"":""fixed""}]";;;;0.00;2;2025-12-10 19:31:03.480646+00;2025-12-10 19:31:03.480646+00;fixed;false
4a2ab3df-a064-4441-af49-e81a5800ae06;dc51aea4-aa84-4b8c-80ca-fd92ef06881a;Broadcast1 ;Broadcast ;checkbox;false;"[{""label"":""Broadcast Part 3"",""price"":""13"",""priceType"":""fixed""},{""label"":""Broadcast Part 4"",""price"":""27"",""priceType"":""fixed""},{""label"":""Broadcast Part 5"",""price"":""105"",""priceType"":""fixed""}]";;;;0.00;3;2025-12-10 19:35:12.84612+00;2025-12-10 19:35:12.84612+00;fixed;false
26d4807a-86d3-4844-989c-754ac5f23801;9090c2e2-8451-48a7-b9ef-60fe8eabb118;Colleagues1;Colleagues;checkbox;false;"[{""label"":""Colleagues Part 1"",""price"":""17"",""priceType"":""fixed""},{""label"":""Colleagues Part 2"",""price"":""25"",""priceType"":""fixed""},{""label"":""Colleagues Part 3"",""price"":""139"",""priceType"":""fixed""}]";;;;0.00;3;2025-12-10 18:39:05.671504+00;2025-12-10 19:37:30.953656+00;fixed;false
a4b907ca-8ba9-4743-8f9f-aab4969c49a5;9090c2e2-8451-48a7-b9ef-60fe8eabb118;Health Care Privacy1;Health Care Privacy;checkbox;false;"[{""label"":""Health Care Privacy Part 1"",""price"":""14"",""priceType"":""fixed""},{""label"":""Health Care Privacy Part 2"",""price"":""12"",""priceType"":""fixed""},{""label"":""Health Care Privacy Part 3"",""price"":""22"",""priceType"":""fixed""},{""label"":""Health Care Privacy Part 4"",""price"":""9"",""priceType"":""fixed""},{""label"":""Health Care Privacy Part 5 "",""price"":""7"",""priceType"":""fixed""},{""label"":""Health Care Privacy Part 6"",""price"":""7"",""priceType"":""fixed""}]";;;;0.00;4;2025-12-10 18:41:36.361172+00;2025-12-10 19:40:30.467974+00;fixed;false
de074cf9-8300-45c7-8960-d3d6474d09d7;c44e51a6-6928-4e15-9740-8ddf01790e56;serverprapor;Server;button_group;false;"[{""label"":""PvP"",""price"":""0"",""priceType"":""fixed""},{""label"":""PvE"",""price"":""0"",""priceType"":""fixed""}]";;;;0.00;0;2025-12-10 19:47:42.06352+00;2025-12-10 19:47:42.06352+00;fixed;false
04acdccd-cc63-4d57-810b-6bf0714349d5;c44e51a6-6928-4e15-9740-8ddf01790e56;bmprapor;Boost Method;button_group;false;"[{""label"":""Pilot"",""price"":""0"",""priceType"":""fixed""},{""label"":""Selfplay"",""price"":""30"",""priceType"":""percentage""}]";;;;0.00;1;2025-12-10 19:48:32.347938+00;2025-12-10 19:48:32.347938+00;fixed;false
6cad1645-e73e-4473-ba0d-114f7d8b0381;c44e51a6-6928-4e15-9740-8ddf01790e56;ShootigCans;Shooting Cans;checkbox;false;"[{""label"":""Shooting Cans"",""price"":""7"",""priceType"":""fixed""},{""label"":""Debut"",""price"":""7"",""priceType"":""fixed""},{""label"":""Luxurious Life"",""price"":""7"",""priceType"":""fixed""},{""label"":""Search Mission"",""price"":""7"",""priceType"":""fixed""},{""label"":""Background Check"",""price"":""7"",""priceType"":""fixed""},{""label"":""Shootout Picnic"",""price"":""17"",""priceType"":""fixed""},{""label"":""Delivery from the Past"",""price"":""15"",""priceType"":""fixed""},{""label"":""BP Depot"",""price"":""9"",""priceType"":""fixed""},{""label"":""Bad Rep Evidence"",""price"":""9"",""priceType"":""fixed""},{""label"":""Ice Cream Cones"",""price"":""17"",""priceType"":""fixed""},{""label"":""No Place for Renegades"",""price"":""40"",""priceType"":""fixed""},{""label"":""Documents"",""price"":""12"",""priceType"":""fixed""},{""label"":""Possessor"",""price"":""7"",""priceType"":""fixed""},{""label"":""Shaking up the Teller"",""price"":""9"",""priceType"":""fixed""},{""label"":""Anesthesia"",""price"":""17"",""priceType"":""fixed""},{""label"":""Grenadier"",""price"":""39"",""priceType"":""fixed""},{""label"":""Polikhim Hobo"",""price"":""17"",""priceType"":""fixed""},{""label"":""Regulated Materials"",""price"":""69"",""priceType"":""fixed""},{""label"":""Big Customer"",""price"":""9"",""priceType"":""fixed""},{""label"":""No Offence"",""price"":""9"",""priceType"":""fixed""},{""label"":""Capturing Outposts"",""price"":""429"",""priceType"":""fixed""},{""label"":""Intimidator"",""price"":""60"",""priceType"":""fixed""},{""label"":""Escort"",""price"":""669"",""priceType"":""fixed""},{""label"":""Our Own Land"",""price"":""85"",""priceType"":""fixed""},{""label"":""Reconnaissance"",""price"":""9"",""priceType"":""fixed""},{""label"":""You've got Mail"",""price"":""7"",""priceType"":""fixed""},{""label"":""Properties All Around"",""price"":""9"",""priceType"":""fixed""},{""label"":""Best Job in the World"",""price"":""45"",""priceType"":""fixed""},{""label"":""Kings of the Rooftops"",""price"":""25"",""priceType"":""fixed""},{""label"":""Green Corridor"",""price"":""10"",""priceType"":""fixed""},{""label"":""Viewer ("",""price"":""17"",""priceType"":""fixed""}]";;;;0.00;2;2025-12-10 19:59:29.943193+00;2025-12-10 19:59:29.943193+00;fixed;false
18335bbe-aea3-4031-a8da-8426560bb236;c44e51a6-6928-4e15-9740-8ddf01790e56;Easy Job ;Easy Job ;checkbox;false;"[{""label"":""Easy Job Part 1"",""price"":""15"",""priceType"":""fixed""},{""label"":""Easy Job Part 2 "",""price"":""35"",""priceType"":""fixed""}]";;;;0.00;3;2025-12-10 20:01:48.241784+00;2025-12-10 20:01:48.241784+00;fixed;false
b887ad02-44bf-4073-b3ad-820ed969eef7;c44e51a6-6928-4e15-9740-8ddf01790e56;Gendamerie;Gendamerie ;checkbox;false;"[{""label"":""Tickets Please "",""price"":""60"",""priceType"":""fixed""},{""label"":""District Patrol "",""price"":""70"",""priceType"":""fixed""},{""label"":""Mall Cop "",""price"":""45"",""priceType"":""fixed""}]";;;;0.00;4;2025-12-10 20:04:22.335334+00;2025-12-10 20:04:22.335334+00;fixed;false
1c6a644e-5f0b-47e6-8b2d-c2a1f6725834;c44e51a6-6928-4e15-9740-8ddf01790e56;Glory CPSU ;Glory CPSU ;checkbox;false;"[{""label"":""Glory CPSU Part 1 "",""price"":""15"",""priceType"":""fixed""},{""label"":""Glory CPSU Part 2 "",""price"":""15"",""priceType"":""fixed""}]";;;;0.00;5;2025-12-10 20:06:14.160784+00;2025-12-10 20:06:14.160784+00;fixed;false
b49e6eaf-46b3-49da-bec1-b5991bc2f7bf;c44e51a6-6928-4e15-9740-8ddf01790e56;Postman Pat;Postman Pat;checkbox;false;"[{""label"":""Postman Pat Part 1"",""price"":""7"",""priceType"":""fixed""}]";;;;0.00;6;2025-12-10 20:07:15.022802+00;2025-12-10 20:07:15.022802+00;fixed;false
5dd276fa-6f5e-4791-ae6b-2b72166f2b7e;c44e51a6-6928-4e15-9740-8ddf01790e56;Test Drive ;Test Drive ;checkbox;false;"[{""label"":""Test Drive Part 1 "",""price"":""35"",""priceType"":""fixed""},{""label"":""Test Drive Part 2 "",""price"":""85"",""priceType"":""fixed""},{""label"":""Test Drive Part 3 "",""price"":""85"",""priceType"":""fixed""},{""label"":""Test Drive Part 4 "",""price"":""85"",""priceType"":""fixed""},{""label"":""Test Drive Part 5 "",""price"":""65"",""priceType"":""fixed""},{""label"":""Test Drive Part 6"",""price"":""65"",""priceType"":""fixed""}]";;;;0.00;7;2025-12-10 20:10:51.419345+00;2025-12-10 20:10:51.419345+00;fixed;false
127f2b0c-488f-4cf0-9e67-b105e5de2204;c44e51a6-6928-4e15-9740-8ddf01790e56;The Bunker ;The Bunker ;checkbox;false;"[{""label"":""The Bunker Part 1 "",""price"":""7"",""priceType"":""fixed""},{""label"":""The Bunker Part 2 "",""price"":""17"",""priceType"":""fixed""}]";;;;0.00;8;2025-12-10 20:12:08.997498+00;2025-12-10 20:12:08.997498+00;fixed;false
ada32142-389e-43e4-9627-45e7a7c8e643;c44e51a6-6928-4e15-9740-8ddf01790e56;The Punisher ;The Punisher ;checkbox;false;"[{""label"":""The Punisher Part 1 "",""price"":""15"",""priceType"":""fixed""},{""label"":""The Punisher Part 2 "",""price"":""15"",""priceType"":""fixed""},{""label"":""The Punisher Part 3 "",""price"":""17"",""priceType"":""fixed""},{""label"":""The Punisher Part 4 "",""price"":""35"",""priceType"":""fixed""},{""label"":""The Punisher Part 5 "",""price"":""30"",""priceType"":""fixed""},{""label"":""The Punisher Part 6 "",""price"":""40"",""priceType"":""fixed""}]";;;;0.00;9;2025-12-10 20:15:54.045489+00;2025-12-10 20:15:54.045489+00;fixed;false
599078bf-cfc7-4076-82d1-a11f6a9f178f;c44e51a6-6928-4e15-9740-8ddf01790e56;The Good Tomes ;The Good Tomes ;checkbox;false;"[{""label"":""Stream "",""price"":""8"",""priceType"":""fixed""}]";;;;0.00;10;2025-12-10 20:18:07.306645+00;2025-12-10 20:18:07.306645+00;fixed;false
c1411cb2-fd43-4857-912e-bdaa1513b871;c44e51a6-6928-4e15-9740-8ddf01790e56;Hell on Earth ;Hell on Earth ;checkbox;false;"[{""label"":""Hell on Earth Part 1 "",""price"":""7"",""priceType"":""fixed""},{""label"":""Hell on Earth Part 2 "",""price"":""529"",""priceType"":""fixed""}]";;;;0.00;11;2025-12-10 20:19:41.650251+00;2025-12-10 20:19:41.650251+00;fixed;false
e6ab832f-a10f-4857-ba0c-95bafe5d60b5;7ed9c712-1ffc-4460-ab87-09573dd48e42;serverPeacekeeper;Server;button_group;false;"[{""label"":""PvP"",""price"":""0"",""priceType"":""fixed""},{""label"":""PvE"",""price"":""0"",""priceType"":""fixed""}]";;;;0.00;0;2025-12-11 21:45:53.48112+00;2025-12-11 21:45:53.48112+00;fixed;false
20e53947-2073-478c-9d3b-53faaac45161;7ed9c712-1ffc-4460-ab87-09573dd48e42;Peacekeeperbm;Boost Method;button_group;false;"[{""label"":""Pilot"",""price"":""0"",""priceType"":""fixed""},{""label"":""Selfplay"",""price"":""30"",""priceType"":""percentage""}]";;;;0.00;1;2025-12-11 21:46:09.886652+00;2025-12-11 21:46:09.886652+00;fixed;false
668f87ea-0f59-44c1-a837-1db8df1ce2f8;7ed9c712-1ffc-4460-ab87-09573dd48e42;revionsquest;Revision;checkbox;false;"[{""label"":""Reserve"",""price"":""29"",""priceType"":""fixed""},{""label"":""Streets of Tarkov"",""price"":""29"",""priceType"":""fixed""},{""label"":""Lighthouse"",""price"":""29"",""priceType"":""fixed""}]";;;;0.00;5;2025-12-11 21:52:42.952953+00;2025-12-11 21:52:42.952953+00;fixed;false
ced34777-e130-4e58-a0bb-2a7e3fee4784;1bdd2a21-c793-44a5-a878-025698fd72c6;refunlock;Unlock Ref;button_group;false;"[{""label"":""Already Unlocked"",""price"":""0"",""priceType"":""fixed""},{""label"":""Add Ref Unlock"",""price"":""10"",""priceType"":""fixed""}]";;;;0.00;2;2025-12-16 16:56:11.875596+00;2025-12-16 16:56:11.875596+00;fixed;false
d46210d8-03b0-494d-aebc-af25e6edade7;7ed9c712-1ffc-4460-ab87-09573dd48e42;otherquests;Fishing Gear;checkbox;false;"[{""label"":""Fishing Gear"",""price"":""12"",""priceType"":""fixed""},{""label"":""Tiger Safari"",""price"":""12"",""priceType"":""fixed""},{""label"":""Scrap Metal"",""price"":""12"",""priceType"":""fixed""},{""label"":""Eagle Eye"",""price"":""9"",""priceType"":""fixed""},{""label"":""Humanitarian Supplies"",""price"":""17"",""priceType"":""fixed""},{""label"":""The Guide"",""price"":""79"",""priceType"":""fixed""},{""label"":""Peacekeeping Mission"",""price"":""69"",""priceType"":""fixed""},{""label"":""Mentor"",""price"":""59"",""priceType"":""fixed""},{""label"":""Samples"",""price"":""79"",""priceType"":""fixed""},{""label"":""TerraGroup Employee"",""price"":""19"",""priceType"":""fixed""},{""label"":""Counteraction"",""price"":""89"",""priceType"":""fixed""},{""label"":""Overpopulation"",""price"":""39"",""priceType"":""fixed""},{""label"":""Worst Job in the World"",""price"":""59"",""priceType"":""fixed""},{""label"":""Trophies"",""price"":""159"",""priceType"":""fixed""},{""label"":""Your Car Needs a Service"",""price"":""29"",""priceType"":""fixed""},{""label"":""Road Closed"",""price"":""19"",""priceType"":""fixed""},{""label"":""Special Equipment"",""price"":""159"",""priceType"":""fixed""},{""label"":""Classified Technologies"",""price"":""12"",""priceType"":""fixed""},{""label"":""The Cleaner"",""price"":""219"",""priceType"":""fixed""},{""label"":""Insomnia"",""price"":""59"",""priceType"":""fixed""},{""label"":""One Less Loose End"",""price"":""12"",""priceType"":""fixed""}]";;;;0.00;2;2025-12-11 21:50:27.959024+00;2025-12-11 21:50:27.959024+00;fixed;false
61e286b6-9b5c-46d2-9d1e-ac89c0237861;7ed9c712-1ffc-4460-ab87-09573dd48e42;cargoXquest;Cargo X;checkbox;false;"[{""label"":""Cargo X Part 1"",""price"":""14"",""priceType"":""fixed""},{""label"":""Cargo X Part 2"",""price"":""14"",""priceType"":""fixed""},{""label"":""Cargo X Part 3"",""price"":""14"",""priceType"":""fixed""},{""label"":""Cargo X Part 4"",""price"":""19"",""priceType"":""fixed""}]";;;;0.00;3;2025-12-11 21:51:28.629573+00;2025-12-11 21:51:28.629573+00;fixed;false
bbf25862-ce89-4c28-8b35-7383b4d878d9;7ed9c712-1ffc-4460-ab87-09573dd48e42;lendlease;Lend Lease;button_group;false;"[{""label"":""Lend Lease Part 1"",""price"":""29"",""priceType"":""fixed""},{""label"":""Lend Lease Part 2"",""price"":""39"",""priceType"":""fixed""}]";;;;0.00;4;2025-12-11 21:52:02.184118+00;2025-12-11 21:52:02.184118+00;fixed;false
8bf4649a-016d-4aed-8736-1ae0eae4eb6a;7ed9c712-1ffc-4460-ab87-09573dd48e42;spatourquest;SPA Tour;checkbox;false;"[{""label"":""SPA Tour Part 1"",""price"":""19"",""priceType"":""fixed""},{""label"":""SPA Tour Part 2"",""price"":""12"",""priceType"":""fixed""},{""label"":""SPA Tour Part 3"",""price"":""29"",""priceType"":""fixed""},{""label"":""SPA Tour Part 4"",""price"":""14"",""priceType"":""fixed""},{""label"":""SPA Tour Part 5"",""price"":""12"",""priceType"":""fixed""},{""label"":""SPA Tour Part 6"",""price"":""12"",""priceType"":""fixed""},{""label"":""SPA Tour Part 7"",""price"":""39"",""priceType"":""fixed""}]";;;;0.00;6;2025-12-11 21:55:10.39261+00;2025-12-11 21:55:10.39261+00;fixed;false
7947c984-d678-49cd-bdbe-94f0b5a560ff;7ed9c712-1ffc-4460-ab87-09573dd48e42;thecultquest;The Cult;checkbox;false;"[{""label"":""The Cult Part 1"",""price"":""12"",""priceType"":""fixed""},{""label"":""The Cult Part 2"",""price"":""39"",""priceType"":""fixed""}]";;;;0.00;7;2025-12-11 21:57:02.819755+00;2025-12-11 21:57:02.819755+00;fixed;false
076bc07c-27bb-4315-b013-daed097ad36c;7ed9c712-1ffc-4460-ab87-09573dd48e42;wetjob;Wet Job;button_group;false;"[{""label"":""Wet Job Part 1"",""price"":""19"",""priceType"":""fixed""},{""label"":""Wet Job Part 2"",""price"":""12"",""priceType"":""fixed""},{""label"":""Wet Job Part 3"",""price"":""12"",""priceType"":""fixed""},{""label"":""Wet Job Part 4"",""price"":""19"",""priceType"":""fixed""},{""label"":""Wet Job Part 5"",""price"":""19"",""priceType"":""fixed""},{""label"":""Wet Job Part 6"",""price"":""129"",""priceType"":""fixed""}]";;;;0.00;7;2025-12-11 21:59:05.127576+00;2025-12-11 21:59:05.127576+00;fixed;false
1455fb36-56c3-4af6-a4d0-545d1e64a595;3c5679e9-7585-4c66-aa0f-ccdf390b7deb;boost_method;Boost Method;button_group;false;"[{""label"":""Pilot"",""price"":""0"",""priceType"":""fixed""},{""label"":""Remote"",""price"":""30"",""priceType"":""percentage""}]";;;;0.00;0;2026-01-30 20:46:30.271676+00;2026-01-30 20:46:30.271676+00;fixed;false
c43aca94-4003-47ff-81ba-7bc58ecddef2;9ed48b8f-6644-40c1-9fce-8bc6a5a90c79;boost_method;Boost Method;button_group;false;"[{""label"":""Pilot"",""price"":""0"",""priceType"":""fixed""},{""label"":""Remote"",""price"":""30"",""priceType"":""percentage""}]";;;;0.00;1;2026-02-03 11:08:56.023613+00;2026-02-03 11:08:56.023613+00;fixed;false
4123c23d-dcd4-48a6-84f6-d9d49c8adf68;f41d104c-25fd-4c09-8abf-7c11c42bd5b0;express;Leveling Speed;button_group;false;"[{""label"":""Normal "",""price"":""0"",""priceType"":""fixed""},{""label"":""30% Faster"",""price"":""30"",""priceType"":""percentage""}]";;;;0.00;5;2025-12-12 18:36:22.479408+00;2025-12-12 18:36:22.479408+00;fixed;false
f635f17a-bb74-41a7-8584-f52ca4b78f88;58004f5d-799a-43da-92d7-23994c13f4ff;ragmanserver;Server;button_group;false;"[{""label"":""PvP"",""price"":""0"",""priceType"":""fixed""},{""label"":""PvE"",""price"":""0"",""priceType"":""fixed""}]";;;;0.00;0;2025-12-12 21:55:57.743222+00;2025-12-12 21:55:57.743222+00;fixed;false
cbb891c4-1768-46ad-a00f-7231d014dba0;58004f5d-799a-43da-92d7-23994c13f4ff;ragmanbm;Boost Method;button_group;false;"[{""label"":""Pilot"",""price"":""0"",""priceType"":""fixed""},{""label"":""Selfplay"",""price"":""30"",""priceType"":""percentage""}]";;;;0.00;1;2025-12-12 21:56:15.71515+00;2025-12-12 21:56:15.71515+00;fixed;false
64c0d4a2-6997-45cd-89f4-e79785d17e3a;58004f5d-799a-43da-92d7-23994c13f4ff;fuelragman;A Fuel Matter;checkbox;false;"[{""label"":""A Fuel Matter"",""price"":""9"",""priceType"":""fixed""},{""label"":""Audiophile"",""price"":""9"",""priceType"":""fixed""},{""label"":""Ballet Lover"",""price"":""9"",""priceType"":""fixed""},{""label"":""Big Sale"",""price"":""9"",""priceType"":""fixed""},{""label"":""Booze"",""price"":""69"",""priceType"":""fixed""},{""label"":""Charisma Brings Succes"",""price"":""99"",""priceType"":""fixed""},{""label"":""Dressed to Kill"",""price"":""9"",""priceType"":""fixed""},{""label"":""Gratitude"",""price"":""9"",""priceType"":""fixed""},{""label"":""Hot Delivery"",""price"":""10"",""priceType"":""fixed""},{""label"":""Inventory Check"",""price"":""9"",""priceType"":""fixed""},{""label"":""Long Line"",""price"":""49"",""priceType"":""fixed""},{""label"":""Make ULTRA Great Again"",""price"":""19"",""priceType"":""fixed""},{""label"":""Minibus"",""price"":""9"",""priceType"":""fixed""},{""label"":""No Fuss Needed"",""price"":""39"",""priceType"":""fixed""},{""label"":""Only Business"",""price"":""19"",""priceType"":""fixed""},{""label"":""Out of Time"",""price"":""9"",""priceType"":""fixed""},{""label"":""Sales Night"",""price"":""19"",""priceType"":""fixed""},{""label"":""Scavenger"",""price"":""149"",""priceType"":""fixed""},{""label"":""Supervisor"",""price"":""9"",""priceType"":""fixed""},{""label"":""The Key to Success"",""price"":""12"",""priceType"":""fixed""},{""label"":""The Stylish One"",""price"":""459"",""priceType"":""fixed""}]";;;;0.00;2;2025-12-12 21:59:32.726824+00;2025-12-12 21:59:32.726824+00;fixed;false
c2b59b8d-a32c-438f-b894-bf931e26207c;58004f5d-799a-43da-92d7-23994c13f4ff;livingragman;Living High is not A Crime;checkbox;false;"[{""label"":""Living High is not A Crime Part 1"",""price"":""19"",""priceType"":""fixed""},{""label"":""Living High is not A Crime Part 2"",""price"":""29"",""priceType"":""fixed""}]";;;;0.00;4;2025-12-12 22:00:50.991414+00;2025-12-12 22:00:50.991414+00;fixed;false
f28ab7f2-f5b0-4192-af7c-78649bb8cb2e;58004f5d-799a-43da-92d7-23994c13f4ff;databaseragman;Database;checkbox;false;"[{""label"":""Database Part 1"",""price"":""9"",""priceType"":""fixed""},{""label"":""Database Part 2"",""price"":""9"",""priceType"":""fixed""}]";;;;0.00;3;2025-12-12 22:00:04.150457+00;2025-12-12 22:00:59.686648+00;fixed;false
752d2ec7-8b8f-460c-9172-10978cd2ae53;58004f5d-799a-43da-92d7-23994c13f4ff;overseasragman;Overseas Trust;checkbox;false;"[{""label"":""Overseas Trust Part 1"",""price"":""19"",""priceType"":""fixed""},{""label"":""Overseas Trust Part 2"",""price"":""29"",""priceType"":""fixed""}]";;;;0.00;5;2025-12-12 22:01:32.999805+00;2025-12-12 22:01:32.999805+00;fixed;false
c100b975-426c-45d2-98e9-37b6608b5c1c;58004f5d-799a-43da-92d7-23994c13f4ff;bloodragman;The Blood of War;checkbox;false;"[{""label"":""The Blood of War Part 1"",""price"":""9"",""priceType"":""fixed""},{""label"":""The Blood of War Part 2"",""price"":""9"",""priceType"":""fixed""},{""label"":""The Blood of War Part 3"",""price"":""9"",""priceType"":""fixed""}]";;;;0.00;8;2025-12-12 22:03:54.072916+00;2025-12-12 22:04:53.197715+00;fixed;false
946e1697-aeac-4af5-a60c-5d82b9c8dcb5;3c5679e9-7585-4c66-aa0f-ccdf390b7deb;achievement;Achievement;button_group;false;"[{""label"":""My Shady Nemesis "",""price"":""159"",""priceType"":""fixed""},{""label"":""Lighting the Dark "",""price"":""169"",""priceType"":""fixed""},{""label"":""Let Me Solo Him: Nullaeus "",""price"":""179"",""priceType"":""fixed""},{""label"":""Fabled Let Me Solo Him: Nullaeus "",""price"":""999"",""priceType"":""fixed""}]";;;;0.00;1;2026-01-30 20:47:36.287538+00;2026-01-30 20:47:36.287538+00;fixed;false
f2e643d0-5035-469f-9de3-5ea2c66feb75;4b7324c2-79f9-4502-aa15-e1528e75dae1;skierserver;Server;button_group;false;"[{""label"":""PvP"",""price"":""0"",""priceType"":""fixed""},{""label"":""PvE"",""price"":""0"",""priceType"":""fixed""}]";;;;0.00;0;2025-12-13 17:43:20.170441+00;2025-12-13 17:43:20.170441+00;fixed;false
dd26b28d-2bb0-4ee1-bcba-bb97165f5c0e;4b7324c2-79f9-4502-aa15-e1528e75dae1;bmskier;Boost Method;button_group;false;"[{""label"":""Pilot"",""price"":""0"",""priceType"":""fixed""},{""label"":""Selfplay"",""price"":""30"",""priceType"":""percentage""}]";;;;0.00;1;2025-12-13 17:43:35.201241+00;2025-12-13 17:43:35.201241+00;fixed;false
9ae81e9a-8ea0-4982-90b0-6c4fbfd28931;4b7324c2-79f9-4502-aa15-e1528e75dae1;otherskier;Other Quests;checkbox;false;"[{""label"":""Bullshit"",""price"":""19"",""priceType"":""fixed""},{""label"":""Chumming"",""price"":""59"",""priceType"":""fixed""},{""label"":""Debtor"",""price"":""14"",""priceType"":""fixed""},{""label"":""Flint"",""price"":""9"",""priceType"":""fixed""},{""label"":""Golden Swag"",""price"":""14"",""priceType"":""fixed""},{""label"":""Informed Means Armed"",""price"":""26"",""priceType"":""fixed""},{""label"":""Pyramid Scheme"",""price"":""39"",""priceType"":""fixed""},{""label"":""Kind of Sabotage"",""price"":""9"",""priceType"":""fixed""},{""label"":""Long Road"",""price"":""19"",""priceType"":""fixed""},{""label"":""Loyalty Buyout"",""price"":""12"",""priceType"":""fixed""},{""label"":""Missing Cargo"",""price"":""12"",""priceType"":""fixed""},{""label"":""The Walls have Eyes"",""price"":""14"",""priceType"":""fixed""},{""label"":""Night Sweep"",""price"":""249"",""priceType"":""fixed""},{""label"":""Rigged Game"",""price"":""19"",""priceType"":""fixed""},{""label"":""Safe Corridor"",""price"":""24"",""priceType"":""fixed""},{""label"":""Exit Here"",""price"":""9"",""priceType"":""fixed""},{""label"":""Setup"",""price"":""29"",""priceType"":""fixed""},{""label"":""Silent Caliber"",""price"":""39"",""priceType"":""fixed""},{""label"":""Burning Rubber"",""price"":""9"",""priceType"":""fixed""},{""label"":""Serious Allegations"",""price"":""12"",""priceType"":""fixed""},{""label"":""Proper Comeback"",""price"":""19"",""priceType"":""fixed""},{""label"":""No Swiping"",""price"":""69"",""priceType"":""fixed""},{""label"":""Minute of Fame"",""price"":""12"",""priceType"":""fixed""},{""label"":""Stirrup"",""price"":""14"",""priceType"":""fixed""},{""label"":""Supplier"",""price"":""14"",""priceType"":""fixed""},{""label"":""The Extortionist"",""price"":""12"",""priceType"":""fixed""},{""label"":""Top Secret"",""price"":""12"",""priceType"":""fixed""},{""label"":""What's on the Flash Drive?"",""price"":""19"",""priceType"":""fixed""}]";;;;0.00;2;2025-12-13 17:49:04.077614+00;2025-12-13 17:49:04.077614+00;fixed;false
4de04d6c-cba4-4192-af15-48a5194d62a2;4b7324c2-79f9-4502-aa15-e1528e75dae1;meatskier;Beyond the Red Meat;checkbox;false;"[{""label"":""Beyond the Red Meat Part 1"",""price"":""14"",""priceType"":""fixed""},{""label"":""Beyond the Red Meat Part 2"",""price"":""19"",""priceType"":""fixed""}]";;;;0.00;3;2025-12-13 20:18:25.945383+00;2025-12-13 20:18:25.945383+00;fixed;false
4cc9b424-39e7-48ee-b345-04668f0ed72e;4b7324c2-79f9-4502-aa15-e1528e75dae1;Chemicalskier;Chemical;checkbox;false;"[{""label"":""Chemical Part 1"",""price"":""14"",""priceType"":""fixed""},{""label"":""Chemical Part 2"",""price"":""14"",""priceType"":""fixed""},{""label"":""Chemical Part 3"",""price"":""14"",""priceType"":""fixed""},{""label"":""Chemical Part 4"",""price"":""14"",""priceType"":""fixed""}]";;;;0.00;4;2025-12-13 20:19:21.452836+00;2025-12-13 20:19:21.452836+00;fixed;false
b9ea64a7-52d4-41e5-8947-56462616db6a;4b7324c2-79f9-4502-aa15-e1528e75dae1;skeirwest;Friend from the West;checkbox;false;"[{""label"":""Friend from the West Part 1"",""price"":""29"",""priceType"":""fixed""},{""label"":""Friend from the West Part 2"",""price"":""12"",""priceType"":""fixed""}]";;;;0.00;5;2025-12-13 20:19:53.757497+00;2025-12-13 20:19:53.757497+00;fixed;false
2a2d9fb8-55bf-4188-a97d-7ba3ddc7e1d8;4b7324c2-79f9-4502-aa15-e1528e75dae1;skeirhouse;House Arrest;checkbox;false;"[{""label"":""House Arrest Part 1"",""price"":""19"",""priceType"":""fixed""},{""label"":""House Arrest Part 2"",""price"":""19"",""priceType"":""fixed""}]";;;;0.00;6;2025-12-13 20:20:19.184826+00;2025-12-13 20:20:19.184826+00;fixed;false
e40f1061-8a78-4606-a8be-fe793e947b3c;4b7324c2-79f9-4502-aa15-e1528e75dae1;lendskier;Lend Lease;checkbox;false;"[{""label"":""Lend Lease"",""price"":""29"",""priceType"":""fixed""}]";;;;0.00;7;2025-12-13 20:20:46.971661+00;2025-12-13 20:20:46.971661+00;fixed;false
90412739-45cd-4f45-9e59-582bb5fa7155;4b7324c2-79f9-4502-aa15-e1528e75dae1;vitaminsskier;Vitamins;checkbox;false;"[{""label"":""Vitamins Part 1"",""price"":""19"",""priceType"":""fixed""},{""label"":""Vitamins Part 2"",""price"":""39"",""priceType"":""fixed""}]";;;;0.00;8;2025-12-13 20:21:26.060757+00;2025-12-13 20:21:26.060757+00;fixed;false
e6b61734-ff4a-451c-afd9-48c513be3a9e;4b7324c2-79f9-4502-aa15-e1528e75dae1;easymoney;Easy Money;checkbox;false;"[{""label"":""Easy Money"",""price"":""12"",""priceType"":""fixed""}]";;;;0.00;9;2025-12-13 20:21:45.326832+00;2025-12-13 20:21:45.326832+00;fixed;false
d952b1da-0ae1-445d-82a5-8a93115e7cf1;4b7324c2-79f9-4502-aa15-e1528e75dae1;thirsty;Thirsty;checkbox;false;"[{""label"":""Breadwinner"",""price"":""24"",""priceType"":""fixed""},{""label"":""Delivery"",""price"":""12"",""priceType"":""fixed""}]";;;;0.00;10;2025-12-13 20:22:16.608905+00;2025-12-13 20:22:16.608905+00;fixed;false
32f290d8-eec9-4e11-899c-d429b2f77706;2e200164-35dc-42df-a478-7714265fae76;bmdivine;Boost Mode;button_group;false;"[{""label"":""Pilot"",""price"":""0"",""priceType"":""fixed""},{""label"":""Selfplay"",""price"":""0"",""priceType"":""fixed""}]";;;;0.00;0;2025-12-13 20:35:45.724243+00;2025-12-13 20:35:45.724243+00;fixed;false
84353940-d152-4dd3-8fdc-29f4f616c9c7;2e200164-35dc-42df-a478-7714265fae76;divineplatform;Platform;button_group;false;"[{""label"":""PC"",""price"":""0"",""priceType"":""fixed""},{""label"":""PSN"",""price"":""0"",""priceType"":""fixed""},{""label"":""XBOX"",""price"":""0"",""priceType"":""fixed""}]";;;;0.00;1;2025-12-13 20:36:50.810135+00;2025-12-13 20:36:50.810135+00;fixed;false
f7bccea9-4d88-4a3b-aeaa-c4c8cdb8d9fa;2e200164-35dc-42df-a478-7714265fae76;divineoption;Divine Gifts;checkbox;false;"[{""label"":""Divine Bounty"",""price"":""29"",""priceType"":""fixed""},{""label"":""Divine Endurance"",""price"":""29"",""priceType"":""fixed""},{""label"":""Divine Vigor"",""price"":""29"",""priceType"":""fixed""},{""label"":""Divine Insight"",""price"":""29"",""priceType"":""fixed""},{""label"":""Divine Resolve"",""price"":""29"",""priceType"":""fixed""},{""label"":""Divine Favor"",""price"":""29"",""priceType"":""fixed""},{""label"":""Divine Grace"",""price"":""29"",""priceType"":""fixed""},{""label"":""Divine Recovery"",""price"":""29"",""priceType"":""fixed""}]";;;;0.00;2;2025-12-13 20:38:50.510547+00;2025-12-13 20:38:50.510547+00;fixed;false
a43e81d3-d4d1-4ce7-a80d-a0ccb2bb7167;d38d288b-fa64-49e4-941a-269b031a93bb;bmseason;Boost Mode;button_group;false;"[{""label"":""Pilot"",""price"":""0"",""priceType"":""fixed""},{""label"":""Selfplay"",""price"":""0"",""priceType"":""fixed""}]";;;;0.00;0;2025-12-14 15:13:40.414721+00;2025-12-14 15:13:40.414721+00;fixed;false
4d867a88-4ef6-4d0d-a9a6-84c2ee3294d3;d38d288b-fa64-49e4-941a-269b031a93bb;platformrank;Platform;button_group;false;"[{""label"":""PC"",""price"":""0"",""priceType"":""fixed""},{""label"":""PSN"",""price"":""0"",""priceType"":""fixed""},{""label"":""XBOX"",""price"":""0"",""priceType"":""fixed""}]";;;;0.00;1;2025-12-14 15:14:04.932468+00;2025-12-14 15:14:04.932468+00;fixed;false
1450dafa-55d3-47ba-8829-064c6b80c24b;2dec039d-20db-4e0e-be07-f4de8cdc9d24;campbm;Boost Mode;button_group;false;"[{""label"":""Pilot"",""price"":""0"",""priceType"":""fixed""}]";;;;0.00;0;2025-12-14 15:21:18.817766+00;2025-12-14 15:21:18.817766+00;fixed;false
cfbd65d0-3cd1-4934-aa61-76a9d428c230;2dec039d-20db-4e0e-be07-f4de8cdc9d24;platcamp;Platform;button_group;false;"[{""label"":""PC"",""price"":""0"",""priceType"":""fixed""},{""label"":""PSN"",""price"":""0"",""priceType"":""fixed""},{""label"":""XBOX"",""price"":""0"",""priceType"":""fixed""}]";;;;0.00;1;2025-12-14 15:21:54.974077+00;2025-12-14 15:21:54.974077+00;fixed;false
887a8753-7192-4aed-b821-2c5f0911a422;3cbd020e-22ab-414d-9cd2-7b73a1dc5e3b;server;Server;button_group;false;"[{""label"":""PvP"",""price"":""0"",""priceType"":""fixed""},{""label"":""PvE"",""price"":""0"",""priceType"":""fixed""}]";;;;0.00;0;2025-12-14 19:22:42.828316+00;2025-12-14 19:22:42.828316+00;fixed;false
71d16961-3b25-49bb-afda-656a6abd685c;3cbd020e-22ab-414d-9cd2-7b73a1dc5e3b;boostmethod;Boost Method;button_group;false;"[{""label"":""Pilot"",""price"":""0"",""priceType"":""fixed""},{""label"":""Selfplay"",""price"":""30"",""priceType"":""percentage""}]";;;;0.00;1;2025-12-14 19:23:19.50653+00;2025-12-14 19:23:19.50653+00;fixed;false
10e2a030-6438-41c2-8b24-df8e9a023842;ee81e26c-d1a5-4fdf-8f9b-8bb3bc33ca61;gear_type;Gear Type;button_group;false;"[{""label"":""Honor Set"",""price"":""299"",""priceType"":""fixed""},{""label"":""Honor Weapon"",""price"":""99"",""priceType"":""fixed""},{""label"":""Honor Offset"",""price"":""299"",""priceType"":""fixed""}]";;;;0.00;2;2026-02-09 18:56:02.426315+00;2026-02-09 18:57:33.75765+00;fixed;false
3a4ecd9b-b173-4821-8325-949b105eb419;3cbd020e-22ab-414d-9cd2-7b73a1dc5e3b;other;Other Quests;checkbox;false;"[{""label"":""Bad Habit"",""price"":""12"",""priceType"":""fixed""},{""label"":""Scout"",""price"":""9"",""priceType"":""fixed""},{""label"":""Insider"",""price"":""26"",""priceType"":""fixed""},{""label"":""Psycho Sniper"",""price"":""39"",""priceType"":""fixed""},{""label"":""Import"",""price"":""9"",""priceType"":""fixed""},{""label"":""Fertilizers"",""price"":""9"",""priceType"":""fixed""},{""label"":""A Shooter Born In Heaven"",""price"":""65"",""priceType"":""fixed""},{""label"":""Introduction"",""price"":""9"",""priceType"":""fixed""},{""label"":""Chemistry Closet"",""price"":""9"",""priceType"":""fixed""},{""label"":""Surplus Goods"",""price"":""9"",""priceType"":""fixed""},{""label"":""Back Door"",""price"":""9"",""priceType"":""fixed""},{""label"":""Energy Crisis"",""price"":""9"",""priceType"":""fixed""},{""label"":""Corporate Secrets"",""price"":""9"",""priceType"":""fixed""},{""label"":""Surveillance"",""price"":""9"",""priceType"":""fixed""},{""label"":""Watching You"",""price"":""9"",""priceType"":""fixed""},{""label"":""Getting Acquainted"",""price"":""15"",""priceType"":""fixed""},{""label"":""Knock-Knock"",""price"":""9"",""priceType"":""fixed""},{""label"":""Key to the Tower"",""price"":""9"",""priceType"":""fixed""},{""label"":""Calibration"",""price"":""24"",""priceType"":""fixed""},{""label"":""The Courier"",""price"":""16"",""priceType"":""fixed""},{""label"":""The Door"",""price"":""16"",""priceType"":""fixed""},{""label"":""A Helping Hand"",""price"":""24"",""priceType"":""fixed""},{""label"":""Saving The Mole"",""price"":""19"",""priceType"":""fixed""},{""label"":""Capacity Check"",""price"":""24"",""priceType"":""fixed""},{""label"":""Black Swan"",""price"":""24"",""priceType"":""fixed""},{""label"":""Forklift Certified"",""price"":""29"",""priceType"":""fixed""},{""label"":""Steady Signal"",""price"":""29"",""priceType"":""fixed""},{""label"":""Airmail"",""price"":""29"",""priceType"":""fixed""},{""label"":""Camera, Action!"",""price"":""39"",""priceType"":""fixed""},{""label"":""Secrets of Polikhim"",""price"":""19"",""priceType"":""fixed""}]";;;;0.00;2;2025-12-14 19:29:45.475468+00;2025-12-14 19:29:45.475468+00;fixed;false
ef063bfa-0437-4c06-a3f2-f8ddc1194846;3cbd020e-22ab-414d-9cd2-7b73a1dc5e3b;assesment;Assesment;checkbox;false;"[{""label"":""Assesment Part 1"",""price"":""24"",""priceType"":""fixed""},{""label"":""Assesment Part 2"",""price"":""16"",""priceType"":""fixed""},{""label"":""Assesment Part 3"",""price"":""39"",""priceType"":""fixed""}]";;;;0.00;3;2025-12-14 19:30:28.638856+00;2025-12-14 19:30:28.638856+00;fixed;false
beff28e3-12d2-44f5-b0d6-d63f67f5a32a;3cbd020e-22ab-414d-9cd2-7b73a1dc5e3b;Broadcast1;Broadcast;checkbox;false;"[{""label"":""Broadcast Part 1"",""price"":""9"",""priceType"":""fixed""},{""label"":""Broadcast Part 2"",""price"":""9"",""priceType"":""fixed""}]";;;;0.00;4;2025-12-14 19:30:56.379466+00;2025-12-14 19:30:56.379466+00;fixed;false
f06ed006-b826-4b93-beab-a05fa944db9f;3cbd020e-22ab-414d-9cd2-7b73a1dc5e3b;developer;Developer's Secrets;checkbox;false;"[{""label"":""Developer's Secrets Part 1"",""price"":""16"",""priceType"":""fixed""},{""label"":""Developer's Secrets Part 2"",""price"":""16"",""priceType"":""fixed""}]";;;;0.00;5;2025-12-14 19:31:29.831593+00;2025-12-14 19:31:29.831593+00;fixed;false
202f1f20-2a34-4f8a-b615-33d418576134;3cbd020e-22ab-414d-9cd2-7b73a1dc5e3b;farming;Farming;checkbox;false;"[{""label"":""Farming Part 1 "",""price"":""9"",""priceType"":""fixed""},{""label"":""Farming Part 2"",""price"":""9"",""priceType"":""fixed""},{""label"":""Farming Part 3"",""price"":""9"",""priceType"":""fixed""},{""label"":""Farming Part 4"",""price"":""16"",""priceType"":""fixed""}]";;;;0.00;6;2025-12-14 19:32:07.066692+00;2025-12-14 19:32:07.066692+00;fixed;false
83cd43e0-e4f8-4da0-ae57-eab24f775f13;3cbd020e-22ab-414d-9cd2-7b73a1dc5e3b;gunsmith;Gunsmith;checkbox;false;"[{""label"":""For 1 Part of Questline"",""price"":""9"",""priceType"":""fixed""}]";;;;0.00;7;2025-12-14 19:33:25.192728+00;2025-12-14 19:33:25.192728+00;fixed;false
e92a6165-af13-4b27-b692-a2da2b4e4a44;3cbd020e-22ab-414d-9cd2-7b73a1dc5e3b;makeamends;Make Amends;checkbox;false;"[{""label"":""Make Amends"",""price"":""16"",""priceType"":""fixed""},{""label"":""Buyout"",""price"":""9"",""priceType"":""fixed""},{""label"":""Equipment"",""price"":""22"",""priceType"":""fixed""},{""label"":""Security"",""price"":""24"",""priceType"":""fixed""},{""label"":""Sweep Up"",""price"":""89"",""priceType"":""fixed""},{""label"":""Software"",""price"":""69"",""priceType"":""fixed""},{""label"":""Quarantine"",""price"":""29"",""priceType"":""fixed""}]";;;;0.00;8;2025-12-14 19:34:51.916402+00;2025-12-14 19:34:51.916402+00;fixed;false
214404e2-7755-4129-af9a-50444941b272;3cbd020e-22ab-414d-9cd2-7b73a1dc5e3b;Network Provider;Network Provider;checkbox;false;"[{""label"":""Network Provider Part 1"",""price"":""16"",""priceType"":""fixed""},{""label"":""Network Provider Part 2"",""price"":""9"",""priceType"":""fixed""}]";;;;0.00;9;2025-12-14 19:35:21.644804+00;2025-12-14 19:35:21.644804+00;fixed;false
d4704122-b712-478d-a5f9-92e54cee9e47;3cbd020e-22ab-414d-9cd2-7b73a1dc5e3b;Signal;Signal;checkbox;false;"[{""label"":""Signal Part 1"",""price"":""6"",""priceType"":""fixed""},{""label"":""Signal Part 2"",""price"":""6"",""priceType"":""fixed""},{""label"":""Signal Part 3"",""price"":""6"",""priceType"":""fixed""},{""label"":""Signal Part 4"",""price"":""9"",""priceType"":""fixed""}]";;;;0.00;10;2025-12-14 19:36:03.699504+00;2025-12-14 19:36:03.699504+00;fixed;false
56a3889a-d9af-48c8-96ab-b9ab21cf4ff8;8e2499c1-bd4a-449d-bd9b-e16a3c26af02;classmtwoer;Class;select;false;"[{""label"":""Death Knight"",""price"":""0"",""priceType"":""fixed""},{""label"":""Demon Hunter"",""price"":""0"",""priceType"":""fixed""},{""label"":""Druid"",""price"":""0"",""priceType"":""fixed""},{""label"":""Hunter"",""price"":""0"",""priceType"":""fixed""},{""label"":""Mage"",""price"":""0"",""priceType"":""fixed""},{""label"":""Monk"",""price"":""0"",""priceType"":""fixed""},{""label"":""Paladin"",""price"":""0"",""priceType"":""fixed""},{""label"":""Priest"",""price"":""0"",""priceType"":""fixed""},{""label"":""Rogue"",""price"":""0"",""priceType"":""fixed""},{""label"":""Shaman"",""price"":""0"",""priceType"":""fixed""},{""label"":""Warlock"",""price"":""0"",""priceType"":""fixed""},{""label"":""Warrior"",""price"":""0"",""priceType"":""fixed""}]";;;;0.00;1;2025-10-28 19:29:42.155646+00;2025-12-14 22:15:46.468712+00;fixed;false
34f566ae-98f9-4b1f-a222-e1dbf70b4209;9ed48b8f-6644-40c1-9fce-8bc6a5a90c79;chapters;Chapters;checkbox;false;"[{""label"":""One does not simply walk into Harandar"",""price"":""10"",""priceType"":""fixed""},{""label"":""Breaching the Voidstorm"",""price"":""10"",""priceType"":""fixed""},{""label"":""For Zul'Aman!"",""price"":""10"",""priceType"":""fixed""},{""label"":""Eversong in Reprise"",""price"":""10"",""priceType"":""fixed""},{""label"":""Arator's Journey"",""price"":""10"",""priceType"":""fixed""},{""label"":""All Chapters"",""price"":""45"",""priceType"":""fixed""}]";;;;0.00;2;2026-02-03 11:10:45.795777+00;2026-02-03 11:10:45.795777+00;fixed;false
bdf84341-0a60-4890-a57e-7693bc216cd2;4c970447-5caa-47d5-b1f5-3bdbb157c541;bmbtr2;Boost Method;button_group;false;"[{""label"":""Pilot"",""price"":""0"",""priceType"":""fixed""}]";;;;0.00;1;2025-12-15 22:04:20.426394+00;2025-12-15 22:04:20.426394+00;fixed;false
b83b89b5-3b37-4981-b753-ba7ec423e21a;4c970447-5caa-47d5-b1f5-3bdbb157c541;serverbtr;Server;button_group;false;"[{""label"":""PvP"",""price"":""0"",""priceType"":""fixed""},{""label"":""PvE"",""price"":""0"",""priceType"":""fixed""}]";;;;0.00;0;2025-12-15 22:04:03.651931+00;2025-12-15 22:04:39.328504+00;fixed;false
621eceb4-4b08-4717-a704-82c74d02764b;4c970447-5caa-47d5-b1f5-3bdbb157c541;questsbtr;Quests;checkbox;false;"[{""label"":""Shipping Delay"",""price"":""12"",""priceType"":""fixed""},{""label"":""Hot Wheels"",""price"":""9"",""priceType"":""fixed""},{""label"":""Hot Wheels - Let's Try Again"",""price"":""9"",""priceType"":""fixed""},{""label"":""Swift Retribution"",""price"":""12"",""priceType"":""fixed""},{""label"":""Inevitable Response"",""price"":""16"",""priceType"":""fixed""},{""label"":""Building Foundations"",""price"":""12"",""priceType"":""fixed""},{""label"":""Natural Exchange"",""price"":""9"",""priceType"":""fixed""},{""label"":""Ask for Directions"",""price"":""9"",""priceType"":""fixed""},{""label"":""Battery Change"",""price"":""19"",""priceType"":""fixed""},{""label"":""Protect the Sky"",""price"":""9"",""priceType"":""fixed""},{""label"":""Discombobulate"",""price"":""9"",""priceType"":""fixed""},{""label"":""The Price of Independence"",""price"":""99"",""priceType"":""fixed""}]";;;;0.00;2;2025-12-15 22:08:03.486269+00;2025-12-15 22:08:03.486269+00;fixed;false
8a0adbb3-169e-442c-8fb0-2206de518d13;1bdd2a21-c793-44a5-a878-025698fd72c6;serverref;Server;button_group;false;"[{""label"":""PvP"",""price"":""0"",""priceType"":""fixed""},{""label"":""PvE"",""price"":""0"",""priceType"":""fixed""}]";;;;0.00;0;2025-12-16 16:54:16.770478+00;2025-12-16 16:54:16.770478+00;fixed;false
aae83430-434b-4094-94ac-95611f77ace4;1bdd2a21-c793-44a5-a878-025698fd72c6;bmref;Boost Method;button_group;false;"[{""label"":""Pilot"",""price"":""0"",""priceType"":""fixed""},{""label"":""Selfplay"",""price"":""30"",""priceType"":""percentage""}]";;;;0.00;1;2025-12-16 16:54:53.872251+00;2025-12-16 16:54:53.872251+00;fixed;false
06380aef-b5b8-4599-9a16-689137347932;d5ecf458-6896-482a-8ce3-071d433c6ad6;boost_method;Boost Method;select;false;"[{""label"":""Pilot"",""price"":""0"",""priceType"":""fixed""},{""label"":""Remote"",""price"":""30"",""priceType"":""percentage""}]";;;;0.00;0;2026-02-10 22:32:23.008006+00;2026-02-10 22:32:23.008006+00;fixed;false
7ce11d00-3021-493a-b6b6-cb9444ce3502;1bdd2a21-c793-44a5-a878-025698fd72c6;questsref;Quests;checkbox;false;"[{""label"":""Easy Money Part 2"",""price"":""9"",""priceType"":""fixed""},{""label"":""To Great Heights! Part 1"",""price"":""9"",""priceType"":""fixed""},{""label"":""To Great Heights! Part 2"",""price"":""59"",""priceType"":""fixed""},{""label"":""To Great Heights! Part 3"",""price"":""24"",""priceType"":""fixed""},{""label"":""To Great Heights! Part 4"",""price"":""39"",""priceType"":""fixed""},{""label"":""To Great Heights! Part 5"",""price"":""39"",""priceType"":""fixed""},{""label"":""Surprise"",""price"":""19"",""priceType"":""fixed""},{""label"":""Balancing – Part 1"",""price"":""9"",""priceType"":""fixed""},{""label"":""Balancing – Part 2"",""price"":""9"",""priceType"":""fixed""},{""label"":""Create a Distraction – Part 1"",""price"":""9"",""priceType"":""fixed""},{""label"":""Create a Distraction – Part 2"",""price"":""19"",""priceType"":""fixed""},{""label"":""Decisions, Decisions"",""price"":""9"",""priceType"":""fixed""},{""label"":""Between Two Fires"",""price"":""9"",""priceType"":""fixed""},{""label"":""Against the Conscience – Part 1"",""price"":""9"",""priceType"":""fixed""},{""label"":""Against the Conscience – Part 2"",""price"":""199"",""priceType"":""fixed""},{""label"":""Provide Viewership"",""price"":""16"",""priceType"":""fixed""}]";;;;0.00;3;2025-12-16 17:00:10.199078+00;2025-12-16 17:00:10.199078+00;fixed;false
d57e9a2d-27b5-47d4-9b86-1ee63678ec20;0725d1ad-cc34-4b43-922a-91a1f013ab57;dungeonsplatinum;Dungeons;checkbox;false;"[{""label"":""Gate of the Setting Sun "",""price"":""14"",""priceType"":""fixed""},{""label"":""Mogu'shan Palace "",""price"":""14"",""priceType"":""fixed""},{""label"":""Scarlet Halls "",""price"":""14"",""priceType"":""fixed""},{""label"":""Scarlet Monastery "",""price"":""14"",""priceType"":""fixed""},{""label"":""Scholomance "",""price"":""14"",""priceType"":""fixed""},{""label"":""Shado-Pan Monastery "",""price"":""14"",""priceType"":""fixed""},{""label"":""Siege of Niuzao Temple "",""price"":""14"",""priceType"":""fixed""},{""label"":""Stormstout Brewery "",""price"":""14"",""priceType"":""fixed""},{""label"":""Temple of the Jade Serpent "",""price"":""14"",""priceType"":""fixed""},{""label"":""All 9 Dungeons"",""price"":""119"",""priceType"":""fixed""}]";;;;0.00;2;2025-11-25 20:17:34.032212+00;2025-12-16 20:05:20.065222+00;fixed;false
f9650abd-88e5-49f9-aebd-61e00747c4be;8cf3ff9d-97a0-4c50-91b2-ebb8ab71790f;paladinbm;Boost Mode;button_group;false;"[{""label"":""Pilot"",""price"":""0"",""priceType"":""fixed""},{""label"":""Selfplay"",""price"":""0"",""priceType"":""fixed""}]";;;;0.00;0;2025-12-19 17:58:11.92021+00;2025-12-19 17:58:11.92021+00;fixed;false
22576805-736d-483e-bfe2-87886e3eca88;8cf3ff9d-97a0-4c50-91b2-ebb8ab71790f;platform;Select Your Platform;button_group;false;"[{""label"":""PC"",""price"":""0"",""priceType"":""fixed""},{""label"":""PSN"",""price"":""0"",""priceType"":""fixed""},{""label"":""XBOX"",""price"":""0"",""priceType"":""fixed""}]";;;;0.00;1;2025-12-19 17:58:40.393927+00;2025-12-19 17:58:40.393927+00;fixed;false
bdd874b7-ebc0-4751-bddd-6ab1226fbdfa;8cf3ff9d-97a0-4c50-91b2-ebb8ab71790f;worldpala;Select World - Softcore;button_group;false;"[{""label"":""Seasonal"",""price"":""0"",""priceType"":""fixed""},{""label"":""Eternal"",""price"":""0"",""priceType"":""fixed""}]";;;;0.00;2;2025-12-19 17:59:11.955411+00;2025-12-19 17:59:11.955411+00;fixed;false
4ac1ebd7-6965-48c7-8457-e8284f9d9343;8cf3ff9d-97a0-4c50-91b2-ebb8ab71790f;buildpala;Select Build Level;select;false;"[{""label"":""Starter"",""price"":""99"",""priceType"":""fixed""},{""label"":""Ancestral"",""price"":""159"",""priceType"":""fixed""},{""label"":""Mythic"",""price"":""399"",""priceType"":""fixed""},{""label"":""Tormented"",""price"":""799"",""priceType"":""fixed""}]";;;;0.00;3;2025-12-19 18:09:40.094787+00;2025-12-19 18:09:40.094787+00;fixed;false
a2f7230f-c9fb-4e91-a7bb-8173b63635d1;8cf3ff9d-97a0-4c50-91b2-ebb8ab71790f;buildlevel;Select Build;select;false;"[{""label"":""Fist of the Heavens"",""price"":""0"",""priceType"":""fixed""},{""label"":""Avenger "",""price"":""0"",""priceType"":""fixed""},{""label"":""Hammerdin"",""price"":""0"",""priceType"":""fixed""},{""label"":""Holy Fire"",""price"":""0"",""priceType"":""fixed""},{""label"":""Zeal "",""price"":""0"",""priceType"":""fixed""},{""label"":""Custom Build"",""price"":""0"",""priceType"":""fixed""}]";;;;0.00;4;2025-12-19 18:10:35.581679+00;2025-12-19 18:10:35.581679+00;fixed;false
ab0f976e-a5ed-4e74-9d15-f128195dba80;e10ee41b-60a7-43e6-b6f9-7d56594a9a94;servereftrouble;Delivery Method;button_group;false;"[{""label"":""Trade on PvP"",""price"":""0"",""priceType"":""fixed""},{""label"":""Farm on PvP"",""price"":""500"",""priceType"":""percentage""}]";;;;0.00;0;2025-12-20 20:18:36.86833+00;2025-12-20 20:18:36.86833+00;fixed;false
bc745289-6875-4f98-ba69-5bf092ec7531;f2442cc8-e06c-4821-bff0-af43ca9ede1f;arcleveling;Platform;button_group;false;"[{""label"":""PC"",""price"":""0"",""priceType"":""fixed""},{""label"":""PSN"",""price"":""0"",""priceType"":""fixed""},{""label"":""XBOX"",""price"":""0"",""priceType"":""fixed""}]";;;;0.00;0;2025-12-21 21:15:12.553159+00;2025-12-21 21:15:12.553159+00;fixed;false
93a3bc61-4b70-4ee0-a99d-8fe5c440f911;f2442cc8-e06c-4821-bff0-af43ca9ede1f;arcboostm;Boost Method;button_group;false;"[{""label"":""Pilot"",""price"":""0"",""priceType"":""fixed""},{""label"":""Selfplay"",""price"":""30"",""priceType"":""percentage""}]";;;;0.00;1;2025-12-21 21:15:44.45614+00;2025-12-21 21:17:05.504739+00;fixed;false
f23ccb27-e970-4b40-8420-fdfc9adbd30d;d7712523-0788-477e-a050-7621bf9ea5de;platformquesting;Platform;button_group;false;"[{""label"":""PC"",""price"":""0"",""priceType"":""fixed""},{""label"":""PSN"",""price"":""0"",""priceType"":""fixed""},{""label"":""XBOX"",""price"":""0"",""priceType"":""fixed""}]";;;;0.00;0;2025-12-23 19:58:24.399111+00;2025-12-23 19:58:24.399111+00;fixed;false
9a2d0f7d-efa8-4059-82cc-c7bc2c0a729c;d7712523-0788-477e-a050-7621bf9ea5de;celeste;Celeste Trader;checkbox;false;"[{""label"":""A Bad Feeling "",""price"":""6"",""priceType"":""fixed""},{""label"":""A Balanced Harvest"",""price"":""6"",""priceType"":""fixed""},{""label"":""Untended Garden"",""price"":""6"",""priceType"":""fixed""},{""label"":""The Root Of The Matter"",""price"":""10"",""priceType"":""fixed""},{""label"":""Tribute to Toledo"",""price"":""10"",""priceType"":""fixed""},{""label"":""Digging Up Dirt"",""price"":""6"",""priceType"":""fixed""},{""label"":""Turnabout"",""price"":""6"",""priceType"":""fixed""},{""label"":""After Rain Comes"",""price"":""18"",""priceType"":""fixed""},{""label"":""Water Troubles"",""price"":""10"",""priceType"":""fixed""},{""label"":""Source Of The Contamination"",""price"":""6"",""priceType"":""fixed""},{""label"":""Switching The Supply"",""price"":""8"",""priceType"":""fixed""},{""label"":""Power Out"",""price"":""10"",""priceType"":""fixed""},{""label"":""Flickering Threat"",""price"":""6"",""priceType"":""fixed""},{""label"":""A Symbol Of Unification"",""price"":""6"",""priceType"":""fixed""},{""label"":""Bees!"",""price"":""9"",""priceType"":""fixed""},{""label"":""Celeste's Journals"",""price"":""10"",""priceType"":""fixed""},{""label"":""Echoes Of Victory Ridge "",""price"":""10"",""priceType"":""fixed""},{""label"":""Greasing Her Palms"",""price"":""16"",""priceType"":""fixed""},{""label"":""Keeping The Memory"",""price"":""15"",""priceType"":""fixed""},{""label"":""Straight Record"",""price"":""10"",""priceType"":""fixed""}]";;;;0.00;1;2025-12-23 20:01:55.229467+00;2025-12-23 20:01:55.229467+00;fixed;false
e917fe5c-d5f7-4a6e-bcf1-bd8db2d2215d;95ff4f94-2563-4b9e-8705-e3733f773863;delgoldfreshdetails;Delivery details;text;false;;;;;0.00;3;2025-12-30 20:05:25.782169+00;2026-02-07 22:33:57.402536+00;fixed;false
f4cf8a8e-b84c-4dc2-ac22-097627609272;ec7c0035-3647-4344-9e92-cc479e3fbfa6;b;Boost Method;button_group;false;"[{""label"":""Pilot"",""price"":0,""priceType"":""fixed"",""value"":""pilot""},{""label"":""Remote"",""price"":""25.5"",""priceType"":""percentage"",""value"":""remote""}]";;;;0.00;0;2025-11-23 10:25:03.357039+00;2026-01-09 07:15:35.656321+00;fixed;false
45c8cac8-6aee-4bf0-b9e7-dbbcb1b6fedd;d4ad92b3-5ec2-410d-b983-17fc30265814;ff14region;Region;button_group;true;"[{""label"":""EU"",""price"":"""",""priceType"":""fixed""},{""label"":""NA"",""price"":"""",""priceType"":""fixed""},{""label"":""JP"",""price"":"""",""priceType"":""fixed""},{""label"":""OCE"",""price"":"""",""priceType"":""fixed""}]";;;;0.00;0;2025-12-04 12:56:44.225628+00;2026-01-03 17:36:20.530865+00;fixed;false
1d42ad71-b9ec-4eca-bed3-f11b06a01626;d7712523-0788-477e-a050-7621bf9ea5de;tianwen;Tian Wen;checkbox;false;"[{""label"":""Unexpected Initiative"",""price"":""19"",""priceType"":""fixed""},{""label"":""A Better Use "",""price"":""6"",""priceType"":""fixed""},{""label"":""Armored Transports"",""price"":""29"",""priceType"":""fixed""},{""label"":""Back On Top"",""price"":""19"",""priceType"":""fixed""},{""label"":""Broken Monument"",""price"":""16"",""priceType"":""fixed""},{""label"":""Eyes On The Prize"",""price"":""9"",""priceType"":""fixed""},{""label"":""Industrial Espionage"",""price"":""9"",""priceType"":""fixed""},{""label"":""Marked For Death"",""price"":""16"",""priceType"":""fixed""},{""label"":""Market Correction"",""price"":""9"",""priceType"":""fixed""},{""label"":""The Right Tool "",""price"":""9"",""priceType"":""fixed""},{""label"":""The Major's Footlocker"",""price"":""9"",""priceType"":""fixed""},{""label"":""What We Left Behind"",""price"":""16"",""priceType"":""fixed""},{""label"":""Snap And Salvage "",""price"":""24"",""priceType"":""fixed""}]";;;;0.00;2;2025-12-23 20:04:06.503638+00;2025-12-23 20:04:06.503638+00;fixed;false
71b49ade-e69b-4013-b25b-78facf1b4ffd;d7712523-0788-477e-a050-7621bf9ea5de;apollo;Apollo;checkbox;false;"[{""label"":""Safe Passage"",""price"":""6"",""priceType"":""fixed""},{""label"":""What Goes Around "",""price"":""6"",""priceType"":""fixed""},{""label"":""Sparks Fly"",""price"":""9"",""priceType"":""fixed""},{""label"":""A Warm Place To Rest "",""price"":""12"",""priceType"":""fixed""},{""label"":""Building A Library"",""price"":""16"",""priceType"":""fixed""},{""label"":""Espresso"",""price"":""19"",""priceType"":""fixed""},{""label"":""A First Foothold"",""price"":""16"",""priceType"":""fixed""}]";;;;0.00;3;2025-12-23 20:05:23.051954+00;2025-12-23 20:05:23.051954+00;fixed;false
47bd9bba-495f-413f-b8a7-8c25bc94e0f2;d7712523-0788-477e-a050-7621bf9ea5de;shani;Shani;checkbox;false;"[{""label"":""Hatch Repairs"",""price"":""9"",""priceType"":""fixed""},{""label"":""Dormant Barons"",""price"":""6"",""priceType"":""fixed""},{""label"":""Our Presence Up There"",""price"":""12"",""priceType"":""fixed""},{""label"":""Mixed Signals"",""price"":""12"",""priceType"":""fixed""},{""label"":""Picking Up The Pieces"",""price"":""6"",""priceType"":""fixed""},{""label"":""Trash Into Treasure"",""price"":""6"",""priceType"":""fixed""},{""label"":""Clearer Skies"",""price"":""6"",""priceType"":""fixed""},{""label"":""Off The Radar "",""price"":""6"",""priceType"":""fixed""},{""label"":""A Lay Of The Land "",""price"":""16"",""priceType"":""fixed""},{""label"":""Communication Hideout"",""price"":""12"",""priceType"":""fixed""},{""label"":""Down To Earth"",""price"":""6"",""priceType"":""fixed""},{""label"":""Eyes In The Sky"",""price"":""16"",""priceType"":""fixed""},{""label"":""Into The Fray"",""price"":""24"",""priceType"":""fixed""},{""label"":""Lost In Transmission"",""price"":""12"",""priceType"":""fixed""},{""label"":""Out Of The Shadows "",""price"":""24"",""priceType"":""fixed""},{""label"":""The Trifecta "",""price"":""12"",""priceType"":""fixed""},{""label"":""Reduced to Rubble"",""price"":""19"",""priceType"":""fixed""},{""label"":""With A Trace"",""price"":""12"",""priceType"":""fixed""},{""label"":""Cold Storage"",""price"":""15"",""priceType"":""fixed""}]";;;;0.00;4;2025-12-23 20:07:46.146618+00;2025-12-23 20:07:46.146618+00;fixed;false
2025bf55-918d-410f-9dae-e48dcb22039c;d7712523-0788-477e-a050-7621bf9ea5de;lance;Lance;checkbox;false;"[{""label"":""A New Type Of Plant"",""price"":""9"",""priceType"":""fixed""},{""label"":""A Reveal in Ruins"",""price"":""12"",""priceType"":""fixed""},{""label"":""Prescriptions Of The Past"",""price"":""9"",""priceType"":""fixed""},{""label"":""Life Of A Pharmacist "",""price"":""16"",""priceType"":""fixed""},{""label"":""Doctor's Orders "",""price"":""12"",""priceType"":""fixed""},{""label"":""Medical Merchandise "",""price"":""12"",""priceType"":""fixed""},{""label"":""In My Image"",""price"":""12"",""priceType"":""fixed""}]";;;;0.00;5;2025-12-23 20:09:07.125071+00;2025-12-23 20:09:07.125071+00;fixed;false
fb6b0c3f-85f4-40eb-85c7-0db8297683aa;9249c360-a879-4177-ad1a-55dcb8971df7;workshopplatform;Platform;button_group;false;"[{""label"":""PC"",""price"":""0"",""priceType"":""fixed""},{""label"":""PSN"",""price"":""0"",""priceType"":""fixed""},{""label"":""XBOX"",""price"":""0"",""priceType"":""fixed""}]";;;;0.00;0;2025-12-23 20:16:52.693246+00;2025-12-23 20:16:52.693246+00;fixed;false
6644659a-a56b-4397-84ba-55d1baabbfab;9249c360-a879-4177-ad1a-55dcb8971df7;workshopdesired;Workshop;button_group;false;"[{""label"":""Weapon Bench"",""price"":""0"",""priceType"":""fixed""},{""label"":""Equipment Bench"",""price"":""0"",""priceType"":""fixed""},{""label"":""Med Station"",""price"":""0"",""priceType"":""fixed""},{""label"":""Explosives Bench"",""price"":""0"",""priceType"":""fixed""},{""label"":""Utility Bench"",""price"":""0"",""priceType"":""fixed""},{""label"":""Refinder Bench"",""price"":""0"",""priceType"":""fixed""}]";;;;0.00;1;2025-12-23 20:18:03.917165+00;2025-12-23 20:18:03.917165+00;fixed;false
5b6637a6-b554-40ca-940f-984cfad0be46;af140f59-e7d4-4a75-85b5-6f95a05ecdfa;platformscrappy;Platform;button_group;false;"[{""label"":""PC"",""price"":""0"",""priceType"":""fixed""},{""label"":""PSN"",""price"":""0"",""priceType"":""fixed""},{""label"":""XBOX"",""price"":""0"",""priceType"":""fixed""}]";;;;0.00;0;2025-12-24 16:57:49.516086+00;2025-12-24 16:57:49.516086+00;fixed;false
8300f789-9068-4c3b-b5fa-99379e9045c5;af140f59-e7d4-4a75-85b5-6f95a05ecdfa;bmscrappy;Boost Method;button_group;false;"[{""label"":""Pilot"",""price"":""0"",""priceType"":""fixed""}]";;;;0.00;1;2025-12-24 16:58:22.06749+00;2025-12-24 16:58:22.06749+00;fixed;false
3915f12f-2e01-4d11-b8d9-c02bc03beccf;9f115b8a-64b4-45a5-95f9-85aea7558495;expeplatform;Platform;button_group;false;"[{""label"":""PC"",""price"":""0"",""priceType"":""fixed""},{""label"":""PSN"",""price"":""0"",""priceType"":""fixed""},{""label"":""XBOX"",""price"":""0"",""priceType"":""fixed""}]";;;;0.00;0;2025-12-26 22:40:49.659216+00;2025-12-26 22:40:49.659216+00;fixed;false
5fffac12-5d2e-48b9-b491-b82b2f0cc9dd;9f115b8a-64b4-45a5-95f9-85aea7558495;bmexpedition;Boost Method;button_group;false;"[{""label"":""Pilot"",""price"":""0"",""priceType"":""fixed""}]";;;;0.00;1;2025-12-26 22:42:55.494404+00;2025-12-26 22:42:55.494404+00;fixed;false
44b498d0-062f-41ea-bcf3-d7e33fcde782;d5ecf458-6896-482a-8ce3-071d433c6ad6;worldquests;Worldquests;button_group;false;"[{""label"":""Main 4 Zones"",""price"":""0"",""priceType"":""fixed""}]";;;;0.00;1;2026-02-10 22:38:56.327523+00;2026-02-10 22:38:56.327523+00;fixed;false
26f16356-da2d-4c4b-a2a5-c113bc63aaf7;646cb4f6-404c-47e9-b2e5-36b9d5bd4eed;trialschoice;Choose Trial;checkbox;false;"[{""label"":""1st Ascendancy Trial +2 Ascendancy Points"",""price"":""5"",""priceType"":""fixed""},{""label"":""2nd Ascendancy Trial +4 Ascendancy Points"",""price"":""6"",""priceType"":""fixed""},{""label"":""3rd Ascendancy Trial +6 Ascendancy Points"",""price"":""8"",""priceType"":""fixed""},{""label"":""4th Ascendancy Trial +8 Ascendancy Points"",""price"":""10"",""priceType"":""fixed""},{""label"":""Reset Ascendancy"",""price"":""18"",""priceType"":""fixed""}]";;;;0.00;2;2025-12-31 16:29:42.34665+00;2025-12-31 16:29:42.34665+00;fixed;false
a1691799-ef27-47ad-8f84-a6fc3f0d1800;ee234f4e-dba9-468d-971f-7ab933aef6c0;leagueexalts;League;button_group;false;"[{""label"":""League"",""price"":""0"",""priceType"":""fixed""},{""label"":""League HC"",""price"":""100"",""priceType"":""percentage""},{""label"":""Standard"",""price"":""0"",""priceType"":""fixed""}]";;;;0.00;0;2026-01-01 22:04:36.78009+00;2026-01-01 22:04:36.78009+00;fixed;false
dd851c7b-cd2d-415b-b9db-b99edabf1904;99699378-67fc-41e5-8e6c-3420334b1796;zoneflight;Zone;button_group;false;"[{""label"":""Eastern Kingdoms"",""price"":""20"",""priceType"":""fixed""},{""label"":""Kalimdor"",""price"":""20"",""priceType"":""fixed""},{""label"":""Both Continents"",""price"":""35"",""priceType"":""fixed""}]";;;;0.00;1;2025-12-28 16:04:52.304514+00;2026-01-02 17:41:20.563856+00;fixed;false
db873a6f-9a76-482d-b294-350681d5f86d;a6fe7303-6528-4b64-8eb7-d71e49dc41ff;b;Boost Method;button_group;false;"[{""label"":""Pilot"",""price"":0,""priceType"":""fixed"",""value"":""pilot""},{""label"":""Remote"",""price"":""25.5"",""priceType"":""percentage"",""value"":""remote""}]";;;;0.00;0;2025-11-23 10:25:03.357039+00;2026-01-09 07:15:35.656321+00;fixed;false
fe383933-4712-45d7-a09d-d9305fbe6b0b;b9e72666-f385-422c-b1c9-44d4ea84f633;b;Boost Method;button_group;false;"[{""label"":""Pilot"",""price"":0,""priceType"":""fixed"",""value"":""pilot""},{""label"":""Remote"",""price"":""25.5"",""priceType"":""percentage"",""value"":""remote""}]";;;;0.00;0;2025-11-23 10:25:03.357039+00;2026-01-09 07:15:35.656321+00;fixed;false
c3677e5c-2379-451d-9fad-95db04715c4d;ca602352-e6de-47ad-bfd0-5726eacdb481;boost_method;Boost Method;button_group;false;"[{""label"":""Pilot"",""price"":""0"",""priceType"":""fixed""},{""label"":""Remote"",""price"":""30"",""priceType"":""percentage""}]";;;;0.00;0;2026-01-31 20:12:21.418487+00;2026-01-31 20:12:21.418487+00;fixed;false
bdf81fb8-0be7-41e0-a763-2c9690255986;56a1d7c4-ff38-4261-b9ed-c98eca3cff6a;trialsplat;Platform;button_group;false;"[{""label"":""PC"",""price"":""0"",""priceType"":""fixed""},{""label"":""PSN"",""price"":""0"",""priceType"":""fixed""},{""label"":""XBOX"",""price"":""0"",""priceType"":""fixed""}]";;;;0.00;0;2025-12-26 23:15:18.875286+00;2025-12-26 23:15:18.875286+00;fixed;false
30608576-106e-48ad-b74b-3f2d434059fa;56a1d7c4-ff38-4261-b9ed-c98eca3cff6a;bmtrials;Boost Method;button_group;false;"[{""label"":""Pilot"",""price"":""0"",""priceType"":""fixed""}]";;;;0.00;1;2025-12-26 23:15:36.443161+00;2025-12-26 23:15:36.443161+00;fixed;false
b4dcd34d-4af2-48c6-9472-bdad7f43e3da;56a1d7c4-ff38-4261-b9ed-c98eca3cff6a;challenges;3 Stars Challenge;checkbox;false;"[{""label"":""First Wave Husks"",""price"":""8"",""priceType"":""fixed""},{""label"":""Damage Leapers"",""price"":""8"",""priceType"":""fixed""},{""label"":""Harvest Plants"",""price"":""12"",""priceType"":""fixed""},{""label"":""Raider Containers"",""price"":""18"",""priceType"":""fixed""},{""label"":""Destroy Ticks"",""price"":""12"",""priceType"":""fixed""}]";;;;0.00;2;2025-12-26 23:22:19.599327+00;2025-12-26 23:22:19.599327+00;fixed;false
168bd87b-18ac-4dfb-b344-6e735d80faa2;56a1d7c4-ff38-4261-b9ed-c98eca3cff6a;rankupweek;Rank Up;button_group;false;"[{""label"":""No Rank Up"",""price"":""0"",""priceType"":""fixed""},{""label"":""Current Week 1 Rank Up"",""price"":""169"",""priceType"":""fixed""},{""label"":""Current Week 2 Ranks Up"",""price"":""259"",""priceType"":""fixed""}]";;;;0.00;3;2025-12-26 23:25:00.650945+00;2025-12-26 23:25:00.650945+00;fixed;false
8d4d897e-917f-48df-a5b2-a74ff87df32d;9784a2eb-d405-4bfd-8727-44713d203edf;meritsplat;Platform;button_group;false;"[{""label"":""PC"",""price"":""0"",""priceType"":""fixed""},{""label"":""PSN"",""price"":""0"",""priceType"":""fixed""},{""label"":""XBOX"",""price"":""0"",""priceType"":""fixed""}]";;;;0.00;0;2025-12-27 23:08:02.26833+00;2025-12-27 23:08:02.26833+00;fixed;false
8adcf45c-d416-4ac3-ba7f-1b11743d13d2;9784a2eb-d405-4bfd-8727-44713d203edf;meritsbm;Boost Method;button_group;false;"[{""label"":""Pilot"",""price"":""0"",""priceType"":""fixed""}]";;;;0.00;1;2025-12-27 23:08:34.427658+00;2025-12-27 23:08:34.427658+00;fixed;false
57d381be-9722-42c4-977a-afeb381370cf;a3bab107-c4f1-4212-8f57-f6fa20c6bf89;selprof;Primary Proffesions;button_group;false;"[{""label"":""Alchemy"",""price"":""19"",""priceType"":""fixed""},{""label"":""Blacksmithing"",""price"":""19"",""priceType"":""fixed""},{""label"":""Enchanting"",""price"":""19"",""priceType"":""fixed""},{""label"":""Engineering"",""price"":""19"",""priceType"":""fixed""},{""label"":""Leatherworking"",""price"":""19"",""priceType"":""fixed""},{""label"":""Mining"",""price"":""19"",""priceType"":""fixed""},{""label"":""Skinning"",""price"":""19"",""priceType"":""fixed""},{""label"":""Tailoring"",""price"":""19"",""priceType"":""fixed""},{""label"":""Herbalism"",""price"":""19"",""priceType"":""fixed""},{""label"":""None"",""price"":""0"",""priceType"":""fixed""}]";;;;0.00;2;2025-10-27 02:49:28.989114+00;2025-12-28 08:59:32.695633+00;fixed;false
328dad84-8509-47b5-b6e1-cb10e55c4c50;99699378-67fc-41e5-8e6c-3420334b1796;flightregion;Region;button_group;false;"[{""label"":""EU"",""price"":""0"",""priceType"":""fixed""},{""label"":""NA"",""price"":""0"",""priceType"":""fixed""}]";;;;0.00;0;2025-12-28 16:03:48.790948+00;2025-12-28 16:03:48.790948+00;fixed;false
ef3a1ffb-6a14-4b74-b079-34ce9858b270;95ff4f94-2563-4b9e-8705-e3733f773863;delgoldfresh;Delivery method;button_group;false;"[{""label"":""Trade"",""price"":""0"",""priceType"":""fixed""},{""label"":""Auction House"",""price"":""0"",""priceType"":""fixed""},{""label"":""Guild Bank"",""price"":""0"",""priceType"":""fixed""},{""label"":""In-Game Mail"",""price"":""0"",""priceType"":""fixed""}]";;;;0.00;2;2025-12-30 20:05:07.186701+00;2026-01-28 19:56:12.456269+00;fixed;false
951dfd9b-289c-43a0-87e8-ac48f62b7fa1;9ed48b8f-6644-40c1-9fce-8bc6a5a90c79;side_quests;Side Quests;checkbox;false;"[{""label"":""The War of Light and Shadow"",""price"":""20"",""priceType"":""fixed""},{""label"":""Sojurner of Harandar"",""price"":""10"",""priceType"":""fixed""},{""label"":""Sojurner of Voidstorm"",""price"":""10"",""priceType"":""fixed""},{""label"":""Sojurner of Zul'Aman"",""price"":""10"",""priceType"":""fixed""},{""label"":""Sojurner of Eversong Woods"",""price"":""10"",""priceType"":""fixed""}]";;;;0.00;3;2026-02-03 11:12:30.992998+00;2026-02-03 11:12:30.992998+00;fixed;false
e1622626-95ae-46bd-9251-7cb91aded5e2;99699378-67fc-41e5-8e6c-3420334b1796;hardcore;Hardcore Realms?;button_group;false;"[{""label"":""No"",""price"":"""",""priceType"":""percentage""},{""label"":""Yes"",""price"":""100"",""priceType"":""percentage""}]";;;;0.00;2;2025-12-28 16:05:32.635472+00;2025-12-28 16:07:55.521946+00;fixed;false
929d7c8d-e57d-4204-82f5-f59d7f9e024e;029fbc90-38e7-48a3-9e53-2e4b64924441;itemsplat;Platform;button_group;false;"[{""label"":""PC"",""price"":""0"",""priceType"":""fixed""},{""label"":""PSN"",""price"":""0"",""priceType"":""fixed""},{""label"":""XBOX"",""price"":""0"",""priceType"":""fixed""}]";;;;0.00;0;2025-12-29 17:21:33.961833+00;2025-12-29 17:21:33.961833+00;fixed;false
def202e4-c240-4cea-a8f7-034492d81726;029fbc90-38e7-48a3-9e53-2e4b64924441;rarityitem;Rarity;button_group;false;"[{""label"":""Common"",""price"":""0.15"",""priceType"":""fixed""},{""label"":""Rare"",""price"":""0.30"",""priceType"":""fixed""},{""label"":""Epic"",""price"":""0.75"",""priceType"":""fixed""},{""label"":""Legendary"",""price"":""6"",""priceType"":""fixed""}]";;;;0.00;1;2025-12-29 17:23:03.365631+00;2025-12-29 17:28:04.500701+00;fixed;false
60e68dca-2894-4d4a-a070-423f63247922;029fbc90-38e7-48a3-9e53-2e4b64924441;bmitems;Boost Method;button_group;false;"[{""label"":""Selfplay"",""price"":""0"",""priceType"":""fixed""}]";;;;0.00;2;2025-12-29 17:35:52.410198+00;2025-12-29 17:35:52.410198+00;fixed;false
5196e01a-b138-42c9-be40-4ced2d467561;85cb5f96-d256-4a8f-805d-875c263d1bd3;r;Region;button_group;false;"[{""label"":""EU"",""price"":0,""priceType"":""fixed"",""value"":""eu""},{""label"":""NA"",""price"":""15"",""priceType"":""percentage"",""value"":""na""}]";;;;0.00;0;2025-11-23 10:26:10.923511+00;2026-02-11 21:39:27.70306+00;fixed;false
851edb6e-c1d8-4946-851e-e8aa7f12d8f7;068cc2ac-5cc0-4749-ae33-ce552ff6f788;bmpoe2;Boost Method;button_group;false;"[{""label"":""Pilot"",""price"":""0"",""priceType"":""fixed""},{""label"":""Selfplay"",""price"":""0"",""priceType"":""fixed""}]";;;;0.00;0;2025-12-29 22:57:09.313365+00;2025-12-29 22:57:09.313365+00;fixed;false
7962894b-2a33-46fa-bb43-599273ba1e8e;068cc2ac-5cc0-4749-ae33-ce552ff6f788;lvlspeedpoe2;Leveling Speed;button_group;false;"[{""label"":""Standard"",""price"":""0"",""priceType"":""fixed""},{""label"":""30% Faster"",""price"":""30"",""priceType"":""percentage""}]";;;;0.00;2;2025-12-29 22:58:56.955253+00;2025-12-29 22:58:56.955253+00;fixed;false
5034c111-dcef-46d4-914d-ae8b1d80e23c;08587f4c-8dab-4f3f-af81-c17b2399f93a;leaguepoe2;League;button_group;false;"[{""label"":""League"",""price"":""0"",""priceType"":""fixed""},{""label"":""Standard"",""price"":""0"",""priceType"":""percentage""},{""label"":""League HC"",""price"":""50"",""priceType"":""percentage""}]";;;;0.00;0;2025-12-27 21:23:31.753257+00;2025-12-29 22:59:53.260642+00;fixed;false
08cbeb1d-fefa-460e-9490-729fab8829fd;068cc2ac-5cc0-4749-ae33-ce552ff6f788;leaguepoe2lvl;League;button_group;false;"[{""label"":""League"",""price"":""0"",""priceType"":""fixed""},{""label"":""Standard"",""price"":""0"",""priceType"":""percentage""}]";;;;0.00;1;2025-12-29 22:58:12.970698+00;2025-12-30 22:58:52.145217+00;fixed;false
2f1f8f3e-f50e-44cb-8620-bef57661880a;646cb4f6-404c-47e9-b2e5-36b9d5bd4eed;bmascension;Boost Method;button_group;false;"[{""label"":""Pilot"",""price"":""0"",""priceType"":""fixed""},{""label"":""Selfplay"",""price"":""0"",""priceType"":""fixed""}]";;;;0.00;0;2025-12-31 16:26:20.464872+00;2025-12-31 16:26:20.464872+00;fixed;false
037a545d-eb8c-40d6-b7b2-c86a4a4ff768;646cb4f6-404c-47e9-b2e5-36b9d5bd4eed;leaguetype;League;button_group;false;"[{""label"":""League SC"",""price"":""0"",""priceType"":""fixed""},{""label"":""League HC"",""price"":""50"",""priceType"":""percentage""}]";;;;0.00;1;2025-12-31 16:27:01.613727+00;2025-12-31 16:27:01.613727+00;fixed;false
5cfb83fe-eb85-48d3-a015-4f500e6b0c5d;44ba9ead-093b-4d81-bf68-22b0becd5f02;chaosleague;League;button_group;false;"[{""label"":""League"",""price"":""0"",""priceType"":""fixed""},{""label"":""Standard"",""price"":""0"",""priceType"":""fixed""},{""label"":""League HC"",""price"":""100"",""priceType"":""percentage""}]";;;;0.00;0;2026-01-02 20:54:51.493978+00;2026-01-02 20:54:51.493978+00;fixed;false
f95dc7fc-f639-42c7-8b30-faaaa7db3685;9f115b8a-64b4-45a5-95f9-85aea7558495;expeditionquests;Items;checkbox;false;"[{""label"":""Metal Parts x 150"",""price"":""4"",""priceType"":""fixed""},{""label"":""Rubber Parts x 200"",""price"":""4"",""priceType"":""fixed""},{""label"":""ARC Alloy x 80"",""price"":""4"",""priceType"":""fixed""},{""label"":""Steel Spring x 15"",""price"":""4"",""priceType"":""fixed""},{""label"":""Durable Cloth x 35"",""price"":""4"",""priceType"":""fixed""},{""label"":""Wires x 30"",""price"":""4"",""priceType"":""fixed""},{""label"":""Electrical Components x 30"",""price"":""4"",""priceType"":""fixed""},{""label"":""Cooling Fan x 5"",""price"":""4"",""priceType"":""fixed""},{""label"":""Light Bulb x 5"",""price"":""4"",""priceType"":""fixed""},{""label"":""Battery x 30"",""price"":""4"",""priceType"":""fixed""},{""label"":""Sensors x 20"",""price"":""4"",""priceType"":""fixed""},{""label"":""Exodus Modules x 1"",""price"":""4"",""priceType"":""fixed""},{""label"":""Humidifier x 5"",""price"":""4"",""priceType"":""fixed""},{""label"":""Advanced Electrical Component x 5"",""price"":""4"",""priceType"":""fixed""},{""label"":""Magnetic Accelerator x 3"",""price"":""4"",""priceType"":""fixed""},{""label"":""Leaper Pulse Unit x 3"",""price"":""4"",""priceType"":""fixed""}]";;;;0.00;2;2025-12-26 22:50:15.003399+00;2026-01-04 18:21:15.234778+00;fixed;false
2908275e-f1cb-4759-91aa-232770dc1359;9f115b8a-64b4-45a5-95f9-85aea7558495;stagearcraiders;Specific Stage;checkbox;false;"[{""label"":""Stage 1 - Foundation"",""price"":""10"",""priceType"":""fixed""},{""label"":""Stage 2 - Core Systems"",""price"":""10"",""priceType"":""fixed""},{""label"":""Stage 3 - Framework"",""price"":""10"",""priceType"":""fixed""},{""label"":""Stage 4 - Outfitting"",""price"":""10"",""priceType"":""fixed""},{""label"":""Stage 5 - Loading Phase"",""price"":""30"",""priceType"":""fixed""}]";;;;0.00;3;2026-01-04 18:25:09.203616+00;2026-01-04 18:25:09.203616+00;fixed;false
ec94e661-89c7-4e5d-ac8d-31ca67721486;1d4f55f4-0c20-4203-8399-c080328d2221;leaguemiror;League;button_group;false;"[{""label"":""League "",""price"":""0"",""priceType"":""fixed""},{""label"":""League HC"",""price"":""100"",""priceType"":""percentage""}]";;;;0.00;0;2026-01-04 18:39:48.036225+00;2026-01-04 18:39:48.036225+00;fixed;false
09a50bd3-3a64-461d-900d-55dbd2dd409c;10380286-0c99-4d9d-afb1-bce887edfd69;bmcampaign;Boost Method;button_group;false;"[{""label"":""Pilot"",""price"":""0"",""priceType"":""fixed""},{""label"":""Selfplay"",""price"":""0"",""priceType"":""fixed""}]";;;;0.00;0;2026-01-04 19:10:04.613839+00;2026-01-04 19:10:04.613839+00;fixed;false
75f545c3-0468-4ef8-8f61-b6db6de557d5;10380286-0c99-4d9d-afb1-bce887edfd69;leaguecamp;League;button_group;false;"[{""label"":""League SC"",""price"":""0"",""priceType"":""fixed""},{""label"":""League HC"",""price"":""100"",""priceType"":""percentage""}]";;;;0.00;1;2026-01-04 19:10:39.547008+00;2026-01-04 19:10:39.547008+00;fixed;false
80ccfb7c-d063-4a4f-a871-a6ec4da71484;dac47162-4fcb-4aef-b101-67b883c9b0d9;jewellersorb;League;button_group;false;"[{""label"":""League"",""price"":""0"",""priceType"":""fixed""},{""label"":""Standard"",""price"":""0"",""priceType"":""fixed""},{""label"":""League HC"",""price"":""100"",""priceType"":""percentage""}]";;;;0.00;0;2026-01-07 10:40:05.026247+00;2026-01-07 10:40:05.026247+00;fixed;false
d201d9e9-a310-4659-9dc8-84443882fed7;9a154a60-f3b5-4fb0-b94a-c826398caaab;region;Region;button_group;false;"[{""label"":""EU"",""price"":0,""priceType"":""fixed"",""value"":""eu""},{""label"":""NA"",""price"":0,""priceType"":""fixed"",""value"":""na""}]";;;;0.00;0;2026-02-03 20:05:32.602488+00;2026-02-03 20:05:32.602488+00;fixed;false
282ed276-772f-426c-9727-78608a552c79;1deec384-bad8-463c-9623-228714ca2eba;region;Region;button_group;false;"[{""label"":""EU"",""price"":0,""priceType"":""fixed"",""value"":""eu""},{""label"":""NA"",""price"":0,""priceType"":""fixed"",""value"":""na""}]";;;;0.00;0;2026-02-03 20:05:32.602488+00;2026-02-03 20:05:32.602488+00;fixed;false
23683321-677e-4af5-a6f8-0fb4942b337d;a69b6c45-f249-4364-a13d-c876cec10ee2;region;Region;button_group;false;"[{""label"":""EU"",""price"":0,""priceType"":""fixed"",""value"":""eu""},{""label"":""NA"",""price"":0,""priceType"":""fixed"",""value"":""na""}]";;;;0.00;0;2026-02-03 20:05:32.602488+00;2026-02-03 20:05:32.602488+00;fixed;false
3a9bf829-0a13-44e4-8800-d703d10823bd;3a46c5ef-739d-4c07-8852-8c820964a6f2;r;Region;button_group;false;"[{""label"":""EU"",""price"":0,""priceType"":""fixed"",""value"":""eu""},{""label"":""NA"",""price"":0,""priceType"":""fixed"",""value"":""na""}]";;;;0.00;0;2025-11-23 10:00:19.980332+00;2026-01-09 07:15:35.656321+00;fixed;false
739fa6b5-eec5-47a3-a59e-8114d1c03f37;96b9acc7-1af3-4add-a8e1-c5f8c87d0965;r;Region;button_group;false;"[{""label"":""EU"",""price"":0,""priceType"":""fixed"",""value"":""eu""},{""label"":""NA"",""price"":0,""priceType"":""fixed"",""value"":""na""}]";;;;0.00;0;2025-11-23 10:00:19.980332+00;2026-01-09 07:15:35.656321+00;fixed;false
f006566d-8803-46ea-86cf-c74f4b8e5b04;766242ab-5167-4079-aa7b-46a5a5f45790;b;Boost Method;button_group;false;"[{""label"":""Pilot"",""price"":0,""priceType"":""fixed"",""value"":""pilot""},{""label"":""Remote"",""price"":""25.5"",""priceType"":""percentage"",""value"":""remote""}]";;;;0.00;0;2025-11-23 10:25:03.357039+00;2026-01-09 07:15:35.656321+00;fixed;false
4e492a2c-77cc-4a95-84f8-9f8cecee3815;85cb5f96-d256-4a8f-805d-875c263d1bd3;b;Boost Method;button_group;false;"[{""label"":""Pilot"",""price"":0,""priceType"":""fixed"",""value"":""pilot""},{""label"":""Remote"",""price"":""25.5"",""priceType"":""percentage"",""value"":""remote""}]";;;;0.00;0;2025-11-23 10:25:03.357039+00;2026-01-09 07:15:35.656321+00;fixed;false
b81b660e-b440-4a2c-b2e6-18f0ef1c7aae;508c21cb-fdf6-4d24-9401-48293946102d;b;Boost Method;button_group;false;"[{""label"":""Pilot"",""price"":0,""priceType"":""fixed"",""value"":""pilot""},{""label"":""Remote"",""price"":""25.5"",""priceType"":""percentage"",""value"":""remote""}]";;;;0.00;0;2025-11-23 10:25:03.357039+00;2026-01-09 07:15:35.656321+00;fixed;false
441efc67-38fe-4047-a9c4-bcb0b70e7f60;150453b7-d604-4dd4-ad79-73186e2307cc;b;Boost Method;button_group;false;"[{""label"":""Pilot"",""price"":0,""priceType"":""fixed"",""value"":""pilot""},{""label"":""Remote"",""price"":""25.5"",""priceType"":""percentage"",""value"":""remote""}]";;;;0.00;0;2025-11-23 10:25:03.357039+00;2026-01-09 07:15:35.656321+00;fixed;false
efe13a54-912f-4a76-8476-195005e1c65c;e27aa70f-b220-4727-a440-28721d60c0b4;b;Boost Method;button_group;false;"[{""label"":""Pilot"",""price"":0,""priceType"":""fixed"",""value"":""pilot""},{""label"":""Remote"",""price"":""25.5"",""priceType"":""percentage"",""value"":""remote""}]";;;;0.00;0;2025-11-23 10:25:03.357039+00;2026-01-09 07:15:35.656321+00;fixed;false
07b4fca6-1105-45ae-8151-14dc9af79619;71f1a47a-ecc7-4576-8577-5556b5e8a86b;b;Boost Method;button_group;false;"[{""label"":""Pilot"",""price"":0,""priceType"":""fixed"",""value"":""pilot""},{""label"":""Remote"",""price"":""25.5"",""priceType"":""percentage"",""value"":""remote""}]";;;;0.00;0;2025-11-23 10:25:03.357039+00;2026-01-09 07:15:35.656321+00;fixed;false
700a7067-2baa-426f-a5a8-74485ba05db9;35b15c72-384e-479b-9347-4d9e6d3e9ff9;boostmethod;Boost Method;button_group;false;"[{""label"":""Selfplay"",""price"":0,""priceType"":""fixed"",""value"":""selfplay""},{""label"":""Pilot"",""price"":20,""priceType"":""percentage"",""value"":""pilot""},{""label"":""Remote"",""price"":50,""priceType"":""percentage"",""value"":""remote""}]";;;;0.00;0;2026-01-08 17:10:22.194666+00;2026-01-09 07:15:35.656321+00;fixed;false
33487be8-455d-494b-8157-4d556490dc35;c846f905-7533-4c33-8ff2-ddaca3dae9eb;b;Boost Method;button_group;false;"[{""label"":""Pilot"",""price"":0,""priceType"":""fixed"",""value"":""pilot""},{""label"":""Remote"",""price"":""25.5"",""priceType"":""percentage"",""value"":""remote""}]";;;;0.00;0;2025-11-23 10:25:03.357039+00;2026-01-09 07:15:35.656321+00;fixed;false
172a0c97-1e2b-41e4-8d1a-d8da628fe1eb;2687c4df-b1a5-45a0-b0c6-2de4f9dbd343;b;Boost Method;button_group;false;"[{""label"":""Pilot"",""price"":0,""priceType"":""fixed"",""value"":""pilot""},{""label"":""Remote"",""price"":""25.5"",""priceType"":""percentage"",""value"":""remote""}]";;;;0.00;0;2025-11-23 10:25:03.357039+00;2026-01-09 07:15:35.656321+00;fixed;false
8e802c76-a82e-4585-86fc-f5d3a8c87d1b;a1e0aff6-9564-4018-9de6-06cc389889c0;b;Boost Method;button_group;false;"[{""label"":""Pilot"",""price"":0,""priceType"":""fixed"",""value"":""pilot""},{""label"":""Remote"",""price"":""25.5"",""priceType"":""percentage"",""value"":""remote""}]";;;;0.00;0;2025-11-23 10:25:03.357039+00;2026-01-09 07:15:35.656321+00;fixed;false
21811154-dd7d-4c11-8e6d-73d46e4341b5;4352b0bd-f585-484f-a07b-930a69c720a4;b;Boost Method;button_group;false;"[{""label"":""Pilot"",""price"":0,""priceType"":""fixed"",""value"":""pilot""},{""label"":""Remote"",""price"":""25.5"",""priceType"":""percentage"",""value"":""remote""}]";;;;0.00;0;2025-11-23 10:25:03.357039+00;2026-01-09 07:15:35.656321+00;fixed;false
e50b5d05-ceed-4247-bd46-00e952658749;c65d6eea-d110-44ef-bd5a-ce88b9b6da89;b;Boost Method;button_group;false;"[{""label"":""Pilot"",""price"":0,""priceType"":""fixed"",""value"":""pilot""},{""label"":""Remote"",""price"":""25.5"",""priceType"":""percentage"",""value"":""remote""}]";;;;0.00;0;2025-11-23 10:25:03.357039+00;2026-01-09 07:15:35.656321+00;fixed;false
8cc87059-6be8-4b22-bb62-aa34a544dd8b;c65d6eea-d110-44ef-bd5a-ce88b9b6da89;r;Region;button_group;false;"[{""label"":""EU"",""price"":0,""priceType"":""fixed"",""value"":""eu""},{""label"":""NA"",""price"":0,""priceType"":""fixed"",""value"":""na""}]";;;;0.00;0;2025-11-23 10:26:10.923511+00;2026-01-09 07:15:35.656321+00;fixed;false
3633afae-073d-4d23-8f0b-985750cd40d2;4352b0bd-f585-484f-a07b-930a69c720a4;r;Region;button_group;false;"[{""label"":""EU"",""price"":0,""priceType"":""fixed"",""value"":""eu""},{""label"":""NA"",""price"":0,""priceType"":""fixed"",""value"":""na""}]";;;;0.00;0;2025-11-23 10:26:10.923511+00;2026-01-09 07:15:35.656321+00;fixed;false
1b638784-9d87-473e-a3ed-06780412087b;b4916168-ad35-4b85-80b2-63a12bfc3c9a;r;Region;button_group;false;"[{""label"":""EU"",""price"":0,""priceType"":""fixed"",""value"":""eu""},{""label"":""NA"",""price"":0,""priceType"":""fixed"",""value"":""na""}]";;;;0.00;0;2025-11-23 10:26:10.923511+00;2026-01-09 07:15:35.656321+00;fixed;false
0591dcff-5ef2-4d35-bcbb-b7295108241c;ae804199-da6e-424e-b21f-c3c263d2622a;r;Region;button_group;false;"[{""label"":""EU"",""price"":0,""priceType"":""fixed"",""value"":""eu""},{""label"":""NA"",""price"":0,""priceType"":""fixed"",""value"":""na""}]";;;;0.00;0;2025-11-23 10:26:10.923511+00;2026-01-09 07:15:35.656321+00;fixed;false
f3ed07c6-54f7-4a0b-a0de-9d0231d5e29b;a1e0aff6-9564-4018-9de6-06cc389889c0;r;Region;button_group;false;"[{""label"":""EU"",""price"":0,""priceType"":""fixed"",""value"":""eu""},{""label"":""NA"",""price"":0,""priceType"":""fixed"",""value"":""na""}]";;;;0.00;0;2025-11-23 10:26:10.923511+00;2026-01-09 07:15:35.656321+00;fixed;false
ca755c7b-de95-4f0c-8c1e-4f571e6beaab;2687c4df-b1a5-45a0-b0c6-2de4f9dbd343;r;Region;button_group;false;"[{""label"":""EU"",""price"":0,""priceType"":""fixed"",""value"":""eu""},{""label"":""NA"",""price"":0,""priceType"":""fixed"",""value"":""na""}]";;;;0.00;0;2025-11-23 10:26:10.923511+00;2026-01-09 07:15:35.656321+00;fixed;false
70a86878-3f07-408e-acbf-d5c3cf3cd997;c846f905-7533-4c33-8ff2-ddaca3dae9eb;r;Region;button_group;false;"[{""label"":""EU"",""price"":0,""priceType"":""fixed"",""value"":""eu""},{""label"":""NA"",""price"":0,""priceType"":""fixed"",""value"":""na""}]";;;;0.00;0;2025-11-23 10:26:10.923511+00;2026-01-09 07:15:35.656321+00;fixed;false
cf299274-d23f-48db-8614-a86fd5fcebe1;b9e72666-f385-422c-b1c9-44d4ea84f633;r;Region;button_group;false;"[{""label"":""EU"",""price"":0,""priceType"":""fixed"",""value"":""eu""},{""label"":""NA"",""price"":0,""priceType"":""fixed"",""value"":""na""}]";;;;0.00;0;2025-11-23 10:26:10.923511+00;2026-01-09 07:15:35.656321+00;fixed;false
3bdbdebc-514d-425a-8b6c-7490be215827;a6fe7303-6528-4b64-8eb7-d71e49dc41ff;r;Region;button_group;false;"[{""label"":""EU"",""price"":0,""priceType"":""fixed"",""value"":""eu""},{""label"":""NA"",""price"":0,""priceType"":""fixed"",""value"":""na""}]";;;;0.00;0;2025-11-23 10:26:10.923511+00;2026-01-09 07:15:35.656321+00;fixed;false
46ff898a-4184-4c25-b1d6-167e3a254ea7;ec7c0035-3647-4344-9e92-cc479e3fbfa6;r;Region;button_group;false;"[{""label"":""EU"",""price"":0,""priceType"":""fixed"",""value"":""eu""},{""label"":""NA"",""price"":0,""priceType"":""fixed"",""value"":""na""}]";;;;0.00;0;2025-11-23 10:26:10.923511+00;2026-01-09 07:15:35.656321+00;fixed;false
c55d75cb-a0a2-4fcb-9887-d5d642acd347;71f1a47a-ecc7-4576-8577-5556b5e8a86b;r;Region;button_group;false;"[{""label"":""EU"",""price"":0,""priceType"":""fixed"",""value"":""eu""},{""label"":""NA"",""price"":0,""priceType"":""fixed"",""value"":""na""}]";;;;0.00;0;2025-11-23 10:26:10.923511+00;2026-01-09 07:15:35.656321+00;fixed;false
3648cf7c-a8b0-4756-9a3a-4c6ffb162779;e27aa70f-b220-4727-a440-28721d60c0b4;r;Region;button_group;false;"[{""label"":""EU"",""price"":0,""priceType"":""fixed"",""value"":""eu""},{""label"":""NA"",""price"":0,""priceType"":""fixed"",""value"":""na""}]";;;;0.00;0;2025-11-23 10:26:10.923511+00;2026-01-09 07:15:35.656321+00;fixed;false
5a66148d-e569-40aa-82af-a5539a991845;150453b7-d604-4dd4-ad79-73186e2307cc;r;Region;button_group;false;"[{""label"":""EU"",""price"":0,""priceType"":""fixed"",""value"":""eu""},{""label"":""NA"",""price"":0,""priceType"":""fixed"",""value"":""na""}]";;;;0.00;0;2025-11-23 10:26:10.923511+00;2026-01-09 07:15:35.656321+00;fixed;false
72f84b20-56ee-4db6-aafe-71f66fa5217d;508c21cb-fdf6-4d24-9401-48293946102d;r;Region;button_group;false;"[{""label"":""EU"",""price"":0,""priceType"":""fixed"",""value"":""eu""},{""label"":""NA"",""price"":0,""priceType"":""fixed"",""value"":""na""}]";;;;0.00;0;2025-11-23 10:26:10.923511+00;2026-01-09 07:15:35.656321+00;fixed;false
737f906c-dedb-4a24-9bac-530e13078a6c;766242ab-5167-4079-aa7b-46a5a5f45790;r;Region;button_group;false;"[{""label"":""EU"",""price"":0,""priceType"":""fixed"",""value"":""eu""},{""label"":""NA"",""price"":0,""priceType"":""fixed"",""value"":""na""}]";;;;0.00;0;2025-11-23 10:26:10.923511+00;2026-01-09 07:15:35.656321+00;fixed;false
9469d55a-4b0e-48e4-b416-0580076c45b7;550da282-b569-42a0-b579-957d0fff7e54;boostmethodattunements;Boost Method;button_group;false;"[{""label"":""Pilot"",""price"":0,""priceType"":""fixed"",""value"":""pilot""},{""label"":""Remote"",""price"":""33"",""priceType"":""percentage"",""value"":""remote""}]";;;;0.00;0;2025-11-24 15:21:57.03904+00;2026-01-09 07:15:35.656321+00;fixed;false
2dc4fdb0-484a-4db8-9424-b54c3eddb95d;2c784d82-ea30-4860-b864-ebd32b90b9b6;boostmethodattunements;Boost Method;button_group;false;"[{""label"":""Pilot"",""price"":0,""priceType"":""fixed"",""value"":""pilot""},{""label"":""Remote"",""price"":""33"",""priceType"":""percentage"",""value"":""remote""}]";;;;0.00;0;2025-11-24 15:21:57.03904+00;2026-01-09 07:15:35.656321+00;fixed;false
d7510e40-bacf-497e-991e-4a9d087eeed1;244987e0-2f07-4fe1-8a63-37c6d7a2fd2a;regionattunements;Region;button_group;false;"[{""label"":""EU"",""price"":0,""priceType"":""fixed"",""value"":""eu""},{""label"":""NA"",""price"":0,""priceType"":""fixed"",""value"":""na""}]";;;;0.00;0;2025-11-24 15:22:44.537274+00;2026-01-09 07:15:35.656321+00;fixed;false
e8be710b-0f40-417e-90ab-28756b7b3660;177a0913-f605-44c7-a967-d4e433a12fd2;regionattunements;Region;button_group;false;"[{""label"":""EU"",""price"":0,""priceType"":""fixed"",""value"":""eu""},{""label"":""NA"",""price"":0,""priceType"":""fixed"",""value"":""na""}]";;;;0.00;0;2025-11-24 15:22:44.537274+00;2026-01-09 07:15:35.656321+00;fixed;false
89a16cd8-9baf-494a-9d9e-4d328d12de49;fe2c4393-8783-4518-bb86-e6e95bc18db4;regionattunements;Region;button_group;false;"[{""label"":""EU"",""price"":0,""priceType"":""fixed"",""value"":""eu""},{""label"":""NA"",""price"":0,""priceType"":""fixed"",""value"":""na""}]";;;;0.00;0;2025-11-24 15:22:44.537274+00;2026-01-09 07:15:35.656321+00;fixed;false
afe5a363-24a5-48ea-8c2c-55cd2b75b151;550da282-b569-42a0-b579-957d0fff7e54;regionattunements;Region;button_group;false;"[{""label"":""EU"",""price"":0,""priceType"":""fixed"",""value"":""eu""},{""label"":""NA"",""price"":0,""priceType"":""fixed"",""value"":""na""}]";;;;0.00;0;2025-11-24 15:22:44.537274+00;2026-01-09 07:15:35.656321+00;fixed;false
2559c1a0-d02c-4ccd-9d84-0ce15c530d17;2c784d82-ea30-4860-b864-ebd32b90b9b6;regionattunements;Region;button_group;false;"[{""label"":""EU"",""price"":0,""priceType"":""fixed"",""value"":""eu""},{""label"":""NA"",""price"":0,""priceType"":""fixed"",""value"":""na""}]";;;;0.00;0;2025-11-24 15:22:44.537274+00;2026-01-09 07:15:35.656321+00;fixed;false
41ad618d-38ce-4f01-831b-2a9fbcab60c9;21f74dc8-a1aa-4a32-a11d-79799bec0da6;b;Boost Method;button_group;false;"[{""label"":""Pilot"",""price"":0,""priceType"":""fixed"",""value"":""pilot""},{""label"":""Remote"",""price"":""25.5"",""priceType"":""percentage"",""value"":""remote""}]";;;;0.00;0;2025-11-24 22:15:45.370657+00;2026-01-09 07:15:35.656321+00;fixed;false
a8ad9ae8-2519-43e8-9c7b-8b750d21ade9;194bd666-bd14-491f-9dd1-97380dd212b1;b;Boost Method;button_group;false;"[{""label"":""Pilot"",""price"":0,""priceType"":""fixed"",""value"":""pilot""},{""label"":""Remote"",""price"":""25.5"",""priceType"":""percentage"",""value"":""remote""}]";;;;0.00;0;2025-11-24 22:15:45.370657+00;2026-01-09 07:15:35.656321+00;fixed;false
b85074a0-7440-4f71-8df1-81637ff3c7dc;41acfe8d-9252-435d-a7c3-6284171a684f;b;Boost Method;button_group;false;"[{""label"":""Pilot"",""price"":0,""priceType"":""fixed"",""value"":""pilot""},{""label"":""Remote"",""price"":""25.5"",""priceType"":""percentage"",""value"":""remote""}]";;;;0.00;0;2025-11-24 22:15:45.370657+00;2026-01-09 07:15:35.656321+00;fixed;false
daafa91b-c800-4c4d-89e0-79de402c9657;602c3b75-2253-443c-a2f4-7c790c7aa52b;b;Boost Method;button_group;false;"[{""label"":""Pilot"",""price"":0,""priceType"":""fixed"",""value"":""pilot""},{""label"":""Remote"",""price"":""25.5"",""priceType"":""percentage"",""value"":""remote""}]";;;;0.00;0;2025-11-24 22:15:45.370657+00;2026-01-09 07:15:35.656321+00;fixed;false
0430035d-9e03-4082-a417-6b6fbdfd0937;c133602b-b733-402b-86de-b1360c656c5a;b;Boost Method;button_group;false;"[{""label"":""Pilot"",""price"":0,""priceType"":""fixed"",""value"":""pilot""},{""label"":""Remote"",""price"":""25.5"",""priceType"":""percentage"",""value"":""remote""}]";;;;0.00;0;2025-11-24 22:15:45.370657+00;2026-01-09 07:15:35.656321+00;fixed;false
7aec24b5-31e0-414d-9481-5389a6e72640;3fa30cd5-d960-4897-ac45-b53c6e988e9c;b;Boost Method;button_group;false;"[{""label"":""Pilot"",""price"":0,""priceType"":""fixed"",""value"":""pilot""},{""label"":""Remote"",""price"":""25.5"",""priceType"":""percentage"",""value"":""remote""}]";;;;0.00;0;2025-11-24 22:15:45.370657+00;2026-01-09 07:15:35.656321+00;fixed;false
de588bf5-14a3-4bf2-8665-1dd89d5dc491;8c08ce5c-a5d4-4e5a-8d9d-b1ddc6545415;b;Boost Method;button_group;false;"[{""label"":""Pilot"",""price"":0,""priceType"":""fixed"",""value"":""pilot""},{""label"":""Remote"",""price"":""25.5"",""priceType"":""percentage"",""value"":""remote""}]";;;;0.00;0;2025-11-24 22:15:45.370657+00;2026-01-09 07:15:35.656321+00;fixed;false
1aa0e5d4-6189-4623-a8ef-8d09e2294b0d;aa9e41d6-3e74-419e-ac7b-bda51bca4c16;b;Boost Method;button_group;false;"[{""label"":""Pilot"",""price"":0,""priceType"":""fixed"",""value"":""pilot""},{""label"":""Remote"",""price"":""25.5"",""priceType"":""percentage"",""value"":""remote""}]";;;;0.00;0;2025-11-24 22:15:45.370657+00;2026-01-09 07:15:35.656321+00;fixed;false
3a9f647f-edf0-478d-8b76-6344207a5836;6ce13ea2-9987-4960-86d7-76a30d2ca832;b;Boost Method;button_group;false;"[{""label"":""Pilot"",""price"":0,""priceType"":""fixed"",""value"":""pilot""},{""label"":""Remote"",""price"":""25.5"",""priceType"":""percentage"",""value"":""remote""}]";;;;0.00;0;2025-11-24 22:15:45.370657+00;2026-01-09 07:15:35.656321+00;fixed;false
187ef58d-57cb-4c90-ae4a-f69fdb971a77;1c0d4167-86ac-4731-99c7-45d784ea4d4f;b;Boost Method;button_group;false;"[{""label"":""Pilot"",""price"":0,""priceType"":""fixed"",""value"":""pilot""},{""label"":""Remote"",""price"":""25.5"",""priceType"":""percentage"",""value"":""remote""}]";;;;0.00;0;2025-11-24 22:15:45.370657+00;2026-01-09 07:15:35.656321+00;fixed;false
a7dcdd34-2fb2-4541-87de-946c6f1dc1e9;0c18dea7-c237-4b34-b403-2cf29be09426;b;Boost Method;button_group;false;"[{""label"":""Pilot"",""price"":0,""priceType"":""fixed"",""value"":""pilot""},{""label"":""Remote"",""price"":""25.5"",""priceType"":""percentage"",""value"":""remote""}]";;;;0.00;0;2025-11-24 22:15:45.370657+00;2026-01-09 07:15:35.656321+00;fixed;false
c29f5f0c-1391-4524-a2f0-73977bfe3cb1;1212f14d-2e3d-480b-954f-64eb8757adbc;b;Boost Method;button_group;false;"[{""label"":""Pilot"",""price"":0,""priceType"":""fixed"",""value"":""pilot""},{""label"":""Remote"",""price"":""25.5"",""priceType"":""percentage"",""value"":""remote""}]";;;;0.00;0;2025-11-24 22:15:45.370657+00;2026-01-09 07:15:35.656321+00;fixed;false
248def0f-a6e8-4395-bb54-7731a8c089b4;a3990e22-80d4-42da-82ec-852e43df05cd;b;Boost Method;button_group;false;"[{""label"":""Pilot"",""price"":0,""priceType"":""fixed"",""value"":""pilot""},{""label"":""Remote"",""price"":""25.5"",""priceType"":""percentage"",""value"":""remote""}]";;;;0.00;0;2025-11-24 22:15:45.370657+00;2026-01-09 07:15:35.656321+00;fixed;false
ac77d434-30e3-4082-9e71-a4a8a011a4db;b2042581-ae8b-4414-8870-f279824ee51e;b;Boost Method;button_group;false;"[{""label"":""Pilot"",""price"":0,""priceType"":""fixed"",""value"":""pilot""},{""label"":""Remote"",""price"":""25.5"",""priceType"":""percentage"",""value"":""remote""}]";;;;0.00;0;2025-11-24 22:15:45.370657+00;2026-01-09 07:15:35.656321+00;fixed;false
08b3b150-8882-4866-bc78-642aef7a0de8;b5c2e65c-503c-423a-8133-717fd3d667af;b;Boost Method;button_group;false;"[{""label"":""Pilot"",""price"":0,""priceType"":""fixed"",""value"":""pilot""},{""label"":""Remote"",""price"":""25.5"",""priceType"":""percentage"",""value"":""remote""}]";;;;0.00;0;2025-11-24 22:15:45.370657+00;2026-01-09 07:15:35.656321+00;fixed;false
52b2eba7-9cea-4810-94b7-65c6d3d69de8;21f74dc8-a1aa-4a32-a11d-79799bec0da6;r;Region;button_group;false;"[{""label"":""EU"",""price"":0,""priceType"":""fixed"",""value"":""eu""},{""label"":""NA"",""price"":0,""priceType"":""fixed"",""value"":""na""}]";;;;0.00;0;2025-11-24 22:17:14.44096+00;2026-01-09 07:15:35.656321+00;fixed;false
d8c6a9f9-f8a2-4c2f-a345-113b339625a2;194bd666-bd14-491f-9dd1-97380dd212b1;r;Region;button_group;false;"[{""label"":""EU"",""price"":0,""priceType"":""fixed"",""value"":""eu""},{""label"":""NA"",""price"":0,""priceType"":""fixed"",""value"":""na""}]";;;;0.00;0;2025-11-24 22:17:14.44096+00;2026-01-09 07:15:35.656321+00;fixed;false
123d41b9-be29-48cf-8a5e-f47bd6aae90d;41acfe8d-9252-435d-a7c3-6284171a684f;r;Region;button_group;false;"[{""label"":""EU"",""price"":0,""priceType"":""fixed"",""value"":""eu""},{""label"":""NA"",""price"":0,""priceType"":""fixed"",""value"":""na""}]";;;;0.00;0;2025-11-24 22:17:14.44096+00;2026-01-09 07:15:35.656321+00;fixed;false
b2ea5109-fa8d-491b-8437-6c20f77f1823;602c3b75-2253-443c-a2f4-7c790c7aa52b;r;Region;button_group;false;"[{""label"":""EU"",""price"":0,""priceType"":""fixed"",""value"":""eu""},{""label"":""NA"",""price"":0,""priceType"":""fixed"",""value"":""na""}]";;;;0.00;0;2025-11-24 22:17:14.44096+00;2026-01-09 07:15:35.656321+00;fixed;false
48f3cf73-7e8f-480f-bb5f-f2ad666d7545;c133602b-b733-402b-86de-b1360c656c5a;r;Region;button_group;false;"[{""label"":""EU"",""price"":0,""priceType"":""fixed"",""value"":""eu""},{""label"":""NA"",""price"":0,""priceType"":""fixed"",""value"":""na""}]";;;;0.00;0;2025-11-24 22:17:14.44096+00;2026-01-09 07:15:35.656321+00;fixed;false
11faa999-efd1-4471-8a6c-d49cfeeb93fd;3fa30cd5-d960-4897-ac45-b53c6e988e9c;r;Region;button_group;false;"[{""label"":""EU"",""price"":0,""priceType"":""fixed"",""value"":""eu""},{""label"":""NA"",""price"":0,""priceType"":""fixed"",""value"":""na""}]";;;;0.00;0;2025-11-24 22:17:14.44096+00;2026-01-09 07:15:35.656321+00;fixed;false
acf268bf-9c5b-4137-94b0-84a6b90e0ec1;8c08ce5c-a5d4-4e5a-8d9d-b1ddc6545415;r;Region;button_group;false;"[{""label"":""EU"",""price"":0,""priceType"":""fixed"",""value"":""eu""},{""label"":""NA"",""price"":0,""priceType"":""fixed"",""value"":""na""}]";;;;0.00;0;2025-11-24 22:17:14.44096+00;2026-01-09 07:15:35.656321+00;fixed;false
f310a7e0-1f7b-48cd-9ec8-985245abd848;aa9e41d6-3e74-419e-ac7b-bda51bca4c16;r;Region;button_group;false;"[{""label"":""EU"",""price"":0,""priceType"":""fixed"",""value"":""eu""},{""label"":""NA"",""price"":0,""priceType"":""fixed"",""value"":""na""}]";;;;0.00;0;2025-11-24 22:17:14.44096+00;2026-01-09 07:15:35.656321+00;fixed;false
3dc724e8-277d-4556-96a6-cb9b630e476c;6ce13ea2-9987-4960-86d7-76a30d2ca832;r;Region;button_group;false;"[{""label"":""EU"",""price"":0,""priceType"":""fixed"",""value"":""eu""},{""label"":""NA"",""price"":0,""priceType"":""fixed"",""value"":""na""}]";;;;0.00;0;2025-11-24 22:17:14.44096+00;2026-01-09 07:15:35.656321+00;fixed;false
6043d4e0-68f0-4d3b-8f31-17debf347a1d;1c0d4167-86ac-4731-99c7-45d784ea4d4f;r;Region;button_group;false;"[{""label"":""EU"",""price"":0,""priceType"":""fixed"",""value"":""eu""},{""label"":""NA"",""price"":0,""priceType"":""fixed"",""value"":""na""}]";;;;0.00;0;2025-11-24 22:17:14.44096+00;2026-01-09 07:15:35.656321+00;fixed;false
1eefab73-01eb-4ddd-a518-c4fdb2b009a7;3459e362-5cfd-4607-89a7-15b8329bfb36;r;Region;button_group;false;"[{""label"":""EU"",""price"":0,""priceType"":""fixed"",""value"":""eu""},{""label"":""NA"",""price"":0,""priceType"":""fixed"",""value"":""na""}]";;;;0.00;0;2025-11-24 22:17:14.44096+00;2026-01-09 07:15:35.656321+00;fixed;false
10b3e51e-36d0-481e-9629-4e8704b0873a;0c18dea7-c237-4b34-b403-2cf29be09426;r;Region;button_group;false;"[{""label"":""EU"",""price"":0,""priceType"":""fixed"",""value"":""eu""},{""label"":""NA"",""price"":0,""priceType"":""fixed"",""value"":""na""}]";;;;0.00;0;2025-11-24 22:17:14.44096+00;2026-01-09 07:15:35.656321+00;fixed;false
1af01524-692a-4624-a449-441a10ea75a1;1212f14d-2e3d-480b-954f-64eb8757adbc;r;Region;button_group;false;"[{""label"":""EU"",""price"":0,""priceType"":""fixed"",""value"":""eu""},{""label"":""NA"",""price"":0,""priceType"":""fixed"",""value"":""na""}]";;;;0.00;0;2025-11-24 22:17:14.44096+00;2026-01-09 07:15:35.656321+00;fixed;false
35a510f3-ba9d-4fb6-b8cb-2fca2059dc55;a3990e22-80d4-42da-82ec-852e43df05cd;r;Region;button_group;false;"[{""label"":""EU"",""price"":0,""priceType"":""fixed"",""value"":""eu""},{""label"":""NA"",""price"":0,""priceType"":""fixed"",""value"":""na""}]";;;;0.00;0;2025-11-24 22:17:14.44096+00;2026-01-09 07:15:35.656321+00;fixed;false
d796fa5a-4069-4aa9-a91d-23c9b31f70f6;5640330b-402f-408e-b192-a1d3c287532e;r;Region;button_group;false;"[{""label"":""EU"",""price"":0,""priceType"":""fixed"",""value"":""eu""},{""label"":""NA"",""price"":0,""priceType"":""fixed"",""value"":""na""}]";;;;0.00;0;2025-11-24 22:17:14.44096+00;2026-01-09 07:15:35.656321+00;fixed;false
6a4d300e-68ef-49b8-a623-dac12e083bb1;b2042581-ae8b-4414-8870-f279824ee51e;r;Region;button_group;false;"[{""label"":""EU"",""price"":0,""priceType"":""fixed"",""value"":""eu""},{""label"":""NA"",""price"":0,""priceType"":""fixed"",""value"":""na""}]";;;;0.00;0;2025-11-24 22:17:14.44096+00;2026-01-09 07:15:35.656321+00;fixed;false
54207bc7-b82f-46f0-8582-73e2007ce92f;b5c2e65c-503c-423a-8133-717fd3d667af;r;Region;button_group;false;"[{""label"":""EU"",""price"":0,""priceType"":""fixed"",""value"":""eu""},{""label"":""NA"",""price"":0,""priceType"":""fixed"",""value"":""na""}]";;;;0.00;0;2025-11-24 22:17:14.44096+00;2026-01-09 07:15:35.656321+00;fixed;false
d48a3138-d752-404a-a7bb-a259868f025d;11bcebb3-dcc6-468a-810a-b387769c68a5;r;Region;button_group;false;"[{""label"":""EU"",""price"":0,""priceType"":""fixed"",""value"":""eu""},{""label"":""NA"",""price"":0,""priceType"":""fixed"",""value"":""na""}]";;;;0.00;0;2025-11-24 23:09:14.218202+00;2026-01-09 07:15:35.656321+00;fixed;false
0c570749-103e-4586-93ff-5e81bb852b50;17f71efd-c361-4a06-a229-e8cfb7efb778;s;Server;button_group;false;"[{""label"":""PvP"",""price"":50,""priceType"":""percentage"",""value"":""pvp""},{""label"":""PVE"",""price"":0,""priceType"":""fixed"",""value"":""pve""}]";;;;0.00;0;2025-12-08 22:18:48.243857+00;2026-01-09 07:15:35.656321+00;fixed;false
92ca5514-507d-43e2-af04-722ee3a43ad6;580cc9fe-6a89-4efa-8067-28f4c669fd42;s;Server;button_group;false;"[{""label"":""PvP"",""price"":50,""priceType"":""percentage"",""value"":""pvp""},{""label"":""PVE"",""price"":0,""priceType"":""fixed"",""value"":""pve""}]";;;;0.00;0;2025-12-08 22:18:48.243857+00;2026-01-09 07:15:35.656321+00;fixed;false
74d7b0a6-01de-483a-9e19-391f339b6300;2564c423-1531-48b0-a8df-e6428f6f41d9;s;Server;button_group;false;"[{""label"":""PvP"",""price"":50,""priceType"":""percentage"",""value"":""pvp""},{""label"":""PVE"",""price"":0,""priceType"":""fixed"",""value"":""pve""}]";;;;0.00;0;2025-12-08 22:18:48.243857+00;2026-01-09 07:15:35.656321+00;fixed;false
98ed24b9-e9f4-424e-b08b-0bfb806f161c;403b282a-a9b1-4dc2-8ae5-de6b31fa6eee;s;Server;button_group;false;"[{""label"":""PvP"",""price"":50,""priceType"":""percentage"",""value"":""pvp""},{""label"":""PVE"",""price"":0,""priceType"":""fixed"",""value"":""pve""}]";;;;0.00;0;2025-12-08 22:18:48.243857+00;2026-01-09 07:15:35.656321+00;fixed;false
b38a916f-96c4-47c8-9d4a-606088cf692c;5fe1ac9c-7383-4cda-81c3-53f8baa62cab;s;Server;button_group;false;"[{""label"":""PvP"",""price"":50,""priceType"":""percentage"",""value"":""pvp""},{""label"":""PVE"",""price"":0,""priceType"":""fixed"",""value"":""pve""}]";;;;0.00;0;2025-12-08 22:18:48.243857+00;2026-01-09 07:15:35.656321+00;fixed;false
f27c38fb-9e21-443b-a46d-7fe486976afb;6efeb878-fa59-404a-bc3c-a195e0512c9e;s;Server;button_group;false;"[{""label"":""PvP"",""price"":50,""priceType"":""percentage"",""value"":""pvp""},{""label"":""PVE"",""price"":0,""priceType"":""fixed"",""value"":""pve""}]";;;;0.00;0;2025-12-08 22:18:48.243857+00;2026-01-09 07:15:35.656321+00;fixed;false
d1a8931f-9bb6-4568-9f47-5a0f8677a22b;362c6ec5-1a9f-4cc4-9099-7e890d08c803;s;Server;button_group;false;"[{""label"":""PvP"",""price"":50,""priceType"":""percentage"",""value"":""pvp""},{""label"":""PVE"",""price"":0,""priceType"":""fixed"",""value"":""pve""}]";;;;0.00;0;2025-12-08 22:18:48.243857+00;2026-01-09 07:15:35.656321+00;fixed;false
99ebb66f-54ae-471f-91da-3c5e37ee56f0;c6b1d061-8fc6-4bdb-95e7-8068e767501c;s;Server;button_group;false;"[{""label"":""PvP"",""price"":50,""priceType"":""percentage"",""value"":""pvp""},{""label"":""PVE"",""price"":0,""priceType"":""fixed"",""value"":""pve""}]";;;;0.00;0;2025-12-08 22:18:48.243857+00;2026-01-09 07:15:35.656321+00;fixed;false
9e5611ed-aceb-4ccd-a395-476e20ecf2ae;f6cbf947-8e0c-4efc-9137-6dced1c5f116;s;Server;button_group;false;"[{""label"":""PvP"",""price"":50,""priceType"":""percentage"",""value"":""pvp""},{""label"":""PVE"",""price"":0,""priceType"":""fixed"",""value"":""pve""}]";;;;0.00;0;2025-12-08 22:18:48.243857+00;2026-01-09 07:15:35.656321+00;fixed;false
9d9d5308-c50c-42f3-83b8-7a56635102c4;5bf12cb4-3891-4766-b584-b372ee609ca5;b;Boost Method;button_group;false;"[{""label"":""Pilot"",""price"":0,""priceType"":""fixed"",""value"":""pilot""},{""label"":""Selfplay"",""price"":25,""priceType"":""percentage"",""value"":""selfplay""}]";;;;0.00;0;2025-12-08 22:21:56.192706+00;2026-01-09 07:15:35.656321+00;fixed;false
10fe8b87-4b74-49df-a3f0-0357a56f03b8;8e664ef0-fdf7-4514-adb4-1dc575e51125;b;Boost Method;button_group;false;"[{""label"":""Pilot"",""price"":0,""priceType"":""fixed"",""value"":""pilot""},{""label"":""Selfplay"",""price"":25,""priceType"":""percentage"",""value"":""selfplay""}]";;;;0.00;0;2025-12-08 22:21:56.192706+00;2026-01-09 07:15:35.656321+00;fixed;false
e27cd2e9-d9ac-4395-ac24-b6e1cebc057b;17f71efd-c361-4a06-a229-e8cfb7efb778;b;Boost Method;button_group;false;"[{""label"":""Pilot"",""price"":0,""priceType"":""fixed"",""value"":""pilot""},{""label"":""Selfplay"",""price"":25,""priceType"":""percentage"",""value"":""selfplay""}]";;;;0.00;0;2025-12-08 22:21:56.192706+00;2026-01-09 07:15:35.656321+00;fixed;false
cc8ae428-1ccf-4245-91cc-ce235ec3024d;580cc9fe-6a89-4efa-8067-28f4c669fd42;b;Boost Method;button_group;false;"[{""label"":""Pilot"",""price"":0,""priceType"":""fixed"",""value"":""pilot""},{""label"":""Selfplay"",""price"":25,""priceType"":""percentage"",""value"":""selfplay""}]";;;;0.00;0;2025-12-08 22:21:56.192706+00;2026-01-09 07:15:35.656321+00;fixed;false
1568baf0-d68f-4a1c-9dd0-8e05234209f5;2564c423-1531-48b0-a8df-e6428f6f41d9;b;Boost Method;button_group;false;"[{""label"":""Pilot"",""price"":0,""priceType"":""fixed"",""value"":""pilot""},{""label"":""Selfplay"",""price"":25,""priceType"":""percentage"",""value"":""selfplay""}]";;;;0.00;0;2025-12-08 22:21:56.192706+00;2026-01-09 07:15:35.656321+00;fixed;false
c5f3707e-6c62-431a-aa07-0f9682ef9ad7;403b282a-a9b1-4dc2-8ae5-de6b31fa6eee;b;Boost Method;button_group;false;"[{""label"":""Pilot"",""price"":0,""priceType"":""fixed"",""value"":""pilot""},{""label"":""Selfplay"",""price"":25,""priceType"":""percentage"",""value"":""selfplay""}]";;;;0.00;0;2025-12-08 22:21:56.192706+00;2026-01-09 07:15:35.656321+00;fixed;false
fac730e4-8db2-47ce-9ba0-607cd3c2ee2f;5fe1ac9c-7383-4cda-81c3-53f8baa62cab;b;Boost Method;button_group;false;"[{""label"":""Pilot"",""price"":0,""priceType"":""fixed"",""value"":""pilot""},{""label"":""Selfplay"",""price"":25,""priceType"":""percentage"",""value"":""selfplay""}]";;;;0.00;0;2025-12-08 22:21:56.192706+00;2026-01-09 07:15:35.656321+00;fixed;false
1a8449bc-d619-42d8-9487-d8457965d95c;6efeb878-fa59-404a-bc3c-a195e0512c9e;b;Boost Method;button_group;false;"[{""label"":""Pilot"",""price"":0,""priceType"":""fixed"",""value"":""pilot""},{""label"":""Selfplay"",""price"":25,""priceType"":""percentage"",""value"":""selfplay""}]";;;;0.00;0;2025-12-08 22:21:56.192706+00;2026-01-09 07:15:35.656321+00;fixed;false
896e5408-4575-441f-9701-e2370432e985;362c6ec5-1a9f-4cc4-9099-7e890d08c803;b;Boost Method;button_group;false;"[{""label"":""Pilot"",""price"":0,""priceType"":""fixed"",""value"":""pilot""},{""label"":""Selfplay"",""price"":25,""priceType"":""percentage"",""value"":""selfplay""}]";;;;0.00;0;2025-12-08 22:21:56.192706+00;2026-01-09 07:15:35.656321+00;fixed;false
fae43c7f-eb18-4473-8fa9-66f847b70f81;f6cbf947-8e0c-4efc-9137-6dced1c5f116;b;Boost Method;button_group;false;"[{""label"":""Pilot"",""price"":0,""priceType"":""fixed"",""value"":""pilot""},{""label"":""Selfplay"",""price"":25,""priceType"":""percentage"",""value"":""selfplay""}]";;;;0.00;0;2025-12-08 22:21:56.192706+00;2026-01-09 07:15:35.656321+00;fixed;false
745de847-0ad3-4e6d-a07b-d0b056c32914;c6b1d061-8fc6-4bdb-95e7-8068e767501c;b;Boost Method;button_group;false;"[{""label"":""Pilot"",""price"":0,""priceType"":""fixed"",""value"":""pilot""},{""label"":""Selfplay"",""price"":25,""priceType"":""percentage"",""value"":""selfplay""}]";;;;0.00;0;2025-12-08 22:21:56.192706+00;2026-01-09 07:15:35.656321+00;fixed;false
19105cb4-4b89-4aef-8758-f2c5584defa0;ae804199-da6e-424e-b21f-c3c263d2622a;b;Boost Method;button_group;false;"[{""label"":""Pilot"",""price"":0,""priceType"":""fixed"",""value"":""pilot""},{""label"":""Remote"",""price"":""25.5"",""priceType"":""percentage"",""value"":""remote""}]";;;;0.00;0;2025-11-23 10:25:03.357039+00;2026-01-09 07:15:35.656321+00;fixed;false
e4646120-3403-47f7-a22d-3e5786a32d1d;94229ad5-33a1-48de-843d-c55950722b8e;boostmethod;Boost Method;button_group;false;"[{""label"":""Selfplay"",""price"":0,""priceType"":""fixed"",""value"":""selfplay""},{""label"":""Pilot"",""price"":20,""priceType"":""percentage"",""value"":""pilot""},{""label"":""Remote"",""price"":50,""priceType"":""percentage"",""value"":""remote""}]";;;;0.00;0;2026-01-08 17:10:22.194666+00;2026-01-09 07:15:35.656321+00;fixed;false
0deea07b-a876-4c73-989a-20b1d15eef22;35b15c72-384e-479b-9347-4d9e6d3e9ff9;regionboost;Region;button_group;false;"[{""label"":""EU"",""price"":0,""priceType"":""fixed"",""value"":""eu""},{""label"":""NA"",""price"":25,""priceType"":""percentage"",""value"":""na""}]";;;;0.00;0;2026-01-08 17:10:59.672202+00;2026-01-09 07:15:35.656321+00;fixed;false
493c0ef2-3f99-46d9-bfd5-d5e3f125b615;94229ad5-33a1-48de-843d-c55950722b8e;regionboost;Region;button_group;false;"[{""label"":""EU"",""price"":0,""priceType"":""fixed"",""value"":""eu""},{""label"":""NA"",""price"":25,""priceType"":""percentage"",""value"":""na""}]";;;;0.00;0;2026-01-08 17:10:59.672202+00;2026-01-09 07:15:35.656321+00;fixed;false
b37a0d0d-4b6b-409c-a861-7de0cbb705b4;10028c8d-2970-482a-a5c2-98e2af10dc6e;regiontbcraid;Region;button_group;false;"[{""label"":""EU"",""price"":0,""priceType"":""fixed"",""value"":""eu""},{""label"":""NA"",""price"":30,""priceType"":""percentage"",""value"":""na""}]";;;;0.00;0;2026-01-10 21:05:45.750883+00;2026-01-10 21:05:45.750883+00;fixed;false
3d2882dc-968a-4656-b64d-7d74373347e7;71ea1b91-a959-4fff-9d40-b0a32c961485;regiontbcraid;Region;button_group;false;"[{""label"":""EU"",""price"":0,""priceType"":""fixed"",""value"":""eu""},{""label"":""NA"",""price"":30,""priceType"":""percentage"",""value"":""na""}]";;;;0.00;0;2026-01-10 21:05:45.750883+00;2026-01-10 21:05:45.750883+00;fixed;false
fb90670f-88c8-45c2-a1e4-4c99341d3c14;b1f5a3aa-8c2f-4e70-bbd3-fd2082134d23;regiontbcraid;Region;button_group;false;"[{""label"":""EU"",""price"":0,""priceType"":""fixed"",""value"":""eu""},{""label"":""NA"",""price"":30,""priceType"":""percentage"",""value"":""na""}]";;;;0.00;0;2026-01-10 21:05:45.750883+00;2026-01-10 21:05:45.750883+00;fixed;false
47c82b8b-fdf4-47ef-bc17-4fba3f8598ad;f4cf45f2-2aa3-4e60-8f32-118b7e36e599;regiontbcraid;Region;button_group;false;"[{""label"":""EU"",""price"":0,""priceType"":""fixed"",""value"":""eu""},{""label"":""NA"",""price"":30,""priceType"":""percentage"",""value"":""na""}]";;;;0.00;0;2026-01-10 21:05:45.750883+00;2026-01-10 21:05:45.750883+00;fixed;false
550c906a-11f3-4e7a-9248-45a72a0b4896;23ca6e2d-0836-48f1-b018-68d93106b50e;regiontbcraid;Region;button_group;false;"[{""label"":""EU"",""price"":0,""priceType"":""fixed"",""value"":""eu""},{""label"":""NA"",""price"":30,""priceType"":""percentage"",""value"":""na""}]";;;;0.00;0;2026-01-10 21:05:45.750883+00;2026-01-10 21:05:45.750883+00;fixed;false
85a4af2f-c0cf-418b-a288-d3b725a64b6e;bd80a080-4a25-46e6-bffc-60b559c92238;regiontbcraid;Region;button_group;false;"[{""label"":""EU"",""price"":0,""priceType"":""fixed"",""value"":""eu""},{""label"":""NA"",""price"":30,""priceType"":""percentage"",""value"":""na""}]";;;;0.00;0;2026-01-10 21:05:45.750883+00;2026-01-10 21:05:45.750883+00;fixed;false
dc3ec575-a070-422b-96d0-862e42921c65;1d415097-cb58-4470-a8e5-3316a1453fd7;regiontbcraid;Region;button_group;false;"[{""label"":""EU"",""price"":0,""priceType"":""fixed"",""value"":""eu""},{""label"":""NA"",""price"":30,""priceType"":""percentage"",""value"":""na""}]";;;;0.00;0;2026-01-10 21:05:45.750883+00;2026-01-10 21:05:45.750883+00;fixed;false
b1786f17-9122-447f-a796-60a3ce45ac41;aa916e8d-c05a-4959-8966-55467add4bcf;regiontbcraid;Region;button_group;false;"[{""label"":""EU"",""price"":0,""priceType"":""fixed"",""value"":""eu""},{""label"":""NA"",""price"":30,""priceType"":""percentage"",""value"":""na""}]";;;;0.00;0;2026-01-10 21:05:45.750883+00;2026-01-10 21:05:45.750883+00;fixed;false
7769ea6d-0da2-4a68-abe5-fca868e94bff;10028c8d-2970-482a-a5c2-98e2af10dc6e;boostmethodtbcraid;Boost Mode;button_group;false;"[{""label"":""Pilot"",""price"":0,""priceType"":""fixed"",""value"":""pilot""},{""label"":""Selfplay"",""price"":0,""priceType"":""fixed"",""value"":""selfplay""},{""label"":""Remote"",""price"":30,""priceType"":""percentage"",""value"":""remote""}]";;;;0.00;1;2026-01-10 21:07:29.234405+00;2026-01-10 21:07:29.234405+00;fixed;false
8e567fbc-c1b9-49bb-83d9-43688121e2d6;71ea1b91-a959-4fff-9d40-b0a32c961485;boostmethodtbcraid;Boost Mode;button_group;false;"[{""label"":""Pilot"",""price"":0,""priceType"":""fixed"",""value"":""pilot""},{""label"":""Selfplay"",""price"":0,""priceType"":""fixed"",""value"":""selfplay""},{""label"":""Remote"",""price"":30,""priceType"":""percentage"",""value"":""remote""}]";;;;0.00;1;2026-01-10 21:07:29.234405+00;2026-01-10 21:07:29.234405+00;fixed;false
d947a1aa-fecc-4aeb-8b9b-7e65a539b8b8;b1f5a3aa-8c2f-4e70-bbd3-fd2082134d23;boostmethodtbcraid;Boost Mode;button_group;false;"[{""label"":""Pilot"",""price"":0,""priceType"":""fixed"",""value"":""pilot""},{""label"":""Selfplay"",""price"":0,""priceType"":""fixed"",""value"":""selfplay""},{""label"":""Remote"",""price"":30,""priceType"":""percentage"",""value"":""remote""}]";;;;0.00;1;2026-01-10 21:07:29.234405+00;2026-01-10 21:07:29.234405+00;fixed;false
bb60e72f-ac3f-43e6-adab-fabdcc0ab0eb;f4cf45f2-2aa3-4e60-8f32-118b7e36e599;boostmethodtbcraid;Boost Mode;button_group;false;"[{""label"":""Pilot"",""price"":0,""priceType"":""fixed"",""value"":""pilot""},{""label"":""Selfplay"",""price"":0,""priceType"":""fixed"",""value"":""selfplay""},{""label"":""Remote"",""price"":30,""priceType"":""percentage"",""value"":""remote""}]";;;;0.00;1;2026-01-10 21:07:29.234405+00;2026-01-10 21:07:29.234405+00;fixed;false
e29de8fa-36b9-4b33-889a-3dd3617a3271;23ca6e2d-0836-48f1-b018-68d93106b50e;boostmethodtbcraid;Boost Mode;button_group;false;"[{""label"":""Pilot"",""price"":0,""priceType"":""fixed"",""value"":""pilot""},{""label"":""Selfplay"",""price"":0,""priceType"":""fixed"",""value"":""selfplay""},{""label"":""Remote"",""price"":30,""priceType"":""percentage"",""value"":""remote""}]";;;;0.00;1;2026-01-10 21:07:29.234405+00;2026-01-10 21:07:29.234405+00;fixed;false
7e221e0c-1d7d-4e01-8ffd-8197c790ada7;bd80a080-4a25-46e6-bffc-60b559c92238;boostmethodtbcraid;Boost Mode;button_group;false;"[{""label"":""Pilot"",""price"":0,""priceType"":""fixed"",""value"":""pilot""},{""label"":""Selfplay"",""price"":0,""priceType"":""fixed"",""value"":""selfplay""},{""label"":""Remote"",""price"":30,""priceType"":""percentage"",""value"":""remote""}]";;;;0.00;1;2026-01-10 21:07:29.234405+00;2026-01-10 21:07:29.234405+00;fixed;false
91c97fb6-ae52-4a65-b7af-9136784a45c4;1d415097-cb58-4470-a8e5-3316a1453fd7;boostmethodtbcraid;Boost Mode;button_group;false;"[{""label"":""Pilot"",""price"":0,""priceType"":""fixed"",""value"":""pilot""},{""label"":""Selfplay"",""price"":0,""priceType"":""fixed"",""value"":""selfplay""},{""label"":""Remote"",""price"":30,""priceType"":""percentage"",""value"":""remote""}]";;;;0.00;1;2026-01-10 21:07:29.234405+00;2026-01-10 21:07:29.234405+00;fixed;false
d8a99812-b352-4d7d-a065-04f6e268e006;9a7ceb21-f4e7-4092-ac09-b55d43c5b5e9;30% faster;30% Faster Delivery;button_group;false;"[{""label"":""Standard Speed"",""price"":""0"",""priceType"":""fixed""},{""label"":""30% Faster"",""price"":""0"",""priceType"":""fixed""}]";;;;0.00;2;2026-01-18 10:53:38.601326+00;2026-01-18 10:53:38.601326+00;fixed;false
ce14bd83-99a4-463e-b81b-c9de9d80dcdd;aa916e8d-c05a-4959-8966-55467add4bcf;boostmethodtbcraid;Boost Mode;button_group;false;"[{""label"":""Pilot"",""price"":0,""priceType"":""fixed"",""value"":""pilot""},{""label"":""Selfplay"",""price"":0,""priceType"":""fixed"",""value"":""selfplay""},{""label"":""Remote"",""price"":30,""priceType"":""percentage"",""value"":""remote""}]";;;;0.00;1;2026-01-10 21:07:29.234405+00;2026-01-10 21:07:29.234405+00;fixed;false
0791a7c6-d6cf-4e94-b144-20112c1c042a;bd80a080-4a25-46e6-bffc-60b559c92238;lootmodetbcraid;Loot Mode;button_group;false;"[{""label"":""Guaranteed Loot"",""price"":""899"",""priceType"":""fixed"",""value"":""guaranteed_loot""},{""label"":""Full Loot"",""price"":""1499"",""priceType"":""fixed"",""value"":""full_loot""}]";;;;0.00;2;2026-01-10 21:10:54.543238+00;2026-01-10 21:11:50.293168+00;fixed;false
f2e09c06-ba0b-47f7-9160-ca03ee6f8a15;aa916e8d-c05a-4959-8966-55467add4bcf;lootmodetbcraid;Loot Mode;button_group;false;"[{""label"":""Guaranteed Loot"",""price"":""399"",""priceType"":""fixed"",""value"":""guaranteed_loot""},{""label"":""Full Loot"",""price"":""599"",""priceType"":""fixed"",""value"":""full_loot""}]";;;;0.00;2;2026-01-10 21:10:54.543238+00;2026-01-10 21:12:14.814793+00;fixed;false
0f4686d9-769c-46f9-aaeb-166dfa089591;10028c8d-2970-482a-a5c2-98e2af10dc6e;lootmodetbcraid;Loot Mode;button_group;false;"[{""label"":""Guaranteed Loot"",""price"":""999"",""priceType"":""fixed"",""value"":""guaranteed_loot""},{""label"":""Full Loot"",""price"":""1599"",""priceType"":""fixed"",""value"":""full_loot""}]";;;;0.00;2;2026-01-10 21:10:54.543238+00;2026-01-10 21:13:02.057274+00;fixed;false
6a98bd3c-a8cd-47c5-837d-e424890bf63f;10028c8d-2970-482a-a5c2-98e2af10dc6e;warglaives;Extra options ;checkbox;false;"[{""label"":""Warglaives of Azzinoth"",""price"":""4999"",""priceType"":""fixed""},{""label"":""Tier 6 Full Set"",""price"":""1699"",""priceType"":""fixed""}]";;;;0.00;3;2026-01-10 21:14:58.553819+00;2026-01-10 21:14:58.553819+00;fixed;false
b343fae4-3c94-4550-a118-3f26ecac3f0c;1d415097-cb58-4470-a8e5-3316a1453fd7;lootmodetbcraid;Loot Mode;button_group;false;"[{""label"":""Guaranteed Loot"",""price"":""899"",""priceType"":""fixed"",""value"":""guaranteed_loot""},{""label"":""Full Loot"",""price"":""1299"",""priceType"":""fixed"",""value"":""full_loot""}]";;;;0.00;2;2026-01-10 21:10:54.543238+00;2026-01-10 21:15:31.779214+00;fixed;false
a02452c0-8100-4bcd-ba83-f2cd6034f9f9;1d415097-cb58-4470-a8e5-3316a1453fd7;extraoptionstempest;Extra options;checkbox;false;"[{""label"":""Full Tier 5 Set"",""price"":""1699"",""priceType"":""fixed""},{""label"":""Ashes of Al'ar"",""price"":""2299"",""priceType"":""fixed""}]";;;;0.00;3;2026-01-10 21:16:42.435903+00;2026-01-10 21:16:42.435903+00;fixed;false
3d5c0121-1da5-45e7-bdff-64646331f27d;23ca6e2d-0836-48f1-b018-68d93106b50e;lootmodetbcraid;Loot Mode;button_group;false;"[{""label"":""Guaranteed Loot"",""price"":""899"",""priceType"":""fixed"",""value"":""guaranteed_loot""},{""label"":""Full Loot"",""price"":""1299"",""priceType"":""fixed"",""value"":""full_loot""}]";;;;0.00;2;2026-01-10 21:10:54.543238+00;2026-01-10 21:17:30.010715+00;fixed;false
d5137920-fec4-470f-84b6-1d2d1f329ea6;b1f5a3aa-8c2f-4e70-bbd3-fd2082134d23;lootmodetbcraid;Loot Mode;button_group;false;"[{""label"":""Guaranteed Loot"",""price"":""699"",""priceType"":""fixed"",""value"":""guaranteed_loot""},{""label"":""Full Loot"",""price"":""1299"",""priceType"":""fixed"",""value"":""full_loot""}]";;;;0.00;2;2026-01-10 21:10:54.543238+00;2026-01-10 21:17:57.10316+00;fixed;false
427dfde2-3ebd-4f05-be92-b85a522204f9;71ea1b91-a959-4fff-9d40-b0a32c961485;lootmodetbcraid;Loot Mode;button_group;false;"[{""label"":""Guaranteed Loot"",""price"":""399"",""priceType"":""fixed"",""value"":""guaranteed_loot""},{""label"":""Full Loot"",""price"":""699"",""priceType"":""fixed"",""value"":""full_loot""}]";;;;0.00;2;2026-01-10 21:10:54.543238+00;2026-01-10 21:18:37.347822+00;fixed;false
b1f2ce9b-ade7-4190-a307-9d652830d8e5;f4cf45f2-2aa3-4e60-8f32-118b7e36e599;lootmodetbcraid;Loot Mode;button_group;false;"[{""label"":""Guaranteed Loot"",""price"":""899"",""priceType"":""fixed"",""value"":""guaranteed_loot""},{""label"":""Full Loot"",""price"":""1299"",""priceType"":""fixed"",""value"":""full_loot""}]";;;;0.00;2;2026-01-10 21:10:54.543238+00;2026-01-10 21:19:11.265083+00;fixed;false
cdf148b4-0792-49c5-9c8d-9837ff86b335;f4cf45f2-2aa3-4e60-8f32-118b7e36e599;karaextraopt;Extra options;checkbox;false;"[{""label"":"" Fiery Warhorse"",""price"":""2699"",""priceType"":""fixed""}]";;;;0.00;3;2026-01-10 21:19:54.384964+00;2026-01-10 21:19:54.384964+00;fixed;false
6ae5cf8c-e3a5-4d7f-90d5-5a5c48367f78;28707ecb-8107-41aa-bab3-a0c486577b96;bmcoinsarcraiders;Boost Method;button_group;false;"[{""label"":""Pilot"",""price"":""0"",""priceType"":""fixed""},{""label"":""Selfplay"",""price"":""0"",""priceType"":""fixed""}]";;;;0.00;0;2026-01-11 08:37:53.632553+00;2026-01-11 08:37:53.632553+00;fixed;false
e7c65768-7d6b-42b6-bee6-69714fceefab;c91a2fe3-65dc-4d2d-9fea-31f0db78b197;run-type;Run Type;button_group;false;"[{""label"":""Personal Loot"",""price"":0,""priceType"":""fixed"",""value"":""personal_loot""},{""label"":""Loot Share"",""price"":0,""priceType"":""fixed"",""value"":""loot_share""}]";;;;0.00;0;2026-01-31 20:22:48.497109+00;2026-01-31 20:22:48.497109+00;fixed;false
df492e5c-2e94-4c4d-9d9f-882cce2ad86d;2adf7b32-22c8-4f1c-9459-580056f31bb0;run-type;Run Type;button_group;false;"[{""label"":""Personal Loot"",""price"":0,""priceType"":""fixed"",""value"":""personal_loot""},{""label"":""Loot Share"",""price"":0,""priceType"":""fixed"",""value"":""loot_share""}]";;;;0.00;0;2026-01-31 20:22:48.497109+00;2026-01-31 20:22:48.497109+00;fixed;false
3bf38c06-677b-47c1-af56-2bf6362d46cd;21ba77cf-cff9-44ba-80d0-51cd40c6a9d8;run-type;Run Type;button_group;false;"[{""label"":""Personal Loot"",""price"":0,""priceType"":""fixed"",""value"":""personal_loot""},{""label"":""Loot Share"",""price"":0,""priceType"":""fixed"",""value"":""loot_share""}]";;;;0.00;0;2026-01-31 20:22:48.497109+00;2026-01-31 20:22:48.497109+00;fixed;false
0919f89c-a7a4-4ac2-bc87-69769b1173e1;05258691-2a3d-4b99-a54b-a5b8291637b3;run-type;Run Type;button_group;false;"[{""label"":""Personal Loot"",""price"":0,""priceType"":""fixed"",""value"":""personal_loot""},{""label"":""Loot Share"",""price"":0,""priceType"":""fixed"",""value"":""loot_share""}]";;;;0.00;0;2026-01-31 20:22:48.497109+00;2026-01-31 20:22:48.497109+00;fixed;false
56f1e071-1c66-40ad-9b8a-d94ea181a0c4;a9fce97a-9386-447f-9166-9376d24a0ff9;region;Region;button_group;false;"[{""label"":""EU"",""price"":""0"",""priceType"":""fixed""},{""label"":""NA"",""price"":""0"",""priceType"":""fixed""}]";;;;0.00;1;2026-01-20 22:12:47.582507+00;2026-01-20 22:12:47.582507+00;fixed;false
ebec00c2-db78-4178-9b23-8fe284bc1e6b;a9fce97a-9386-447f-9166-9376d24a0ff9;badges;Badges;checkbox;false;"[{""label"":""Combat Badges"",""price"":""65"",""priceType"":""fixed""},{""label"":""Logistic Badges"",""price"":""99"",""priceType"":""fixed""},{""label"":""Tactical Badges"",""price"":""99"",""priceType"":""fixed""}]";;;;0.00;2;2026-01-20 22:14:20.025304+00;2026-01-20 22:14:20.025304+00;fixed;false
99a9c2d1-f2cb-4ab2-9a0e-c3763b45b07a;a9fce97a-9386-447f-9166-9376d24a0ff9;cenarion_circle_farm;Cenarion Circle Farm?;button_group;false;"[{""label"":""Yes"",""price"":""199"",""priceType"":""fixed""},{""label"":""No"",""price"":""0"",""priceType"":""fixed""}]";;;;0.00;3;2026-01-20 22:15:40.362759+00;2026-01-20 22:15:40.362759+00;fixed;false
e9487e9d-485a-450d-bdf6-7bd3150aaf28;a9fce97a-9386-447f-9166-9376d24a0ff9;do_mark_of_cenarius_quest;Do Mark of Cenarius Quest?;button_group;false;"[{""label"":""Yes"",""price"":""39"",""priceType"":""fixed""},{""label"":""No"",""price"":""0"",""priceType"":""fixed""}]";;;;0.00;4;2026-01-20 22:16:33.954707+00;2026-01-20 22:16:33.954707+00;fixed;false
8c00c0ef-c135-4837-a602-ad2d8cca84d4;33cf04d2-1857-495d-8877-f4fb6b3e5559;boost method;Boost Method;button_group;false;"[{""label"":""Pilot"",""price"":""0"",""priceType"":""fixed""},{""label"":""Selfplay"",""price"":""0"",""priceType"":""fixed""}]";;;;0.00;0;2026-01-12 16:12:58.861862+00;2026-01-12 16:12:58.861862+00;fixed;false
c30d0aec-439a-4969-8de6-a277938e25fa;33cf04d2-1857-495d-8877-f4fb6b3e5559;region;Region;button_group;false;"[{""label"":""EU"",""price"":""0"",""priceType"":""fixed""},{""label"":""NA"",""price"":""30"",""priceType"":""percentage""}]";;;;0.00;1;2026-01-12 16:13:22.012422+00;2026-01-12 16:13:22.012422+00;fixed;false
ea58b60b-6729-43c7-bb6b-d7e4bf6012e5;33cf04d2-1857-495d-8877-f4fb6b3e5559;glaives;Glaives;button_group;false;"[{""label"":""Main-hand Glaive"",""price"":""1699"",""priceType"":""fixed""},{""label"":""Off-hand Glaive"",""price"":""1699"",""priceType"":""fixed""},{""label"":""Both Glaives"",""price"":""3299"",""priceType"":""fixed""}]";;;;0.00;2;2026-01-12 16:14:33.168416+00;2026-01-12 16:16:09.937474+00;fixed;false
50f05a43-3321-4a12-9e80-0d8a1139df50;a7bd2242-bd87-49d9-bb54-8c78bd796f5b;boost method;Boost Method;button_group;false;"[{""label"":""Pilot"",""price"":""0"",""priceType"":""fixed""},{""label"":""Selfplay"",""price"":""0"",""priceType"":""fixed""}]";;;;0.00;0;2026-01-12 16:26:21.218303+00;2026-01-12 16:26:21.218303+00;fixed;false
eead5625-9c37-4d1e-82a5-19506015e35f;7bdfa151-726d-40e0-ad71-47f0cb41b337;boostmethod;Boost Method;button_group;false;"[{""label"":""Pilot"",""price"":0,""priceType"":""fixed"",""value"":""pilot""},{""label"":""Selfplay"",""price"":0,""priceType"":""fixed"",""value"":""selfplay""}]";;;;0.00;0;2026-01-14 19:31:35.236105+00;2026-01-14 19:31:35.236105+00;fixed;false
3541e163-3612-4d61-8274-e26b29f6ed67;a7bd2242-bd87-49d9-bb54-8c78bd796f5b;region;Region;button_group;false;"[{""label"":""EU"",""price"":""0"",""priceType"":""fixed""},{""label"":""NA"",""price"":""30"",""priceType"":""percentage""}]";;;;0.00;1;2026-01-12 16:26:35.868252+00;2026-01-12 16:26:35.868252+00;fixed;false
a9ba4db1-9142-4e38-9716-c56bf27e31fb;321a4b56-20e1-4ac7-915b-b43e2b251437;boost method;Boost Method;button_group;false;"[{""label"":""Pilot"",""price"":""0"",""priceType"":""fixed""},{""label"":""Selfplay"",""price"":""0"",""priceType"":""fixed""}]";;;;0.00;0;2026-01-12 16:54:08.864102+00;2026-01-12 16:54:08.864102+00;fixed;false
1477f48f-697d-4184-8516-d30dd70aae0d;321a4b56-20e1-4ac7-915b-b43e2b251437;region;Region;button_group;false;"[{""label"":""EU"",""price"":""0"",""priceType"":""fixed""},{""label"":""NA"",""price"":""30"",""priceType"":""percentage""}]";;;;0.00;1;2026-01-12 16:54:23.714843+00;2026-01-12 16:54:23.714843+00;fixed;false
1ff2f42f-39b9-47a1-857d-55d976f459af;e7fd6a38-9232-4e6e-8822-98a31c79d09b;boost method;Boost Method;button_group;false;"[{""label"":""Pilot"",""price"":""0"",""priceType"":""fixed""},{""label"":""Selfplay"",""price"":""0"",""priceType"":""fixed""}]";;;;0.00;0;2026-01-12 16:58:48.007302+00;2026-01-12 16:58:48.007302+00;fixed;false
957a867a-8ac8-48f7-b3bb-ed3cc90b7456;e7fd6a38-9232-4e6e-8822-98a31c79d09b;region;Region;button_group;false;"[{""label"":""EU"",""price"":""0"",""priceType"":""fixed""},{""label"":""NA"",""price"":""30"",""priceType"":""percentage""}]";;;;0.00;1;2026-01-12 16:58:59.963761+00;2026-01-12 16:58:59.963761+00;fixed;false
8ddcd009-7d6b-433d-bf99-783eeaa2ac96;250fb8fe-9a0d-47bd-90a1-c6332236f58a;boostmethod;Boost Method;button_group;false;"[{""label"":""Pilot"",""price"":0,""priceType"":""fixed"",""value"":""pilot""},{""label"":""Selfplay"",""price"":0,""priceType"":""fixed"",""value"":""selfplay""}]";;;;0.00;0;2026-01-14 19:31:35.236105+00;2026-01-14 19:31:35.236105+00;fixed;false
0d24b047-5160-4f3e-86f8-45119453e2e7;7bdfa151-726d-40e0-ad71-47f0cb41b337;region;Region;button_group;false;"[{""label"":""EU"",""price"":0,""priceType"":""fixed"",""value"":""eu""},{""label"":""NA"",""price"":30,""priceType"":""percentage"",""value"":""na""}]";;;;0.00;0;2026-01-14 19:32:11.938416+00;2026-01-14 19:32:11.938416+00;fixed;false
4f5921b4-b5ee-4c3e-9f8d-a8ef9abf84ed;250fb8fe-9a0d-47bd-90a1-c6332236f58a;region;Region;button_group;false;"[{""label"":""EU"",""price"":0,""priceType"":""fixed"",""value"":""eu""},{""label"":""NA"",""price"":30,""priceType"":""percentage"",""value"":""na""}]";;;;0.00;0;2026-01-14 19:32:11.938416+00;2026-01-14 19:32:11.938416+00;fixed;false
37cd24c0-dc4b-4337-9cb8-6b071049b3ea;a70e7dc3-087c-48d0-99e6-c0b85f02ce12;boost method;Boost Method;button_group;false;"[{""label"":""Pilot"",""price"":""0"",""priceType"":""fixed""},{""label"":""Selfplay"",""price"":""0"",""priceType"":""fixed""}]";;;;0.00;0;2026-01-17 11:11:10.126437+00;2026-01-17 11:11:10.126437+00;fixed;false
e3b7a921-9def-47c1-92fc-c732cf52e04e;a70e7dc3-087c-48d0-99e6-c0b85f02ce12;region;Region;button_group;false;"[{""label"":""EU"",""price"":""0"",""priceType"":""fixed""},{""label"":""NA"",""price"":""30"",""priceType"":""percentage""}]";;;;0.00;0;2026-01-17 11:11:33.95633+00;2026-01-17 11:11:33.95633+00;fixed;false
a7a3ecd8-2a0c-4440-a06c-907a68483908;b72d5027-6cad-40fc-8fa2-a2d84f70a52a;boost method;Boost Method;button_group;false;"[{""label"":""Pilot"",""price"":""0"",""priceType"":""fixed""},{""label"":""Selfplay"",""price"":""0"",""priceType"":""fixed""}]";;;;0.00;0;2026-01-17 15:29:32.667675+00;2026-01-17 15:29:32.667675+00;fixed;false
fce4bf3d-fed0-428b-a349-d08343eb35f0;b72d5027-6cad-40fc-8fa2-a2d84f70a52a;region;Region;button_group;false;"[{""label"":""EU"",""price"":""0"",""priceType"":""fixed""},{""label"":""NA"",""price"":""30"",""priceType"":""percentage""}]";;;;0.00;0;2026-01-17 15:29:50.489551+00;2026-01-17 15:29:50.489551+00;fixed;false
f2a3455f-c26e-4583-9c33-97d566c9fe9c;699170a3-66e3-4147-b41f-5ff8e0756876;boost method;Boost Method;button_group;false;"[{""label"":""Pilot"",""price"":""0"",""priceType"":""fixed""},{""label"":""Selfplay"",""price"":""0"",""priceType"":""fixed""}]";;;;0.00;0;2026-01-17 15:34:22.01745+00;2026-01-17 15:34:22.01745+00;fixed;false
a10a9ed7-d229-4bf9-805e-006f6debdf21;699170a3-66e3-4147-b41f-5ff8e0756876;region;Region;button_group;false;"[{""label"":""EU"",""price"":""0"",""priceType"":""fixed""},{""label"":""NA"",""price"":""30"",""priceType"":""percentage""}]";;;;0.00;0;2026-01-17 15:34:37.561319+00;2026-01-17 15:34:37.561319+00;fixed;false
c7fd3f32-87d5-468b-9628-3be29da790ea;bcf886c7-0731-4ff9-9fd0-98d38ff491e4;faction;Faction;button_group;false;"[{""label"":""Alliance"",""price"":""0"",""priceType"":""fixed""},{""label"":""Horde"",""price"":""0"",""priceType"":""fixed""}]";;;;0.00;0;2026-01-17 23:36:55.575121+00;2026-01-17 23:36:55.575121+00;fixed;false
2da81ee1-2b8a-4353-ba43-85df9ab18b8b;bcf886c7-0731-4ff9-9fd0-98d38ff491e4;delivery;Delivery Method;button_group;false;"[{""label"":""Trade"",""price"":""0"",""priceType"":""fixed""},{""label"":""Auction House"",""price"":""0"",""priceType"":""fixed""},{""label"":""Mail"",""price"":""0"",""priceType"":""fixed""}]";;;;0.00;0;2026-01-17 23:37:35.561873+00;2026-01-17 23:37:35.561873+00;fixed;false
354167bd-8956-49ec-91da-303534e91fa7;9a7ceb21-f4e7-4092-ac09-b55d43c5b5e9;boostmethod;Boost Method;button_group;false;"[{""label"":""Pilot"",""price"":""0"",""priceType"":""fixed""},{""label"":""Selfplay"",""price"":""0"",""priceType"":""fixed""}]";;;;0.00;0;2026-01-18 10:52:25.288948+00;2026-01-18 10:52:25.288948+00;fixed;false
4d3a05da-d575-4d9a-8340-8d22155f663e;9a7ceb21-f4e7-4092-ac09-b55d43c5b5e9;region;Region;button_group;false;"[{""label"":""EU"",""price"":""0"",""priceType"":""fixed""},{""label"":""NA"",""price"":""0"",""priceType"":""fixed""}]";;;;0.00;1;2026-01-18 10:52:34.295768+00;2026-01-18 10:52:34.295768+00;fixed;false
8cbd0c7d-e2a2-44fb-b195-739750423d81;a9fce97a-9386-447f-9166-9376d24a0ff9;boost_mode;Boost Mode;button_group;false;"[{""label"":""Pilot"",""price"":""0"",""priceType"":""fixed""}]";;;;0.00;0;2026-01-20 22:12:36.313541+00;2026-01-20 22:12:36.313541+00;fixed;false
86fab475-9bcc-4961-9a83-f7d3d3309d22;552d3240-9162-404d-b94d-aba803b756a0;run-type;Run Type;button_group;false;"[{""label"":""Personal Loot"",""price"":0,""priceType"":""fixed"",""value"":""personal_loot""},{""label"":""Loot Share"",""price"":0,""priceType"":""fixed"",""value"":""loot_share""}]";;;;0.00;0;2026-01-31 20:22:48.497109+00;2026-01-31 20:22:48.497109+00;fixed;false
a44ab505-b4b2-44e4-90a2-aa76041cc10a;3c36f5aa-4124-4e94-9e46-ada08de7a574;region;Region;button_group;false;"[{""label"":""EU"",""price"":0,""priceType"":""fixed"",""value"":""eu""},{""label"":""NA"",""price"":0,""priceType"":""fixed"",""value"":""na""}]";;;;0.00;0;2026-02-03 20:05:32.602488+00;2026-02-03 20:05:32.602488+00;fixed;false
219c1749-97d2-4848-aeb7-2418ebb7856e;01d53c93-97a6-4957-a86f-5cfa2b16b8f5;region;Region;button_group;false;"[{""label"":""EU"",""price"":0,""priceType"":""fixed"",""value"":""eu""},{""label"":""NA"",""price"":0,""priceType"":""fixed"",""value"":""na""}]";;;;0.00;0;2026-02-03 20:05:32.602488+00;2026-02-03 20:05:32.602488+00;fixed;false
c223c6dd-0d1f-4142-8913-cb4dcc0bfbc2;a28f449b-7db3-45e0-9e06-329f6bef835a;region;Region;button_group;false;"[{""label"":""EU"",""price"":0,""priceType"":""fixed"",""value"":""eu""},{""label"":""NA"",""price"":0,""priceType"":""fixed"",""value"":""na""}]";;;;0.00;0;2026-02-03 20:05:32.602488+00;2026-02-03 20:05:32.602488+00;fixed;false
63f05562-1efe-4fb2-81ed-4879fc92bb0d;5f9c81f4-a376-4ea2-8b59-d3c0f3719247;region;Region;button_group;false;"[{""label"":""EU"",""price"":0,""priceType"":""fixed"",""value"":""eu""},{""label"":""NA"",""price"":0,""priceType"":""fixed"",""value"":""na""}]";;;;0.00;0;2026-02-03 20:05:32.602488+00;2026-02-03 20:05:32.602488+00;fixed;false
d16de0f5-69ce-4545-a860-d2b42270de0f;bb59a615-6e43-41f3-9d71-54f7c701a847;region;Region;button_group;false;"[{""label"":""EU"",""price"":0,""priceType"":""fixed"",""value"":""eu""},{""label"":""NA"",""price"":0,""priceType"":""fixed"",""value"":""na""}]";;;;0.00;0;2026-02-03 20:05:32.602488+00;2026-02-03 20:05:32.602488+00;fixed;false
b9e67d46-bbac-4088-ba13-bad80cf03e53;70a14b3a-c0e1-4382-b04d-f7a4028530ff;region;Region;button_group;false;"[{""label"":""EU"",""price"":0,""priceType"":""fixed"",""value"":""eu""},{""label"":""NA"",""price"":0,""priceType"":""fixed"",""value"":""na""}]";;;;0.00;0;2026-02-03 20:05:32.602488+00;2026-02-03 20:05:32.602488+00;fixed;false
731378ed-fa5e-4a36-ae6d-70f63c0ee82c;d66d79e1-db9d-4476-9551-446f8333cb78;region;Region;button_group;false;"[{""label"":""EU"",""price"":0,""priceType"":""fixed"",""value"":""eu""},{""label"":""NA"",""price"":0,""priceType"":""fixed"",""value"":""na""}]";;;;0.00;0;2026-02-03 20:05:32.602488+00;2026-02-03 20:05:32.602488+00;fixed;false
130c20d7-3de9-49a6-8089-a96c9b9083d4;007a5f84-48af-4788-927e-ac5a0b34216f;region;Region;button_group;false;"[{""label"":""EU"",""price"":0,""priceType"":""fixed"",""value"":""eu""},{""label"":""NA"",""price"":0,""priceType"":""fixed"",""value"":""na""}]";;;;0.00;0;2026-02-03 20:05:32.602488+00;2026-02-03 20:05:32.602488+00;fixed;false
7355eb1c-07cc-4718-872e-a1d05f54afcf;bc3ff26c-75a8-4e21-8bd8-28e0097e38d4;region;Region;button_group;false;"[{""label"":""EU"",""price"":0,""priceType"":""fixed"",""value"":""eu""},{""label"":""NA"",""price"":0,""priceType"":""fixed"",""value"":""na""}]";;;;0.00;0;2026-02-03 20:05:32.602488+00;2026-02-03 20:05:32.602488+00;fixed;false
cab15b19-463e-4f9b-b3b5-e2a654ba66b5;893023a5-220d-4c92-8145-aef2d8cde98d;region;Region;button_group;false;"[{""label"":""EU"",""price"":0,""priceType"":""fixed"",""value"":""eu""},{""label"":""NA"",""price"":0,""priceType"":""fixed"",""value"":""na""}]";;;;0.00;0;2026-02-03 20:05:32.602488+00;2026-02-03 20:05:32.602488+00;fixed;false
44bd0bbb-d1bd-4d9e-8940-bcc61688ce45;7f6f39dd-cacd-4bde-b000-3f323f70ca5e;region;Region;button_group;false;"[{""label"":""EU"",""price"":0,""priceType"":""fixed"",""value"":""eu""},{""label"":""NA"",""price"":0,""priceType"":""fixed"",""value"":""na""}]";;;;0.00;0;2026-02-03 20:05:32.602488+00;2026-02-03 20:05:32.602488+00;fixed;false
f56af243-6c71-472a-8dd7-3178e525c1bf;b7f5d5ee-d780-458b-b6fa-be920957cc21;region;Region;button_group;false;"[{""label"":""EU"",""price"":0,""priceType"":""fixed"",""value"":""eu""},{""label"":""NA"",""price"":0,""priceType"":""fixed"",""value"":""na""}]";;;;0.00;0;2026-02-03 20:05:32.602488+00;2026-02-03 20:05:32.602488+00;fixed;false
4fd675f6-4dea-4877-be00-879c266a5682;ce98802d-08f7-42e8-a932-b31cb4566752;region;Region;button_group;false;"[{""label"":""EU"",""price"":0,""priceType"":""fixed"",""value"":""eu""},{""label"":""NA"",""price"":0,""priceType"":""fixed"",""value"":""na""}]";;;;0.00;0;2026-02-03 20:05:32.602488+00;2026-02-03 20:05:32.602488+00;fixed;false
1e86a9d0-d81d-45c9-b9c8-6a2675c3bd12;5492f09b-5a47-403f-a374-f4715edc721b;region;Region;button_group;false;"[{""label"":""EU"",""price"":0,""priceType"":""fixed"",""value"":""eu""},{""label"":""NA"",""price"":0,""priceType"":""fixed"",""value"":""na""}]";;;;0.00;0;2026-02-03 20:05:32.602488+00;2026-02-03 20:05:32.602488+00;fixed;false
cf38d309-8d5f-475f-ae75-f07426d22d98;4fc7414f-477a-4395-a5ee-6909b4a1a977;selecrep;Select Desired Reputation Level;checkbox;true;"[{""label"":""Neutral - Friendly"",""price"":""60"",""priceType"":""fixed""},{""label"":""Friendly - Honored"",""price"":""80"",""priceType"":""fixed""},{""label"":""Honored - Revered"",""price"":""160"",""priceType"":""fixed""},{""label"":""Revered - Exalted"",""price"":""260"",""priceType"":""fixed""}]";;;;0.00;2;2025-10-29 03:09:03.382095+00;2026-02-11 21:56:28.413491+00;fixed;false
cde44a7f-e473-4777-810e-9707dffc499d;cc9067c9-acfc-4804-8156-454e7773aad1;selecrep;Select Desired Reputation Level;checkbox;true;"[{""label"":""Neutral - Friendly"",""price"":""30"",""priceType"":""fixed""},{""label"":""Friendly - Honored"",""price"":""50"",""priceType"":""fixed""},{""label"":""Honored - Revered"",""price"":""90"",""priceType"":""fixed""},{""label"":""Revered - Exalted"",""price"":""130"",""priceType"":""fixed""}]";;;;0.00;2;2025-10-27 00:56:31.929833+00;2026-02-11 21:58:05.286865+00;fixed;false