id;function_name;user_id;operation_details;ip_address;created_at;severity;event_category;request_id;user_agent;error_code;error_message
3f452367-5225-4835-b508-76ce8df99eaa;process_order_cashback;e72e8ad6-4f84-48ec-b0ed-069010004d1a;"{""cashback_earned"":1.1979591836734693,""cashback_used"":0,""order_amount"":119.8,""order_id"":""08cba4de-df23-4e65-843d-2b379e1d47a8""}";;2025-12-21 06:36:39.436769+00;info;;;;;
7fba3155-a11f-4fe8-a99c-fd57c522c7d3;validate_coupon;857f40f9-1f69-4d5f-ae9f-688aa81abe93;"{""code"":""OFF40""}";;2025-12-21 18:42:57.144431+00;info;;;;;
9dfb7118-bd9a-4ffa-a22a-b22c607a78a5;process_order_cashback;857f40f9-1f69-4d5f-ae9f-688aa81abe93;"{""cashback_earned"":1.6,""cashback_used"":0,""order_amount"":160,""order_id"":""341cdbeb-7779-4f0f-b89e-ba733bd5e094""}";;2025-12-21 18:43:30.029661+00;info;;;;;
1ac36098-a013-490f-adb7-90e9f29e276a;validate_coupon;eefa38d8-1c59-4129-8d9f-5928cab81e14;"{""code"":""CUSTOMCODE""}";;2025-12-22 22:30:58.749084+00;info;;;;;
a83b33d1-cfdf-4a43-8c36-81b90ec87b62;process_order_cashback;eefa38d8-1c59-4129-8d9f-5928cab81e14;"{""cashback_earned"":3.0175,""cashback_used"":0,""order_amount"":301.75,""order_id"":""52c87e9c-6eab-4f61-a471-224e73a10259""}";;2025-12-22 22:31:37.123473+00;info;;;;;
5f2aa252-38f5-46c4-abc0-ba4c9d1ad892;process_order_cashback;aba95b65-1c5c-4e1f-980d-40795185b1ba;"{""cashback_earned"":0,""cashback_used"":0,""order_amount"":12,""order_id"":""02ec1f47-8cce-4b2e-991d-1392d6865edc""}";;2025-12-24 18:00:09.744325+00;info;;;;;
b85e02ff-8696-4671-8ebc-113b8ea64c9f;process_order_cashback;52a13f29-8c60-4238-af31-405c058ed908;"{""cashback_earned"":0,""cashback_used"":0,""order_amount"":32,""order_id"":""6215f8c8-91b4-457f-9e12-f7ad15b6033e""}";;2025-12-24 20:15:42.520463+00;info;;;;;
0e9c4138-305f-4e3a-9e8f-f8e1b00ac31d;validate_coupon;e72e8ad6-4f84-48ec-b0ed-069010004d1a;"{""code"":""MISTILAUNCH""}";;2025-12-27 19:44:50.613302+00;info;;;;;
3603efea-3c99-4c8a-bc07-35daeb01b4b1;validate_coupon;e72e8ad6-4f84-48ec-b0ed-069010004d1a;"{""code"":""MISTILAUNCH10""}";;2025-12-27 19:45:28.537808+00;info;;;;;
358e27dd-8022-4661-994c-34039801218b;validate_coupon;e72e8ad6-4f84-48ec-b0ed-069010004d1a;"{""code"":""MISTILAUNCH10""}";;2025-12-27 19:45:33.100909+00;info;;;;;
a174f75e-72bd-42c0-a946-fa8f74cc2127;validate_coupon;e72e8ad6-4f84-48ec-b0ed-069010004d1a;"{""code"":""MISTILAUNCH""}";;2025-12-27 19:45:37.167975+00;info;;;;;
07d665c6-06fa-4e10-94e3-db53c8e2c7d0;process_order_cashback;e72e8ad6-4f84-48ec-b0ed-069010004d1a;"{""cashback_earned"":1.1380591836734695,""cashback_used"":0,""order_amount"":113.81,""order_id"":""a291f426-f7d0-4f83-9cda-ca5dfb7d8c0a""}";;2025-12-27 19:46:09.030592+00;info;;;;;
37f724f9-280f-4011-b4e5-3771d480e70a;process_order_cashback;1e66ccf6-ec5d-4c84-81f4-c413a8b845ff;"{""cashback_earned"":2.6,""cashback_used"":0,""order_amount"":260,""order_id"":""2d883ea2-a1a5-4647-9941-235c3b0a5120""}";;2025-12-28 03:27:46.269698+00;info;;;;;
ea482972-cec3-4a42-be98-c79bba56fe6b;process_order_cashback;caf282b8-d1c7-4ff6-b982-55f8c027d9fc;"{""cashback_earned"":4.8019995198,""cashback_used"":5.1975,""order_amount"":475,""order_id"":""7890cebb-9abb-46d7-8373-3e75da093bcd""}";;2025-12-29 07:55:07.699772+00;info;;;;;
a8390ebb-97f5-4ce5-9019-f05fe3427e0f;process_order_cashback;9c40e006-3844-4ebc-ad74-53c31a301554;"{""cashback_earned"":0,""cashback_used"":0,""order_amount"":19.6,""order_id"":""0433f8e8-fde9-4d1b-a33c-f49a796346d1""}";;2025-12-31 17:56:07.621396+00;info;;;;;
1e1256f0-f020-4c2f-9d57-5f2baf385f9e;process_order_cashback;88bbd566-f8bb-44e8-bcd9-e48792da97a7;"{""cashback_earned"":0,""cashback_used"":0,""order_amount"":13.5,""order_id"":""c1285fc2-65de-469c-8ad3-b08543cae2fa""}";;2025-12-31 19:13:31.106025+00;info;;;;;
b6e16aa5-14f7-4853-a2e8-59afd0e8300a;process_order_cashback;083b0968-8be5-4f6f-a68c-184f2e6a22f7;"{""cashback_earned"":0,""cashback_used"":0,""order_amount"":13.2,""order_id"":""5e612d0c-5930-45ba-97e7-baad17b3fd6b""}";;2026-01-02 01:23:42.628313+00;info;;;;;
ffec8391-c3e6-464f-9395-0fe51d6372d4;process_order_cashback;eadbe367-300a-4f34-9e8c-ce525cdecaf3;"{""cashback_earned"":0,""cashback_used"":0,""order_amount"":22.5,""order_id"":""adca8bf1-256f-4eed-bc99-ebb7a75123f6""}";;2026-01-02 11:51:07.493027+00;info;;;;;
3ac6320a-bba0-4e60-80ed-940df3d545a0;process_order_cashback;eadbe367-300a-4f34-9e8c-ce525cdecaf3;"{""cashback_earned"":0,""cashback_used"":0,""order_amount"":10.5,""order_id"":""c70cc768-828d-4bc7-a24d-774b3c1b94ce""}";;2026-01-02 13:13:19.544201+00;info;;;;;
df3034ab-b5f8-4f0d-aca5-260a049fa691;process_order_cashback;3dc45174-7661-4a86-9886-ecfdc8e6cbd2;"{""cashback_earned"":2,""cashback_used"":0,""order_amount"":200,""order_id"":""931fd200-d87a-45fb-b02a-a6eef2a992ca""}";;2026-01-02 13:21:34.045461+00;info;;;;;
311799d5-7485-45fd-b5d6-d3e7c6ffa74a;process_order_cashback;eadbe367-300a-4f34-9e8c-ce525cdecaf3;"{""cashback_earned"":0.44338657000000004,""cashback_used"":0,""order_amount"":44.34,""order_id"":""35e5f47f-2c99-457f-80c3-c0f3708b8b52""}";;2026-01-02 14:38:07.134668+00;info;;;;;
884d1be6-3d4c-42ff-abee-b4c6b02c94c3;process_order_cashback;eadbe367-300a-4f34-9e8c-ce525cdecaf3;"{""cashback_earned"":0.24,""cashback_used"":0,""order_amount"":24,""order_id"":""a8d12433-a8e9-4947-a1e7-145c1da308cf""}";;2026-01-02 18:44:40.999012+00;info;;;;;
c5a3b87f-0a22-4e4d-8be6-2d7a14df32a7;process_order_cashback;eadbe367-300a-4f34-9e8c-ce525cdecaf3;"{""cashback_earned"":0.27,""cashback_used"":0.68338657,""order_amount"":26.32,""order_id"":""3f2bf86b-cde4-4843-b6e4-d3615c06b3e5""}";;2026-01-03 08:21:16.949857+00;info;;;;;
dd7740f0-11f8-40d0-85c9-95d45a29d4be;process_order_cashback;eadbe367-300a-4f34-9e8c-ce525cdecaf3;"{""cashback_earned"":0.255,""cashback_used"":0,""order_amount"":25.5,""order_id"":""40337a5e-d617-454e-b31e-2733673ad9d3""}";;2026-01-03 08:47:12.880506+00;info;;;;;
abe49dc6-2c1b-48d6-af4b-dc6a56c4cc25;process_order_cashback;7995856c-8844-4c58-88cc-31ff8b56d3fa;"{""cashback_earned"":1.75,""cashback_used"":0,""order_amount"":175,""order_id"":""69aea7b9-3f77-4ca9-96e1-d03348510429""}";;2026-01-04 11:54:55.950443+00;info;;;;;
58590aa0-4ab1-4102-ba66-3b33689f286f;process_order_cashback;eadbe367-300a-4f34-9e8c-ce525cdecaf3;"{""cashback_earned"":0.17485,""cashback_used"":0,""order_amount"":18.99,""order_id"":""7f5775e8-595d-4d01-94b9-2afc50c71772""}";;2026-01-04 19:34:35.758704+00;info;;;;;
8ad1088a-88ec-4f7e-8082-5a27fd271590;validate_coupon;620f66b2-5fcb-463a-95d9-32fd4f99d682;"{""code"":""CUSTOMCODE""}";;2026-01-05 18:31:48.862707+00;info;;;;;
fd68cf80-89c9-4cd3-a080-49b4f8c8bdfd;validate_coupon;620f66b2-5fcb-463a-95d9-32fd4f99d682;"{""code"":""CUSTOMCODE""}";;2026-01-05 18:33:44.598896+00;info;;;;;
83c51459-1a0c-4645-9696-6adaed1e5959;validate_coupon;620f66b2-5fcb-463a-95d9-32fd4f99d682;"{""code"":""CUSTOMCODE""}";;2026-01-05 18:34:54.908981+00;info;;;;;
b6b83416-de1d-491a-bbf3-42f69ac922c9;process_order_cashback;620f66b2-5fcb-463a-95d9-32fd4f99d682;"{""cashback_earned"":1.6,""cashback_used"":0,""order_amount"":160,""order_id"":""93d123f9-3efc-485e-9168-169c84cb6286""}";;2026-01-05 18:41:13.866425+00;info;;;;;
7396913b-1583-4647-8bab-aff82eca0f8c;process_order_cashback;3f604934-b12a-410a-a43b-b07b63fabaae;"{""cashback_earned"":2,""cashback_used"":0,""order_amount"":200,""order_id"":""4b8d862d-0f3a-4d20-b0a6-eeb7a88c7ad0""}";;2026-01-05 19:36:51.355438+00;info;;;;;
0409c1e5-38d5-4716-bbc7-84a7f147722f;process_order_cashback;52a13f29-8c60-4238-af31-405c058ed908;"{""cashback_earned"":0.40482,""cashback_used"":0,""order_amount"":41.98,""order_id"":""725e8d26-4b15-4003-9308-42b40a1a1afc""}";;2026-01-06 21:27:49.04655+00;info;;;;;
71f06850-3cce-4906-a480-c2c900144c90;process_order_cashback;f1550fd3-e7c6-4054-97cf-e99a6044af50;"{""cashback_earned"":3.894,""cashback_used"":0,""order_amount"":389.4,""order_id"":""3a781900-3ea4-47a6-b881-c70194941add""}";;2026-01-11 19:37:03.22566+00;info;;;;;
f000c23f-11f6-4a6c-a21b-0a27f7b61c59;validate_coupon;bbf97561-98f7-4267-9c64-a7a5d556fedf;"{""code"":""QYGX7MUP""}";;2026-01-12 05:39:15.879486+00;info;;;;;
4ddbeb07-9eac-48ce-8d61-86f3dcd0ccea;process_order_cashback;bbf97561-98f7-4267-9c64-a7a5d556fedf;"{""cashback_earned"":1.84965,""cashback_used"":0,""order_amount"":184.97,""order_id"":""f66fd97b-0d90-4add-a1a5-d63fd4cce0b6""}";;2026-01-12 05:42:58.983646+00;info;;;;;
e9e83322-4389-4a4c-84d9-daeba629ef22;process_referral_reward;bbf97561-98f7-4267-9c64-a7a5d556fedf;"{""order_amount"":184.97,""order_id"":""f66fd97b-0d90-4add-a1a5-d63fd4cce0b6""}";;2026-01-12 05:42:59.663328+00;info;;;;;
0c1eb1df-1360-4cd1-a652-7ee99c9361e1;validate_coupon;e63dceb8-37e4-4a24-a7f7-a7e246df4363;"{""code"":""CUSTOMCODE""}";;2026-01-12 20:30:54.324932+00;info;;;;;
64b7f240-466e-42fa-a36e-362b2cb7d0a9;process_order_cashback;e63dceb8-37e4-4a24-a7f7-a7e246df4363;"{""cashback_earned"":0,""cashback_used"":0,""order_amount"":36.5,""order_id"":""0dd02cdf-82cf-4637-ab1c-2007fbf67b6f""}";;2026-01-12 20:35:13.320425+00;info;;;;;
dcfd3045-53a1-4e19-97cf-7231995bbde0;process_order_cashback;52a13f29-8c60-4238-af31-405c058ed908;"{""cashback_earned"":0.41995000000000005,""cashback_used"":0,""order_amount"":43.5,""order_id"":""7324e219-ee17-419c-967d-117b8034cc8a""}";;2026-01-13 20:28:28.588516+00;info;;;;;
682f8c7e-ba74-42d0-8a84-4be271cc0742;process_order_cashback;57b6f869-0c72-4f0c-8b60-6ccd50ae2869;"{""cashback_earned"":0.6114999999999999,""cashback_used"":0,""order_amount"":62.65,""order_id"":""e1457be2-72f0-4716-b9b7-f8290f390e8a""}";;2026-01-14 14:44:16.863512+00;info;;;;;
9995cf3f-8c3b-479d-973a-819c1a4a586f;process_order_cashback;57b6f869-0c72-4f0c-8b60-6ccd50ae2869;"{""cashback_earned"":0.6114999999999999,""cashback_used"":0,""order_amount"":62.65,""order_id"":""9822def6-0146-437d-b543-dea91a06982c""}";;2026-01-14 19:03:00.106733+00;info;;;;;
9065a59f-1899-4ee4-bd2f-f36b7bb125f6;validate_coupon;91ab17b3-acd6-4ca4-a89a-a4148d539c6d;"{""code"":""QYGX7MUP""}";;2026-01-14 20:57:44.102219+00;info;;;;;
658cacf9-8ffe-4320-8a60-295310ba296a;validate_coupon;91ab17b3-acd6-4ca4-a89a-a4148d539c6d;"{""code"":""QYGX7MUP""}";;2026-01-14 20:57:53.334152+00;info;;;;;
e5283089-cdd4-4314-8e10-4805aa8f90dc;process_order_cashback;91ab17b3-acd6-4ca4-a89a-a4148d539c6d;"{""cashback_earned"":0.79426,""cashback_used"":0,""order_amount"":80.93,""order_id"":""afd176ba-2372-41f3-893a-3fe925ecdae4""}";;2026-01-14 20:59:12.734486+00;info;;;;;
b2ef928f-c295-4fca-8dd8-6336b53e2efd;process_order_cashback;57b6f869-0c72-4f0c-8b60-6ccd50ae2869;"{""cashback_earned"":0.6,""cashback_used"":0,""order_amount"":61.5,""order_id"":""d5a077b1-3d3c-493c-a524-55a157a0e6f9""}";;2026-01-15 20:13:21.402321+00;info;;;;;
8d0125bc-087e-4610-833f-0b1fc4b6995f;validate_coupon;c5448afd-e25e-491f-a179-f7904cb08340;"{""code"":""CUSTOMCODE""}";;2026-01-15 20:13:44.94907+00;info;;;;;
bd7f473b-30a5-4642-b02b-7fb049555d58;validate_coupon;f1550fd3-e7c6-4054-97cf-e99a6044af50;"{""code"":""QYGX7MUP""}";;2026-01-15 22:16:17.685985+00;info;;;;;
6323b576-75cc-4ba7-b233-a003d429d7bb;validate_coupon;f1550fd3-e7c6-4054-97cf-e99a6044af50;"{""code"":""QYGX7MUP""}";;2026-01-15 22:16:22.778807+00;info;;;;;
c8982799-6070-4ae2-aefd-2cb07bceedaf;process_order_cashback;f1550fd3-e7c6-4054-97cf-e99a6044af50;"{""cashback_earned"":3,""cashback_used"":3.894,""order_amount"":296.11,""order_id"":""c506a37b-1150-4e79-a527-0ae1541c901e""}";;2026-01-15 22:17:22.893876+00;info;;;;;
65998461-b919-4d6c-b91e-7410fcb17609;process_order_cashback;fe4febaa-2969-4aae-92a4-1bf3c890d75d;"{""cashback_earned"":0,""cashback_used"":0,""order_amount"":37,""order_id"":""264537d1-6622-45dc-aec6-b1fc6fcdb933""}";;2026-01-16 14:22:27.558822+00;info;;;;;
c62db5c8-09a0-4201-8848-2637b9dd3370;validate_coupon;620f66b2-5fcb-463a-95d9-32fd4f99d682;"{""code"":""CUSTOMCODE""}";;2026-01-17 12:13:30.522859+00;info;;;;;
7bea12b4-4efd-48d1-b2b2-b02db437cf44;process_order_cashback;57b6f869-0c72-4f0c-8b60-6ccd50ae2869;"{""cashback_earned"":2,""cashback_used"":0,""order_amount"":200,""order_id"":""801ab7d5-6aea-43e1-bc97-6f23a0d08117""}";;2026-01-17 14:58:53.969806+00;info;;;;;
62de3b8d-c5f5-4016-919e-1375b193f3fa;process_order_cashback;57b6f869-0c72-4f0c-8b60-6ccd50ae2869;"{""cashback_earned"":0.6114999999999999,""cashback_used"":0,""order_amount"":62.65,""order_id"":""9c369564-2ad3-44a2-8807-4f2c7d7afc63""}";;2026-01-18 11:49:48.587759+00;info;;;;;
74141693-8c6c-41c5-a6c3-e9d07661646b;process_order_cashback;d6e87390-44c6-4747-a0df-ab20c7d0ec06;"{""cashback_earned"":0,""cashback_used"":0,""order_amount"":13.72,""order_id"":""ceb03b38-30d2-44fa-8e20-716069db8ebb""}";;2026-01-18 14:26:00.438711+00;info;;;;;
6b85a6fc-e619-4d01-8a18-948b12c96171;process_order_cashback;3b99d6ed-0db7-4e0c-9d20-f7c55475cba6;"{""cashback_earned"":2,""cashback_used"":0,""order_amount"":200,""order_id"":""e7caefbd-ae99-4cd7-b7d5-2666814488b5""}";;2026-01-18 16:09:29.437086+00;info;;;;;
d5b7b6c0-9527-4d5f-80ea-ce8f61450868;validate_coupon;9df18be6-4925-4ae3-b16e-be313240a601;"{""code"":""MISTILAUNCH""}";;2026-01-18 20:57:16.86758+00;info;;;;;
1c083429-b4fe-489d-a3de-ae7cd63af4b2;validate_coupon;ef725d1f-d9f4-4a09-a45c-8e0375be5f3d;"{""code"":""CUSTOMCODE""}";;2026-01-18 21:12:26.041636+00;info;;;;;
4e5a2a2c-5c22-48f9-b7a3-3cf80bc2cbf9;process_order_cashback;ef725d1f-d9f4-4a09-a45c-8e0375be5f3d;"{""cashback_earned"":0.748,""cashback_used"":0,""order_amount"":76.3,""order_id"":""35d74a4e-a5f3-40ec-b77c-1eb115867612""}";;2026-01-18 21:13:04.593891+00;info;;;;;
b4ddfd9d-6a46-44b7-82f2-825895efebcb;process_order_cashback;bfd9c9c5-460b-4c35-b7b1-67736f62a002;"{""cashback_earned"":2,""cashback_used"":0,""order_amount"":200,""order_id"":""2b091789-9933-44be-8e98-a18a79145b88""}";;2026-01-19 01:35:38.256268+00;info;;;;;
5d2c7210-4254-4d4a-944e-b21dc6965c7f;validate_coupon;4af9670b-7370-4dd2-b1c5-9d80d85a3034;"{""code"":""MISTILAUNCH""}";;2026-01-19 05:27:03.013634+00;info;;;;;
320c1052-205b-4007-b8b9-46048b3767a6;validate_coupon;4af9670b-7370-4dd2-b1c5-9d80d85a3034;"{""code"":""MISTILAUNCH""}";;2026-01-19 05:28:46.496323+00;info;;;;;
68cc7ff6-70b1-4b23-b5b4-d491444ccdc6;validate_coupon;67047467-dcbb-4fa4-9d77-66aa6eb7f229;"{""code"":""MISTILAUNCH""}";;2026-01-19 08:59:48.076024+00;info;;;;;
1993ade1-504e-455c-8f52-644a7660a1c4;validate_coupon;67047467-dcbb-4fa4-9d77-66aa6eb7f229;"{""code"":""MISTILAUNCH""}";;2026-01-19 09:03:11.573444+00;info;;;;;
47117f85-92bf-4da3-bd95-d35a27b7a0f3;process_order_cashback;67047467-dcbb-4fa4-9d77-66aa6eb7f229;"{""cashback_earned"":1.8,""cashback_used"":0,""order_amount"":180,""order_id"":""7434cda2-99b9-42f5-a128-fb62600b1b38""}";;2026-01-19 09:04:27.839426+00;info;;;;;
11b03874-0541-4e28-9a32-a8ca3b2830c6;validate_coupon;d6e87390-44c6-4747-a0df-ab20c7d0ec06;"{""code"":""MISTILAUNCH ""}";;2026-01-19 15:41:57.689789+00;info;;;;;
3fda6b85-45f3-4dd1-be37-955daabc10fe;validate_coupon;d6e87390-44c6-4747-a0df-ab20c7d0ec06;"{""code"":""MISTILAUNCH""}";;2026-01-19 15:42:01.270471+00;info;;;;;
fea7c28b-85b6-4fc2-a5a5-32b2e948624b;process_order_cashback;1e66ccf6-ec5d-4c84-81f4-c413a8b845ff;"{""cashback_earned"":2,""cashback_used"":2.6,""order_amount"":197.4,""order_id"":""950b159c-2e44-4320-a2bf-60c5aa3dcf78""}";;2026-01-19 16:22:20.938797+00;info;;;;;
a9a1828c-9225-4904-a3fe-ac364b7814cd;validate_coupon;409584dd-b486-42b8-84bb-0195fd48df3c;"{""code"":""CUSTOMCODE""}";;2026-01-19 19:13:39.179813+00;info;;;;;
00968fbe-07ff-4c24-b47d-7c4f42e3cb7f;process_order_cashback;409584dd-b486-42b8-84bb-0195fd48df3c;"{""cashback_earned"":4.273477926421403,""cashback_used"":0,""order_amount"":427.35,""order_id"":""9dd6ec58-05cd-4dd6-9f93-6a86a9dcb34c""}";;2026-01-19 19:17:20.616034+00;info;;;;;
76b307fa-36f0-4abf-ac7f-d2c95ba31448;validate_coupon;2014c309-8ddc-4555-b7e1-8a7472a9a7aa;"{""code"":""GHVM52CZ""}";;2026-01-19 23:42:57.443901+00;info;;;;;
13b68792-83c5-4d96-b520-9f7b54688d46;validate_coupon;2014c309-8ddc-4555-b7e1-8a7472a9a7aa;"{""code"":""GHVM52CZ""}";;2026-01-19 23:44:22.086844+00;info;;;;;
01b8345b-f06a-4782-80fe-73f75c3e6d95;validate_coupon;03765a40-f338-4035-a2ba-8928fff30834;"{""code"":""5YVFKN5P""}";;2026-01-19 23:45:24.738723+00;info;;;;;
58c5bd24-748e-4837-b35f-2eee736967de;validate_coupon;03765a40-f338-4035-a2ba-8928fff30834;"{""code"":""5YVFKN5P""}";;2026-01-19 23:45:52.504759+00;info;;;;;
a8368812-ee70-48bc-a93f-b8c970f4b6d6;process_order_cashback;f5f870d2-f470-44e5-84f4-6c70ead8c521;"{""cashback_earned"":0,""cashback_used"":0,""order_amount"":28.23,""order_id"":""9e953272-7ac3-43be-a886-869249351a0d""}";;2026-01-20 11:51:21.363307+00;info;;;;;
f9890878-edcb-46b5-9061-64319035394e;process_order_cashback;988bfb43-86a2-452e-ac9b-770cfbfba2d0;"{""cashback_earned"":2.34,""cashback_used"":0,""order_amount"":234,""order_id"":""a9c77f92-9bc0-4068-9078-6fe6aa36c136""}";;2026-01-20 18:57:57.917871+00;info;;;;;
011734e8-32f2-48b8-b58f-dae1bb3a4054;process_order_cashback;57b6f869-0c72-4f0c-8b60-6ccd50ae2869;"{""cashback_earned"":1.2229999999999999,""cashback_used"":0,""order_amount"":122.3,""order_id"":""0a3f05d4-82f7-4da6-8423-56cab314c8db""}";;2026-01-21 12:27:16.289439+00;info;;;;;
6c68ad01-a07a-4a35-a0bb-01a7d3360882;validate_coupon;03765a40-f338-4035-a2ba-8928fff30834;"{""code"":""QYGX7MUP""}";;2026-01-21 18:05:32.744907+00;info;;;;;
085a0c42-e5fa-49fd-948e-ff68b862e21b;process_order_cashback;5d97dfa0-817f-42d1-b6b3-c9513ee54dca;"{""cashback_earned"":2.4,""cashback_used"":0,""order_amount"":240,""order_id"":""1018c01e-32c1-47f1-9088-2c9f3950f282""}";;2026-01-21 23:48:22.455085+00;info;;;;;
d473291b-5b0e-46e2-bed0-f0923139d39d;process_order_cashback;5d97dfa0-817f-42d1-b6b3-c9513ee54dca;"{""cashback_earned"":2.4,""cashback_used"":0,""order_amount"":240,""order_id"":""1018c01e-32c1-47f1-9088-2c9f3950f282""}";;2026-01-22 00:04:38.863175+00;info;;;;;
749fa8f8-00d2-478f-9a62-605b36e127d2;validate_coupon;67047467-dcbb-4fa4-9d77-66aa6eb7f229;"{""code"":""MISTILAUNCH""}";;2026-01-22 12:33:54.99351+00;info;;;;;
e0d56af1-7bcd-4764-8e9c-01351d672cc3;process_order_cashback;67047467-dcbb-4fa4-9d77-66aa6eb7f229;"{""cashback_earned"":1.8,""cashback_used"":0,""order_amount"":180,""order_id"":""7558ee75-2cd5-42c4-8784-354ac1374ce1""}";;2026-01-22 12:35:02.502255+00;info;;;;;
ecd71972-8a00-4458-8e49-56eb84cd0081;validate_coupon;67047467-dcbb-4fa4-9d77-66aa6eb7f229;"{""code"":"" MISTILAUNCH""}";;2026-01-22 12:41:53.055475+00;info;;;;;
d2bcd30c-d883-4876-bfff-adbe360fbb4f;validate_coupon;67047467-dcbb-4fa4-9d77-66aa6eb7f229;"{""code"":""MISTILAUNCH""}";;2026-01-22 12:42:02.08111+00;info;;;;;
d0f9d5b8-c466-4805-8717-ed0165f83afc;process_order_cashback;67047467-dcbb-4fa4-9d77-66aa6eb7f229;"{""cashback_earned"":0.546,""cashback_used"":3.6,""order_amount"":52.5,""order_id"":""59262c83-9067-4200-bcb5-d02e651ef7eb""}";;2026-01-22 12:43:37.991726+00;info;;;;;
d8805164-0936-4ebb-9d81-be26afe93e07;validate_coupon;95b19753-fc40-47a5-9a37-147e0ef3d367;"{""code"":""TF7TBFQW""}";;2026-01-22 12:47:05.315871+00;info;;;;;
765b6552-5303-4972-9763-634ab51c1a1a;process_order_cashback;57b6f869-0c72-4f0c-8b60-6ccd50ae2869;"{""cashback_earned"":0.6114999999999999,""cashback_used"":0,""order_amount"":62.65,""order_id"":""c34d2887-a839-4a96-b150-e1c1d2a9893c""}";;2026-01-22 15:50:42.971789+00;info;;;;;
cd48a14b-5850-4378-9620-8eef293e40f0;process_order_cashback;f5f870d2-f470-44e5-84f4-6c70ead8c521;"{""cashback_earned"":0,""cashback_used"":0,""order_amount"":28.4,""order_id"":""3d35063c-6b6b-47a2-be7f-90148e9d5e04""}";;2026-01-23 09:43:13.828737+00;info;;;;;
ed0913c1-07e5-4de1-8adb-cee43e42ac78;process_order_cashback;57b6f869-0c72-4f0c-8b60-6ccd50ae2869;"{""cashback_earned"":0.6114999999999999,""cashback_used"":0,""order_amount"":62.65,""order_id"":""789996ec-99a4-47f5-b1b4-2e3b0e2588c4""}";;2026-01-23 18:51:35.141518+00;info;;;;;
7185d8fd-790f-47dd-924a-d54e32d6573f;process_order_cashback;cda50796-89cd-4e6a-b93f-5bdca9b68051;"{""cashback_earned"":1.0705,""cashback_used"":0,""order_amount"":107.05,""order_id"":""fdded718-3894-4a07-8764-44eb3f526cd6""}";;2026-01-23 23:05:04.172004+00;info;;;;;
a6b22401-fba5-43cc-9599-89c69a30b062;process_order_cashback;52a13f29-8c60-4238-af31-405c058ed908;"{""cashback_earned"":2.29052934,""cashback_used"":0,""order_amount"":229.05,""order_id"":""a63e0db8-a9ac-4743-a925-25ed0833d97b""}";;2026-01-24 00:11:27.981867+00;info;;;;;
950448df-d271-4dc3-b5a5-e9939497afd2;process_order_cashback;7529ee0b-d1dc-4e07-a037-58d033875b8d;"{""cashback_earned"":0,""cashback_used"":0,""order_amount"":37.15,""order_id"":""d882cd06-0e2b-4c4d-8dbf-e90f1b04bb8a""}";;2026-01-24 15:13:20.136881+00;info;;;;;
de38aa62-454e-4b9b-8854-cc5264885fe5;validate_coupon;b00c50ee-2607-4102-8e0a-b17a4a00021e;"{""code"":""QYGX7MUP""}";;2026-01-24 21:03:55.149364+00;info;;;;;
308c4f29-a236-4e82-937c-e34210844075;validate_coupon;b00c50ee-2607-4102-8e0a-b17a4a00021e;"{""code"":""QYGX7MUP""}";;2026-01-24 21:04:04.011361+00;info;;;;;
9ba72f3a-a652-4970-8205-93e69ea591de;validate_coupon;b00c50ee-2607-4102-8e0a-b17a4a00021e;"{""code"":""QYGX7MUP""}";;2026-01-24 21:10:36.832102+00;info;;;;;
4bb5273e-690b-4f3e-979a-505ac3890fd3;validate_coupon;c5448afd-e25e-491f-a179-f7904cb08340;"{""code"":""CUSTOMCODE""}";;2026-01-24 22:03:44.942885+00;info;;;;;
c31087ea-ae83-4aa4-9b51-170f8318d08b;process_order_cashback;c5448afd-e25e-491f-a179-f7904cb08340;"{""cashback_earned"":0,""cashback_used"":0,""order_amount"":29.09,""order_id"":""e73c9deb-403b-43f8-a853-d59ec5898d17""}";;2026-01-24 22:10:33.974892+00;info;;;;;
51a18502-9665-4f9b-ae19-d4badc323d03;process_order_cashback;3dc45174-7661-4a86-9886-ecfdc8e6cbd2;"{""cashback_earned"":0.275,""cashback_used"":2,""order_amount"":27,""order_id"":""9987102d-5ca5-4b04-9866-1e7731bf777b""}";;2026-01-25 00:34:52.663701+00;info;;;;;
f31c5e75-8369-4a8b-b980-fe6ca6bfe046;process_order_cashback;7529ee0b-d1dc-4e07-a037-58d033875b8d;"{""cashback_earned"":0,""cashback_used"":0,""order_amount"":21.05,""order_id"":""bc668113-4d03-4761-a286-0687b1b0bbb6""}";;2026-01-25 14:46:13.14629+00;info;;;;;
aea1a7a4-fb54-4da5-aea5-2b1aa2952d24;process_order_cashback;7529ee0b-d1dc-4e07-a037-58d033875b8d;"{""cashback_earned"":0.19554400000000002,""cashback_used"":0,""order_amount"":21.05,""order_id"":""e411c5e4-4bbf-4294-814b-5f4372af8b6e""}";;2026-01-25 14:51:36.521159+00;info;;;;;
87e75484-46c4-4596-8cc2-b4bb3a88efd7;validate_coupon;b6d71e3a-51bd-4344-a738-cfbf4bb9e2e8;"{""code"":""CUSTOMCODE""}";;2026-01-25 14:54:36.320208+00;info;;;;;
c7d2ddf9-884a-4d0e-85c9-90c5210f67c7;process_order_cashback;7529ee0b-d1dc-4e07-a037-58d033875b8d;"{""cashback_earned"":0.19554400000000002,""cashback_used"":0,""order_amount"":21.05,""order_id"":""dfe4901f-e680-4c1f-8a31-8c259ae034ac""}";;2026-01-25 14:55:38.836842+00;info;;;;;
e7d17940-962a-436e-b488-e429a85e53c5;process_order_cashback;b6d71e3a-51bd-4344-a738-cfbf4bb9e2e8;"{""cashback_earned"":1.12018,""cashback_used"":0,""order_amount"":112.02,""order_id"":""c2996801-a546-483a-b6c3-bb3c2f71f4c2""}";;2026-01-25 15:36:07.834993+00;info;;;;;
2d70b3c2-20fa-40b7-8086-b0b17d33f0f3;get_user_tier_access;59076801-2403-4e6b-a2f7-bf5dd70fc7e6;"{""pending_amount"":0,""requested_user_id"":""59076801-2403-4e6b-a2f7-bf5dd70fc7e6""}";;2026-02-16 08:15:41.027501+00;info;access_control;;;;
d45182fc-f725-4113-ae0d-38094fb9a2dc;get_user_tier_access;03765a40-f338-4035-a2ba-8928fff30834;"{""pending_amount"":0,""requested_user_id"":""03765a40-f338-4035-a2ba-8928fff30834""}";;2026-01-25 17:42:56.987869+00;info;;;;;
6188c50b-5d05-405c-8406-a32b9e52df63;get_user_tier_access;03765a40-f338-4035-a2ba-8928fff30834;"{""pending_amount"":0,""requested_user_id"":""03765a40-f338-4035-a2ba-8928fff30834""}";;2026-01-25 18:17:12.55956+00;info;;;;;
20fe3ced-e18f-43a7-868e-f20bf032f84c;get_user_tier_access;03765a40-f338-4035-a2ba-8928fff30834;"{""pending_amount"":0,""requested_user_id"":""03765a40-f338-4035-a2ba-8928fff30834""}";;2026-01-25 18:17:17.254975+00;info;;;;;
dd12156a-d00e-4949-bd04-ad3e844e735b;get_user_tier_access;03765a40-f338-4035-a2ba-8928fff30834;"{""pending_amount"":0,""requested_user_id"":""03765a40-f338-4035-a2ba-8928fff30834""}";;2026-01-25 18:17:19.593638+00;info;;;;;
bc888348-a0d3-40cd-96e4-2c90ef90407b;get_user_tier_access;03765a40-f338-4035-a2ba-8928fff30834;"{""pending_amount"":0,""requested_user_id"":""03765a40-f338-4035-a2ba-8928fff30834""}";;2026-01-25 18:17:35.931758+00;info;;;;;
3e65f535-59f5-4d87-adb6-20d6cc8c7ebe;get_user_tier_access;03765a40-f338-4035-a2ba-8928fff30834;"{""pending_amount"":0,""requested_user_id"":""03765a40-f338-4035-a2ba-8928fff30834""}";;2026-01-25 18:17:38.385217+00;info;;;;;
bf0cb31a-4776-42e2-89fd-25635db962b2;get_user_tier_access;03765a40-f338-4035-a2ba-8928fff30834;"{""pending_amount"":0,""requested_user_id"":""03765a40-f338-4035-a2ba-8928fff30834""}";;2026-01-25 18:17:41.432987+00;info;;;;;
90cf22a3-29d0-46bf-9e18-ca42d7a14af6;get_user_tier_access;03765a40-f338-4035-a2ba-8928fff30834;"{""pending_amount"":0,""requested_user_id"":""03765a40-f338-4035-a2ba-8928fff30834""}";;2026-01-25 18:17:43.09168+00;info;;;;;
9afa63b8-d7fe-4cb0-988b-8734ca8f3cf3;get_user_tier_access;03765a40-f338-4035-a2ba-8928fff30834;"{""pending_amount"":0,""requested_user_id"":""03765a40-f338-4035-a2ba-8928fff30834""}";;2026-01-25 18:18:18.808859+00;info;;;;;
e2272286-775f-4b0b-9230-ca909a49b67b;get_user_tier_access;03765a40-f338-4035-a2ba-8928fff30834;"{""pending_amount"":0,""requested_user_id"":""03765a40-f338-4035-a2ba-8928fff30834""}";;2026-01-25 18:18:18.80977+00;info;;;;;
ef99f66b-e143-462a-bfe0-7ec8065716e7;get_user_tier_access;03765a40-f338-4035-a2ba-8928fff30834;"{""pending_amount"":0,""requested_user_id"":""03765a40-f338-4035-a2ba-8928fff30834""}";;2026-01-25 18:18:41.489745+00;info;;;;;
18a696f1-8b81-476b-9c8d-5656d30cb844;get_user_tier_access;03765a40-f338-4035-a2ba-8928fff30834;"{""pending_amount"":0,""requested_user_id"":""e289de81-782d-4f4b-872c-fe378325c66b""}";;2026-02-16 09:31:56.532838+00;info;access_control;;;;
908330b7-c9c4-4170-bb4e-7740c4453ae3;get_user_tier_access;03765a40-f338-4035-a2ba-8928fff30834;"{""pending_amount"":0,""requested_user_id"":""03765a40-f338-4035-a2ba-8928fff30834""}";;2026-01-25 18:18:38.941922+00;info;;;;;
ac4e70cf-f684-4676-aae4-ef4c10e7383c;get_user_tier_access;03765a40-f338-4035-a2ba-8928fff30834;"{""pending_amount"":0,""requested_user_id"":""03765a40-f338-4035-a2ba-8928fff30834""}";;2026-01-25 18:25:12.953103+00;info;;;;;
0aef6b51-e5c3-429e-8d52-0453ed66ab92;get_user_tier_access;03765a40-f338-4035-a2ba-8928fff30834;"{""pending_amount"":0,""requested_user_id"":""03765a40-f338-4035-a2ba-8928fff30834""}";;2026-01-25 18:25:20.127158+00;info;;;;;
0a287bf8-9d1c-4c87-b20a-d017040a6092;get_user_tier_access;03765a40-f338-4035-a2ba-8928fff30834;"{""pending_amount"":0,""requested_user_id"":""03765a40-f338-4035-a2ba-8928fff30834""}";;2026-01-25 23:28:25.556625+00;info;access_control;;;;
1c0d354f-87de-4f24-a95e-b08f9c3ed4f1;get_user_tier_access;03765a40-f338-4035-a2ba-8928fff30834;"{""pending_amount"":0,""requested_user_id"":""03765a40-f338-4035-a2ba-8928fff30834""}";;2026-01-25 23:28:28.968659+00;info;access_control;;;;
e1678240-ec58-4597-bd46-721dfe8abfc2;get_user_tier_access;03765a40-f338-4035-a2ba-8928fff30834;"{""pending_amount"":0,""requested_user_id"":""03765a40-f338-4035-a2ba-8928fff30834""}";;2026-01-25 23:28:28.96978+00;info;access_control;;;;
b6c8b1a9-9ffa-414d-b2c1-6e370020e874;get_user_tier_access;03765a40-f338-4035-a2ba-8928fff30834;"{""pending_amount"":0,""requested_user_id"":""03765a40-f338-4035-a2ba-8928fff30834""}";;2026-01-25 23:29:36.261779+00;info;access_control;;;;
4fcfff1d-09f0-4dc3-81dc-34d8948096b3;get_user_tier_access;03765a40-f338-4035-a2ba-8928fff30834;"{""pending_amount"":0,""requested_user_id"":""03765a40-f338-4035-a2ba-8928fff30834""}";;2026-01-25 23:31:29.011565+00;info;access_control;;;;
27f8f963-1071-418a-a70b-c4781584126e;get_user_tier_access;03765a40-f338-4035-a2ba-8928fff30834;"{""pending_amount"":0,""requested_user_id"":""03765a40-f338-4035-a2ba-8928fff30834""}";;2026-01-25 23:33:27.72665+00;info;access_control;;;;
75f29236-ae13-4df5-89b0-48cdf1721a64;get_user_tier_access;03765a40-f338-4035-a2ba-8928fff30834;"{""pending_amount"":0,""requested_user_id"":""03765a40-f338-4035-a2ba-8928fff30834""}";;2026-01-25 23:33:29.059986+00;info;access_control;;;;
80073d79-df25-4f9b-b698-e2a790ca082e;get_user_tier_access;03765a40-f338-4035-a2ba-8928fff30834;"{""pending_amount"":0,""requested_user_id"":""03765a40-f338-4035-a2ba-8928fff30834""}";;2026-01-25 23:34:13.859699+00;info;access_control;;;;
fa31c134-74a3-409e-ba50-9f1e8e86197f;get_user_tier_access;03765a40-f338-4035-a2ba-8928fff30834;"{""pending_amount"":0,""requested_user_id"":""03765a40-f338-4035-a2ba-8928fff30834""}";;2026-01-25 23:48:19.901154+00;info;access_control;;;;
45cb6c30-07a5-47e5-9d1c-bfbc60fc7a70;get_user_tier_access;03765a40-f338-4035-a2ba-8928fff30834;"{""pending_amount"":0,""requested_user_id"":""03765a40-f338-4035-a2ba-8928fff30834""}";;2026-01-25 23:48:21.235037+00;info;access_control;;;;
b4cadf64-b27e-4986-bc3d-d6d6687a8c05;get_user_tier_access;03765a40-f338-4035-a2ba-8928fff30834;"{""pending_amount"":0,""requested_user_id"":""03765a40-f338-4035-a2ba-8928fff30834""}";;2026-01-26 00:10:46.80946+00;info;access_control;;;;
eafc5283-b448-495a-91ae-5431e0aee28e;get_user_tier_access;03765a40-f338-4035-a2ba-8928fff30834;"{""pending_amount"":0,""requested_user_id"":""03765a40-f338-4035-a2ba-8928fff30834""}";;2026-01-26 00:12:40.559346+00;info;access_control;;;;
263b7b08-de13-435d-8461-cdc631ae3297;get_user_tier_access;03765a40-f338-4035-a2ba-8928fff30834;"{""pending_amount"":0,""requested_user_id"":""03765a40-f338-4035-a2ba-8928fff30834""}";;2026-01-26 00:12:40.54701+00;info;access_control;;;;
4b864114-8730-468c-8dd6-2e8b7ca1b389;get_user_tier_access;03765a40-f338-4035-a2ba-8928fff30834;"{""pending_amount"":0,""requested_user_id"":""03765a40-f338-4035-a2ba-8928fff30834""}";;2026-01-26 00:18:58.943839+00;info;access_control;;;;
1445c53c-43ed-401f-b572-87b520a57f66;get_user_tier_access;03765a40-f338-4035-a2ba-8928fff30834;"{""pending_amount"":0,""requested_user_id"":""03765a40-f338-4035-a2ba-8928fff30834""}";;2026-01-26 00:19:33.227428+00;info;access_control;;;;
01d54156-260c-4841-800e-546ae3b83efb;get_user_tier_access;03765a40-f338-4035-a2ba-8928fff30834;"{""pending_amount"":0,""requested_user_id"":""03765a40-f338-4035-a2ba-8928fff30834""}";;2026-01-26 00:19:41.933051+00;info;access_control;;;;
f71c01ed-e902-4ef6-b487-e6b7c07f476e;get_user_tier_access;03765a40-f338-4035-a2ba-8928fff30834;"{""pending_amount"":0,""requested_user_id"":""03765a40-f338-4035-a2ba-8928fff30834""}";;2026-01-26 00:19:41.935712+00;info;access_control;;;;
25bd785d-c2be-44d1-bfa2-f1c7fb8e1577;get_user_tier_access;03765a40-f338-4035-a2ba-8928fff30834;"{""pending_amount"":0,""requested_user_id"":""03765a40-f338-4035-a2ba-8928fff30834""}";;2026-01-26 00:19:47.682953+00;info;access_control;;;;
7c5e7d0e-d798-48ab-99b1-e1977f4964a0;get_user_tier_access;03765a40-f338-4035-a2ba-8928fff30834;"{""pending_amount"":0,""requested_user_id"":""03765a40-f338-4035-a2ba-8928fff30834""}";;2026-01-26 00:19:47.686429+00;info;access_control;;;;
2413f18c-b2ca-47a8-a164-f24e592f4f30;get_user_tier_access;03765a40-f338-4035-a2ba-8928fff30834;"{""pending_amount"":0,""requested_user_id"":""03765a40-f338-4035-a2ba-8928fff30834""}";;2026-01-26 00:19:56.843625+00;info;access_control;;;;
0986f15a-4341-486f-9b20-c811cc8428be;get_user_tier_access;03765a40-f338-4035-a2ba-8928fff30834;"{""pending_amount"":0,""requested_user_id"":""03765a40-f338-4035-a2ba-8928fff30834""}";;2026-01-26 00:19:56.846124+00;info;access_control;;;;
498204b4-3ed2-4085-81fa-d3e1172d471d;get_user_tier_access;03765a40-f338-4035-a2ba-8928fff30834;"{""pending_amount"":0,""requested_user_id"":""03765a40-f338-4035-a2ba-8928fff30834""}";;2026-01-26 00:20:14.429512+00;info;access_control;;;;
0bb4d8f4-4e80-441b-8b64-65bf2e3943ef;get_user_tier_access;03765a40-f338-4035-a2ba-8928fff30834;"{""pending_amount"":0,""requested_user_id"":""03765a40-f338-4035-a2ba-8928fff30834""}";;2026-01-26 00:20:14.432203+00;info;access_control;;;;
2aed6f58-a378-4f5d-bab5-4f29bb9e694a;get_user_tier_access;03765a40-f338-4035-a2ba-8928fff30834;"{""pending_amount"":0,""requested_user_id"":""03765a40-f338-4035-a2ba-8928fff30834""}";;2026-01-26 00:21:22.246532+00;info;access_control;;;;
5741eb0a-60bd-4dc4-936d-e5b1ee47c9a8;get_user_tier_access;03765a40-f338-4035-a2ba-8928fff30834;"{""pending_amount"":0,""requested_user_id"":""03765a40-f338-4035-a2ba-8928fff30834""}";;2026-01-26 00:22:33.630013+00;info;access_control;;;;
e54a9cdc-6476-45ab-811e-b21d8b3aed39;get_user_tier_access;03765a40-f338-4035-a2ba-8928fff30834;"{""pending_amount"":0,""requested_user_id"":""03765a40-f338-4035-a2ba-8928fff30834""}";;2026-01-26 00:22:44.074305+00;info;access_control;;;;
0128f47b-2799-4cea-af04-91b0c9778200;get_user_tier_access;03765a40-f338-4035-a2ba-8928fff30834;"{""pending_amount"":0,""requested_user_id"":""03765a40-f338-4035-a2ba-8928fff30834""}";;2026-01-26 00:22:48.734131+00;info;access_control;;;;
af0ba820-eeef-4296-9e77-5d9c22173c5d;get_user_tier_access;03765a40-f338-4035-a2ba-8928fff30834;"{""pending_amount"":0,""requested_user_id"":""03765a40-f338-4035-a2ba-8928fff30834""}";;2026-01-26 00:22:50.609223+00;info;access_control;;;;
3bd91ed8-4c89-4965-82ec-513192e95249;get_user_tier_access;03765a40-f338-4035-a2ba-8928fff30834;"{""pending_amount"":0,""requested_user_id"":""03765a40-f338-4035-a2ba-8928fff30834""}";;2026-01-26 00:22:50.616953+00;info;access_control;;;;
c446b2c1-b9bf-4815-8dc5-396db9518265;get_user_tier_access;03765a40-f338-4035-a2ba-8928fff30834;"{""pending_amount"":0,""requested_user_id"":""03765a40-f338-4035-a2ba-8928fff30834""}";;2026-01-26 00:22:54.217846+00;info;access_control;;;;
bb911800-3328-43a4-9304-ac4750457dd1;get_user_tier_access;03765a40-f338-4035-a2ba-8928fff30834;"{""pending_amount"":0,""requested_user_id"":""03765a40-f338-4035-a2ba-8928fff30834""}";;2026-01-26 00:22:58.336049+00;info;access_control;;;;
5609f4e3-56fb-419e-aae1-162b13e9d4b4;get_user_tier_access;03765a40-f338-4035-a2ba-8928fff30834;"{""pending_amount"":0,""requested_user_id"":""03765a40-f338-4035-a2ba-8928fff30834""}";;2026-01-26 00:22:59.249651+00;info;access_control;;;;
2e8940ee-71be-4e38-b2e2-0780138e5546;get_user_tier_access;03765a40-f338-4035-a2ba-8928fff30834;"{""pending_amount"":0,""requested_user_id"":""03765a40-f338-4035-a2ba-8928fff30834""}";;2026-01-26 00:22:59.252765+00;info;access_control;;;;
83116f95-fbdf-4ff7-bd26-7fc1adb139b6;get_user_tier_access;03765a40-f338-4035-a2ba-8928fff30834;"{""pending_amount"":0,""requested_user_id"":""03765a40-f338-4035-a2ba-8928fff30834""}";;2026-01-26 00:23:02.897429+00;info;access_control;;;;
ef71367f-73e5-4128-9600-8b33bc8f1f79;get_user_tier_access;03765a40-f338-4035-a2ba-8928fff30834;"{""pending_amount"":0,""requested_user_id"":""03765a40-f338-4035-a2ba-8928fff30834""}";;2026-01-26 00:23:24.056488+00;info;access_control;;;;
0c49ee4b-e6fc-429a-b7cb-9e708ff963d2;get_user_tier_access;03765a40-f338-4035-a2ba-8928fff30834;"{""pending_amount"":0,""requested_user_id"":""59076801-2403-4e6b-a2f7-bf5dd70fc7e6""}";;2026-02-16 09:32:45.586505+00;info;access_control;;;;
756704ee-4a06-44e8-833e-4a7681635813;get_user_tier_access;03765a40-f338-4035-a2ba-8928fff30834;"{""pending_amount"":0,""requested_user_id"":""03765a40-f338-4035-a2ba-8928fff30834""}";;2026-01-26 00:23:24.884271+00;info;access_control;;;;
f595a743-f56e-458e-9ed2-d75bcc76b2b8;get_user_tier_access;03765a40-f338-4035-a2ba-8928fff30834;"{""pending_amount"":0,""requested_user_id"":""03765a40-f338-4035-a2ba-8928fff30834""}";;2026-01-26 00:23:46.247063+00;info;access_control;;;;
4b87e380-ec27-41aa-a733-e7a6f3d70e38;get_user_tier_access;03765a40-f338-4035-a2ba-8928fff30834;"{""pending_amount"":0,""requested_user_id"":""03765a40-f338-4035-a2ba-8928fff30834""}";;2026-01-26 00:23:55.546+00;info;access_control;;;;
7563b7bb-9f7e-4e67-811b-9ef2644b2699;get_user_tier_access;03765a40-f338-4035-a2ba-8928fff30834;"{""pending_amount"":0,""requested_user_id"":""03765a40-f338-4035-a2ba-8928fff30834""}";;2026-01-26 00:23:56.841522+00;info;access_control;;;;
e4674aa6-9eb1-4737-90b4-c6aa32418c94;get_user_tier_access;03765a40-f338-4035-a2ba-8928fff30834;"{""pending_amount"":0,""requested_user_id"":""03765a40-f338-4035-a2ba-8928fff30834""}";;2026-01-26 00:23:56.841775+00;info;access_control;;;;
81c572ad-dad3-4b5f-937f-41176dbf4ee0;get_user_tier_access;03765a40-f338-4035-a2ba-8928fff30834;"{""pending_amount"":0,""requested_user_id"":""03765a40-f338-4035-a2ba-8928fff30834""}";;2026-01-26 00:24:03.83291+00;info;access_control;;;;
eaceb66f-5e19-4ac5-952b-e1730ea87381;get_user_tier_access;03765a40-f338-4035-a2ba-8928fff30834;"{""pending_amount"":0,""requested_user_id"":""03765a40-f338-4035-a2ba-8928fff30834""}";;2026-01-26 00:24:03.833167+00;info;access_control;;;;
be8dc645-e8a0-4543-a85a-38a1f96f96fc;get_user_tier_access;03765a40-f338-4035-a2ba-8928fff30834;"{""pending_amount"":0,""requested_user_id"":""03765a40-f338-4035-a2ba-8928fff30834""}";;2026-01-26 00:24:57.586454+00;info;access_control;;;;
9ae2d870-9294-4626-a637-630c31b892f9;get_user_tier_access;03765a40-f338-4035-a2ba-8928fff30834;"{""pending_amount"":0,""requested_user_id"":""03765a40-f338-4035-a2ba-8928fff30834""}";;2026-01-26 00:24:57.594993+00;info;access_control;;;;
20f299d5-5e6c-4c4d-b184-2641ea1c47a8;get_user_tier_access;03765a40-f338-4035-a2ba-8928fff30834;"{""pending_amount"":0,""requested_user_id"":""03765a40-f338-4035-a2ba-8928fff30834""}";;2026-01-26 00:25:03.841254+00;info;access_control;;;;
0b31e510-00e9-44d7-922f-4ae1332b0a5a;get_user_tier_access;03765a40-f338-4035-a2ba-8928fff30834;"{""pending_amount"":0,""requested_user_id"":""03765a40-f338-4035-a2ba-8928fff30834""}";;2026-01-26 00:25:03.842556+00;info;access_control;;;;
21a79aa7-5cd1-4464-8ec5-66f68eb48816;get_user_tier_access;03765a40-f338-4035-a2ba-8928fff30834;"{""pending_amount"":0,""requested_user_id"":""03765a40-f338-4035-a2ba-8928fff30834""}";;2026-01-26 00:25:07.062818+00;info;access_control;;;;
507fb918-46ce-493a-97a9-b90968edefd0;get_user_tier_access;03765a40-f338-4035-a2ba-8928fff30834;"{""pending_amount"":0,""requested_user_id"":""03765a40-f338-4035-a2ba-8928fff30834""}";;2026-01-26 00:25:07.062676+00;info;access_control;;;;
0842542a-a91f-420e-b81f-042f76f4fb61;get_user_tier_access;03765a40-f338-4035-a2ba-8928fff30834;"{""pending_amount"":0,""requested_user_id"":""03765a40-f338-4035-a2ba-8928fff30834""}";;2026-01-26 00:25:10.848423+00;info;access_control;;;;
7dffa5cb-494a-4594-997a-42540de89c00;get_user_tier_access;03765a40-f338-4035-a2ba-8928fff30834;"{""pending_amount"":0,""requested_user_id"":""03765a40-f338-4035-a2ba-8928fff30834""}";;2026-01-26 00:25:10.85345+00;info;access_control;;;;
104c6d42-aab3-4464-8f86-cd5ec8f04be1;get_user_tier_access;03765a40-f338-4035-a2ba-8928fff30834;"{""pending_amount"":0,""requested_user_id"":""03765a40-f338-4035-a2ba-8928fff30834""}";;2026-01-26 00:25:10.847496+00;info;access_control;;;;
b037e062-7bf0-4e80-99c7-54724b8f3942;get_user_tier_access;03765a40-f338-4035-a2ba-8928fff30834;"{""pending_amount"":0,""requested_user_id"":""03765a40-f338-4035-a2ba-8928fff30834""}";;2026-01-26 00:25:20.292943+00;info;access_control;;;;
5fd18ebd-d52c-4b1f-9b76-8a1d5dcfc3f3;get_user_tier_access;03765a40-f338-4035-a2ba-8928fff30834;"{""pending_amount"":0,""requested_user_id"":""03765a40-f338-4035-a2ba-8928fff30834""}";;2026-01-26 00:25:42.359345+00;info;access_control;;;;
fa0bb67f-3cd9-47c4-af8a-03782478920d;get_user_tier_access;03765a40-f338-4035-a2ba-8928fff30834;"{""pending_amount"":0,""requested_user_id"":""03765a40-f338-4035-a2ba-8928fff30834""}";;2026-01-26 00:25:45.428867+00;info;access_control;;;;
ed097e3e-fb7f-4b51-baf2-ec467c2c10b5;get_user_tier_access;03765a40-f338-4035-a2ba-8928fff30834;"{""pending_amount"":0,""requested_user_id"":""03765a40-f338-4035-a2ba-8928fff30834""}";;2026-01-26 00:25:46.759604+00;info;access_control;;;;
dfe44712-36c8-44af-89b3-026d4910d1ab;get_user_tier_access;03765a40-f338-4035-a2ba-8928fff30834;"{""pending_amount"":0,""requested_user_id"":""03765a40-f338-4035-a2ba-8928fff30834""}";;2026-01-26 00:25:46.76372+00;info;access_control;;;;
b3e8aa63-62b8-46a4-afd0-90f0aa78e27e;get_user_tier_access;03765a40-f338-4035-a2ba-8928fff30834;"{""pending_amount"":0,""requested_user_id"":""03765a40-f338-4035-a2ba-8928fff30834""}";;2026-01-26 00:25:51.538902+00;info;access_control;;;;
f487c69d-ba70-48de-bd68-2927ce77d941;get_user_tier_access;03765a40-f338-4035-a2ba-8928fff30834;"{""pending_amount"":0,""requested_user_id"":""03765a40-f338-4035-a2ba-8928fff30834""}";;2026-01-26 00:25:51.611391+00;info;access_control;;;;
c996314d-c572-4fd8-8a34-085237948ed6;get_user_tier_access;03765a40-f338-4035-a2ba-8928fff30834;"{""pending_amount"":0,""requested_user_id"":""03765a40-f338-4035-a2ba-8928fff30834""}";;2026-01-26 00:25:51.616971+00;info;access_control;;;;
062b8d95-92d6-465e-882a-07d03f693a3b;get_user_tier_access;03765a40-f338-4035-a2ba-8928fff30834;"{""pending_amount"":0,""requested_user_id"":""03765a40-f338-4035-a2ba-8928fff30834""}";;2026-01-26 00:25:56.541503+00;info;access_control;;;;
4594d795-d4bd-4763-b789-8b8a0d776c61;get_user_tier_access;03765a40-f338-4035-a2ba-8928fff30834;"{""pending_amount"":0,""requested_user_id"":""03765a40-f338-4035-a2ba-8928fff30834""}";;2026-01-26 00:25:56.54357+00;info;access_control;;;;
cfe07cab-166e-4d07-a4ac-182958f90b5d;get_user_tier_access;03765a40-f338-4035-a2ba-8928fff30834;"{""pending_amount"":0,""requested_user_id"":""03765a40-f338-4035-a2ba-8928fff30834""}";;2026-01-26 00:25:58.447532+00;info;access_control;;;;
17e90f11-212f-4021-8e9a-50e007647157;get_user_tier_access;03765a40-f338-4035-a2ba-8928fff30834;"{""pending_amount"":0,""requested_user_id"":""03765a40-f338-4035-a2ba-8928fff30834""}";;2026-01-26 00:25:59.962791+00;info;access_control;;;;
231de443-921f-4145-8579-a5bb08eca21a;get_user_tier_access;03765a40-f338-4035-a2ba-8928fff30834;"{""pending_amount"":0,""requested_user_id"":""03765a40-f338-4035-a2ba-8928fff30834""}";;2026-01-26 00:25:59.967633+00;info;access_control;;;;
837ff336-d847-4bd3-9012-4be6eac2dc66;get_user_tier_access;03765a40-f338-4035-a2ba-8928fff30834;"{""pending_amount"":0,""requested_user_id"":""03765a40-f338-4035-a2ba-8928fff30834""}";;2026-01-26 00:26:01.448949+00;info;access_control;;;;
40ca16d4-e5ca-460f-a74f-645a16def376;get_user_tier_access;03765a40-f338-4035-a2ba-8928fff30834;"{""pending_amount"":0,""requested_user_id"":""03765a40-f338-4035-a2ba-8928fff30834""}";;2026-01-26 00:26:07.296552+00;info;access_control;;;;
4ac64dc1-229b-4232-8ad4-3100349a211e;get_user_tier_access;03765a40-f338-4035-a2ba-8928fff30834;"{""pending_amount"":0,""requested_user_id"":""03765a40-f338-4035-a2ba-8928fff30834""}";;2026-01-26 00:26:09.422029+00;info;access_control;;;;
b4c9a520-f391-461f-b3d3-3574083efa74;get_user_tier_access;03765a40-f338-4035-a2ba-8928fff30834;"{""pending_amount"":0,""requested_user_id"":""03765a40-f338-4035-a2ba-8928fff30834""}";;2026-01-26 00:26:13.01737+00;info;access_control;;;;
f0210ea3-dd17-493c-83b5-2c55716d2acc;get_user_tier_access;03765a40-f338-4035-a2ba-8928fff30834;"{""pending_amount"":0,""requested_user_id"":""03765a40-f338-4035-a2ba-8928fff30834""}";;2026-01-26 00:26:15.546335+00;info;access_control;;;;
3db614bc-d650-4a13-9fda-f2aff9c5c247;get_user_tier_access;03765a40-f338-4035-a2ba-8928fff30834;"{""pending_amount"":0,""requested_user_id"":""03765a40-f338-4035-a2ba-8928fff30834""}";;2026-01-26 00:26:19.141235+00;info;access_control;;;;
9d5d5113-8b33-44dd-b0be-7fc5548ac1b4;get_user_tier_access;03765a40-f338-4035-a2ba-8928fff30834;"{""pending_amount"":0,""requested_user_id"":""03765a40-f338-4035-a2ba-8928fff30834""}";;2026-01-26 00:26:23.548945+00;info;access_control;;;;
077f03c6-5dca-4508-8e0f-e9daf1fe2e23;get_user_tier_access;03765a40-f338-4035-a2ba-8928fff30834;"{""pending_amount"":0,""requested_user_id"":""03765a40-f338-4035-a2ba-8928fff30834""}";;2026-01-26 00:26:23.553763+00;info;access_control;;;;
37715ec6-826c-4ccd-b6d9-ff93af6a7089;get_user_tier_access;03765a40-f338-4035-a2ba-8928fff30834;"{""pending_amount"":0,""requested_user_id"":""03765a40-f338-4035-a2ba-8928fff30834""}";;2026-01-26 00:26:35.238327+00;info;access_control;;;;
8631f7f9-d183-4cdf-bc57-6523bdf14204;get_user_tier_access;03765a40-f338-4035-a2ba-8928fff30834;"{""pending_amount"":0,""requested_user_id"":""03765a40-f338-4035-a2ba-8928fff30834""}";;2026-02-16 09:36:12.336418+00;info;access_control;;;;
660cebb4-92de-42c6-89c2-6a57be855c96;get_user_tier_access;03765a40-f338-4035-a2ba-8928fff30834;"{""pending_amount"":0,""requested_user_id"":""03765a40-f338-4035-a2ba-8928fff30834""}";;2026-01-26 00:26:35.245074+00;info;access_control;;;;
022593c3-9195-4be0-8fa6-984d01ac20e4;get_user_tier_access;03765a40-f338-4035-a2ba-8928fff30834;"{""pending_amount"":0,""requested_user_id"":""03765a40-f338-4035-a2ba-8928fff30834""}";;2026-01-26 00:26:39.422537+00;info;access_control;;;;
e0175d1a-a000-4435-9d1b-aa3a183fc582;get_user_tier_access;03765a40-f338-4035-a2ba-8928fff30834;"{""pending_amount"":0,""requested_user_id"":""98c416da-1a6b-47e2-b830-adb33c37cd80""}";;2026-02-16 09:46:27.73763+00;info;access_control;;;;
daf47ff9-cbcb-430d-9473-b158fa1e3541;get_user_tier_access;03765a40-f338-4035-a2ba-8928fff30834;"{""pending_amount"":0,""requested_user_id"":""7949cf9c-ca93-4472-b2b6-2e783b4aacff""}";;2026-02-16 09:46:49.966314+00;info;access_control;;;;
3ca7feac-7b35-4269-9db5-47c00604dec1;get_user_tier_access;03765a40-f338-4035-a2ba-8928fff30834;"{""pending_amount"":0,""requested_user_id"":""03765a40-f338-4035-a2ba-8928fff30834""}";;2026-01-26 00:26:39.427089+00;info;access_control;;;;
53cf85b7-a534-4856-a28c-eccfa5caad5c;get_user_tier_access;03765a40-f338-4035-a2ba-8928fff30834;"{""pending_amount"":0,""requested_user_id"":""868030ec-d3e9-4fe6-9025-8b5d4be184a2""}";;2026-02-16 09:46:34.859595+00;info;access_control;;;;
daa38436-c143-4eca-8e48-b0da0fc93947;get_user_tier_access;03765a40-f338-4035-a2ba-8928fff30834;"{""pending_amount"":0,""requested_user_id"":""03765a40-f338-4035-a2ba-8928fff30834""}";;2026-01-26 00:26:57.529913+00;info;access_control;;;;
76cf4a28-adbc-48f8-93d1-804493d74616;get_user_tier_access;03765a40-f338-4035-a2ba-8928fff30834;"{""pending_amount"":0,""requested_user_id"":""03765a40-f338-4035-a2ba-8928fff30834""}";;2026-01-26 00:27:52.03019+00;info;access_control;;;;
8cf328e4-6f3b-4fc1-bb7b-85bc02faef30;get_user_tier_access;03765a40-f338-4035-a2ba-8928fff30834;"{""pending_amount"":0,""requested_user_id"":""03765a40-f338-4035-a2ba-8928fff30834""}";;2026-01-26 00:28:00.705668+00;info;access_control;;;;
dc742d27-5b75-40d1-872a-c3796eec2709;get_user_tier_access;03765a40-f338-4035-a2ba-8928fff30834;"{""pending_amount"":0,""requested_user_id"":""03765a40-f338-4035-a2ba-8928fff30834""}";;2026-01-26 00:28:00.7079+00;info;access_control;;;;
d2e74bd5-3f2c-4ca0-bf5c-081cbbad0116;get_user_tier_access;03765a40-f338-4035-a2ba-8928fff30834;"{""pending_amount"":0,""requested_user_id"":""03765a40-f338-4035-a2ba-8928fff30834""}";;2026-01-26 00:28:01.887664+00;info;access_control;;;;
7d2bde18-fa53-4da5-9590-9ae8247deb4b;get_user_tier_access;03765a40-f338-4035-a2ba-8928fff30834;"{""pending_amount"":0,""requested_user_id"":""03765a40-f338-4035-a2ba-8928fff30834""}";;2026-01-26 00:30:18.504511+00;info;access_control;;;;
b8e55019-ed42-4245-ba6c-438e5218dbc4;get_user_tier_access;03765a40-f338-4035-a2ba-8928fff30834;"{""pending_amount"":0,""requested_user_id"":""03765a40-f338-4035-a2ba-8928fff30834""}";;2026-01-26 00:30:23.461875+00;info;access_control;;;;
3fb0ad7b-1ee5-4bad-bae0-ba2b9c223eac;get_user_tier_access;03765a40-f338-4035-a2ba-8928fff30834;"{""pending_amount"":0,""requested_user_id"":""03765a40-f338-4035-a2ba-8928fff30834""}";;2026-01-26 00:30:31.570408+00;info;access_control;;;;
515d3009-033d-4008-8503-0b5e1da7a414;get_user_tier_access;03765a40-f338-4035-a2ba-8928fff30834;"{""pending_amount"":0,""requested_user_id"":""03765a40-f338-4035-a2ba-8928fff30834""}";;2026-01-26 00:34:48.217813+00;info;access_control;;;;
31b45e77-b3d1-4d70-8085-6ce9cde96405;get_user_tier_access;03765a40-f338-4035-a2ba-8928fff30834;"{""pending_amount"":0,""requested_user_id"":""03765a40-f338-4035-a2ba-8928fff30834""}";;2026-01-26 00:37:10.454911+00;info;access_control;;;;
c0a883e4-d015-4ad2-a334-4f335a2ff0c9;get_user_tier_access;03765a40-f338-4035-a2ba-8928fff30834;"{""pending_amount"":0,""requested_user_id"":""03765a40-f338-4035-a2ba-8928fff30834""}";;2026-01-26 00:37:13.45561+00;info;access_control;;;;
2068559c-988e-414a-88ca-42b6b7580af7;get_user_tier_access;03765a40-f338-4035-a2ba-8928fff30834;"{""pending_amount"":0,""requested_user_id"":""03765a40-f338-4035-a2ba-8928fff30834""}";;2026-01-26 00:37:55.711433+00;info;access_control;;;;
f88ab67e-94f8-4ccc-8d40-b717f18947d3;get_user_tier_access;03765a40-f338-4035-a2ba-8928fff30834;"{""pending_amount"":0,""requested_user_id"":""03765a40-f338-4035-a2ba-8928fff30834""}";;2026-01-26 00:38:38.46007+00;info;access_control;;;;
458e4ef3-a601-406c-b718-075e85fedfa1;get_user_tier_access;03765a40-f338-4035-a2ba-8928fff30834;"{""pending_amount"":0,""requested_user_id"":""03765a40-f338-4035-a2ba-8928fff30834""}";;2026-01-26 00:39:24.26272+00;info;access_control;;;;
3a884ceb-2f73-42ba-a598-19d3e8097fde;get_user_tier_access;03765a40-f338-4035-a2ba-8928fff30834;"{""pending_amount"":0,""requested_user_id"":""03765a40-f338-4035-a2ba-8928fff30834""}";;2026-01-26 00:39:33.719596+00;info;access_control;;;;
8fbff9c3-4162-4b6d-acda-cd52fdf7f39f;get_user_tier_access;03765a40-f338-4035-a2ba-8928fff30834;"{""pending_amount"":0,""requested_user_id"":""03765a40-f338-4035-a2ba-8928fff30834""}";;2026-01-26 00:39:33.722455+00;info;access_control;;;;
16159b13-54d1-440c-a139-19196a07a232;get_user_tier_access;03765a40-f338-4035-a2ba-8928fff30834;"{""pending_amount"":0,""requested_user_id"":""03765a40-f338-4035-a2ba-8928fff30834""}";;2026-01-26 00:39:35.178805+00;info;access_control;;;;
a7efc401-bfda-4b7f-8bbe-cbf7f94a88b5;get_user_tier_access;03765a40-f338-4035-a2ba-8928fff30834;"{""pending_amount"":0,""requested_user_id"":""03765a40-f338-4035-a2ba-8928fff30834""}";;2026-01-26 00:39:35.175651+00;info;access_control;;;;
923217ae-4251-4654-b6fc-6171502ffb40;get_user_tier_access;03765a40-f338-4035-a2ba-8928fff30834;"{""pending_amount"":0,""requested_user_id"":""03765a40-f338-4035-a2ba-8928fff30834""}";;2026-01-26 00:41:25.024395+00;info;access_control;;;;
1dbad9ce-bbc5-4fc2-9d84-5d6b32422311;get_user_tier_access;03765a40-f338-4035-a2ba-8928fff30834;"{""pending_amount"":0,""requested_user_id"":""03765a40-f338-4035-a2ba-8928fff30834""}";;2026-01-26 00:46:08.052993+00;info;access_control;;;;
2c4d4ed2-eafe-4761-86da-aede58789a04;get_user_tier_access;03765a40-f338-4035-a2ba-8928fff30834;"{""pending_amount"":0,""requested_user_id"":""03765a40-f338-4035-a2ba-8928fff30834""}";;2026-01-26 00:59:10.458583+00;info;access_control;;;;
2682d5ce-4748-41b4-a2a7-cc4101a6c33c;get_user_tier_access;03765a40-f338-4035-a2ba-8928fff30834;"{""pending_amount"":0,""requested_user_id"":""03765a40-f338-4035-a2ba-8928fff30834""}";;2026-01-26 00:59:19.729644+00;info;access_control;;;;
6f1d24c8-2144-4ee1-afc7-9d93dd7dafe8;get_user_tier_access;03765a40-f338-4035-a2ba-8928fff30834;"{""pending_amount"":0,""requested_user_id"":""03765a40-f338-4035-a2ba-8928fff30834""}";;2026-01-26 00:59:34.798475+00;info;access_control;;;;
f6bd48ad-1f94-42e7-870f-d6efc20a56d2;get_user_tier_access;03765a40-f338-4035-a2ba-8928fff30834;"{""pending_amount"":0,""requested_user_id"":""03765a40-f338-4035-a2ba-8928fff30834""}";;2026-01-26 00:59:56.239755+00;info;access_control;;;;
22fddfe7-7134-4811-be32-13d8a301192c;get_user_tier_access;03765a40-f338-4035-a2ba-8928fff30834;"{""pending_amount"":0,""requested_user_id"":""03765a40-f338-4035-a2ba-8928fff30834""}";;2026-01-26 00:59:58.483835+00;info;access_control;;;;
6f84824f-c8f2-4978-9554-8303ef098e15;get_user_tier_access;03765a40-f338-4035-a2ba-8928fff30834;"{""pending_amount"":0,""requested_user_id"":""03765a40-f338-4035-a2ba-8928fff30834""}";;2026-01-26 00:59:58.487534+00;info;access_control;;;;
0a84dc7f-c990-4885-aea8-30dd660e3557;get_user_tier_access;03765a40-f338-4035-a2ba-8928fff30834;"{""pending_amount"":0,""requested_user_id"":""03765a40-f338-4035-a2ba-8928fff30834""}";;2026-01-26 01:00:07.213275+00;info;access_control;;;;
3b8ca666-a978-4626-89d3-f45c0a8828e4;get_user_tier_access;03765a40-f338-4035-a2ba-8928fff30834;"{""pending_amount"":0,""requested_user_id"":""03765a40-f338-4035-a2ba-8928fff30834""}";;2026-01-26 01:00:07.220628+00;info;access_control;;;;
10292589-b755-4d84-817d-295468eb1703;get_user_tier_access;03765a40-f338-4035-a2ba-8928fff30834;"{""pending_amount"":0,""requested_user_id"":""03765a40-f338-4035-a2ba-8928fff30834""}";;2026-01-26 01:00:28.733361+00;info;access_control;;;;
12666cfe-6407-432f-b26b-79fe4118b5b7;get_user_tier_access;03765a40-f338-4035-a2ba-8928fff30834;"{""pending_amount"":0,""requested_user_id"":""03765a40-f338-4035-a2ba-8928fff30834""}";;2026-01-26 01:07:46.131814+00;info;access_control;;;;
8ab21b16-694c-48e3-8a7c-179b48615bfc;get_user_tier_access;03765a40-f338-4035-a2ba-8928fff30834;"{""pending_amount"":0,""requested_user_id"":""03765a40-f338-4035-a2ba-8928fff30834""}";;2026-01-26 07:46:27.007156+00;info;access_control;;;;
fa036a3c-a42f-46a6-837d-ab511f9c2245;get_user_tier_access;03765a40-f338-4035-a2ba-8928fff30834;"{""pending_amount"":0,""requested_user_id"":""03765a40-f338-4035-a2ba-8928fff30834""}";;2026-01-26 07:47:39.373355+00;info;access_control;;;;
03a6aeea-d14d-4888-8ae2-b2b1583f710f;get_user_tier_access;03765a40-f338-4035-a2ba-8928fff30834;"{""pending_amount"":0,""requested_user_id"":""03765a40-f338-4035-a2ba-8928fff30834""}";;2026-01-26 07:47:46.640083+00;info;access_control;;;;
fb56110d-85e0-41c8-b6c8-23df01b523d1;get_user_tier_access;03765a40-f338-4035-a2ba-8928fff30834;"{""pending_amount"":0,""requested_user_id"":""03765a40-f338-4035-a2ba-8928fff30834""}";;2026-01-26 07:47:46.641126+00;info;access_control;;;;
410bfb93-db5f-4a1f-bfd8-5ea29b41442d;get_user_tier_access;03765a40-f338-4035-a2ba-8928fff30834;"{""pending_amount"":0,""requested_user_id"":""03765a40-f338-4035-a2ba-8928fff30834""}";;2026-01-26 07:47:49.146851+00;info;access_control;;;;
98a70145-60de-4f3f-86c2-807fdb96b945;get_user_tier_access;03765a40-f338-4035-a2ba-8928fff30834;"{""pending_amount"":0,""requested_user_id"":""03765a40-f338-4035-a2ba-8928fff30834""}";;2026-01-26 07:47:49.147073+00;info;access_control;;;;
9f2211dc-c9c8-4c6e-8131-e0ed4e66e8df;get_user_tier_access;f5f870d2-f470-44e5-84f4-6c70ead8c521;"{""pending_amount"":0,""requested_user_id"":""f5f870d2-f470-44e5-84f4-6c70ead8c521""}";;2026-01-26 12:09:25.989765+00;info;access_control;;;;
ad0233c9-fc33-47e5-80a2-1d8812bcbafc;get_user_tier_access;f5f870d2-f470-44e5-84f4-6c70ead8c521;"{""pending_amount"":30.634,""requested_user_id"":""f5f870d2-f470-44e5-84f4-6c70ead8c521""}";;2026-01-26 12:10:35.951112+00;info;access_control;;;;
cd6efad4-2016-43e1-9136-8712c120f0bc;get_user_tier_access;f5f870d2-f470-44e5-84f4-6c70ead8c521;"{""pending_amount"":0,""requested_user_id"":""f5f870d2-f470-44e5-84f4-6c70ead8c521""}";;2026-01-26 12:11:13.155359+00;info;access_control;;;;
42218e49-2526-4099-8b3e-67a5b90d6605;get_user_tier_access;f5f870d2-f470-44e5-84f4-6c70ead8c521;"{""pending_amount"":0,""requested_user_id"":""f5f870d2-f470-44e5-84f4-6c70ead8c521""}";;2026-01-26 12:11:26.174222+00;info;access_control;;;;
14472066-3083-4dce-b3c5-f9b2aba6a19f;get_user_tier_access;f5f870d2-f470-44e5-84f4-6c70ead8c521;"{""pending_amount"":0,""requested_user_id"":""f5f870d2-f470-44e5-84f4-6c70ead8c521""}";;2026-01-26 12:12:59.203172+00;info;access_control;;;;
6a92c7d8-3ecb-4c18-9c22-32ab18d86d5c;get_user_tier_access;f5f870d2-f470-44e5-84f4-6c70ead8c521;"{""pending_amount"":0,""requested_user_id"":""f5f870d2-f470-44e5-84f4-6c70ead8c521""}";;2026-01-26 12:12:59.21078+00;info;access_control;;;;
5872dce1-738d-47f2-b1c5-1faa324323aa;get_user_tier_access;f5f870d2-f470-44e5-84f4-6c70ead8c521;"{""pending_amount"":0,""requested_user_id"":""f5f870d2-f470-44e5-84f4-6c70ead8c521""}";;2026-01-26 12:13:05.76036+00;info;access_control;;;;
4de5fe65-dd41-4933-9451-3650b0bc0661;get_user_tier_access;f5f870d2-f470-44e5-84f4-6c70ead8c521;"{""pending_amount"":0,""requested_user_id"":""f5f870d2-f470-44e5-84f4-6c70ead8c521""}";;2026-01-26 12:13:10.211956+00;info;access_control;;;;
eb4014c7-94e5-4c11-a356-540ae74f0c37;get_user_tier_access;f5f870d2-f470-44e5-84f4-6c70ead8c521;"{""pending_amount"":0,""requested_user_id"":""f5f870d2-f470-44e5-84f4-6c70ead8c521""}";;2026-01-26 12:13:11.523279+00;info;access_control;;;;
2d6057fe-dcc2-4c50-bc93-151f8f9079ae;get_user_tier_access;f5f870d2-f470-44e5-84f4-6c70ead8c521;"{""pending_amount"":0,""requested_user_id"":""f5f870d2-f470-44e5-84f4-6c70ead8c521""}";;2026-01-26 12:14:37.357534+00;info;access_control;;;;
f6819524-26b0-40c0-a1d4-7b126172cf6b;get_user_tier_access;f5f870d2-f470-44e5-84f4-6c70ead8c521;"{""pending_amount"":0,""requested_user_id"":""f5f870d2-f470-44e5-84f4-6c70ead8c521""}";;2026-01-26 12:14:37.346415+00;info;access_control;;;;
4ade4f13-dee0-4257-9965-ce6feb5f94f1;get_user_tier_access;f5f870d2-f470-44e5-84f4-6c70ead8c521;"{""pending_amount"":0,""requested_user_id"":""f5f870d2-f470-44e5-84f4-6c70ead8c521""}";;2026-01-26 12:14:39.933617+00;info;access_control;;;;
e5e426d7-c0db-40dd-a42a-c9d71b286518;get_user_tier_access;f5f870d2-f470-44e5-84f4-6c70ead8c521;"{""pending_amount"":0,""requested_user_id"":""f5f870d2-f470-44e5-84f4-6c70ead8c521""}";;2026-01-26 12:14:39.983553+00;info;access_control;;;;
17eaa429-9717-41ec-82e0-c282cd7424de;get_user_tier_access;f5f870d2-f470-44e5-84f4-6c70ead8c521;"{""pending_amount"":0,""requested_user_id"":""f5f870d2-f470-44e5-84f4-6c70ead8c521""}";;2026-01-26 12:17:03.264232+00;info;access_control;;;;
7972b7bc-1fdf-421f-9204-0647c4fb7308;get_user_tier_access;f5f870d2-f470-44e5-84f4-6c70ead8c521;"{""pending_amount"":0,""requested_user_id"":""f5f870d2-f470-44e5-84f4-6c70ead8c521""}";;2026-01-26 12:17:03.263773+00;info;access_control;;;;
5ff81418-e60e-4ba2-8ba8-50e0d032eb46;get_user_tier_access;f5f870d2-f470-44e5-84f4-6c70ead8c521;"{""pending_amount"":0,""requested_user_id"":""f5f870d2-f470-44e5-84f4-6c70ead8c521""}";;2026-01-26 12:35:24.782046+00;info;access_control;;;;
92955034-20c9-4e41-ab57-24a8bc4f627b;get_user_tier_access;f5f870d2-f470-44e5-84f4-6c70ead8c521;"{""pending_amount"":0,""requested_user_id"":""f5f870d2-f470-44e5-84f4-6c70ead8c521""}";;2026-01-26 12:35:24.766946+00;info;access_control;;;;
2d79e6ac-0fee-453d-a666-95092e2dee5f;get_user_tier_access;f5f870d2-f470-44e5-84f4-6c70ead8c521;"{""pending_amount"":0,""requested_user_id"":""f5f870d2-f470-44e5-84f4-6c70ead8c521""}";;2026-01-26 12:36:13.116346+00;info;access_control;;;;
a4a9553c-b7ad-4710-9712-1d78ff45deea;get_user_tier_access;f5f870d2-f470-44e5-84f4-6c70ead8c521;"{""pending_amount"":0,""requested_user_id"":""f5f870d2-f470-44e5-84f4-6c70ead8c521""}";;2026-01-26 12:36:13.12761+00;info;access_control;;;;
49ae2a07-f196-4a52-9bf5-35553149f3c2;get_user_tier_access;f5f870d2-f470-44e5-84f4-6c70ead8c521;"{""pending_amount"":0,""requested_user_id"":""f5f870d2-f470-44e5-84f4-6c70ead8c521""}";;2026-01-26 12:54:03.621056+00;info;access_control;;;;
bc0f2a73-9479-4dec-9691-c7609ee0e426;get_user_tier_access;f5f870d2-f470-44e5-84f4-6c70ead8c521;"{""pending_amount"":0,""requested_user_id"":""f5f870d2-f470-44e5-84f4-6c70ead8c521""}";;2026-01-26 12:54:03.608651+00;info;access_control;;;;
260eeda1-7e78-4573-a438-df4f743426b1;get_user_tier_access;f5f870d2-f470-44e5-84f4-6c70ead8c521;"{""pending_amount"":0,""requested_user_id"":""f5f870d2-f470-44e5-84f4-6c70ead8c521""}";;2026-01-26 12:54:19.960225+00;info;access_control;;;;
e0a62a72-2bba-48dc-9100-9b41adfe1580;get_user_tier_access;f5f870d2-f470-44e5-84f4-6c70ead8c521;"{""pending_amount"":0,""requested_user_id"":""f5f870d2-f470-44e5-84f4-6c70ead8c521""}";;2026-01-26 12:54:19.960365+00;info;access_control;;;;
d5002cde-b8d9-41c4-9423-4073446d51fb;get_user_tier_access;f5f870d2-f470-44e5-84f4-6c70ead8c521;"{""pending_amount"":0,""requested_user_id"":""f5f870d2-f470-44e5-84f4-6c70ead8c521""}";;2026-01-26 12:54:22.330116+00;info;access_control;;;;
09c1979d-9cec-4c5e-b084-a7867af2e85c;get_user_tier_access;f5f870d2-f470-44e5-84f4-6c70ead8c521;"{""pending_amount"":0,""requested_user_id"":""f5f870d2-f470-44e5-84f4-6c70ead8c521""}";;2026-01-26 12:54:24.959747+00;info;access_control;;;;
f5bdb14b-d5e9-4e60-b7ef-1e8c4af40643;get_user_tier_access;f5f870d2-f470-44e5-84f4-6c70ead8c521;"{""pending_amount"":0,""requested_user_id"":""f5f870d2-f470-44e5-84f4-6c70ead8c521""}";;2026-01-26 14:20:24.695675+00;info;access_control;;;;
e57d767e-de78-4ec0-b7d8-6b2a55fc576f;get_user_tier_access;f5f870d2-f470-44e5-84f4-6c70ead8c521;"{""pending_amount"":0,""requested_user_id"":""f5f870d2-f470-44e5-84f4-6c70ead8c521""}";;2026-01-26 14:20:31.622255+00;info;access_control;;;;
9e27e902-93c1-4c43-a8b1-a679230ef0f0;get_user_tier_access;f5f870d2-f470-44e5-84f4-6c70ead8c521;"{""pending_amount"":0,""requested_user_id"":""f5f870d2-f470-44e5-84f4-6c70ead8c521""}";;2026-01-26 14:20:32.458197+00;info;access_control;;;;
34b16a3f-73fc-44aa-a1dc-4d6084e9bbf2;get_user_tier_access;620f66b2-5fcb-463a-95d9-32fd4f99d682;"{""pending_amount"":0,""requested_user_id"":""620f66b2-5fcb-463a-95d9-32fd4f99d682""}";;2026-01-26 17:15:18.307731+00;info;access_control;;;;
2f37b9f8-b75e-4054-86cd-acc9370fb9e4;get_user_tier_access;620f66b2-5fcb-463a-95d9-32fd4f99d682;"{""pending_amount"":0,""requested_user_id"":""620f66b2-5fcb-463a-95d9-32fd4f99d682""}";;2026-01-26 17:15:18.299888+00;info;access_control;;;;
462bf46f-47ba-485a-9708-4ccddd7cbb4e;get_user_tier_access;620f66b2-5fcb-463a-95d9-32fd4f99d682;"{""pending_amount"":0,""requested_user_id"":""620f66b2-5fcb-463a-95d9-32fd4f99d682""}";;2026-01-26 17:15:18.332+00;info;access_control;;;;
b5aff966-4849-4192-b190-4fe23ea18ba4;get_user_tier_access;620f66b2-5fcb-463a-95d9-32fd4f99d682;"{""pending_amount"":0,""requested_user_id"":""620f66b2-5fcb-463a-95d9-32fd4f99d682""}";;2026-01-26 17:15:21.757153+00;info;access_control;;;;
ac19c9d5-edca-40c8-bbd4-997c9336f807;get_user_tier_access;620f66b2-5fcb-463a-95d9-32fd4f99d682;"{""pending_amount"":0,""requested_user_id"":""620f66b2-5fcb-463a-95d9-32fd4f99d682""}";;2026-01-26 17:15:23.916135+00;info;access_control;;;;
755905e2-9bc1-4ff4-95da-da3d1c0c806d;get_user_tier_access;8d7eb294-9ebc-4d06-b203-d37a5be7f4ce;"{""pending_amount"":0,""requested_user_id"":""8d7eb294-9ebc-4d06-b203-d37a5be7f4ce""}";;2026-01-26 21:20:03.179081+00;info;access_control;;;;
563d5936-7d4c-42dd-b130-3ad84638f5a3;get_user_tier_access;8d7eb294-9ebc-4d06-b203-d37a5be7f4ce;"{""pending_amount"":63.6262,""requested_user_id"":""8d7eb294-9ebc-4d06-b203-d37a5be7f4ce""}";;2026-01-26 21:21:00.260549+00;info;access_control;;;;
d686af13-3fc6-4ca1-8791-1c8fda18ecb7;get_user_tier_access;8d7eb294-9ebc-4d06-b203-d37a5be7f4ce;"{""pending_amount"":0,""requested_user_id"":""8d7eb294-9ebc-4d06-b203-d37a5be7f4ce""}";;2026-01-26 21:21:46.944686+00;info;access_control;;;;
7b7cf5f2-4f23-4206-8153-3d81accc5e94;get_user_tier_access;8d7eb294-9ebc-4d06-b203-d37a5be7f4ce;"{""pending_amount"":0,""requested_user_id"":""8d7eb294-9ebc-4d06-b203-d37a5be7f4ce""}";;2026-01-26 21:21:59.893748+00;info;access_control;;;;
9a50a838-08bf-4940-9e36-de288ecbf7d9;get_user_tier_access;8d7eb294-9ebc-4d06-b203-d37a5be7f4ce;"{""pending_amount"":63.6262,""requested_user_id"":""8d7eb294-9ebc-4d06-b203-d37a5be7f4ce""}";;2026-01-26 21:22:57.496196+00;info;access_control;;;;
dacd4a13-621b-48a9-95f5-8446a1b006f7;get_user_tier_access;8d7eb294-9ebc-4d06-b203-d37a5be7f4ce;"{""pending_amount"":0,""requested_user_id"":""8d7eb294-9ebc-4d06-b203-d37a5be7f4ce""}";;2026-01-26 21:23:32.76481+00;info;access_control;;;;
dc4845ed-ddd0-44cb-a98f-169ece024faf;get_user_tier_access;03765a40-f338-4035-a2ba-8928fff30834;"{""pending_amount"":0,""requested_user_id"":""797a2377-e989-48eb-9546-5cad1ac0b872""}";;2026-02-16 09:46:44.02912+00;info;access_control;;;;
4fd0faec-a0b6-4ac2-883e-453912342085;get_user_tier_access;8d7eb294-9ebc-4d06-b203-d37a5be7f4ce;"{""pending_amount"":0,""requested_user_id"":""8d7eb294-9ebc-4d06-b203-d37a5be7f4ce""}";;2026-01-26 21:23:38.230719+00;info;access_control;;;;
7e45c903-af64-4f1d-aecd-0e563345354b;get_user_tier_access;8d7eb294-9ebc-4d06-b203-d37a5be7f4ce;"{""pending_amount"":0,""requested_user_id"":""8d7eb294-9ebc-4d06-b203-d37a5be7f4ce""}";;2026-01-26 21:23:40.886004+00;info;access_control;;;;
400116d8-6e85-4efd-ac2a-6c9b65e3a1bf;get_user_tier_access;8d7eb294-9ebc-4d06-b203-d37a5be7f4ce;"{""pending_amount"":0,""requested_user_id"":""8d7eb294-9ebc-4d06-b203-d37a5be7f4ce""}";;2026-01-26 21:23:40.889105+00;info;access_control;;;;
585c517b-3042-4ac0-9edd-aa1f198788e4;get_user_tier_access;8d7eb294-9ebc-4d06-b203-d37a5be7f4ce;"{""pending_amount"":0,""requested_user_id"":""8d7eb294-9ebc-4d06-b203-d37a5be7f4ce""}";;2026-01-26 21:23:44.051884+00;info;access_control;;;;
bc4d5637-4ec0-4104-b7bd-9a66c7c43a81;get_user_tier_access;8d7eb294-9ebc-4d06-b203-d37a5be7f4ce;"{""pending_amount"":0,""requested_user_id"":""8d7eb294-9ebc-4d06-b203-d37a5be7f4ce""}";;2026-01-26 21:23:48.558707+00;info;access_control;;;;
30a80f5c-2208-42b6-9d4d-4587a2816c0c;get_user_tier_access;8d7eb294-9ebc-4d06-b203-d37a5be7f4ce;"{""pending_amount"":0,""requested_user_id"":""8d7eb294-9ebc-4d06-b203-d37a5be7f4ce""}";;2026-01-26 21:23:48.566336+00;info;access_control;;;;
d7d93bda-f1a8-40b8-ac47-3edd2c05ae26;get_user_tier_access;8d7eb294-9ebc-4d06-b203-d37a5be7f4ce;"{""pending_amount"":0,""requested_user_id"":""8d7eb294-9ebc-4d06-b203-d37a5be7f4ce""}";;2026-01-26 21:23:55.610963+00;info;access_control;;;;
01b947c1-3785-4e82-ae55-15f1d642c07b;get_user_tier_access;8d7eb294-9ebc-4d06-b203-d37a5be7f4ce;"{""pending_amount"":0,""requested_user_id"":""8d7eb294-9ebc-4d06-b203-d37a5be7f4ce""}";;2026-01-26 21:24:06.909465+00;info;access_control;;;;
1cbcc979-ef96-4d3a-bd80-b0dd6e21e8f8;get_user_tier_access;8d7eb294-9ebc-4d06-b203-d37a5be7f4ce;"{""pending_amount"":0,""requested_user_id"":""8d7eb294-9ebc-4d06-b203-d37a5be7f4ce""}";;2026-01-26 21:24:38.810596+00;info;access_control;;;;
2a83f205-8454-423c-8573-4b9378ec2d3e;get_user_tier_access;8d7eb294-9ebc-4d06-b203-d37a5be7f4ce;"{""pending_amount"":0,""requested_user_id"":""8d7eb294-9ebc-4d06-b203-d37a5be7f4ce""}";;2026-01-26 21:25:18.094589+00;info;access_control;;;;
d4c83b1e-cdab-48bc-ad24-a2be0138f82a;get_user_tier_access;8d7eb294-9ebc-4d06-b203-d37a5be7f4ce;"{""pending_amount"":0,""requested_user_id"":""8d7eb294-9ebc-4d06-b203-d37a5be7f4ce""}";;2026-01-26 21:25:24.977544+00;info;access_control;;;;
9d99c76f-bb68-4f68-a6a2-bf7ee21e65e9;get_user_tier_access;8d7eb294-9ebc-4d06-b203-d37a5be7f4ce;"{""pending_amount"":0,""requested_user_id"":""8d7eb294-9ebc-4d06-b203-d37a5be7f4ce""}";;2026-01-26 21:25:33.568527+00;info;access_control;;;;
2c72ee42-2e93-444b-b1e4-c199338f4149;get_user_tier_access;8d7eb294-9ebc-4d06-b203-d37a5be7f4ce;"{""pending_amount"":0,""requested_user_id"":""8d7eb294-9ebc-4d06-b203-d37a5be7f4ce""}";;2026-01-26 21:25:33.826983+00;info;access_control;;;;
69bc8251-c03e-4462-a31a-c4a6fc0b2cbf;get_user_tier_access;8d7eb294-9ebc-4d06-b203-d37a5be7f4ce;"{""pending_amount"":0,""requested_user_id"":""8d7eb294-9ebc-4d06-b203-d37a5be7f4ce""}";;2026-01-26 21:25:34.941659+00;info;access_control;;;;
d08a9a64-5d38-4ca9-95e1-d592ed5e7655;get_user_tier_access;8d7eb294-9ebc-4d06-b203-d37a5be7f4ce;"{""pending_amount"":0,""requested_user_id"":""8d7eb294-9ebc-4d06-b203-d37a5be7f4ce""}";;2026-01-26 21:25:46.664866+00;info;access_control;;;;
47a5eb0f-a333-4dce-9003-f6d703107e4e;get_user_tier_access;8d7eb294-9ebc-4d06-b203-d37a5be7f4ce;"{""pending_amount"":0,""requested_user_id"":""8d7eb294-9ebc-4d06-b203-d37a5be7f4ce""}";;2026-01-26 21:25:47.884712+00;info;access_control;;;;
f35363c1-ae45-480c-a9d3-6305dacee522;get_user_tier_access;8d7eb294-9ebc-4d06-b203-d37a5be7f4ce;"{""pending_amount"":0,""requested_user_id"":""8d7eb294-9ebc-4d06-b203-d37a5be7f4ce""}";;2026-01-26 21:25:47.8817+00;info;access_control;;;;
5338de52-4a95-41e6-88b4-e55219780c02;get_user_tier_access;8d7eb294-9ebc-4d06-b203-d37a5be7f4ce;"{""pending_amount"":0,""requested_user_id"":""8d7eb294-9ebc-4d06-b203-d37a5be7f4ce""}";;2026-01-26 21:26:37.673521+00;info;access_control;;;;
aa9ba31a-4dae-4d82-afcc-14e95915a5df;get_user_tier_access;8d7eb294-9ebc-4d06-b203-d37a5be7f4ce;"{""pending_amount"":0,""requested_user_id"":""8d7eb294-9ebc-4d06-b203-d37a5be7f4ce""}";;2026-01-26 21:26:39.349729+00;info;access_control;;;;
708056ef-b481-4bcf-8c57-3cbfcfaa6cc9;get_user_tier_access;8d7eb294-9ebc-4d06-b203-d37a5be7f4ce;"{""pending_amount"":0,""requested_user_id"":""8d7eb294-9ebc-4d06-b203-d37a5be7f4ce""}";;2026-01-26 21:36:40.5291+00;info;access_control;;;;
b5dd8391-d117-42a1-9c35-a0c14aa31015;get_user_tier_access;03765a40-f338-4035-a2ba-8928fff30834;"{""pending_amount"":0,""requested_user_id"":""03765a40-f338-4035-a2ba-8928fff30834""}";;2026-01-26 21:37:04.997659+00;info;access_control;;;;
7eda0be8-63ae-4fe6-82d1-98934af6ab8c;get_user_tier_access;03765a40-f338-4035-a2ba-8928fff30834;"{""pending_amount"":0,""requested_user_id"":""03765a40-f338-4035-a2ba-8928fff30834""}";;2026-01-26 21:37:09.829419+00;info;access_control;;;;
d9996898-3246-4aa1-ac19-0d1b5d3779b6;get_user_tier_access;03765a40-f338-4035-a2ba-8928fff30834;"{""pending_amount"":0,""requested_user_id"":""03765a40-f338-4035-a2ba-8928fff30834""}";;2026-01-26 21:37:11.624313+00;info;access_control;;;;
5278bc35-a57e-4faa-a669-40bd717e3b22;get_user_tier_access;03765a40-f338-4035-a2ba-8928fff30834;"{""pending_amount"":0,""requested_user_id"":""03765a40-f338-4035-a2ba-8928fff30834""}";;2026-01-26 21:37:11.624306+00;info;access_control;;;;
e86950a3-0ffd-4f51-9e3c-f31e533199e3;get_user_tier_access;8d7eb294-9ebc-4d06-b203-d37a5be7f4ce;"{""pending_amount"":63.6262,""requested_user_id"":""8d7eb294-9ebc-4d06-b203-d37a5be7f4ce""}";;2026-01-26 21:37:13.893864+00;info;access_control;;;;
79aaf789-899b-437b-9e47-df6ca495ff66;get_user_tier_access;03765a40-f338-4035-a2ba-8928fff30834;"{""pending_amount"":0,""requested_user_id"":""03765a40-f338-4035-a2ba-8928fff30834""}";;2026-01-26 21:37:45.070872+00;info;access_control;;;;
9249b420-cbd1-47d8-b31d-2d069f757823;get_user_tier_access;8d7eb294-9ebc-4d06-b203-d37a5be7f4ce;"{""pending_amount"":0,""requested_user_id"":""8d7eb294-9ebc-4d06-b203-d37a5be7f4ce""}";;2026-01-26 21:38:04.747597+00;info;access_control;;;;
9e246763-8895-4ae3-9826-f32f6347b9ce;get_user_tier_access;8d7eb294-9ebc-4d06-b203-d37a5be7f4ce;"{""pending_amount"":0,""requested_user_id"":""8d7eb294-9ebc-4d06-b203-d37a5be7f4ce""}";;2026-01-26 21:38:19.452287+00;info;access_control;;;;
0fe445ea-0692-4599-b989-08ffcd7a1544;get_user_tier_access;8d7eb294-9ebc-4d06-b203-d37a5be7f4ce;"{""pending_amount"":0,""requested_user_id"":""8d7eb294-9ebc-4d06-b203-d37a5be7f4ce""}";;2026-01-26 21:39:12.469925+00;info;access_control;;;;
e3ca7304-c740-4ebd-a454-3b3ba34a19e0;get_user_tier_access;8d7eb294-9ebc-4d06-b203-d37a5be7f4ce;"{""pending_amount"":0,""requested_user_id"":""8d7eb294-9ebc-4d06-b203-d37a5be7f4ce""}";;2026-01-26 21:39:13.340376+00;info;access_control;;;;
2cd02609-cc2e-4184-97d3-a79c3fe93678;get_user_tier_access;8d7eb294-9ebc-4d06-b203-d37a5be7f4ce;"{""pending_amount"":0,""requested_user_id"":""8d7eb294-9ebc-4d06-b203-d37a5be7f4ce""}";;2026-01-26 21:39:13.340261+00;info;access_control;;;;
58a1652c-7151-4b5a-b0a7-c52f1c7cdced;get_user_tier_access;8d7eb294-9ebc-4d06-b203-d37a5be7f4ce;"{""pending_amount"":0,""requested_user_id"":""8d7eb294-9ebc-4d06-b203-d37a5be7f4ce""}";;2026-01-26 21:39:19.935525+00;info;access_control;;;;
c9d3eac1-dae6-4040-8622-9b6c7fe87b4a;get_user_tier_access;8d7eb294-9ebc-4d06-b203-d37a5be7f4ce;"{""pending_amount"":0,""requested_user_id"":""8d7eb294-9ebc-4d06-b203-d37a5be7f4ce""}";;2026-01-26 21:43:37.756248+00;info;access_control;;;;
60f6496d-6a31-411c-99d0-4e781168911b;get_user_tier_access;03765a40-f338-4035-a2ba-8928fff30834;"{""pending_amount"":0,""requested_user_id"":""8d7eb294-9ebc-4d06-b203-d37a5be7f4ce""}";;2026-01-26 21:52:51.009472+00;info;access_control;;;;
6364f560-d8d7-4121-a237-ea49cccaf52b;get_user_tier_access;03765a40-f338-4035-a2ba-8928fff30834;"{""pending_amount"":0,""requested_user_id"":""8d7eb294-9ebc-4d06-b203-d37a5be7f4ce""}";;2026-01-26 22:04:37.069328+00;info;access_control;;;;
7759562c-2f64-4624-beed-1672b702cc57;get_user_tier_access;03765a40-f338-4035-a2ba-8928fff30834;"{""pending_amount"":0,""requested_user_id"":""03765a40-f338-4035-a2ba-8928fff30834""}";;2026-01-26 22:09:51.7848+00;info;access_control;;;;
6d9ac4c3-c686-4357-89fd-1cd272c54a29;validate_coupon;03765a40-f338-4035-a2ba-8928fff30834;"{""code"":""CUSTOMCODE""}";;2026-01-26 22:10:34.392794+00;info;financial;;;;
e0842259-f160-4409-92fe-3fbc486b5dab;validate_coupon;03765a40-f338-4035-a2ba-8928fff30834;"{""code"":""TESTCODE""}";;2026-01-26 22:11:30.469614+00;info;financial;;;;
4e050e75-5aa8-40fb-bb98-99844af2d8d6;get_user_tier_access;03765a40-f338-4035-a2ba-8928fff30834;"{""pending_amount"":1.65,""requested_user_id"":""03765a40-f338-4035-a2ba-8928fff30834""}";;2026-01-26 22:11:34.944544+00;info;access_control;;;;
c624a84d-6fab-419a-9114-8def09bbc815;get_user_tier_access;03765a40-f338-4035-a2ba-8928fff30834;"{""pending_amount"":0,""requested_user_id"":""03765a40-f338-4035-a2ba-8928fff30834""}";;2026-01-26 22:17:38.661062+00;info;access_control;;;;
d06bc8c0-b079-4bf6-8dfb-02c7b94c9d76;get_user_tier_access;03765a40-f338-4035-a2ba-8928fff30834;"{""pending_amount"":0,""requested_user_id"":""03765a40-f338-4035-a2ba-8928fff30834""}";;2026-01-26 22:19:06.19626+00;info;access_control;;;;
10bc2d1e-e35a-4e6d-83d8-4be57d208c99;validate_coupon;03765a40-f338-4035-a2ba-8928fff30834;"{""code"":""TESTCODE""}";;2026-01-26 22:19:21.442146+00;info;financial;;;;
62bdbf07-248a-446d-be34-1f7358e651a5;get_user_tier_access;03765a40-f338-4035-a2ba-8928fff30834;"{""pending_amount"":1.65,""requested_user_id"":""03765a40-f338-4035-a2ba-8928fff30834""}";;2026-01-26 22:19:27.941348+00;info;access_control;;;;
2ba7aee1-4d59-4cd2-8248-8faf16d26eba;cashback_processed;03765a40-f338-4035-a2ba-8928fff30834;"{""cashback_earned"":0.0014999999999999992,""cashback_used"":0,""new_balance"":5.0913,""order_amount"":1.65,""order_id"":""9d1778bb-e61e-44e8-9e07-81ca2b9d8870""}";;2026-01-26 22:20:30.738417+00;info;financial;;;;
bfd1fe29-87df-4b1c-b057-8a357be8528a;get_user_tier_access;03765a40-f338-4035-a2ba-8928fff30834;"{""pending_amount"":0,""requested_user_id"":""03765a40-f338-4035-a2ba-8928fff30834""}";;2026-01-26 22:21:05.818415+00;info;access_control;;;;
6e579576-1d34-4fb9-aab5-5fac8cf6c6cc;get_user_tier_access;03765a40-f338-4035-a2ba-8928fff30834;"{""pending_amount"":0,""requested_user_id"":""03765a40-f338-4035-a2ba-8928fff30834""}";;2026-01-26 22:21:14.354161+00;info;access_control;;;;
6e122b07-5f0f-4851-a9ee-6746de7ea9da;get_user_tier_access;03765a40-f338-4035-a2ba-8928fff30834;"{""pending_amount"":0,""requested_user_id"":""03765a40-f338-4035-a2ba-8928fff30834""}";;2026-01-26 22:21:35.225569+00;info;access_control;;;;
a41cbd31-d67b-4610-b8f1-62ab02e51386;get_user_tier_access;03765a40-f338-4035-a2ba-8928fff30834;"{""pending_amount"":400,""requested_user_id"":""03765a40-f338-4035-a2ba-8928fff30834""}";;2026-01-26 22:21:45.082996+00;info;access_control;;;;
0be49838-e119-47e1-a552-8cc551c35867;get_user_tier_access;03765a40-f338-4035-a2ba-8928fff30834;"{""pending_amount"":0,""requested_user_id"":""e63dceb8-37e4-4a24-a7f7-a7e246df4363""}";;2026-01-26 22:39:18.370766+00;info;access_control;;;;
a4836a40-c504-4bae-ac04-115d217d945b;get_user_tier_access;03765a40-f338-4035-a2ba-8928fff30834;"{""pending_amount"":0,""requested_user_id"":""03765a40-f338-4035-a2ba-8928fff30834""}";;2026-01-26 22:55:02.292605+00;info;access_control;;;;
d2c6aee5-13d0-4fad-a822-194476c02fd6;get_user_tier_access;03765a40-f338-4035-a2ba-8928fff30834;"{""pending_amount"":0,""requested_user_id"":""03765a40-f338-4035-a2ba-8928fff30834""}";;2026-01-26 22:55:04.053917+00;info;access_control;;;;
a620c436-992e-4f97-9d83-3ce16ac2121b;get_user_tier_access;03765a40-f338-4035-a2ba-8928fff30834;"{""pending_amount"":0,""requested_user_id"":""03765a40-f338-4035-a2ba-8928fff30834""}";;2026-01-26 23:08:41.834589+00;info;access_control;;;;
0c736bec-9dbc-4f70-a39f-913c1acb7cff;get_user_tier_access;03765a40-f338-4035-a2ba-8928fff30834;"{""pending_amount"":0,""requested_user_id"":""03765a40-f338-4035-a2ba-8928fff30834""}";;2026-01-26 23:10:20.924793+00;info;access_control;;;;
5391ab8f-5eaf-42b1-b124-fed706988bf4;get_user_tier_access;1e66ccf6-ec5d-4c84-81f4-c413a8b845ff;"{""pending_amount"":0,""requested_user_id"":""1e66ccf6-ec5d-4c84-81f4-c413a8b845ff""}";;2026-01-27 03:48:46.914442+00;info;access_control;;;;
d60cc1be-0f92-4639-b360-186a774172ae;get_user_tier_access;03765a40-f338-4035-a2ba-8928fff30834;"{""pending_amount"":0,""requested_user_id"":""03765a40-f338-4035-a2ba-8928fff30834""}";;2026-01-27 11:46:57.877235+00;info;access_control;;;;
573d733b-1d7a-4735-99fe-6428a2909eb0;get_user_tier_access;03765a40-f338-4035-a2ba-8928fff30834;"{""pending_amount"":0,""requested_user_id"":""03765a40-f338-4035-a2ba-8928fff30834""}";;2026-01-27 17:21:27.284207+00;info;access_control;;;;
9c5217e2-d25d-489f-9a79-82df46edfbc1;get_user_tier_access;03765a40-f338-4035-a2ba-8928fff30834;"{""pending_amount"":0,""requested_user_id"":""03765a40-f338-4035-a2ba-8928fff30834""}";;2026-01-27 17:21:29.151758+00;info;access_control;;;;
89689efb-1cdf-4865-9643-1ba2802ab8ec;get_user_tier_access;03765a40-f338-4035-a2ba-8928fff30834;"{""pending_amount"":0,""requested_user_id"":""03765a40-f338-4035-a2ba-8928fff30834""}";;2026-01-28 00:08:54.797378+00;info;access_control;;;;
a4bb8fb0-9b1a-455d-90e9-3485fba7aab3;get_user_tier_access;bbf97561-98f7-4267-9c64-a7a5d556fedf;"{""pending_amount"":0,""requested_user_id"":""bbf97561-98f7-4267-9c64-a7a5d556fedf""}";;2026-01-28 01:51:07.092199+00;info;access_control;;;;
c2853f6e-c974-44f0-93f5-6825db4fe289;get_user_tier_access;caf282b8-d1c7-4ff6-b982-55f8c027d9fc;"{""pending_amount"":0,""requested_user_id"":""caf282b8-d1c7-4ff6-b982-55f8c027d9fc""}";;2026-01-28 03:21:06.210057+00;info;access_control;;;;
9f6331cb-596b-4665-aba3-2631ce5eba18;get_user_tier_access;caf282b8-d1c7-4ff6-b982-55f8c027d9fc;"{""pending_amount"":326.38963048019997,""requested_user_id"":""caf282b8-d1c7-4ff6-b982-55f8c027d9fc""}";;2026-01-28 03:22:53.411372+00;info;access_control;;;;
5747458f-a5a8-4836-a488-8d5c16bc3f88;cashback_processed;caf282b8-d1c7-4ff6-b982-55f8c027d9fc;"{""cashback_earned"":3.3119162999999996,""cashback_used"":4.8019995198,""new_balance"":3.3119162999999996,""order_amount"":326.39,""order_id"":""4e9c58f3-d6e7-4292-895b-acf454a9fc4e""}";;2026-01-28 03:24:04.356788+00;info;financial;;;;
fc9cd1f1-65a6-486a-8594-5ccdc747a2c5;get_user_tier_access;25cf5979-a732-4242-a02d-f35d9a4dbbf0;"{""pending_amount"":0,""requested_user_id"":""25cf5979-a732-4242-a02d-f35d9a4dbbf0""}";;2026-01-28 03:25:57.466341+00;info;access_control;;;;
07619395-84da-49f1-88b6-cdeb86cc71bb;get_user_tier_access;25cf5979-a732-4242-a02d-f35d9a4dbbf0;"{""pending_amount"":0,""requested_user_id"":""25cf5979-a732-4242-a02d-f35d9a4dbbf0""}";;2026-01-28 03:25:58.952843+00;info;access_control;;;;
c45195e1-90dc-4d9e-a0d9-491c2af76757;get_user_tier_access;25cf5979-a732-4242-a02d-f35d9a4dbbf0;"{""pending_amount"":0,""requested_user_id"":""25cf5979-a732-4242-a02d-f35d9a4dbbf0""}";;2026-01-28 03:25:58.96216+00;info;access_control;;;;
b80dd609-ba77-4c3a-be46-51406e8e4a77;get_user_tier_access;25cf5979-a732-4242-a02d-f35d9a4dbbf0;"{""pending_amount"":0,""requested_user_id"":""25cf5979-a732-4242-a02d-f35d9a4dbbf0""}";;2026-01-28 03:35:47.505239+00;info;access_control;;;;
f7ebeebf-a81d-467a-bda9-16bde2494a4c;validate_coupon;25cf5979-a732-4242-a02d-f35d9a4dbbf0;"{""code"":""CUSTOMCODE""}";;2026-01-28 03:38:04.334156+00;info;financial;;;;
19034088-8b1f-4c7f-821f-1f91fd61a981;get_user_tier_access;25cf5979-a732-4242-a02d-f35d9a4dbbf0;"{""pending_amount"":228,""requested_user_id"":""25cf5979-a732-4242-a02d-f35d9a4dbbf0""}";;2026-01-28 03:38:54.997606+00;info;access_control;;;;
522a87fc-b322-4339-a7e0-19f4c51585f8;cashback_processed;25cf5979-a732-4242-a02d-f35d9a4dbbf0;"{""cashback_earned"":2.28,""cashback_used"":0,""new_balance"":2.28,""order_amount"":228,""order_id"":""33ce5f5e-9e83-4fc2-9d8a-18bf4529b13f""}";;2026-01-28 03:39:20.579175+00;info;financial;;;;
9a8dbce9-5da7-4dca-81e0-7fc24f143805;get_user_tier_access;25cf5979-a732-4242-a02d-f35d9a4dbbf0;"{""pending_amount"":0,""requested_user_id"":""25cf5979-a732-4242-a02d-f35d9a4dbbf0""}";;2026-01-28 03:43:59.439236+00;info;access_control;;;;
bab1ee04-ac10-40ea-8f2f-794367d266c2;get_user_tier_access;25cf5979-a732-4242-a02d-f35d9a4dbbf0;"{""pending_amount"":0,""requested_user_id"":""25cf5979-a732-4242-a02d-f35d9a4dbbf0""}";;2026-01-28 03:44:04.762113+00;info;access_control;;;;
893a6b7b-2eef-4c9e-99f3-a172e2c1a1b4;get_user_tier_access;25cf5979-a732-4242-a02d-f35d9a4dbbf0;"{""pending_amount"":0,""requested_user_id"":""25cf5979-a732-4242-a02d-f35d9a4dbbf0""}";;2026-01-28 06:21:51.66444+00;info;access_control;;;;
f6641f67-01f1-4034-9d12-d1c47e96a642;get_user_tier_access;25cf5979-a732-4242-a02d-f35d9a4dbbf0;"{""pending_amount"":0,""requested_user_id"":""25cf5979-a732-4242-a02d-f35d9a4dbbf0""}";;2026-01-28 06:21:55.821294+00;info;access_control;;;;
30a53b05-4cf4-4782-9fee-b93eda661658;get_user_tier_access;03765a40-f338-4035-a2ba-8928fff30834;"{""pending_amount"":0,""requested_user_id"":""03765a40-f338-4035-a2ba-8928fff30834""}";;2026-01-28 08:40:40.76785+00;info;access_control;;;;
bed45f18-8b87-40a4-b566-68a7dbc422dd;get_user_tier_access;03765a40-f338-4035-a2ba-8928fff30834;"{""pending_amount"":0,""requested_user_id"":""03765a40-f338-4035-a2ba-8928fff30834""}";;2026-01-28 08:42:56.827598+00;info;access_control;;;;
9e704a6c-55c7-464c-b19f-a82c04efaecf;get_user_tier_access;03765a40-f338-4035-a2ba-8928fff30834;"{""pending_amount"":0,""requested_user_id"":""03765a40-f338-4035-a2ba-8928fff30834""}";;2026-01-28 08:42:59.525198+00;info;access_control;;;;
5d9244e1-5500-4af6-b4f5-57675943af8a;get_user_tier_access;03765a40-f338-4035-a2ba-8928fff30834;"{""pending_amount"":0,""requested_user_id"":""03765a40-f338-4035-a2ba-8928fff30834""}";;2026-01-28 08:44:44.565441+00;info;access_control;;;;
b0363927-1a00-4271-9149-727402f95e4f;get_user_tier_access;03765a40-f338-4035-a2ba-8928fff30834;"{""pending_amount"":0,""requested_user_id"":""03765a40-f338-4035-a2ba-8928fff30834""}";;2026-01-28 09:00:46.110207+00;info;access_control;;;;
e65d97bf-0a90-408f-9ddb-e677cd945c4d;get_user_tier_access;03765a40-f338-4035-a2ba-8928fff30834;"{""pending_amount"":0,""requested_user_id"":""8d7eb294-9ebc-4d06-b203-d37a5be7f4ce""}";;2026-01-28 10:16:42.336412+00;info;access_control;;;;
9abe2b67-9e47-404b-accb-e4b86afbfd4e;get_user_tier_access;03765a40-f338-4035-a2ba-8928fff30834;"{""pending_amount"":0,""requested_user_id"":""03765a40-f338-4035-a2ba-8928fff30834""}";;2026-01-28 10:40:25.900499+00;info;access_control;;;;
9894e09d-6343-4695-85b6-86d23dab7d9e;get_user_tier_access;03765a40-f338-4035-a2ba-8928fff30834;"{""pending_amount"":0,""requested_user_id"":""03765a40-f338-4035-a2ba-8928fff30834""}";;2026-01-28 12:43:37.679544+00;info;access_control;;;;
ff63bf6d-582c-4c68-a107-83015108f0d3;get_user_tier_access;03765a40-f338-4035-a2ba-8928fff30834;"{""pending_amount"":0,""requested_user_id"":""03765a40-f338-4035-a2ba-8928fff30834""}";;2026-01-28 12:49:54.163888+00;info;access_control;;;;
45e4be20-87fb-420e-90d4-88cec11aa9a9;get_user_tier_access;03765a40-f338-4035-a2ba-8928fff30834;"{""pending_amount"":0,""requested_user_id"":""caf282b8-d1c7-4ff6-b982-55f8c027d9fc""}";;2026-01-28 16:18:45.051663+00;info;access_control;;;;
9f16f162-5c44-4b97-a7b9-fbca260a0b1a;get_user_tier_access;03765a40-f338-4035-a2ba-8928fff30834;"{""pending_amount"":0,""requested_user_id"":""caf282b8-d1c7-4ff6-b982-55f8c027d9fc""}";;2026-01-28 16:21:10.678401+00;info;access_control;;;;
8aaaa549-abc2-46af-9f46-1a6207acd7bd;get_user_tier_access;03765a40-f338-4035-a2ba-8928fff30834;"{""pending_amount"":0,""requested_user_id"":""03765a40-f338-4035-a2ba-8928fff30834""}";;2026-01-28 16:53:59.26274+00;info;access_control;;;;
86011956-4adf-4895-9171-a4a990f2ad1f;get_user_tier_access;1e66ccf6-ec5d-4c84-81f4-c413a8b845ff;"{""pending_amount"":0,""requested_user_id"":""1e66ccf6-ec5d-4c84-81f4-c413a8b845ff""}";;2026-01-28 21:16:21.193774+00;info;access_control;;;;
4a733e59-c527-47c7-b638-1a6c7452f9f7;get_user_tier_access;03765a40-f338-4035-a2ba-8928fff30834;"{""pending_amount"":0,""requested_user_id"":""03765a40-f338-4035-a2ba-8928fff30834""}";;2026-01-28 23:20:21.670485+00;info;access_control;;;;
79f52f1d-6ebd-49e4-8290-dca36818d94d;get_user_tier_access;1e66ccf6-ec5d-4c84-81f4-c413a8b845ff;"{""pending_amount"":0,""requested_user_id"":""1e66ccf6-ec5d-4c84-81f4-c413a8b845ff""}";;2026-01-29 03:59:55.01802+00;info;access_control;;;;
56bcedad-4b0d-403c-b4be-4bb10ab5d3e2;get_user_tier_access;25cf5979-a732-4242-a02d-f35d9a4dbbf0;"{""pending_amount"":0,""requested_user_id"":""25cf5979-a732-4242-a02d-f35d9a4dbbf0""}";;2026-01-29 08:39:50.317216+00;info;access_control;;;;
4b3af31e-84eb-408b-bd42-360822293f12;get_user_tier_access;25cf5979-a732-4242-a02d-f35d9a4dbbf0;"{""pending_amount"":0,""requested_user_id"":""25cf5979-a732-4242-a02d-f35d9a4dbbf0""}";;2026-01-29 08:39:54.940405+00;info;access_control;;;;
5674e71c-6446-40c3-9db3-620f19bd4ee2;get_user_tier_access;25cf5979-a732-4242-a02d-f35d9a4dbbf0;"{""pending_amount"":0,""requested_user_id"":""25cf5979-a732-4242-a02d-f35d9a4dbbf0""}";;2026-01-29 08:39:54.940725+00;info;access_control;;;;
cc8a255c-b580-4b9b-bc5d-c410d490eeac;get_user_tier_access;25cf5979-a732-4242-a02d-f35d9a4dbbf0;"{""pending_amount"":0,""requested_user_id"":""25cf5979-a732-4242-a02d-f35d9a4dbbf0""}";;2026-01-29 08:40:06.116945+00;info;access_control;;;;
89af5ab2-4825-4d97-b5ac-424fb80aa7cd;get_user_tier_access;03765a40-f338-4035-a2ba-8928fff30834;"{""pending_amount"":0,""requested_user_id"":""03765a40-f338-4035-a2ba-8928fff30834""}";;2026-01-29 09:16:18.747549+00;info;access_control;;;;
62f6b5b5-60cb-434d-92cc-8d46d89fea32;get_user_tier_access;03765a40-f338-4035-a2ba-8928fff30834;"{""pending_amount"":0,""requested_user_id"":""03765a40-f338-4035-a2ba-8928fff30834""}";;2026-01-29 11:58:23.609345+00;info;access_control;;;;
cc1e7fda-0662-41ec-b210-821dd9464e9e;get_user_tier_access;03765a40-f338-4035-a2ba-8928fff30834;"{""pending_amount"":0,""requested_user_id"":""03765a40-f338-4035-a2ba-8928fff30834""}";;2026-01-29 11:58:27.886405+00;info;access_control;;;;
3ceb1a7a-a975-4c1b-99e0-d2f4c391a5de;get_user_tier_access;03765a40-f338-4035-a2ba-8928fff30834;"{""pending_amount"":0,""requested_user_id"":""03765a40-f338-4035-a2ba-8928fff30834""}";;2026-01-29 13:28:00.421676+00;info;access_control;;;;
febae89d-e679-403f-9f66-50eb43248523;get_user_tier_access;1e66ccf6-ec5d-4c84-81f4-c413a8b845ff;"{""pending_amount"":0,""requested_user_id"":""1e66ccf6-ec5d-4c84-81f4-c413a8b845ff""}";;2026-01-29 14:43:05.973149+00;info;access_control;;;;
cf618f6e-8050-4848-b60d-e2ffebb76856;get_user_tier_access;1e66ccf6-ec5d-4c84-81f4-c413a8b845ff;"{""pending_amount"":0,""requested_user_id"":""1e66ccf6-ec5d-4c84-81f4-c413a8b845ff""}";;2026-01-29 15:08:56.68173+00;info;access_control;;;;
e81ffdcb-54bd-4583-9850-77fac23bbf83;get_user_tier_access;03765a40-f338-4035-a2ba-8928fff30834;"{""pending_amount"":0,""requested_user_id"":""cf79fbdb-bfd6-4e91-a3ac-19506b995cb1""}";;2026-01-29 15:26:04.954316+00;info;access_control;;;;
824fe314-9051-4d66-b59b-50cf53bc5bf0;get_user_tier_access;03765a40-f338-4035-a2ba-8928fff30834;"{""pending_amount"":0,""requested_user_id"":""409584dd-b486-42b8-84bb-0195fd48df3c""}";;2026-01-29 15:29:48.403283+00;info;access_control;;;;
4bf2fc52-bfb9-41e9-ba93-bbafb88337d5;get_user_tier_access;03765a40-f338-4035-a2ba-8928fff30834;"{""pending_amount"":0,""requested_user_id"":""409584dd-b486-42b8-84bb-0195fd48df3c""}";;2026-01-29 15:30:33.793479+00;info;access_control;;;;
3ab1c0ec-04c5-4bb6-9e6c-6ae1eb03749e;get_user_tier_access;03765a40-f338-4035-a2ba-8928fff30834;"{""pending_amount"":0,""requested_user_id"":""26c2d3ef-83f1-40c2-bd53-fc2e30ca7f87""}";;2026-01-29 15:30:57.041523+00;info;access_control;;;;
1a0dfca8-2848-4c96-b338-055734b7d86c;get_user_tier_access;03765a40-f338-4035-a2ba-8928fff30834;"{""pending_amount"":0,""requested_user_id"":""d04044c4-bfad-4c60-a361-cc30266fe311""}";;2026-01-29 15:31:32.115593+00;info;access_control;;;;
9265b91e-b151-4a6b-9ff3-489d2f5983ee;get_user_tier_access;03765a40-f338-4035-a2ba-8928fff30834;"{""pending_amount"":0,""requested_user_id"":""ba1422b5-8911-43bb-b075-114d38ed0546""}";;2026-01-29 15:32:00.932595+00;info;access_control;;;;
0fbb8d4e-39ae-4e8d-860c-4e0b156b60ef;get_user_tier_access;03765a40-f338-4035-a2ba-8928fff30834;"{""pending_amount"":0,""requested_user_id"":""cf79fbdb-bfd6-4e91-a3ac-19506b995cb1""}";;2026-01-29 15:32:32.514242+00;info;access_control;;;;
70caa3b6-d767-4e2e-9a9b-6fa1e3835296;get_user_tier_access;03765a40-f338-4035-a2ba-8928fff30834;"{""pending_amount"":0,""requested_user_id"":""ba1422b5-8911-43bb-b075-114d38ed0546""}";;2026-01-29 15:32:42.179023+00;info;access_control;;;;
e6d63e0c-8c8d-427e-9ffd-27780c6cb599;get_user_tier_access;03765a40-f338-4035-a2ba-8928fff30834;"{""pending_amount"":0,""requested_user_id"":""44d23aa4-9329-426b-b7af-7d7e2bfbcf34""}";;2026-01-29 15:32:49.480619+00;info;access_control;;;;
375fc5e6-1d34-43e3-a583-74f59b77cadc;get_user_tier_access;03765a40-f338-4035-a2ba-8928fff30834;"{""pending_amount"":0,""requested_user_id"":""4dee4c62-89bb-460c-be5c-e36a4d0fd4c7""}";;2026-01-29 15:33:21.331661+00;info;access_control;;;;
ac4a6115-03cd-442f-9869-1399f6320116;get_user_tier_access;03765a40-f338-4035-a2ba-8928fff30834;"{""pending_amount"":0,""requested_user_id"":""bbf97561-98f7-4267-9c64-a7a5d556fedf""}";;2026-01-29 15:33:59.148872+00;info;access_control;;;;
7cfa0e0b-d72f-462a-ad06-c376d16307a3;get_user_tier_access;03765a40-f338-4035-a2ba-8928fff30834;"{""pending_amount"":0,""requested_user_id"":""8dfd7ff6-5bb5-4c09-be1d-bde4d789a622""}";;2026-01-29 15:34:26.053897+00;info;access_control;;;;
0b370dde-8b98-453d-b8a4-ef201a9fbf01;get_user_tier_access;03765a40-f338-4035-a2ba-8928fff30834;"{""pending_amount"":0,""requested_user_id"":""b9292426-03e0-4dcf-97fd-8e105b8b760d""}";;2026-01-29 15:34:47.604789+00;info;access_control;;;;
e97a7147-26bc-4504-82e6-866919b90ca6;get_user_tier_access;03765a40-f338-4035-a2ba-8928fff30834;"{""pending_amount"":0,""requested_user_id"":""d04044c4-bfad-4c60-a361-cc30266fe311""}";;2026-01-29 15:36:05.000255+00;info;access_control;;;;
9b629b8c-a82f-424c-a8bb-cd11f477cf7b;get_user_tier_access;03765a40-f338-4035-a2ba-8928fff30834;"{""pending_amount"":0,""requested_user_id"":""857f40f9-1f69-4d5f-ae9f-688aa81abe93""}";;2026-01-29 15:36:14.674745+00;info;access_control;;;;
6fef5576-8b91-4bbf-87df-9052d92e8435;get_user_tier_access;03765a40-f338-4035-a2ba-8928fff30834;"{""pending_amount"":0,""requested_user_id"":""eefa38d8-1c59-4129-8d9f-5928cab81e14""}";;2026-01-29 15:36:44.337807+00;info;access_control;;;;
6864567c-4d79-4006-921b-342c97faed10;get_user_tier_access;03765a40-f338-4035-a2ba-8928fff30834;"{""pending_amount"":0,""requested_user_id"":""e72e8ad6-4f84-48ec-b0ed-069010004d1a""}";;2026-01-29 15:37:19.113569+00;info;access_control;;;;
7a2ab2a8-a8bb-4c36-aa5c-7288c9027d79;get_user_tier_access;03765a40-f338-4035-a2ba-8928fff30834;"{""pending_amount"":0,""requested_user_id"":""1e66ccf6-ec5d-4c84-81f4-c413a8b845ff""}";;2026-01-29 15:37:50.58951+00;info;access_control;;;;
94b237b5-9144-4b0f-85ae-891ac657840d;get_user_tier_access;03765a40-f338-4035-a2ba-8928fff30834;"{""pending_amount"":0,""requested_user_id"":""3dc45174-7661-4a86-9886-ecfdc8e6cbd2""}";;2026-01-29 15:38:30.911367+00;info;access_control;;;;
bc395c50-9871-4e16-addf-ba59dbd3854e;get_user_tier_access;03765a40-f338-4035-a2ba-8928fff30834;"{""pending_amount"":0,""requested_user_id"":""e72e8ad6-4f84-48ec-b0ed-069010004d1a""}";;2026-01-29 15:39:54.238486+00;info;access_control;;;;
530c624b-3847-4ba1-869e-75ac051f06c1;get_user_tier_access;03765a40-f338-4035-a2ba-8928fff30834;"{""pending_amount"":0,""requested_user_id"":""e72e8ad6-4f84-48ec-b0ed-069010004d1a""}";;2026-01-29 15:40:01.961841+00;info;access_control;;;;
b4c6f661-7511-43f5-a37e-f488c57ab782;get_user_tier_access;03765a40-f338-4035-a2ba-8928fff30834;"{""pending_amount"":0,""requested_user_id"":""3dc45174-7661-4a86-9886-ecfdc8e6cbd2""}";;2026-01-29 15:41:25.649074+00;info;access_control;;;;
cc8150e7-c2f6-4138-b116-3b289afd3807;get_user_tier_access;03765a40-f338-4035-a2ba-8928fff30834;"{""pending_amount"":0,""requested_user_id"":""7995856c-8844-4c58-88cc-31ff8b56d3fa""}";;2026-01-29 15:41:38.615985+00;info;access_control;;;;
8c9cfdbc-ea8c-44af-9884-788af09f017c;get_user_tier_access;03765a40-f338-4035-a2ba-8928fff30834;"{""pending_amount"":0,""requested_user_id"":""620f66b2-5fcb-463a-95d9-32fd4f99d682""}";;2026-01-29 15:42:19.416621+00;info;access_control;;;;
64e47f49-1b9e-4be6-ab94-07f68814d1dd;get_user_tier_access;03765a40-f338-4035-a2ba-8928fff30834;"{""pending_amount"":0,""requested_user_id"":""3f604934-b12a-410a-a43b-b07b63fabaae""}";;2026-01-29 15:42:45.752894+00;info;access_control;;;;
3719c615-d888-4eea-aa93-37a1d614a266;get_user_tier_access;03765a40-f338-4035-a2ba-8928fff30834;"{""pending_amount"":0,""requested_user_id"":""3b99d6ed-0db7-4e0c-9d20-f7c55475cba6""}";;2026-01-29 15:43:07.137355+00;info;access_control;;;;
5ad91882-5da5-4202-9d93-11c9b3035aa6;get_user_tier_access;03765a40-f338-4035-a2ba-8928fff30834;"{""pending_amount"":0,""requested_user_id"":""bfd9c9c5-460b-4c35-b7b1-67736f62a002""}";;2026-01-29 15:43:41.384799+00;info;access_control;;;;
b2b1ee40-2c51-49d2-8a00-4b6cc240da00;get_user_tier_access;03765a40-f338-4035-a2ba-8928fff30834;"{""pending_amount"":0,""requested_user_id"":""67047467-dcbb-4fa4-9d77-66aa6eb7f229""}";;2026-01-29 15:44:04.048146+00;info;access_control;;;;
133ed9d5-d08d-4809-aef6-32cc6f33ee65;get_user_tier_access;03765a40-f338-4035-a2ba-8928fff30834;"{""pending_amount"":0,""requested_user_id"":""409584dd-b486-42b8-84bb-0195fd48df3c""}";;2026-01-29 15:44:47.380505+00;info;access_control;;;;
8b4d370e-0a6a-41c2-8d39-3f11aa8775e1;get_user_tier_access;03765a40-f338-4035-a2ba-8928fff30834;"{""pending_amount"":0,""requested_user_id"":""988bfb43-86a2-452e-ac9b-770cfbfba2d0""}";;2026-01-29 15:51:19.595993+00;info;access_control;;;;
ed1b05e7-711a-474b-b3e0-21c3f695999d;get_user_tier_access;03765a40-f338-4035-a2ba-8928fff30834;"{""pending_amount"":0,""requested_user_id"":""5d97dfa0-817f-42d1-b6b3-c9513ee54dca""}";;2026-01-29 15:51:34.826382+00;info;access_control;;;;
e3ccb39b-920c-4360-9c30-28f2f8587182;get_user_tier_access;03765a40-f338-4035-a2ba-8928fff30834;"{""pending_amount"":0,""requested_user_id"":""03765a40-f338-4035-a2ba-8928fff30834""}";;2026-01-29 19:10:23.620336+00;info;access_control;;;;
ef5a6bbb-9b93-452e-b35a-ba5be761f6eb;get_user_tier_access;03765a40-f338-4035-a2ba-8928fff30834;"{""pending_amount"":0,""requested_user_id"":""03765a40-f338-4035-a2ba-8928fff30834""}";;2026-01-29 22:42:40.647908+00;info;access_control;;;;
4a9c9424-4522-438d-ae1c-a475096dcdc8;get_user_tier_access;bbf97561-98f7-4267-9c64-a7a5d556fedf;"{""pending_amount"":0,""requested_user_id"":""bbf97561-98f7-4267-9c64-a7a5d556fedf""}";;2026-01-30 01:16:15.495095+00;info;access_control;;;;
ecea4872-6fff-4d0a-926b-e7121da057e2;get_user_tier_access;1e66ccf6-ec5d-4c84-81f4-c413a8b845ff;"{""pending_amount"":0,""requested_user_id"":""1e66ccf6-ec5d-4c84-81f4-c413a8b845ff""}";;2026-01-30 06:11:01.219984+00;info;access_control;;;;
95e8596d-65d4-499e-84eb-3b2004d617aa;get_user_tier_access;d638a481-2d54-4c96-87c6-480a6fa3c478;"{""pending_amount"":0,""requested_user_id"":""d638a481-2d54-4c96-87c6-480a6fa3c478""}";;2026-01-30 08:55:11.840581+00;info;access_control;;;;
5e9635b3-2da0-4176-a0c5-5f75ac0716c5;get_user_tier_access;d638a481-2d54-4c96-87c6-480a6fa3c478;"{""pending_amount"":45.5,""requested_user_id"":""d638a481-2d54-4c96-87c6-480a6fa3c478""}";;2026-01-30 08:55:32.95932+00;info;access_control;;;;
5b737d7a-a6b1-47ed-a1af-4e903e40c79e;cashback_processed;d638a481-2d54-4c96-87c6-480a6fa3c478;"{""cashback_earned"":0,""cashback_used"":0,""new_balance"":0,""order_amount"":45.5,""order_id"":""c0b8d14e-6cc9-4e29-8001-63bdebb605e9""}";;2026-01-30 08:56:19.233405+00;info;financial;;;;
d335c624-8850-424f-92e5-d1dc31884502;get_user_tier_access;03765a40-f338-4035-a2ba-8928fff30834;"{""pending_amount"":0,""requested_user_id"":""03765a40-f338-4035-a2ba-8928fff30834""}";;2026-01-30 09:18:58.816613+00;info;access_control;;;;
84d75cf7-f901-4591-8726-7f47341cae44;get_user_tier_access;03765a40-f338-4035-a2ba-8928fff30834;"{""pending_amount"":0,""requested_user_id"":""03765a40-f338-4035-a2ba-8928fff30834""}";;2026-01-30 10:41:20.819455+00;info;access_control;;;;
1409eb25-b4b4-4a9c-9092-6414b0319810;get_user_tier_access;03765a40-f338-4035-a2ba-8928fff30834;"{""pending_amount"":0,""requested_user_id"":""03765a40-f338-4035-a2ba-8928fff30834""}";;2026-01-30 10:44:15.074101+00;info;access_control;;;;
22f3e036-5abf-4ca0-8fd3-114544c5777e;get_user_tier_access;03765a40-f338-4035-a2ba-8928fff30834;"{""pending_amount"":0,""requested_user_id"":""03765a40-f338-4035-a2ba-8928fff30834""}";;2026-01-30 11:00:21.186199+00;info;access_control;;;;
14bb2cae-e9ce-4a20-9a28-37f89ef96118;get_user_tier_access;03765a40-f338-4035-a2ba-8928fff30834;"{""pending_amount"":0,""requested_user_id"":""03765a40-f338-4035-a2ba-8928fff30834""}";;2026-01-30 12:11:47.492306+00;info;access_control;;;;
210c25d2-fa0e-44f2-aa3e-fd555706c1e6;get_user_tier_access;03765a40-f338-4035-a2ba-8928fff30834;"{""pending_amount"":0,""requested_user_id"":""03765a40-f338-4035-a2ba-8928fff30834""}";;2026-01-30 12:16:01.343828+00;info;access_control;;;;
9247a535-a9b7-4019-9d92-6dcc249cd595;get_user_tier_access;03765a40-f338-4035-a2ba-8928fff30834;"{""pending_amount"":0,""requested_user_id"":""03765a40-f338-4035-a2ba-8928fff30834""}";;2026-01-30 12:38:56.916984+00;info;access_control;;;;
89e1236c-f957-4037-a533-9128be9756ad;get_user_tier_access;03765a40-f338-4035-a2ba-8928fff30834;"{""pending_amount"":0,""requested_user_id"":""03765a40-f338-4035-a2ba-8928fff30834""}";;2026-01-30 13:02:16.532445+00;info;access_control;;;;
5b1a0fb9-df46-405a-b83d-92d71f76295d;get_user_tier_access;868030ec-d3e9-4fe6-9025-8b5d4be184a2;"{""pending_amount"":0,""requested_user_id"":""868030ec-d3e9-4fe6-9025-8b5d4be184a2""}";;2026-01-30 15:18:02.881717+00;info;access_control;;;;
3a266066-4c03-4a34-9e2c-7afbc7d7b484;get_user_tier_access;868030ec-d3e9-4fe6-9025-8b5d4be184a2;"{""pending_amount"":200.44,""requested_user_id"":""868030ec-d3e9-4fe6-9025-8b5d4be184a2""}";;2026-01-30 15:19:27.105091+00;info;access_control;;;;
b9cc5062-24f3-4d9b-9f46-145589abe258;cashback_processed;868030ec-d3e9-4fe6-9025-8b5d4be184a2;"{""cashback_earned"":2.0044,""cashback_used"":0,""new_balance"":2.0044,""order_amount"":200.44,""order_id"":""62aaa745-3f98-43d3-904b-856fd68991b1""}";;2026-01-30 15:19:55.849243+00;info;financial;;;;
ab3a8380-2a64-49ec-b985-67612437f726;get_user_tier_access;868030ec-d3e9-4fe6-9025-8b5d4be184a2;"{""pending_amount"":0,""requested_user_id"":""868030ec-d3e9-4fe6-9025-8b5d4be184a2""}";;2026-01-30 15:20:03.068937+00;info;access_control;;;;
59efd018-b3c7-4ef0-8137-137740df81df;get_user_tier_access;03765a40-f338-4035-a2ba-8928fff30834;"{""pending_amount"":0,""requested_user_id"":""03765a40-f338-4035-a2ba-8928fff30834""}";;2026-01-30 20:03:57.892761+00;info;access_control;;;;
ca8703a2-b2fa-4321-b187-eababac80469;get_user_tier_access;67047467-dcbb-4fa4-9d77-66aa6eb7f229;"{""pending_amount"":0,""requested_user_id"":""67047467-dcbb-4fa4-9d77-66aa6eb7f229""}";;2026-01-30 21:10:07.427483+00;info;access_control;;;;
95eb076a-d30d-43cc-8c22-0af47986871f;get_user_tier_access;67047467-dcbb-4fa4-9d77-66aa6eb7f229;"{""pending_amount"":0,""requested_user_id"":""67047467-dcbb-4fa4-9d77-66aa6eb7f229""}";;2026-01-30 21:10:07.435253+00;info;access_control;;;;
f76e21e7-8a55-4ed8-8a44-1cc7150ca8ee;get_user_tier_access;67047467-dcbb-4fa4-9d77-66aa6eb7f229;"{""pending_amount"":0,""requested_user_id"":""67047467-dcbb-4fa4-9d77-66aa6eb7f229""}";;2026-01-30 21:10:13.059631+00;info;access_control;;;;
d551b4da-993c-4fc4-8a79-f88050e8c7b0;get_user_tier_access;7995856c-8844-4c58-88cc-31ff8b56d3fa;"{""pending_amount"":0,""requested_user_id"":""7995856c-8844-4c58-88cc-31ff8b56d3fa""}";;2026-01-30 22:29:32.898328+00;info;access_control;;;;
e2713a4e-e21f-4ed3-be3e-67bb0de5bf35;get_user_tier_access;7995856c-8844-4c58-88cc-31ff8b56d3fa;"{""pending_amount"":0,""requested_user_id"":""7995856c-8844-4c58-88cc-31ff8b56d3fa""}";;2026-01-30 22:29:38.743112+00;info;access_control;;;;
7bbf437b-6a24-47f2-bb62-72b8f87d3644;validate_coupon;7995856c-8844-4c58-88cc-31ff8b56d3fa;"{""code"":""MAYLINZ2K""}";;2026-01-30 22:30:14.502717+00;info;financial;;;;
49576546-699c-4a12-8ae9-df85bdc608a0;validate_coupon;7995856c-8844-4c58-88cc-31ff8b56d3fa;"{""code"":""MAYLINZ""}";;2026-01-30 22:30:17.451388+00;info;financial;;;;
8a69dd81-83a8-4e55-9d44-2b847e5dd196;get_user_tier_access;7995856c-8844-4c58-88cc-31ff8b56d3fa;"{""pending_amount"":56.7,""requested_user_id"":""7995856c-8844-4c58-88cc-31ff8b56d3fa""}";;2026-01-30 22:30:27.407437+00;info;access_control;;;;
71b17adc-2ea6-472a-8cd2-7fc240255d61;cashback_processed;7995856c-8844-4c58-88cc-31ff8b56d3fa;"{""cashback_earned"":0.552,""cashback_used"":0,""new_balance"":2.302,""order_amount"":56.7,""order_id"":""629f3d1c-5ec1-4360-969b-b3003cad955d""}";;2026-01-30 22:31:05.798567+00;info;financial;;;;
bc91cca6-2ede-4097-9c23-c4cac76ec656;get_user_tier_access;03765a40-f338-4035-a2ba-8928fff30834;"{""pending_amount"":0,""requested_user_id"":""03765a40-f338-4035-a2ba-8928fff30834""}";;2026-01-31 00:23:17.122635+00;info;access_control;;;;
d2fe105e-6085-434a-a911-666cc0196ea8;get_user_tier_access;1e66ccf6-ec5d-4c84-81f4-c413a8b845ff;"{""pending_amount"":0,""requested_user_id"":""1e66ccf6-ec5d-4c84-81f4-c413a8b845ff""}";;2026-01-31 03:43:29.244241+00;info;access_control;;;;
598ad269-f50d-4c9f-b27a-3a77f37c2d45;get_user_tier_access;03765a40-f338-4035-a2ba-8928fff30834;"{""pending_amount"":0,""requested_user_id"":""d04044c4-bfad-4c60-a361-cc30266fe311""}";;2026-01-31 09:33:11.588376+00;info;access_control;;;;
6880ab8b-2261-4e2b-97a6-fa9861187be4;get_user_tier_access;03765a40-f338-4035-a2ba-8928fff30834;"{""pending_amount"":0,""requested_user_id"":""d04044c4-bfad-4c60-a361-cc30266fe311""}";;2026-01-31 09:34:45.230752+00;info;access_control;;;;
0ff23647-4215-49ee-bd09-67a4172c238f;get_user_tier_access;03765a40-f338-4035-a2ba-8928fff30834;"{""pending_amount"":0,""requested_user_id"":""988bfb43-86a2-452e-ac9b-770cfbfba2d0""}";;2026-01-31 09:39:54.920155+00;info;access_control;;;;
ffe6127d-240a-4f49-8632-52db879dd0d9;get_user_tier_access;03765a40-f338-4035-a2ba-8928fff30834;"{""pending_amount"":0,""requested_user_id"":""03765a40-f338-4035-a2ba-8928fff30834""}";;2026-01-31 10:41:02.66078+00;info;access_control;;;;
415a5050-e535-489a-9a14-5574f6cc884b;get_user_tier_access;03765a40-f338-4035-a2ba-8928fff30834;"{""pending_amount"":0,""requested_user_id"":""03765a40-f338-4035-a2ba-8928fff30834""}";;2026-01-31 17:36:12.502089+00;info;access_control;;;;
f00f1657-7362-4595-8194-83382db3e501;get_user_tier_access;03765a40-f338-4035-a2ba-8928fff30834;"{""pending_amount"":0,""requested_user_id"":""03765a40-f338-4035-a2ba-8928fff30834""}";;2026-01-31 21:10:55.498809+00;info;access_control;;;;
51301dc8-9a1a-44b3-a88f-f7963359b2e8;get_user_tier_access;03765a40-f338-4035-a2ba-8928fff30834;"{""pending_amount"":0,""requested_user_id"":""03765a40-f338-4035-a2ba-8928fff30834""}";;2026-01-31 21:33:10.127747+00;info;access_control;;;;
6d953aa0-c27d-4a7a-a87f-cfc1a62180a3;get_user_tier_access;03765a40-f338-4035-a2ba-8928fff30834;"{""pending_amount"":0,""requested_user_id"":""03765a40-f338-4035-a2ba-8928fff30834""}";;2026-01-31 21:33:30.425123+00;info;access_control;;;;
5f6abbf9-bf3f-4fe3-948f-9c7c83b64de2;get_user_tier_access;03765a40-f338-4035-a2ba-8928fff30834;"{""pending_amount"":0,""requested_user_id"":""03765a40-f338-4035-a2ba-8928fff30834""}";;2026-01-31 21:33:30.854193+00;info;access_control;;;;
20004482-89bd-47fb-94f4-cd00eb360bb2;get_user_tier_access;03765a40-f338-4035-a2ba-8928fff30834;"{""pending_amount"":0,""requested_user_id"":""03765a40-f338-4035-a2ba-8928fff30834""}";;2026-01-31 21:33:32.181094+00;info;access_control;;;;
14dd8e4a-c363-4309-9e74-b23955b51748;get_user_tier_access;03765a40-f338-4035-a2ba-8928fff30834;"{""pending_amount"":0,""requested_user_id"":""03765a40-f338-4035-a2ba-8928fff30834""}";;2026-01-31 21:33:33.266546+00;info;access_control;;;;
e1fe2a81-b453-4714-abdd-8793d4eba4b9;get_user_tier_access;03765a40-f338-4035-a2ba-8928fff30834;"{""pending_amount"":0,""requested_user_id"":""03765a40-f338-4035-a2ba-8928fff30834""}";;2026-01-31 21:33:36.101714+00;info;access_control;;;;
07fae746-2317-43c6-9f60-e4e7c8312049;get_user_tier_access;03765a40-f338-4035-a2ba-8928fff30834;"{""pending_amount"":0,""requested_user_id"":""03765a40-f338-4035-a2ba-8928fff30834""}";;2026-01-31 21:33:43.745612+00;info;access_control;;;;
5c8bec7b-9836-4334-a4e1-a337b9a30a88;get_user_tier_access;03765a40-f338-4035-a2ba-8928fff30834;"{""pending_amount"":0,""requested_user_id"":""03765a40-f338-4035-a2ba-8928fff30834""}";;2026-01-31 21:33:47.356053+00;info;access_control;;;;
129c4c67-6669-4ba3-845b-4a46293533bf;get_user_tier_access;03765a40-f338-4035-a2ba-8928fff30834;"{""pending_amount"":0,""requested_user_id"":""03765a40-f338-4035-a2ba-8928fff30834""}";;2026-01-31 21:33:47.358167+00;info;access_control;;;;
6854399d-a58f-4ea9-bd80-15f4557769ed;get_user_tier_access;03765a40-f338-4035-a2ba-8928fff30834;"{""pending_amount"":0,""requested_user_id"":""03765a40-f338-4035-a2ba-8928fff30834""}";;2026-01-31 21:33:57.793844+00;info;access_control;;;;
739d9a51-e3f3-42bb-9f6d-6a8c56d2e54f;get_user_tier_access;03765a40-f338-4035-a2ba-8928fff30834;"{""pending_amount"":0,""requested_user_id"":""03765a40-f338-4035-a2ba-8928fff30834""}";;2026-01-31 21:33:57.801356+00;info;access_control;;;;
7bf4abed-a24f-494b-a633-08fc3ff73081;get_user_tier_access;03765a40-f338-4035-a2ba-8928fff30834;"{""pending_amount"":0,""requested_user_id"":""03765a40-f338-4035-a2ba-8928fff30834""}";;2026-01-31 21:34:14.523427+00;info;access_control;;;;
17c8e1c5-e808-4f76-a8ea-6d77cfbcba06;get_user_tier_access;03765a40-f338-4035-a2ba-8928fff30834;"{""pending_amount"":0,""requested_user_id"":""03765a40-f338-4035-a2ba-8928fff30834""}";;2026-01-31 21:34:15.125149+00;info;access_control;;;;
8cd93552-105e-4960-8150-f5a774c0fb68;get_user_tier_access;03765a40-f338-4035-a2ba-8928fff30834;"{""pending_amount"":0,""requested_user_id"":""03765a40-f338-4035-a2ba-8928fff30834""}";;2026-01-31 21:34:15.988743+00;info;access_control;;;;
21a8bcf8-6654-48c2-9676-b463a96a12dd;get_user_tier_access;03765a40-f338-4035-a2ba-8928fff30834;"{""pending_amount"":0,""requested_user_id"":""03765a40-f338-4035-a2ba-8928fff30834""}";;2026-01-31 21:34:18.597592+00;info;access_control;;;;
e9aaa817-5304-41f9-98f6-461db743f5bf;get_user_tier_access;03765a40-f338-4035-a2ba-8928fff30834;"{""pending_amount"":0,""requested_user_id"":""03765a40-f338-4035-a2ba-8928fff30834""}";;2026-01-31 21:34:18.597776+00;info;access_control;;;;
4dcc0e28-e10f-4017-b7ea-4922edb2d7b0;get_user_tier_access;03765a40-f338-4035-a2ba-8928fff30834;"{""pending_amount"":0,""requested_user_id"":""03765a40-f338-4035-a2ba-8928fff30834""}";;2026-01-31 21:34:21.229648+00;info;access_control;;;;
ca1b84cf-aae5-4c18-b4e9-f8694c08440a;get_user_tier_access;03765a40-f338-4035-a2ba-8928fff30834;"{""pending_amount"":0,""requested_user_id"":""03765a40-f338-4035-a2ba-8928fff30834""}";;2026-01-31 21:34:21.89892+00;info;access_control;;;;
21c736fa-a771-43f8-9794-c34426ca0e82;get_user_tier_access;03765a40-f338-4035-a2ba-8928fff30834;"{""pending_amount"":0,""requested_user_id"":""03765a40-f338-4035-a2ba-8928fff30834""}";;2026-01-31 21:34:50.315821+00;info;access_control;;;;
d7302bd1-5e50-492c-bde5-aec419164530;get_user_tier_access;03765a40-f338-4035-a2ba-8928fff30834;"{""pending_amount"":0,""requested_user_id"":""03765a40-f338-4035-a2ba-8928fff30834""}";;2026-01-31 21:34:55.252998+00;info;access_control;;;;
28eb284e-053e-49e9-a341-5bb46ed849ad;get_user_tier_access;03765a40-f338-4035-a2ba-8928fff30834;"{""pending_amount"":0,""requested_user_id"":""03765a40-f338-4035-a2ba-8928fff30834""}";;2026-01-31 21:35:07.506537+00;info;access_control;;;;
f87de9c3-cedb-4052-876a-532217aa2675;get_user_tier_access;03765a40-f338-4035-a2ba-8928fff30834;"{""pending_amount"":0,""requested_user_id"":""ac3c19d1-2228-4cd8-8ccf-ab3c81767fd8""}";;2026-02-16 09:46:52.295374+00;info;access_control;;;;
ae7916fa-cde2-47e9-a130-ba623518ff94;get_user_tier_access;03765a40-f338-4035-a2ba-8928fff30834;"{""pending_amount"":0,""requested_user_id"":""03765a40-f338-4035-a2ba-8928fff30834""}";;2026-01-31 21:34:57.408637+00;info;access_control;;;;
3aaf4ff2-c92e-4846-8eef-004e942d9669;get_user_tier_access;b6d71e3a-51bd-4344-a738-cfbf4bb9e2e8;"{""pending_amount"":0,""requested_user_id"":""b6d71e3a-51bd-4344-a738-cfbf4bb9e2e8""}";;2026-02-16 12:49:26.171452+00;info;access_control;;;;
9b91ce30-693c-4caa-b2e7-00af32c181e2;get_user_tier_access;03765a40-f338-4035-a2ba-8928fff30834;"{""pending_amount"":0,""requested_user_id"":""03765a40-f338-4035-a2ba-8928fff30834""}";;2026-01-31 21:34:58.933303+00;info;access_control;;;;
5cc7afef-6c63-4eca-a4b8-5cc647edef6b;get_user_tier_access;03765a40-f338-4035-a2ba-8928fff30834;"{""pending_amount"":0,""requested_user_id"":""03765a40-f338-4035-a2ba-8928fff30834""}";;2026-01-31 21:35:11.725765+00;info;access_control;;;;
399f8bf5-f9d2-425e-94d6-07dd637eaac8;validate_coupon;b6d71e3a-51bd-4344-a738-cfbf4bb9e2e8;"{""code"":""MISTILAUNCH""}";;2026-02-16 12:49:29.534913+00;info;financial;;;;
78901fae-d489-4ecf-b563-87f762b97208;get_user_tier_access;03765a40-f338-4035-a2ba-8928fff30834;"{""pending_amount"":0,""requested_user_id"":""03765a40-f338-4035-a2ba-8928fff30834""}";;2026-01-31 21:35:05.813403+00;info;access_control;;;;
a594784f-3e1f-4797-b98c-1b9534cdb1d1;get_user_tier_access;b6d71e3a-51bd-4344-a738-cfbf4bb9e2e8;"{""pending_amount"":106.86382,""requested_user_id"":""b6d71e3a-51bd-4344-a738-cfbf4bb9e2e8""}";;2026-02-16 12:51:32.781663+00;info;access_control;;;;
eddbfcce-0bc0-45f3-a1ad-b23489eb4172;checkout_session_created;b6d71e3a-51bd-4344-a738-cfbf4bb9e2e8;"{""amount"":106.86382,""order_id"":""1daf21e0-bbf3-4716-803e-fb7ee8e2ef32""}";;2026-02-16 12:51:36.178467+00;info;system;;;;
de438877-1371-4f58-bf68-3b200a3d01de;get_user_tier_access;03765a40-f338-4035-a2ba-8928fff30834;"{""pending_amount"":0,""requested_user_id"":""03765a40-f338-4035-a2ba-8928fff30834""}";;2026-01-31 21:35:11.727851+00;info;access_control;;;;
f169e239-2aa6-4b2c-9895-dbf654269823;get_user_tier_access;03765a40-f338-4035-a2ba-8928fff30834;"{""pending_amount"":0,""requested_user_id"":""03765a40-f338-4035-a2ba-8928fff30834""}";;2026-01-31 21:39:37.287711+00;info;access_control;;;;
9d7b8822-a6f8-4950-966a-be4a4735f023;get_user_tier_access;03765a40-f338-4035-a2ba-8928fff30834;"{""pending_amount"":0,""requested_user_id"":""03765a40-f338-4035-a2ba-8928fff30834""}";;2026-01-31 21:39:37.289805+00;info;access_control;;;;
aa903061-14b7-4265-9b8f-0cb829fa2099;get_user_tier_access;03765a40-f338-4035-a2ba-8928fff30834;"{""pending_amount"":0,""requested_user_id"":""03765a40-f338-4035-a2ba-8928fff30834""}";;2026-01-31 21:40:00.577403+00;info;access_control;;;;
7e7c07c2-96b7-466f-9624-37c50c38e6da;get_user_tier_access;03765a40-f338-4035-a2ba-8928fff30834;"{""pending_amount"":0,""requested_user_id"":""03765a40-f338-4035-a2ba-8928fff30834""}";;2026-01-31 21:40:00.585113+00;info;access_control;;;;
7f29bec2-7cad-4d6d-9763-422f272fec63;get_user_tier_access;03765a40-f338-4035-a2ba-8928fff30834;"{""pending_amount"":0,""requested_user_id"":""03765a40-f338-4035-a2ba-8928fff30834""}";;2026-01-31 21:40:02.729584+00;info;access_control;;;;
d4f1e00c-05aa-404a-bd3a-efa94d564f10;get_user_tier_access;03765a40-f338-4035-a2ba-8928fff30834;"{""pending_amount"":0,""requested_user_id"":""03765a40-f338-4035-a2ba-8928fff30834""}";;2026-01-31 21:42:12.568955+00;info;access_control;;;;
352a6729-979e-4171-b499-c222c93cf289;get_user_tier_access;03765a40-f338-4035-a2ba-8928fff30834;"{""pending_amount"":0,""requested_user_id"":""03765a40-f338-4035-a2ba-8928fff30834""}";;2026-01-31 21:42:14.6351+00;info;access_control;;;;
7aeb3c78-c2c6-4a43-959e-39eb329dfcdc;get_user_tier_access;03765a40-f338-4035-a2ba-8928fff30834;"{""pending_amount"":0,""requested_user_id"":""03765a40-f338-4035-a2ba-8928fff30834""}";;2026-01-31 21:44:05.623715+00;info;access_control;;;;
fa45238f-f096-4158-aae0-586571292649;get_user_tier_access;03765a40-f338-4035-a2ba-8928fff30834;"{""pending_amount"":0,""requested_user_id"":""03765a40-f338-4035-a2ba-8928fff30834""}";;2026-01-31 21:44:05.945537+00;info;access_control;;;;
0d1fbd95-674b-4196-8035-19f2d87a89aa;get_user_tier_access;03765a40-f338-4035-a2ba-8928fff30834;"{""pending_amount"":0,""requested_user_id"":""03765a40-f338-4035-a2ba-8928fff30834""}";;2026-01-31 21:44:07.108461+00;info;access_control;;;;
e5af155d-9b1d-4b50-935b-a33d08e27a7d;get_user_tier_access;03765a40-f338-4035-a2ba-8928fff30834;"{""pending_amount"":0,""requested_user_id"":""03765a40-f338-4035-a2ba-8928fff30834""}";;2026-01-31 21:44:07.555737+00;info;access_control;;;;
a03c0698-0ff9-4375-883a-2faa8a4d59a8;get_user_tier_access;03765a40-f338-4035-a2ba-8928fff30834;"{""pending_amount"":0,""requested_user_id"":""03765a40-f338-4035-a2ba-8928fff30834""}";;2026-01-31 21:44:08.15079+00;info;access_control;;;;
0b905a3c-7744-49e6-b4e5-6cd3396c9c4e;get_user_tier_access;03765a40-f338-4035-a2ba-8928fff30834;"{""pending_amount"":0,""requested_user_id"":""03765a40-f338-4035-a2ba-8928fff30834""}";;2026-01-31 21:44:28.540204+00;info;access_control;;;;
5f60a580-1153-4f96-a579-eb0159d4d5fa;get_user_tier_access;7c081f7b-8c2d-4a19-b4f3-2f98fae49d7b;"{""pending_amount"":0,""requested_user_id"":""7c081f7b-8c2d-4a19-b4f3-2f98fae49d7b""}";;2026-01-31 21:45:44.232095+00;info;access_control;;;;
d3eb02f5-ae0c-451d-bdf1-425dfd8f95e7;validate_coupon;7c081f7b-8c2d-4a19-b4f3-2f98fae49d7b;"{""code"":""PRIVATECODE""}";;2026-01-31 21:46:39.093065+00;info;financial;;;;
3879ac99-0cf5-42f2-86eb-d9bebecbe4bb;get_user_tier_access;7c081f7b-8c2d-4a19-b4f3-2f98fae49d7b;"{""pending_amount"":0,""requested_user_id"":""7c081f7b-8c2d-4a19-b4f3-2f98fae49d7b""}";;2026-01-31 21:49:37.720254+00;info;access_control;;;;
05cd9e75-80e4-4267-b5c9-88e6192933d0;validate_coupon;7c081f7b-8c2d-4a19-b4f3-2f98fae49d7b;"{""code"":""PRIVATECODE""}";;2026-01-31 21:49:52.246691+00;info;financial;;;;
87b8ef4e-1a58-4d33-b0ac-cf5ec9bc6e79;get_user_tier_access;7c081f7b-8c2d-4a19-b4f3-2f98fae49d7b;"{""pending_amount"":221,""requested_user_id"":""7c081f7b-8c2d-4a19-b4f3-2f98fae49d7b""}";;2026-01-31 21:57:26.343421+00;info;access_control;;;;
891c8785-90d3-4978-b633-48f166cc3409;get_user_tier_access;7c081f7b-8c2d-4a19-b4f3-2f98fae49d7b;"{""pending_amount"":0,""requested_user_id"":""7c081f7b-8c2d-4a19-b4f3-2f98fae49d7b""}";;2026-01-31 22:15:59.627965+00;info;access_control;;;;
63bcb62f-1758-4227-b418-afed4971f65a;validate_coupon;7c081f7b-8c2d-4a19-b4f3-2f98fae49d7b;"{""code"":""PRIVATECODE""}";;2026-01-31 22:20:06.391534+00;info;financial;;;;
afbab823-83ac-41c5-acf5-b844fd7ab3aa;get_user_tier_access;7c081f7b-8c2d-4a19-b4f3-2f98fae49d7b;"{""pending_amount"":221,""requested_user_id"":""7c081f7b-8c2d-4a19-b4f3-2f98fae49d7b""}";;2026-01-31 22:20:09.739609+00;info;access_control;;;;
9e5e9662-be77-4a7f-8b15-b874043eb2d7;cashback_processed;7c081f7b-8c2d-4a19-b4f3-2f98fae49d7b;"{""cashback_earned"":2.21,""cashback_used"":0,""new_balance"":2.21,""order_amount"":221,""order_id"":""7d54f16a-60dc-4e23-9610-40380be77b16""}";;2026-01-31 22:20:29.940827+00;info;financial;;;;
c6d0b2e3-6de4-41e7-8f10-1a774e6e2b51;get_user_tier_access;7c081f7b-8c2d-4a19-b4f3-2f98fae49d7b;"{""pending_amount"":0,""requested_user_id"":""7c081f7b-8c2d-4a19-b4f3-2f98fae49d7b""}";;2026-02-01 15:37:16.391683+00;info;access_control;;;;
82cdb84b-0dbe-4e4a-ad31-f866ef72ba3f;get_user_tier_access;7c081f7b-8c2d-4a19-b4f3-2f98fae49d7b;"{""pending_amount"":0,""requested_user_id"":""7c081f7b-8c2d-4a19-b4f3-2f98fae49d7b""}";;2026-02-01 15:42:54.020556+00;info;access_control;;;;
b82727c5-70c2-4d2a-ae17-3eda92eace2c;get_user_tier_access;7c081f7b-8c2d-4a19-b4f3-2f98fae49d7b;"{""pending_amount"":72.21,""requested_user_id"":""7c081f7b-8c2d-4a19-b4f3-2f98fae49d7b""}";;2026-02-01 15:43:41.634913+00;info;access_control;;;;
b0695793-b7c0-4591-b81a-05752ee07e72;cashback_processed;7c081f7b-8c2d-4a19-b4f3-2f98fae49d7b;"{""cashback_earned"":0.7071,""cashback_used"":0,""new_balance"":2.9171,""order_amount"":72.21,""order_id"":""ed9695e4-6036-45aa-adff-f16227e8a312""}";;2026-02-01 15:44:03.009588+00;info;financial;;;;
c99e1c9f-4702-49da-ad5f-c28ae38218fa;get_user_tier_access;03765a40-f338-4035-a2ba-8928fff30834;"{""pending_amount"":0,""requested_user_id"":""03765a40-f338-4035-a2ba-8928fff30834""}";;2026-02-01 23:00:55.273004+00;info;access_control;;;;
12feb02c-d8ee-4a54-881b-64a0cf6c0057;get_user_tier_access;7baa4541-9401-45ef-94e9-523bad1669dd;"{""pending_amount"":0,""requested_user_id"":""7baa4541-9401-45ef-94e9-523bad1669dd""}";;2026-02-02 05:04:06.105449+00;info;access_control;;;;
b19d95b8-aec1-4988-ab29-7be1f18d15d4;get_user_tier_access;7baa4541-9401-45ef-94e9-523bad1669dd;"{""pending_amount"":0,""requested_user_id"":""7baa4541-9401-45ef-94e9-523bad1669dd""}";;2026-02-02 05:04:09.068361+00;info;access_control;;;;
9f2fcb91-3076-4f3f-932a-c750a0db703f;get_user_tier_access;7baa4541-9401-45ef-94e9-523bad1669dd;"{""pending_amount"":0,""requested_user_id"":""7baa4541-9401-45ef-94e9-523bad1669dd""}";;2026-02-02 05:04:09.078198+00;info;access_control;;;;
b7e89ded-acbf-4044-8235-a7ee16d0081f;get_user_tier_access;b403211a-6994-4129-a6cf-372b897c528a;"{""pending_amount"":0,""requested_user_id"":""b403211a-6994-4129-a6cf-372b897c528a""}";;2026-02-02 10:59:54.114079+00;info;access_control;;;;
257ab1d8-4a86-42d9-9cc0-be27a4ea40a7;get_user_tier_access;b403211a-6994-4129-a6cf-372b897c528a;"{""pending_amount"":195.816,""requested_user_id"":""b403211a-6994-4129-a6cf-372b897c528a""}";;2026-02-02 11:00:45.769825+00;info;access_control;;;;
e959bb9b-8d52-419c-86aa-a4e1246adc5e;cashback_processed;b403211a-6994-4129-a6cf-372b897c528a;"{""cashback_earned"":1.9581600000000001,""cashback_used"":0,""new_balance"":1.9581600000000001,""order_amount"":195.82,""order_id"":""dda6baa7-8891-47f6-9dc7-1c671faddaab""}";;2026-02-02 11:01:27.995127+00;info;financial;;;;
445b170b-2c09-4e34-a57d-f5bb0d81fca7;get_user_tier_access;caf282b8-d1c7-4ff6-b982-55f8c027d9fc;"{""pending_amount"":0,""requested_user_id"":""caf282b8-d1c7-4ff6-b982-55f8c027d9fc""}";;2026-02-02 13:19:58.118875+00;info;access_control;;;;
059031a2-a3fc-46c2-a868-4fc0455b53f4;get_user_tier_access;caf282b8-d1c7-4ff6-b982-55f8c027d9fc;"{""pending_amount"":51.543000000000006,""requested_user_id"":""caf282b8-d1c7-4ff6-b982-55f8c027d9fc""}";;2026-02-02 13:20:21.403695+00;info;access_control;;;;
0e7d51ec-309a-4f52-a942-e209addb1f92;get_user_tier_access;03765a40-f338-4035-a2ba-8928fff30834;"{""pending_amount"":0,""requested_user_id"":""03765a40-f338-4035-a2ba-8928fff30834""}";;2026-02-04 15:41:26.039974+00;info;access_control;;;;
9ca530f3-26f7-4c30-be18-e4bb50604d5c;cashback_processed;caf282b8-d1c7-4ff6-b982-55f8c027d9fc;"{""cashback_earned"":0.50043,""cashback_used"":0,""new_balance"":3.8123462999999997,""order_amount"":51.54,""order_id"":""5df8ced3-b0da-497d-b87b-83df7de34a1b""}";;2026-02-02 13:21:07.166199+00;info;financial;;;;
6d485440-7701-45a8-b020-96d4dfdcab43;get_user_tier_access;dfc591a6-3c45-4c92-b0bd-e437f51f14a1;"{""pending_amount"":0,""requested_user_id"":""dfc591a6-3c45-4c92-b0bd-e437f51f14a1""}";;2026-02-02 20:49:57.585235+00;info;access_control;;;;
dad970ab-20ca-46e5-868b-8eb44318fe49;get_user_tier_access;dfc591a6-3c45-4c92-b0bd-e437f51f14a1;"{""pending_amount"":71.598,""requested_user_id"":""dfc591a6-3c45-4c92-b0bd-e437f51f14a1""}";;2026-02-02 20:56:15.072662+00;info;access_control;;;;
966bea0f-a0b2-40b4-b813-37c4e74dd4e2;get_user_tier_access;dfc591a6-3c45-4c92-b0bd-e437f51f14a1;"{""pending_amount"":0,""requested_user_id"":""dfc591a6-3c45-4c92-b0bd-e437f51f14a1""}";;2026-02-02 20:57:15.458428+00;info;access_control;;;;
82909565-3e57-4c2e-9592-138901671052;get_user_tier_access;dfc591a6-3c45-4c92-b0bd-e437f51f14a1;"{""pending_amount"":71.598,""requested_user_id"":""dfc591a6-3c45-4c92-b0bd-e437f51f14a1""}";;2026-02-02 20:57:48.596778+00;info;access_control;;;;
23659f61-507a-456f-bc55-a2bba1ecdc42;get_user_tier_access;dfc591a6-3c45-4c92-b0bd-e437f51f14a1;"{""pending_amount"":0,""requested_user_id"":""dfc591a6-3c45-4c92-b0bd-e437f51f14a1""}";;2026-02-02 20:58:18.556203+00;info;access_control;;;;
88b3754e-841e-4ab4-8283-50d7f89906e8;get_user_tier_access;dfc591a6-3c45-4c92-b0bd-e437f51f14a1;"{""pending_amount"":0,""requested_user_id"":""dfc591a6-3c45-4c92-b0bd-e437f51f14a1""}";;2026-02-02 20:59:16.176533+00;info;access_control;;;;
e33b1360-5866-4664-957e-ce0f7832269d;get_user_tier_access;03765a40-f338-4035-a2ba-8928fff30834;"{""pending_amount"":0,""requested_user_id"":""03765a40-f338-4035-a2ba-8928fff30834""}";;2026-02-02 21:12:18.409234+00;info;access_control;;;;
82481f0a-7a21-445e-bdba-f16912e9c760;get_user_tier_access;caf282b8-d1c7-4ff6-b982-55f8c027d9fc;"{""pending_amount"":0,""requested_user_id"":""caf282b8-d1c7-4ff6-b982-55f8c027d9fc""}";;2026-02-02 23:39:14.955349+00;info;access_control;;;;
02c2b52b-fa56-4f80-81fd-219754de1945;get_user_tier_access;caf282b8-d1c7-4ff6-b982-55f8c027d9fc;"{""pending_amount"":64.4116537,""requested_user_id"":""caf282b8-d1c7-4ff6-b982-55f8c027d9fc""}";;2026-02-02 23:39:39.141828+00;info;access_control;;;;
b7ee666a-70e1-40d5-8e16-06705a429dbd;get_user_tier_access;03765a40-f338-4035-a2ba-8928fff30834;"{""pending_amount"":0,""requested_user_id"":""caf282b8-d1c7-4ff6-b982-55f8c027d9fc""}";;2026-02-02 23:41:47.624472+00;info;access_control;;;;
26b269a6-7b0b-489e-bbdf-cae944c49909;get_user_tier_access;03765a40-f338-4035-a2ba-8928fff30834;"{""pending_amount"":0,""requested_user_id"":""03765a40-f338-4035-a2ba-8928fff30834""}";;2026-02-03 17:02:53.110213+00;info;access_control;;;;
5f20cf60-ae7b-4c91-8b93-0a31b20da572;get_user_tier_access;03765a40-f338-4035-a2ba-8928fff30834;"{""pending_amount"":0,""requested_user_id"":""03765a40-f338-4035-a2ba-8928fff30834""}";;2026-02-03 18:40:41.659048+00;info;access_control;;;;
4a35ed73-2d0c-4955-9be9-6dd2eeffde6f;get_user_tier_access;03765a40-f338-4035-a2ba-8928fff30834;"{""pending_amount"":0,""requested_user_id"":""03765a40-f338-4035-a2ba-8928fff30834""}";;2026-02-03 18:40:49.532918+00;info;access_control;;;;
342d37f7-6d81-42bc-aa85-ff67faac326a;get_user_tier_access;03765a40-f338-4035-a2ba-8928fff30834;"{""pending_amount"":0,""requested_user_id"":""03765a40-f338-4035-a2ba-8928fff30834""}";;2026-02-03 19:00:35.113946+00;info;access_control;;;;
689aaa60-55fe-4ea7-b254-017876dd6d07;get_user_tier_access;03765a40-f338-4035-a2ba-8928fff30834;"{""pending_amount"":0,""requested_user_id"":""03765a40-f338-4035-a2ba-8928fff30834""}";;2026-02-03 19:00:57.554074+00;info;access_control;;;;
1b796c46-3bfa-4ff9-bf5a-37af38d1123f;get_user_tier_access;03765a40-f338-4035-a2ba-8928fff30834;"{""pending_amount"":0,""requested_user_id"":""03765a40-f338-4035-a2ba-8928fff30834""}";;2026-02-03 19:14:06.399756+00;info;access_control;;;;
0c799059-8404-4131-9fcc-531960986696;get_user_tier_access;03765a40-f338-4035-a2ba-8928fff30834;"{""pending_amount"":0,""requested_user_id"":""03765a40-f338-4035-a2ba-8928fff30834""}";;2026-02-03 19:14:58.408111+00;info;access_control;;;;
d8c78775-6943-4bb4-99be-a634d32bef3a;get_user_tier_access;03765a40-f338-4035-a2ba-8928fff30834;"{""pending_amount"":0,""requested_user_id"":""03765a40-f338-4035-a2ba-8928fff30834""}";;2026-02-03 19:17:25.406708+00;info;access_control;;;;
5f0f3cee-a5e7-480a-8433-7d426737859a;get_user_tier_access;03765a40-f338-4035-a2ba-8928fff30834;"{""pending_amount"":0,""requested_user_id"":""03765a40-f338-4035-a2ba-8928fff30834""}";;2026-02-03 19:17:47.219267+00;info;access_control;;;;
a7596fbd-e091-4ac1-9d6e-21f8f27643b1;get_user_tier_access;03765a40-f338-4035-a2ba-8928fff30834;"{""pending_amount"":0,""requested_user_id"":""03765a40-f338-4035-a2ba-8928fff30834""}";;2026-02-03 19:18:36.3431+00;info;access_control;;;;
2679e400-357d-4600-946d-a7ce1f586d64;get_user_tier_access;03765a40-f338-4035-a2ba-8928fff30834;"{""pending_amount"":0,""requested_user_id"":""03765a40-f338-4035-a2ba-8928fff30834""}";;2026-02-03 19:20:58.115832+00;info;access_control;;;;
6b3f613e-54a3-46c1-a943-4f542c75e5ea;get_user_tier_access;03765a40-f338-4035-a2ba-8928fff30834;"{""pending_amount"":0,""requested_user_id"":""03765a40-f338-4035-a2ba-8928fff30834""}";;2026-02-03 19:22:02.336931+00;info;access_control;;;;
fb95dcff-0902-4216-9340-e64a91e127ad;get_user_tier_access;67047467-dcbb-4fa4-9d77-66aa6eb7f229;"{""pending_amount"":0,""requested_user_id"":""67047467-dcbb-4fa4-9d77-66aa6eb7f229""}";;2026-02-03 22:33:42.58725+00;info;access_control;;;;
22ff5d34-d2c1-4512-b5d6-3b804864f81f;get_user_tier_access;67047467-dcbb-4fa4-9d77-66aa6eb7f229;"{""pending_amount"":0,""requested_user_id"":""67047467-dcbb-4fa4-9d77-66aa6eb7f229""}";;2026-02-03 22:33:42.59646+00;info;access_control;;;;
1538ce3a-00d3-4ee8-91da-2ab01a2f5de5;get_user_tier_access;03765a40-f338-4035-a2ba-8928fff30834;"{""pending_amount"":0,""requested_user_id"":""03765a40-f338-4035-a2ba-8928fff30834""}";;2026-02-03 23:40:13.145915+00;info;access_control;;;;
e88315fa-dc94-4d6e-bd08-5e4d588505a7;get_user_tier_access;bbf97561-98f7-4267-9c64-a7a5d556fedf;"{""pending_amount"":0,""requested_user_id"":""bbf97561-98f7-4267-9c64-a7a5d556fedf""}";;2026-02-04 01:54:59.855965+00;info;access_control;;;;
6798da59-9132-40b1-b84f-89df6218ea4d;get_user_tier_access;c5448afd-e25e-491f-a179-f7904cb08340;"{""pending_amount"":0,""requested_user_id"":""c5448afd-e25e-491f-a179-f7904cb08340""}";;2026-02-04 03:00:03.225129+00;info;access_control;;;;
c1033285-7554-44a7-8b56-4a55b54c6b7c;validate_coupon;c5448afd-e25e-491f-a179-f7904cb08340;"{""code"":""CUSTOMCODE""}";;2026-02-04 03:00:21.864904+00;info;financial;;;;
3d3aa39d-df32-45e7-bc80-f60e34f1d02b;get_user_tier_access;03765a40-f338-4035-a2ba-8928fff30834;"{""pending_amount"":0,""requested_user_id"":""03765a40-f338-4035-a2ba-8928fff30834""}";;2026-02-04 11:59:00.562708+00;info;access_control;;;;
33db8cdc-ae21-4402-a583-f6ed99dc92e0;get_user_tier_access;f5f870d2-f470-44e5-84f4-6c70ead8c521;"{""pending_amount"":0,""requested_user_id"":""f5f870d2-f470-44e5-84f4-6c70ead8c521""}";;2026-02-04 13:25:06.394445+00;info;access_control;;;;
6f755af3-f2a6-4a8c-a9a8-306532f108e0;get_user_tier_access;f5f870d2-f470-44e5-84f4-6c70ead8c521;"{""pending_amount"":26.38294314381271,""requested_user_id"":""f5f870d2-f470-44e5-84f4-6c70ead8c521""}";;2026-02-04 13:28:01.012954+00;info;access_control;;;;
dbbef05b-917a-408d-b271-c660c65fd9a2;checkout_session_created;f5f870d2-f470-44e5-84f4-6c70ead8c521;"{""amount"":26.38294314381271,""order_id"":""958424e6-b86c-4d56-a1ab-2a3929fd1b1e""}";;2026-02-04 13:28:04.646347+00;info;system;;;;
e66ed476-9b7b-4268-af0a-804c6a2320b0;cashback_processed;f5f870d2-f470-44e5-84f4-6c70ead8c521;"{""cashback_earned"":0,""cashback_used"":0,""new_balance"":0,""order_amount"":26.38,""order_id"":""958424e6-b86c-4d56-a1ab-2a3929fd1b1e""}";;2026-02-04 13:29:51.106582+00;info;financial;;;;
53735da9-69d7-4849-a67e-94c0042a52f4;payment_verified;f5f870d2-f470-44e5-84f4-6c70ead8c521;"{""amount"":26.38,""order_id"":""958424e6-b86c-4d56-a1ab-2a3929fd1b1e""}";;2026-02-04 13:29:53.670535+00;success;financial;;;;
6efbc574-f2f6-4721-bea6-41d4a6c9c155;validate_coupon;25cf5979-a732-4242-a02d-f35d9a4dbbf0;"{""code"":""PRIVATECODE""}";;2026-02-08 08:20:46.67768+00;info;financial;;;;
11154193-5888-4385-bd40-0cd5b4d1c942;get_user_tier_access;03765a40-f338-4035-a2ba-8928fff30834;"{""pending_amount"":0,""requested_user_id"":""03765a40-f338-4035-a2ba-8928fff30834""}";;2026-02-04 17:46:26.587735+00;info;access_control;;;;
609c034b-c89b-4e01-9acc-36578e899487;cashback_processed;b6d71e3a-51bd-4344-a738-cfbf4bb9e2e8;"{""cashback_earned"":1.0934400000000002,""cashback_used"":2.48018,""new_balance"":1.0934400000000002,""order_amount"":106.86,""order_id"":""1daf21e0-bbf3-4716-803e-fb7ee8e2ef32""}";;2026-02-16 12:52:12.6854+00;info;financial;;;;
0436d10d-5200-4db8-9de6-0c94773865a1;payment_verified;b6d71e3a-51bd-4344-a738-cfbf4bb9e2e8;"{""amount"":106.86,""order_id"":""1daf21e0-bbf3-4716-803e-fb7ee8e2ef32""}";;2026-02-16 12:52:15.212936+00;success;financial;;;;
5722455d-d669-4057-9b2e-f2d9e85d6047;validate_coupon;03765a40-f338-4035-a2ba-8928fff30834;"{""code"":""TBC40""}";;2026-02-04 17:47:09.94984+00;info;financial;;;;
353ca41e-f6cf-4f24-9827-a0897a8b17e3;get_user_tier_access;ab074fc5-e079-479b-bec0-5eda6bfaca87;"{""pending_amount"":0,""requested_user_id"":""ab074fc5-e079-479b-bec0-5eda6bfaca87""}";;2026-02-04 18:03:15.987242+00;info;access_control;;;;
b8ef321d-3607-4662-877d-c88c637b3a71;validate_coupon;ab074fc5-e079-479b-bec0-5eda6bfaca87;"{""code"":"" TBC40""}";;2026-02-04 18:03:38.787718+00;info;financial;;;;
1e47edcd-e182-4ae4-8044-db8f4f1c70e3;validate_coupon;ab074fc5-e079-479b-bec0-5eda6bfaca87;"{""code"":"" TBC40""}";;2026-02-04 18:03:58.147795+00;info;financial;;;;
c4a6fc2b-1dc9-4e6b-800a-882bb7fa43a1;validate_coupon;ab074fc5-e079-479b-bec0-5eda6bfaca87;"{""code"":"" TBC40""}";;2026-02-04 18:04:32.635038+00;info;financial;;;;
32e03c18-7bba-4581-9df9-918da2ffc61d;get_user_tier_access;ab074fc5-e079-479b-bec0-5eda6bfaca87;"{""pending_amount"":0,""requested_user_id"":""ab074fc5-e079-479b-bec0-5eda6bfaca87""}";;2026-02-04 18:05:44.347701+00;info;access_control;;;;
966764ec-02d3-46f2-8ead-3b4741a93d7b;get_user_tier_access;ab074fc5-e079-479b-bec0-5eda6bfaca87;"{""pending_amount"":0,""requested_user_id"":""ab074fc5-e079-479b-bec0-5eda6bfaca87""}";;2026-02-04 18:06:12.652512+00;info;access_control;;;;
1015193c-c4b7-4284-8a13-0734c7802c45;get_user_tier_access;03765a40-f338-4035-a2ba-8928fff30834;"{""pending_amount"":0,""requested_user_id"":""03765a40-f338-4035-a2ba-8928fff30834""}";;2026-02-04 18:06:40.36373+00;info;access_control;;;;
025574c6-bbe3-4522-99a2-7c7e9b6acdae;validate_coupon;03765a40-f338-4035-a2ba-8928fff30834;"{""code"":""TBC40""}";;2026-02-04 18:07:48.244088+00;info;financial;;;;
ed330ff1-c119-4094-b292-21f2cff6bc0d;get_user_tier_access;ab074fc5-e079-479b-bec0-5eda6bfaca87;"{""pending_amount"":0,""requested_user_id"":""ab074fc5-e079-479b-bec0-5eda6bfaca87""}";;2026-02-04 18:08:10.557802+00;info;access_control;;;;
5b5b7c61-9b12-44e2-a62e-03a18808d71f;validate_coupon;ab074fc5-e079-479b-bec0-5eda6bfaca87;"{""code"":""TBC40""}";;2026-02-04 18:08:12.64054+00;info;financial;;;;
703a509b-91c7-45bb-96f8-a58fbfba5a2d;get_user_tier_access;ab074fc5-e079-479b-bec0-5eda6bfaca87;"{""pending_amount"":120,""requested_user_id"":""ab074fc5-e079-479b-bec0-5eda6bfaca87""}";;2026-02-04 18:08:43.937363+00;info;access_control;;;;
dbd37cfb-1a04-46e5-b3a7-49d940532f0c;checkout_session_created;ab074fc5-e079-479b-bec0-5eda6bfaca87;"{""amount"":120,""order_id"":""d210651a-7d6f-4fb4-9864-539ea2ade626""}";;2026-02-04 18:08:46.658927+00;info;system;;;;
569182a6-a838-4a82-852c-280b44c63dd7;cashback_processed;ab074fc5-e079-479b-bec0-5eda6bfaca87;"{""cashback_earned"":1.2,""cashback_used"":0,""new_balance"":1.2,""order_amount"":120,""order_id"":""d210651a-7d6f-4fb4-9864-539ea2ade626""}";;2026-02-04 18:10:06.89107+00;info;financial;;;;
b6386cb9-eb95-4e29-b3fb-46840b06744e;payment_verified;ab074fc5-e079-479b-bec0-5eda6bfaca87;"{""amount"":120,""order_id"":""d210651a-7d6f-4fb4-9864-539ea2ade626""}";;2026-02-04 18:10:09.384372+00;success;financial;;;;
8051e72f-2078-4359-90dc-a9846cd527ad;get_user_tier_access;03765a40-f338-4035-a2ba-8928fff30834;"{""pending_amount"":0,""requested_user_id"":""03765a40-f338-4035-a2ba-8928fff30834""}";;2026-02-04 18:41:32.769563+00;info;access_control;;;;
2ba66a59-fc58-45c4-af19-7f44b9e3ac9c;get_user_tier_access;03765a40-f338-4035-a2ba-8928fff30834;"{""pending_amount"":0,""requested_user_id"":""03765a40-f338-4035-a2ba-8928fff30834""}";;2026-02-04 20:47:57.00278+00;info;access_control;;;;
c8f152e0-3589-4a03-b2e3-c84eb1d8baad;get_user_tier_access;03765a40-f338-4035-a2ba-8928fff30834;"{""pending_amount"":0,""requested_user_id"":""03765a40-f338-4035-a2ba-8928fff30834""}";;2026-02-05 01:05:41.27969+00;info;access_control;;;;
d7c5b654-e6c2-4718-9bf9-37cbbb8a9161;get_user_tier_access;d6e87390-44c6-4747-a0df-ab20c7d0ec06;"{""pending_amount"":0,""requested_user_id"":""d6e87390-44c6-4747-a0df-ab20c7d0ec06""}";;2026-02-05 09:24:32.322067+00;info;access_control;;;;
cd87593d-c9fa-4f7f-b0b4-777d6a1326c6;validate_coupon;d6e87390-44c6-4747-a0df-ab20c7d0ec06;"{""code"":""TBC40 ""}";;2026-02-05 09:24:34.792197+00;info;financial;;;;
075328fb-e6b2-4ed8-92e1-1ce88b81b402;get_user_tier_access;d6e87390-44c6-4747-a0df-ab20c7d0ec06;"{""pending_amount"":0,""requested_user_id"":""d6e87390-44c6-4747-a0df-ab20c7d0ec06""}";;2026-02-05 09:43:05.391734+00;info;access_control;;;;
b23797a5-7648-4514-8f59-5c8c1acffb32;validate_coupon;d6e87390-44c6-4747-a0df-ab20c7d0ec06;"{""code"":""TBC40""}";;2026-02-05 09:43:15.565312+00;info;financial;;;;
81b28c72-10be-4872-a82d-b6af6e288513;get_user_tier_access;d6e87390-44c6-4747-a0df-ab20c7d0ec06;"{""pending_amount"":120,""requested_user_id"":""d6e87390-44c6-4747-a0df-ab20c7d0ec06""}";;2026-02-05 09:45:06.523428+00;info;access_control;;;;
052f1704-e5ac-4c7d-b8f3-c92002e6a3ef;checkout_session_created;d6e87390-44c6-4747-a0df-ab20c7d0ec06;"{""amount"":120,""order_id"":""24454355-93d9-4f72-a13a-27d1a1e3ed1f""}";;2026-02-05 09:45:09.756236+00;info;system;;;;
579e24d0-1726-47e6-b5e0-d1435b082b9f;cashback_processed;d6e87390-44c6-4747-a0df-ab20c7d0ec06;"{""cashback_earned"":1.2,""cashback_used"":0,""new_balance"":1.2,""order_amount"":120,""order_id"":""24454355-93d9-4f72-a13a-27d1a1e3ed1f""}";;2026-02-05 09:45:55.720636+00;info;financial;;;;
fd1a4a69-3254-466b-84f3-c6fcd766ee00;payment_verified;d6e87390-44c6-4747-a0df-ab20c7d0ec06;"{""amount"":120,""order_id"":""24454355-93d9-4f72-a13a-27d1a1e3ed1f""}";;2026-02-05 09:45:58.141832+00;success;financial;;;;
194976bf-d692-4920-810b-834a25cb972f;get_user_tier_access;d6e87390-44c6-4747-a0df-ab20c7d0ec06;"{""pending_amount"":0,""requested_user_id"":""d6e87390-44c6-4747-a0df-ab20c7d0ec06""}";;2026-02-05 09:46:02.813819+00;info;access_control;;;;
0b7c2bab-e71a-45f1-b6db-2f7793952144;get_user_tier_access;d6e87390-44c6-4747-a0df-ab20c7d0ec06;"{""pending_amount"":0,""requested_user_id"":""d6e87390-44c6-4747-a0df-ab20c7d0ec06""}";;2026-02-05 09:46:12.611961+00;info;access_control;;;;
526e2754-d71b-41a4-94c5-8fedadb7bedf;get_user_tier_access;bbf97561-98f7-4267-9c64-a7a5d556fedf;"{""pending_amount"":0,""requested_user_id"":""bbf97561-98f7-4267-9c64-a7a5d556fedf""}";;2026-02-05 21:29:51.033574+00;info;access_control;;;;
9709341a-6de5-4e96-8c07-ce1456b76047;get_user_tier_access;bbf97561-98f7-4267-9c64-a7a5d556fedf;"{""pending_amount"":0,""requested_user_id"":""bbf97561-98f7-4267-9c64-a7a5d556fedf""}";;2026-02-05 23:29:48.935555+00;info;access_control;;;;
5cdc852c-2d5b-49d9-8d19-7271d3f98b53;get_user_tier_access;03765a40-f338-4035-a2ba-8928fff30834;"{""pending_amount"":0,""requested_user_id"":""03765a40-f338-4035-a2ba-8928fff30834""}";;2026-02-06 01:42:34.472623+00;info;access_control;;;;
a0d6737a-b85e-468f-8717-db6ce003c5b2;get_user_tier_access;03765a40-f338-4035-a2ba-8928fff30834;"{""pending_amount"":0,""requested_user_id"":""03765a40-f338-4035-a2ba-8928fff30834""}";;2026-02-06 01:54:45.319566+00;info;access_control;;;;
0a702750-6999-48f5-a3d6-b515ca5a3171;get_user_tier_access;03765a40-f338-4035-a2ba-8928fff30834;"{""pending_amount"":0,""requested_user_id"":""03765a40-f338-4035-a2ba-8928fff30834""}";;2026-02-06 01:54:47.617484+00;info;access_control;;;;
29481613-391c-47b9-bc7a-2644e91ba950;get_user_tier_access;03765a40-f338-4035-a2ba-8928fff30834;"{""pending_amount"":0,""requested_user_id"":""03765a40-f338-4035-a2ba-8928fff30834""}";;2026-02-06 01:54:47.623057+00;info;access_control;;;;
6ff8fae8-a30c-4b29-9799-23323d48f1bc;get_user_tier_access;03765a40-f338-4035-a2ba-8928fff30834;"{""pending_amount"":0,""requested_user_id"":""03765a40-f338-4035-a2ba-8928fff30834""}";;2026-02-06 01:55:02.419776+00;info;access_control;;;;
d3112829-49bb-4227-8151-6c493a5f4500;get_user_tier_access;03765a40-f338-4035-a2ba-8928fff30834;"{""pending_amount"":0,""requested_user_id"":""a3d0e416-ea01-4f55-8c41-09087da66edd""}";;2026-02-16 13:35:00.094229+00;info;access_control;;;;
521f6be2-e60a-4ffb-a78c-020c739edc60;get_user_tier_access;03765a40-f338-4035-a2ba-8928fff30834;"{""pending_amount"":0,""requested_user_id"":""03765a40-f338-4035-a2ba-8928fff30834""}";;2026-02-06 01:54:49.797239+00;info;access_control;;;;
d75ca9a4-6a78-432d-bb90-1134e9537bf0;get_user_tier_access;03765a40-f338-4035-a2ba-8928fff30834;"{""pending_amount"":0,""requested_user_id"":""03765a40-f338-4035-a2ba-8928fff30834""}";;2026-02-06 01:55:02.368468+00;info;access_control;;;;
696209b8-0640-4b27-965c-2c9060e7a179;get_user_tier_access;a3d0e416-ea01-4f55-8c41-09087da66edd;"{""pending_amount"":0,""requested_user_id"":""a3d0e416-ea01-4f55-8c41-09087da66edd""}";;2026-02-16 13:38:01.808993+00;info;access_control;;;;
302e3638-d95a-4058-a9a3-2faffa290d7f;get_user_tier_access;03765a40-f338-4035-a2ba-8928fff30834;"{""pending_amount"":0,""requested_user_id"":""03765a40-f338-4035-a2ba-8928fff30834""}";;2026-02-06 01:54:49.797732+00;info;access_control;;;;
86981c80-869e-480f-b627-56593e9910fb;get_user_tier_access;03765a40-f338-4035-a2ba-8928fff30834;"{""pending_amount"":0,""requested_user_id"":""03765a40-f338-4035-a2ba-8928fff30834""}";;2026-02-06 01:56:30.196162+00;info;access_control;;;;
42255975-e419-4aac-9478-cc016ca25e0e;get_user_tier_access;03765a40-f338-4035-a2ba-8928fff30834;"{""pending_amount"":0,""requested_user_id"":""03765a40-f338-4035-a2ba-8928fff30834""}";;2026-02-06 01:56:30.195705+00;info;access_control;;;;
f1649ac9-1c1e-437c-88c0-719ad4745ed1;get_user_tier_access;03765a40-f338-4035-a2ba-8928fff30834;"{""pending_amount"":0,""requested_user_id"":""03765a40-f338-4035-a2ba-8928fff30834""}";;2026-02-06 01:56:47.344594+00;info;access_control;;;;
b6a6e14d-332e-4092-8aba-62998dbcc383;get_user_tier_access;03765a40-f338-4035-a2ba-8928fff30834;"{""pending_amount"":0,""requested_user_id"":""03765a40-f338-4035-a2ba-8928fff30834""}";;2026-02-06 01:56:47.347127+00;info;access_control;;;;
97b0d8d5-678a-439f-a96d-fe9c1c151571;get_user_tier_access;03765a40-f338-4035-a2ba-8928fff30834;"{""pending_amount"":0,""requested_user_id"":""03765a40-f338-4035-a2ba-8928fff30834""}";;2026-02-06 02:00:36.033781+00;info;access_control;;;;
1535e10a-ccb8-4d73-8ccd-cd7829e47de7;get_user_tier_access;03765a40-f338-4035-a2ba-8928fff30834;"{""pending_amount"":0,""requested_user_id"":""03765a40-f338-4035-a2ba-8928fff30834""}";;2026-02-06 02:00:36.071372+00;info;access_control;;;;
ec3011c3-e9ca-4740-83c2-12bb51280129;get_user_tier_access;03765a40-f338-4035-a2ba-8928fff30834;"{""pending_amount"":0,""requested_user_id"":""03765a40-f338-4035-a2ba-8928fff30834""}";;2026-02-06 02:00:38.590185+00;info;access_control;;;;
d23ed6ad-55dd-41e5-9afc-b9be69e317f8;get_user_tier_access;03765a40-f338-4035-a2ba-8928fff30834;"{""pending_amount"":0,""requested_user_id"":""03765a40-f338-4035-a2ba-8928fff30834""}";;2026-02-06 02:00:38.604309+00;info;access_control;;;;
2bdbc07c-0169-4dcc-a007-2156ac11f2a1;get_user_tier_access;03765a40-f338-4035-a2ba-8928fff30834;"{""pending_amount"":0,""requested_user_id"":""03765a40-f338-4035-a2ba-8928fff30834""}";;2026-02-06 02:51:15.707945+00;info;access_control;;;;
3344a849-bcb0-4344-a02a-2384e32ee1c3;get_user_tier_access;03765a40-f338-4035-a2ba-8928fff30834;"{""pending_amount"":0,""requested_user_id"":""03765a40-f338-4035-a2ba-8928fff30834""}";;2026-02-06 02:51:15.708838+00;info;access_control;;;;
08299159-8e82-4ee6-8534-ecf376685523;get_user_tier_access;03765a40-f338-4035-a2ba-8928fff30834;"{""pending_amount"":0,""requested_user_id"":""03765a40-f338-4035-a2ba-8928fff30834""}";;2026-02-06 10:34:33.628343+00;info;access_control;;;;
e0cd3f05-2b92-4298-8875-27fe188ed348;get_user_tier_access;03765a40-f338-4035-a2ba-8928fff30834;"{""pending_amount"":0,""requested_user_id"":""03765a40-f338-4035-a2ba-8928fff30834""}";;2026-02-06 10:34:33.594042+00;info;access_control;;;;
bc0f03a6-e57f-4ccb-8332-ead76746f534;get_user_tier_access;03765a40-f338-4035-a2ba-8928fff30834;"{""pending_amount"":0,""requested_user_id"":""03765a40-f338-4035-a2ba-8928fff30834""}";;2026-02-06 11:01:12.261656+00;info;access_control;;;;
10bca657-8302-42c6-a536-4faa5366ed39;get_user_tier_access;03765a40-f338-4035-a2ba-8928fff30834;"{""pending_amount"":0,""requested_user_id"":""03765a40-f338-4035-a2ba-8928fff30834""}";;2026-02-06 11:01:12.259611+00;info;access_control;;;;
7785a939-cb55-4978-8a5a-b59b9f093d36;get_user_tier_access;03765a40-f338-4035-a2ba-8928fff30834;"{""pending_amount"":0,""requested_user_id"":""03765a40-f338-4035-a2ba-8928fff30834""}";;2026-02-06 11:01:12.429556+00;info;access_control;;;;
145f486c-b31c-47f3-949a-3367b7301429;get_user_tier_access;03765a40-f338-4035-a2ba-8928fff30834;"{""pending_amount"":0,""requested_user_id"":""03765a40-f338-4035-a2ba-8928fff30834""}";;2026-02-06 11:01:12.451451+00;info;access_control;;;;
d98fe70e-401f-4b64-94a6-42d26f167ebc;get_user_tier_access;03765a40-f338-4035-a2ba-8928fff30834;"{""pending_amount"":0,""requested_user_id"":""03765a40-f338-4035-a2ba-8928fff30834""}";;2026-02-06 11:01:13.458502+00;info;access_control;;;;
f8a77465-b00c-4dbc-b7fd-47e5d4cf1f5c;get_user_tier_access;03765a40-f338-4035-a2ba-8928fff30834;"{""pending_amount"":0,""requested_user_id"":""03765a40-f338-4035-a2ba-8928fff30834""}";;2026-02-06 11:06:35.484254+00;info;access_control;;;;
ea183ff8-3441-4826-9099-ba7bf3b2cfb0;get_user_tier_access;03765a40-f338-4035-a2ba-8928fff30834;"{""pending_amount"":0,""requested_user_id"":""03765a40-f338-4035-a2ba-8928fff30834""}";;2026-02-06 11:06:35.479137+00;info;access_control;;;;
260a9a30-3ecd-4584-b855-a48253d044bd;get_user_tier_access;03765a40-f338-4035-a2ba-8928fff30834;"{""pending_amount"":0,""requested_user_id"":""03765a40-f338-4035-a2ba-8928fff30834""}";;2026-02-06 11:06:35.683895+00;info;access_control;;;;
6d8e4923-571f-445a-be50-558727b3ced7;get_user_tier_access;03765a40-f338-4035-a2ba-8928fff30834;"{""pending_amount"":0,""requested_user_id"":""03765a40-f338-4035-a2ba-8928fff30834""}";;2026-02-06 11:06:35.691246+00;info;access_control;;;;
df1b8323-6884-4257-b757-a772f06a3f70;get_user_tier_access;03765a40-f338-4035-a2ba-8928fff30834;"{""pending_amount"":0,""requested_user_id"":""03765a40-f338-4035-a2ba-8928fff30834""}";;2026-02-06 11:06:36.171859+00;info;access_control;;;;
365d573e-d5ab-4762-8337-315fedf9052c;get_user_tier_access;03765a40-f338-4035-a2ba-8928fff30834;"{""pending_amount"":0,""requested_user_id"":""03765a40-f338-4035-a2ba-8928fff30834""}";;2026-02-06 11:06:36.224372+00;info;access_control;;;;
3919f21e-7975-4884-a931-b3488c78d006;get_user_tier_access;03765a40-f338-4035-a2ba-8928fff30834;"{""pending_amount"":0,""requested_user_id"":""03765a40-f338-4035-a2ba-8928fff30834""}";;2026-02-06 11:06:36.710343+00;info;access_control;;;;
f1b5d837-b7d0-43a2-8a04-80f38601c45f;get_user_tier_access;03765a40-f338-4035-a2ba-8928fff30834;"{""pending_amount"":0,""requested_user_id"":""03765a40-f338-4035-a2ba-8928fff30834""}";;2026-02-06 11:06:36.717379+00;info;access_control;;;;
59870c8f-1df8-46e5-9340-71a025e36d11;get_user_tier_access;03765a40-f338-4035-a2ba-8928fff30834;"{""pending_amount"":0,""requested_user_id"":""03765a40-f338-4035-a2ba-8928fff30834""}";;2026-02-06 11:06:38.534902+00;info;access_control;;;;
4f844964-46c4-469d-b635-e0b0e55a4158;get_user_tier_access;03765a40-f338-4035-a2ba-8928fff30834;"{""pending_amount"":0,""requested_user_id"":""03765a40-f338-4035-a2ba-8928fff30834""}";;2026-02-06 11:06:39.619356+00;info;access_control;;;;
6d9153ec-0fd6-4c43-9268-b1f8ab5c91b8;get_user_tier_access;03765a40-f338-4035-a2ba-8928fff30834;"{""pending_amount"":0,""requested_user_id"":""03765a40-f338-4035-a2ba-8928fff30834""}";;2026-02-06 11:10:12.753386+00;info;access_control;;;;
ac093489-b0d0-49b5-9b96-f153489b64ca;get_user_tier_access;03765a40-f338-4035-a2ba-8928fff30834;"{""pending_amount"":0,""requested_user_id"":""03765a40-f338-4035-a2ba-8928fff30834""}";;2026-02-06 11:10:12.768948+00;info;access_control;;;;
f26c6aed-cc2f-4648-8d74-d0343f180a2f;get_user_tier_access;03765a40-f338-4035-a2ba-8928fff30834;"{""pending_amount"":0,""requested_user_id"":""03765a40-f338-4035-a2ba-8928fff30834""}";;2026-02-06 11:10:15.383561+00;info;access_control;;;;
09b676bd-5fc8-46be-ae5b-09b2e4b96b14;get_user_tier_access;03765a40-f338-4035-a2ba-8928fff30834;"{""pending_amount"":0,""requested_user_id"":""03765a40-f338-4035-a2ba-8928fff30834""}";;2026-02-06 11:10:15.385809+00;info;access_control;;;;
8d232dfc-cf61-4156-94ad-b12a8edd0fd3;get_user_tier_access;03765a40-f338-4035-a2ba-8928fff30834;"{""pending_amount"":0,""requested_user_id"":""03765a40-f338-4035-a2ba-8928fff30834""}";;2026-02-06 11:17:06.012385+00;info;access_control;;;;
dbdd68d6-5024-47c4-b9ca-34c2acf20d5d;get_user_tier_access;03765a40-f338-4035-a2ba-8928fff30834;"{""pending_amount"":0,""requested_user_id"":""03765a40-f338-4035-a2ba-8928fff30834""}";;2026-02-06 11:17:06.029116+00;info;access_control;;;;
10991318-5a4e-45a2-9bb4-5cb0b557c680;get_user_tier_access;03765a40-f338-4035-a2ba-8928fff30834;"{""pending_amount"":0,""requested_user_id"":""03765a40-f338-4035-a2ba-8928fff30834""}";;2026-02-06 11:17:06.396551+00;info;access_control;;;;
df5369f3-b83b-478e-b249-c550cd17acaa;get_user_tier_access;03765a40-f338-4035-a2ba-8928fff30834;"{""pending_amount"":0,""requested_user_id"":""03765a40-f338-4035-a2ba-8928fff30834""}";;2026-02-06 11:17:06.409228+00;info;access_control;;;;
84f45edf-285b-4e52-8faa-b554b138e7e8;get_user_tier_access;03765a40-f338-4035-a2ba-8928fff30834;"{""pending_amount"":0,""requested_user_id"":""03765a40-f338-4035-a2ba-8928fff30834""}";;2026-02-06 11:17:08.515815+00;info;access_control;;;;
b699f923-4aef-4f64-bcd2-9d6165b82c0b;get_user_tier_access;03765a40-f338-4035-a2ba-8928fff30834;"{""pending_amount"":0,""requested_user_id"":""03765a40-f338-4035-a2ba-8928fff30834""}";;2026-02-06 11:17:08.525923+00;info;access_control;;;;
cd24380c-397e-4805-bcce-e942afd2b6ad;get_user_tier_access;57b6f869-0c72-4f0c-8b60-6ccd50ae2869;"{""pending_amount"":0,""requested_user_id"":""57b6f869-0c72-4f0c-8b60-6ccd50ae2869""}";;2026-02-06 14:06:15.91986+00;info;access_control;;;;
a2338f5f-70c9-42b8-a842-ba911b7386c0;get_user_tier_access;57b6f869-0c72-4f0c-8b60-6ccd50ae2869;"{""pending_amount"":62.65,""requested_user_id"":""57b6f869-0c72-4f0c-8b60-6ccd50ae2869""}";;2026-02-06 14:06:38.666673+00;info;access_control;;;;
885064d9-b98c-454f-9766-92646e0b1bcb;checkout_session_created;57b6f869-0c72-4f0c-8b60-6ccd50ae2869;"{""amount"":62.65,""order_id"":""523ed52b-521a-4fdc-ae20-c49b9382405b""}";;2026-02-06 14:06:41.043391+00;info;system;;;;
58df623c-0b67-4eb0-aacd-cff524ca0020;cashback_processed;57b6f869-0c72-4f0c-8b60-6ccd50ae2869;"{""cashback_earned"":0.6114999999999999,""cashback_used"":0,""new_balance"":7.491999999999999,""order_amount"":62.65,""order_id"":""523ed52b-521a-4fdc-ae20-c49b9382405b""}";;2026-02-06 14:07:14.269403+00;info;financial;;;;
3b231dec-ebff-462d-b021-45ff031ed83a;payment_verified;57b6f869-0c72-4f0c-8b60-6ccd50ae2869;"{""amount"":62.65,""order_id"":""523ed52b-521a-4fdc-ae20-c49b9382405b""}";;2026-02-06 14:07:16.802154+00;success;financial;;;;
a292b07f-ed1d-47e4-8844-9ab8cd50deab;get_user_tier_access;b93827d0-5416-42d5-b1ac-d7c0e2e4887c;"{""pending_amount"":0,""requested_user_id"":""b93827d0-5416-42d5-b1ac-d7c0e2e4887c""}";;2026-02-06 16:20:56.95473+00;info;access_control;;;;
00d3c8b5-38ed-4b66-b6a7-145c982c2ab1;get_user_tier_access;b93827d0-5416-42d5-b1ac-d7c0e2e4887c;"{""pending_amount"":0,""requested_user_id"":""b93827d0-5416-42d5-b1ac-d7c0e2e4887c""}";;2026-02-06 16:21:00.241539+00;info;access_control;;;;
7228840e-9a16-40e5-9080-fd10fc0193c3;get_user_tier_access;b93827d0-5416-42d5-b1ac-d7c0e2e4887c;"{""pending_amount"":0,""requested_user_id"":""b93827d0-5416-42d5-b1ac-d7c0e2e4887c""}";;2026-02-06 16:21:02.931428+00;info;access_control;;;;
ffc75d10-36e7-49e0-ab80-a16dab39b395;get_user_tier_access;03765a40-f338-4035-a2ba-8928fff30834;"{""pending_amount"":0,""requested_user_id"":""03765a40-f338-4035-a2ba-8928fff30834""}";;2026-02-06 23:27:06.764275+00;info;access_control;;;;
d4e8da82-0388-4307-a724-9c1d65769a0b;get_user_tier_access;03765a40-f338-4035-a2ba-8928fff30834;"{""pending_amount"":0,""requested_user_id"":""03765a40-f338-4035-a2ba-8928fff30834""}";;2026-02-06 23:34:38.553207+00;info;access_control;;;;
1ab52196-7a6c-4d91-8496-ab8ea9607728;get_user_tier_access;03765a40-f338-4035-a2ba-8928fff30834;"{""pending_amount"":0,""requested_user_id"":""03765a40-f338-4035-a2ba-8928fff30834""}";;2026-02-07 01:15:32.870664+00;info;access_control;;;;
95c62916-6399-4806-a97a-1152db7ecad1;get_user_tier_access;03765a40-f338-4035-a2ba-8928fff30834;"{""pending_amount"":0,""requested_user_id"":""03765a40-f338-4035-a2ba-8928fff30834""}";;2026-02-07 01:15:45.708336+00;info;access_control;;;;
0dc00037-39a0-4d7b-ae09-d78c43d3fdd2;get_user_tier_access;03765a40-f338-4035-a2ba-8928fff30834;"{""pending_amount"":0,""requested_user_id"":""03765a40-f338-4035-a2ba-8928fff30834""}";;2026-02-07 01:15:51.03986+00;info;access_control;;;;
0660e304-4da2-4b13-a1a5-1833860a65a0;get_user_tier_access;03765a40-f338-4035-a2ba-8928fff30834;"{""pending_amount"":0,""requested_user_id"":""03765a40-f338-4035-a2ba-8928fff30834""}";;2026-02-07 01:15:51.039213+00;info;access_control;;;;
8b176f8a-d9bd-40ab-b62a-065a9bf8a08f;get_user_tier_access;03765a40-f338-4035-a2ba-8928fff30834;"{""pending_amount"":0,""requested_user_id"":""03765a40-f338-4035-a2ba-8928fff30834""}";;2026-02-07 01:15:53.258316+00;info;access_control;;;;
34972cd9-e0d1-46e4-a3e5-d6228ea5db2b;get_user_tier_access;03765a40-f338-4035-a2ba-8928fff30834;"{""pending_amount"":0,""requested_user_id"":""03765a40-f338-4035-a2ba-8928fff30834""}";;2026-02-07 01:15:53.253152+00;info;access_control;;;;
2a0349e0-a953-4aee-bc7a-71e6b37b0b1a;get_user_tier_access;03765a40-f338-4035-a2ba-8928fff30834;"{""pending_amount"":0,""requested_user_id"":""03765a40-f338-4035-a2ba-8928fff30834""}";;2026-02-07 01:16:18.815833+00;info;access_control;;;;
9f2d2fdb-5e12-462f-a712-1a1df4583d69;get_user_tier_access;03765a40-f338-4035-a2ba-8928fff30834;"{""pending_amount"":0,""requested_user_id"":""03765a40-f338-4035-a2ba-8928fff30834""}";;2026-02-07 01:16:18.816477+00;info;access_control;;;;
b82ea628-5c2e-4685-9f77-292924595d6f;get_user_tier_access;caf282b8-d1c7-4ff6-b982-55f8c027d9fc;"{""pending_amount"":0,""requested_user_id"":""caf282b8-d1c7-4ff6-b982-55f8c027d9fc""}";;2026-02-07 13:33:23.214337+00;info;access_control;;;;
295a9f6f-26c5-44fc-a2bb-ba309b4fddcc;get_user_tier_access;caf282b8-d1c7-4ff6-b982-55f8c027d9fc;"{""pending_amount"":511.73639999999995,""requested_user_id"":""caf282b8-d1c7-4ff6-b982-55f8c027d9fc""}";;2026-02-07 13:33:50.63006+00;info;access_control;;;;
1b60e8d7-f188-4635-8fcb-f86ce574bbc7;checkout_session_created;caf282b8-d1c7-4ff6-b982-55f8c027d9fc;"{""amount"":511.73639999999995,""order_id"":""13884e99-d778-4d3a-8f06-3b9b3f3e755f""}";;2026-02-07 13:33:56.149704+00;info;system;;;;
ab309c0b-3e0f-4772-8fdb-0e779e5fcbb4;cashback_processed;caf282b8-d1c7-4ff6-b982-55f8c027d9fc;"{""cashback_earned"":5.117363999999999,""cashback_used"":0,""new_balance"":8.929710299999998,""order_amount"":511.74,""order_id"":""13884e99-d778-4d3a-8f06-3b9b3f3e755f""}";;2026-02-07 13:34:45.925715+00;info;financial;;;;
e48936c0-e725-4c3a-93b7-299e8dbd9e4a;payment_verified;caf282b8-d1c7-4ff6-b982-55f8c027d9fc;"{""amount"":511.74,""order_id"":""13884e99-d778-4d3a-8f06-3b9b3f3e755f""}";;2026-02-07 13:34:47.577856+00;success;financial;;;;
ab0a6e6a-ae26-411e-9d2a-98447b68d178;get_user_tier_access;03765a40-f338-4035-a2ba-8928fff30834;"{""pending_amount"":0,""requested_user_id"":""caf282b8-d1c7-4ff6-b982-55f8c027d9fc""}";;2026-02-07 13:51:48.070383+00;info;access_control;;;;
a7b0b5d2-7755-4248-9607-ab9ce3984256;get_user_tier_access;bbf97561-98f7-4267-9c64-a7a5d556fedf;"{""pending_amount"":0,""requested_user_id"":""bbf97561-98f7-4267-9c64-a7a5d556fedf""}";;2026-02-07 14:38:34.766811+00;info;access_control;;;;
94e5e639-b0a7-4554-b4c8-a80a2af32d19;get_user_tier_access;ab0a8b88-2925-40b0-8bed-81ece7bb8ce7;"{""pending_amount"":0,""requested_user_id"":""ab0a8b88-2925-40b0-8bed-81ece7bb8ce7""}";;2026-02-07 15:20:38.596643+00;info;access_control;;;;
13b4ba1f-0603-44ac-bdec-07deaebc86b7;get_user_tier_access;ab0a8b88-2925-40b0-8bed-81ece7bb8ce7;"{""pending_amount"":208,""requested_user_id"":""ab0a8b88-2925-40b0-8bed-81ece7bb8ce7""}";;2026-02-07 15:22:26.319012+00;info;access_control;;;;
3368a43e-8de0-416f-93c6-70a40847ea26;checkout_session_created;ab0a8b88-2925-40b0-8bed-81ece7bb8ce7;"{""amount"":208,""order_id"":""7b8c62c7-c0b4-49cf-9846-385a1e48064f""}";;2026-02-07 15:22:29.412938+00;info;system;;;;
7470f9a0-0e93-4493-bf2d-ad9389b84cb2;cashback_processed;ab0a8b88-2925-40b0-8bed-81ece7bb8ce7;"{""cashback_earned"":2.08,""cashback_used"":0,""new_balance"":2.08,""order_amount"":208,""order_id"":""7b8c62c7-c0b4-49cf-9846-385a1e48064f""}";;2026-02-07 15:26:04.753064+00;info;financial;;;;
9b984afd-60e8-47f3-82a7-99736f37f3b4;payment_verified;ab0a8b88-2925-40b0-8bed-81ece7bb8ce7;"{""amount"":208,""order_id"":""7b8c62c7-c0b4-49cf-9846-385a1e48064f""}";;2026-02-07 15:26:06.173758+00;success;financial;;;;
3333bc75-b9f7-4bd2-bcf7-c7f154a183d3;get_user_tier_access;ab0a8b88-2925-40b0-8bed-81ece7bb8ce7;"{""pending_amount"":0,""requested_user_id"":""ab0a8b88-2925-40b0-8bed-81ece7bb8ce7""}";;2026-02-07 16:35:07.541455+00;info;access_control;;;;
5a2d0c68-2022-4453-b660-4b5776495ccd;get_user_tier_access;59076801-2403-4e6b-a2f7-bf5dd70fc7e6;"{""pending_amount"":0,""requested_user_id"":""59076801-2403-4e6b-a2f7-bf5dd70fc7e6""}";;2026-02-07 22:20:47.442935+00;info;access_control;;;;
fdbaf51b-4095-49ce-9562-80ee2325210f;get_user_tier_access;59076801-2403-4e6b-a2f7-bf5dd70fc7e6;"{""pending_amount"":0,""requested_user_id"":""59076801-2403-4e6b-a2f7-bf5dd70fc7e6""}";;2026-02-07 22:49:25.565098+00;info;access_control;;;;
c4c859e7-c2fd-4a2d-88e8-0776cf87ad23;get_user_tier_access;59076801-2403-4e6b-a2f7-bf5dd70fc7e6;"{""pending_amount"":433.78415,""requested_user_id"":""59076801-2403-4e6b-a2f7-bf5dd70fc7e6""}";;2026-02-07 23:00:56.113595+00;info;access_control;;;;
c2ab19a4-9954-408a-9792-3bdd131d7a01;checkout_session_created;59076801-2403-4e6b-a2f7-bf5dd70fc7e6;"{""amount"":433.78415,""order_id"":""35a3848d-30ee-42e7-96d6-380a9113772f""}";;2026-02-07 23:00:59.735364+00;info;system;;;;
313bec60-a13e-4986-98b4-e500000beb6f;cashback_processed;59076801-2403-4e6b-a2f7-bf5dd70fc7e6;"{""cashback_earned"":4.3378415,""cashback_used"":0,""new_balance"":4.3378415,""order_amount"":433.78,""order_id"":""35a3848d-30ee-42e7-96d6-380a9113772f""}";;2026-02-07 23:01:58.318672+00;info;financial;;;;
4f4f396b-e268-401b-94ca-c042483e4019;payment_verified;59076801-2403-4e6b-a2f7-bf5dd70fc7e6;"{""amount"":433.78,""order_id"":""35a3848d-30ee-42e7-96d6-380a9113772f""}";;2026-02-07 23:01:59.945715+00;success;financial;;;;
279fc4fb-5784-4338-a8ae-d4e301ea4e6d;get_user_tier_access;03765a40-f338-4035-a2ba-8928fff30834;"{""pending_amount"":0,""requested_user_id"":""03765a40-f338-4035-a2ba-8928fff30834""}";;2026-02-07 23:05:02.019198+00;info;access_control;;;;
ba3d9091-999c-4672-9d68-af9c988c23d2;password_reset_invalid_email;;"{""email_domain"":""gmail.com""}";;2026-02-07 23:05:37.646905+00;info;authentication;;;;
3e41fbb2-3bb7-4dd3-94d8-d21d07e77157;get_user_tier_access;f44c1369-fd6f-4604-801c-d3d07f973e40;"{""pending_amount"":0,""requested_user_id"":""f44c1369-fd6f-4604-801c-d3d07f973e40""}";;2026-02-07 23:08:35.214044+00;info;access_control;;;;
69be78af-e08e-444e-b72a-36c5b467490b;get_user_tier_access;f44c1369-fd6f-4604-801c-d3d07f973e40;"{""pending_amount"":104,""requested_user_id"":""f44c1369-fd6f-4604-801c-d3d07f973e40""}";;2026-02-07 23:09:17.561217+00;info;access_control;;;;
9a2a44d8-542d-4739-b68c-122cbcd8955c;checkout_session_created;f44c1369-fd6f-4604-801c-d3d07f973e40;"{""amount"":104,""order_id"":""37fcc4db-a38f-46a6-b83d-e0361d390c67""}";;2026-02-07 23:09:24.708635+00;info;system;;;;
7ae3c173-7115-471e-a48b-3e013352796d;get_user_tier_access;f44c1369-fd6f-4604-801c-d3d07f973e40;"{""pending_amount"":0,""requested_user_id"":""f44c1369-fd6f-4604-801c-d3d07f973e40""}";;2026-02-07 23:10:29.90849+00;info;access_control;;;;
43941484-d054-49bf-b8fa-ba3206f4d121;get_user_tier_access;f44c1369-fd6f-4604-801c-d3d07f973e40;"{""pending_amount"":104,""requested_user_id"":""f44c1369-fd6f-4604-801c-d3d07f973e40""}";;2026-02-07 23:10:42.552138+00;info;access_control;;;;
032f94a9-f91f-4948-88e2-8e8b058a1e78;checkout_session_created;f44c1369-fd6f-4604-801c-d3d07f973e40;"{""amount"":104,""order_id"":""d13ba24e-33de-484d-a190-4b67ed0f80da""}";;2026-02-07 23:10:48.58842+00;info;system;;;;
1a31ec6f-1aa5-47f2-b98d-0c8881816230;cashback_processed;f44c1369-fd6f-4604-801c-d3d07f973e40;"{""cashback_earned"":1.04,""cashback_used"":0,""new_balance"":1.04,""order_amount"":104,""order_id"":""d13ba24e-33de-484d-a190-4b67ed0f80da""}";;2026-02-07 23:11:42.893669+00;info;financial;;;;
698fb524-6c68-462f-b017-11091c372dfe;payment_verified;f44c1369-fd6f-4604-801c-d3d07f973e40;"{""amount"":104,""order_id"":""d13ba24e-33de-484d-a190-4b67ed0f80da""}";;2026-02-07 23:11:48.957128+00;success;financial;;;;
6c2f7529-695d-4b55-8760-328b4aa12331;get_user_tier_access;59076801-2403-4e6b-a2f7-bf5dd70fc7e6;"{""pending_amount"":0,""requested_user_id"":""59076801-2403-4e6b-a2f7-bf5dd70fc7e6""}";;2026-02-07 23:43:46.74511+00;info;access_control;;;;
1415acf5-b946-48e4-aeb4-76369324a857;get_user_tier_access;59076801-2403-4e6b-a2f7-bf5dd70fc7e6;"{""pending_amount"":0,""requested_user_id"":""59076801-2403-4e6b-a2f7-bf5dd70fc7e6""}";;2026-02-07 23:43:58.250835+00;info;access_control;;;;
8ee1a649-c530-45f9-b329-008ed234794d;get_user_tier_access;59076801-2403-4e6b-a2f7-bf5dd70fc7e6;"{""pending_amount"":0,""requested_user_id"":""59076801-2403-4e6b-a2f7-bf5dd70fc7e6""}";;2026-02-07 23:59:37.741318+00;info;access_control;;;;
93266071-6012-4989-97c5-5c12568ac893;get_user_tier_access;59076801-2403-4e6b-a2f7-bf5dd70fc7e6;"{""pending_amount"":0,""requested_user_id"":""59076801-2403-4e6b-a2f7-bf5dd70fc7e6""}";;2026-02-08 00:07:25.802394+00;info;access_control;;;;
dc4490d4-5405-47a4-b59f-a80325665588;get_user_tier_access;59076801-2403-4e6b-a2f7-bf5dd70fc7e6;"{""pending_amount"":0,""requested_user_id"":""59076801-2403-4e6b-a2f7-bf5dd70fc7e6""}";;2026-02-08 00:07:37.417641+00;info;access_control;;;;
4a1adf86-9823-4153-a6dc-2d8ac397fb47;get_user_tier_access;59076801-2403-4e6b-a2f7-bf5dd70fc7e6;"{""pending_amount"":0,""requested_user_id"":""59076801-2403-4e6b-a2f7-bf5dd70fc7e6""}";;2026-02-08 00:07:41.060372+00;info;access_control;;;;
03271567-cb9d-47e6-8336-2773dacce8f1;get_user_tier_access;59076801-2403-4e6b-a2f7-bf5dd70fc7e6;"{""pending_amount"":0,""requested_user_id"":""59076801-2403-4e6b-a2f7-bf5dd70fc7e6""}";;2026-02-08 00:07:41.068777+00;info;access_control;;;;
12918f87-041e-4167-a480-037484601d42;get_user_tier_access;59076801-2403-4e6b-a2f7-bf5dd70fc7e6;"{""pending_amount"":0,""requested_user_id"":""59076801-2403-4e6b-a2f7-bf5dd70fc7e6""}";;2026-02-08 00:07:48.489203+00;info;access_control;;;;
e3415aca-f0a3-4b02-939a-d3389e8bc629;get_user_tier_access;d04044c4-bfad-4c60-a361-cc30266fe311;"{""pending_amount"":0,""requested_user_id"":""d04044c4-bfad-4c60-a361-cc30266fe311""}";;2026-02-08 01:48:50.166898+00;info;access_control;;;;
c9a3e352-158a-47a7-b586-bde9eea3abcd;validate_coupon;d04044c4-bfad-4c60-a361-cc30266fe311;"{""code"":""PRIVATECODE""}";;2026-02-08 01:48:58.076424+00;info;financial;;;;
a39265d0-9938-4f04-a573-be813e47ddc4;get_user_tier_access;59076801-2403-4e6b-a2f7-bf5dd70fc7e6;"{""pending_amount"":0,""requested_user_id"":""59076801-2403-4e6b-a2f7-bf5dd70fc7e6""}";;2026-02-08 02:57:39.224302+00;info;access_control;;;;
3bd8099f-0507-4b3b-9404-22f2ba4eb976;get_user_tier_access;59076801-2403-4e6b-a2f7-bf5dd70fc7e6;"{""pending_amount"":0,""requested_user_id"":""59076801-2403-4e6b-a2f7-bf5dd70fc7e6""}";;2026-02-08 02:58:03.078689+00;info;access_control;;;;
37869a24-2901-41b1-9cc7-0784bb10be27;get_user_tier_access;59076801-2403-4e6b-a2f7-bf5dd70fc7e6;"{""pending_amount"":0,""requested_user_id"":""59076801-2403-4e6b-a2f7-bf5dd70fc7e6""}";;2026-02-08 03:08:13.259339+00;info;access_control;;;;
a5dba0d7-a712-4501-a587-b17636b2c3eb;get_user_tier_access;59076801-2403-4e6b-a2f7-bf5dd70fc7e6;"{""pending_amount"":0,""requested_user_id"":""59076801-2403-4e6b-a2f7-bf5dd70fc7e6""}";;2026-02-08 03:47:46.401654+00;info;access_control;;;;
efa2ab4f-0912-40f1-b810-56f614cb1040;password_reset_requested;25cf5979-a732-4242-a02d-f35d9a4dbbf0;"{""email_domain"":""gmail.com""}";;2026-02-08 08:08:31.496584+00;info;authentication;;;;
e66fa6c9-75c3-4129-bb01-692753238b0e;password_reset_requested;25cf5979-a732-4242-a02d-f35d9a4dbbf0;"{""email_domain"":""gmail.com""}";;2026-02-08 08:11:22.923247+00;info;authentication;;;;
6c01a447-449e-4db0-a73c-d1b0a3aa6e05;password_reset_token_invalid;;"{""token_prefix"":""773b5649""}";;2026-02-08 08:16:44.032912+00;warning;authentication;;;;
73a3b5b5-5457-49f1-bce4-ed3ef38fba8f;password_reset_token_validated;;"{""email_domain"":""gmail.com""}";;2026-02-08 08:16:52.146201+00;info;authentication;;;;
2cb2000b-0270-4772-931c-7024b9c08e15;password_reset_completed;25cf5979-a732-4242-a02d-f35d9a4dbbf0;"{""method"":""custom_token""}";;2026-02-08 08:17:00.084352+00;success;authentication;;;;
56e7e0e2-f923-40fe-8b7b-5611ea9534e5;get_user_tier_access;59076801-2403-4e6b-a2f7-bf5dd70fc7e6;"{""pending_amount"":0,""requested_user_id"":""59076801-2403-4e6b-a2f7-bf5dd70fc7e6""}";;2026-02-08 08:17:47.547013+00;info;access_control;;;;
746891b2-15d3-484e-a72e-a89bdfa3ea9c;get_user_tier_access;59076801-2403-4e6b-a2f7-bf5dd70fc7e6;"{""pending_amount"":0,""requested_user_id"":""59076801-2403-4e6b-a2f7-bf5dd70fc7e6""}";;2026-02-08 08:17:51.05156+00;info;access_control;;;;
f40f5cbb-a915-4959-b07d-7e58940d6fcd;get_user_tier_access;59076801-2403-4e6b-a2f7-bf5dd70fc7e6;"{""pending_amount"":0,""requested_user_id"":""59076801-2403-4e6b-a2f7-bf5dd70fc7e6""}";;2026-02-08 08:17:51.281212+00;info;access_control;;;;
6cf905da-1989-4183-8131-ece0ca0a74f9;get_user_tier_access;25cf5979-a732-4242-a02d-f35d9a4dbbf0;"{""pending_amount"":0,""requested_user_id"":""25cf5979-a732-4242-a02d-f35d9a4dbbf0""}";;2026-02-08 08:18:24.616518+00;info;access_control;;;;
eca0fab1-13a4-4cec-b1fa-83f4b8f06ad4;validate_coupon;25cf5979-a732-4242-a02d-f35d9a4dbbf0;"{""code"":""CUSTOMCODE""}";;2026-02-08 08:18:54.04178+00;info;financial;;;;
c7984ed3-9f06-4292-87b4-643dede337f8;validate_coupon;a3d0e416-ea01-4f55-8c41-09087da66edd;"{""code"":""MISTILAUNCH""}";;2026-02-16 13:38:27.837518+00;info;financial;;;;
7ffa14f7-85b0-4f2b-96b4-9264ec6b4a2c;validate_coupon;25cf5979-a732-4242-a02d-f35d9a4dbbf0;"{""code"":""CUSTOMCODE""}";;2026-02-08 08:19:37.399323+00;info;financial;;;;
fe7a11e0-0984-4797-8fc0-41d32ecb18ca;get_user_tier_access;25cf5979-a732-4242-a02d-f35d9a4dbbf0;"{""pending_amount"":93.71,""requested_user_id"":""25cf5979-a732-4242-a02d-f35d9a4dbbf0""}";;2026-02-08 08:21:36.462071+00;info;access_control;;;;
e0160703-9add-4ef6-b944-0332e3e27ee1;checkout_session_created;25cf5979-a732-4242-a02d-f35d9a4dbbf0;"{""amount"":93.71,""order_id"":""1ce7491d-d3e2-4c3c-b272-fccafe28e90a""}";;2026-02-08 08:21:40.381903+00;info;system;;;;
81487840-7e23-4637-acae-6ad00d07d2ec;cashback_processed;25cf5979-a732-4242-a02d-f35d9a4dbbf0;"{""cashback_earned"":0.9449,""cashback_used"":2.28,""new_balance"":0.9449,""order_amount"":93.71,""order_id"":""1ce7491d-d3e2-4c3c-b272-fccafe28e90a""}";;2026-02-08 08:21:59.941391+00;info;financial;;;;
a6d5c379-564d-47bf-ba88-497a9db6749e;payment_verified;25cf5979-a732-4242-a02d-f35d9a4dbbf0;"{""amount"":93.71,""order_id"":""1ce7491d-d3e2-4c3c-b272-fccafe28e90a""}";;2026-02-08 08:22:06.152306+00;success;financial;;;;
7cd40217-7a45-4ef2-8fc6-d142cc16e9e4;get_user_tier_access;25cf5979-a732-4242-a02d-f35d9a4dbbf0;"{""pending_amount"":0,""requested_user_id"":""25cf5979-a732-4242-a02d-f35d9a4dbbf0""}";;2026-02-08 08:22:12.039056+00;info;access_control;;;;
491e6701-d34b-4435-9a50-3ac6ea9c52a8;get_user_tier_access;59076801-2403-4e6b-a2f7-bf5dd70fc7e6;"{""pending_amount"":0,""requested_user_id"":""59076801-2403-4e6b-a2f7-bf5dd70fc7e6""}";;2026-02-08 08:38:26.58376+00;info;access_control;;;;
25f35a2b-4ef1-43f5-88a4-2cb1ea8a7369;get_user_tier_access;59076801-2403-4e6b-a2f7-bf5dd70fc7e6;"{""pending_amount"":0,""requested_user_id"":""59076801-2403-4e6b-a2f7-bf5dd70fc7e6""}";;2026-02-08 08:38:26.828936+00;info;access_control;;;;
aae49777-1603-45cb-9f8b-343252817eac;get_user_tier_access;59076801-2403-4e6b-a2f7-bf5dd70fc7e6;"{""pending_amount"":0,""requested_user_id"":""59076801-2403-4e6b-a2f7-bf5dd70fc7e6""}";;2026-02-08 08:38:34.190883+00;info;access_control;;;;
4518e73f-80d8-4245-b2d3-0f2dfcfba0de;get_user_tier_access;59076801-2403-4e6b-a2f7-bf5dd70fc7e6;"{""pending_amount"":0,""requested_user_id"":""59076801-2403-4e6b-a2f7-bf5dd70fc7e6""}";;2026-02-08 08:38:34.223313+00;info;access_control;;;;
ea296fcc-fa1c-4a2f-bb39-c21b13753c27;get_user_tier_access;59076801-2403-4e6b-a2f7-bf5dd70fc7e6;"{""pending_amount"":0,""requested_user_id"":""59076801-2403-4e6b-a2f7-bf5dd70fc7e6""}";;2026-02-08 08:38:39.48116+00;info;access_control;;;;
d3697975-a44c-486b-88d4-17f3fb7a5333;get_user_tier_access;59076801-2403-4e6b-a2f7-bf5dd70fc7e6;"{""pending_amount"":0,""requested_user_id"":""59076801-2403-4e6b-a2f7-bf5dd70fc7e6""}";;2026-02-08 08:38:41.125888+00;info;access_control;;;;
14c43e9e-703a-4c87-a10f-f40b5a8934c4;get_user_tier_access;59076801-2403-4e6b-a2f7-bf5dd70fc7e6;"{""pending_amount"":0,""requested_user_id"":""59076801-2403-4e6b-a2f7-bf5dd70fc7e6""}";;2026-02-08 11:19:33.310678+00;info;access_control;;;;
1429cc41-0058-403a-aa87-8f86d729fc6e;get_user_tier_access;59076801-2403-4e6b-a2f7-bf5dd70fc7e6;"{""pending_amount"":0,""requested_user_id"":""59076801-2403-4e6b-a2f7-bf5dd70fc7e6""}";;2026-02-08 11:19:33.294261+00;info;access_control;;;;
d13ad608-8494-4def-b36f-1c93f8673b82;get_user_tier_access;59076801-2403-4e6b-a2f7-bf5dd70fc7e6;"{""pending_amount"":0,""requested_user_id"":""59076801-2403-4e6b-a2f7-bf5dd70fc7e6""}";;2026-02-08 11:20:05.32587+00;info;access_control;;;;
d56c01ad-5b4b-4fa8-a957-c26b88c126e8;get_user_tier_access;59076801-2403-4e6b-a2f7-bf5dd70fc7e6;"{""pending_amount"":0,""requested_user_id"":""59076801-2403-4e6b-a2f7-bf5dd70fc7e6""}";;2026-02-08 11:27:10.15341+00;info;access_control;;;;
cce088ed-f944-44df-a899-d38c6eeaf45c;get_user_tier_access;59076801-2403-4e6b-a2f7-bf5dd70fc7e6;"{""pending_amount"":0,""requested_user_id"":""59076801-2403-4e6b-a2f7-bf5dd70fc7e6""}";;2026-02-08 11:27:17.63843+00;info;access_control;;;;
42dadbcf-e3a8-4532-940f-94381ee3b08c;get_user_tier_access;59076801-2403-4e6b-a2f7-bf5dd70fc7e6;"{""pending_amount"":0,""requested_user_id"":""59076801-2403-4e6b-a2f7-bf5dd70fc7e6""}";;2026-02-08 11:27:23.255439+00;info;access_control;;;;
6d50d772-ebf6-4114-b6e5-31f389634a32;get_user_tier_access;59076801-2403-4e6b-a2f7-bf5dd70fc7e6;"{""pending_amount"":0,""requested_user_id"":""59076801-2403-4e6b-a2f7-bf5dd70fc7e6""}";;2026-02-08 11:27:38.282821+00;info;access_control;;;;
3d74fd81-0b5e-4c5e-bfb2-fbaaa0e96b84;get_user_tier_access;59076801-2403-4e6b-a2f7-bf5dd70fc7e6;"{""pending_amount"":0,""requested_user_id"":""59076801-2403-4e6b-a2f7-bf5dd70fc7e6""}";;2026-02-08 11:28:42.751428+00;info;access_control;;;;
4e575ce8-cd6c-4bcb-aa0a-6713e61f7bd6;get_user_tier_access;59076801-2403-4e6b-a2f7-bf5dd70fc7e6;"{""pending_amount"":0,""requested_user_id"":""59076801-2403-4e6b-a2f7-bf5dd70fc7e6""}";;2026-02-08 11:28:50.046749+00;info;access_control;;;;
6fc5261d-e83c-4f4a-a9f2-0960d9cdd045;get_user_tier_access;59076801-2403-4e6b-a2f7-bf5dd70fc7e6;"{""pending_amount"":0,""requested_user_id"":""59076801-2403-4e6b-a2f7-bf5dd70fc7e6""}";;2026-02-08 11:29:54.534868+00;info;access_control;;;;
da10b786-4f88-41c6-ac6f-c9e4b3470f14;get_user_tier_access;59076801-2403-4e6b-a2f7-bf5dd70fc7e6;"{""pending_amount"":0,""requested_user_id"":""59076801-2403-4e6b-a2f7-bf5dd70fc7e6""}";;2026-02-08 11:38:21.158504+00;info;access_control;;;;
58871666-b123-4457-b23d-f7aa514b84f7;get_user_tier_access;59076801-2403-4e6b-a2f7-bf5dd70fc7e6;"{""pending_amount"":0,""requested_user_id"":""59076801-2403-4e6b-a2f7-bf5dd70fc7e6""}";;2026-02-08 11:38:48.639911+00;info;access_control;;;;
02b0f02c-44f2-4406-9db6-99e618afb764;get_user_tier_access;59076801-2403-4e6b-a2f7-bf5dd70fc7e6;"{""pending_amount"":0,""requested_user_id"":""59076801-2403-4e6b-a2f7-bf5dd70fc7e6""}";;2026-02-08 12:02:23.008448+00;info;access_control;;;;
dff9e4e7-a184-45f8-838e-7d3575d5a015;get_user_tier_access;59076801-2403-4e6b-a2f7-bf5dd70fc7e6;"{""pending_amount"":0,""requested_user_id"":""59076801-2403-4e6b-a2f7-bf5dd70fc7e6""}";;2026-02-08 12:19:03.039406+00;info;access_control;;;;
cbf20d6b-6e36-4047-9ae3-e521e8925e97;get_user_tier_access;59076801-2403-4e6b-a2f7-bf5dd70fc7e6;"{""pending_amount"":0,""requested_user_id"":""59076801-2403-4e6b-a2f7-bf5dd70fc7e6""}";;2026-02-08 13:00:33.543611+00;info;access_control;;;;
67d3a486-3756-4abc-965b-9f181234d132;get_user_tier_access;59076801-2403-4e6b-a2f7-bf5dd70fc7e6;"{""pending_amount"":0,""requested_user_id"":""59076801-2403-4e6b-a2f7-bf5dd70fc7e6""}";;2026-02-08 13:59:03.450004+00;info;access_control;;;;
8ff1205d-b29c-42e2-a8c4-8e0a57d49dc6;get_user_tier_access;bbf97561-98f7-4267-9c64-a7a5d556fedf;"{""pending_amount"":0,""requested_user_id"":""bbf97561-98f7-4267-9c64-a7a5d556fedf""}";;2026-02-08 14:27:05.485397+00;info;access_control;;;;
e705552b-e2b2-4996-aca9-dc917d1e1fa0;get_user_tier_access;59076801-2403-4e6b-a2f7-bf5dd70fc7e6;"{""pending_amount"":0,""requested_user_id"":""59076801-2403-4e6b-a2f7-bf5dd70fc7e6""}";;2026-02-08 14:57:33.491921+00;info;access_control;;;;
a651259d-a45a-45b4-87e6-f011fbd1b787;get_user_tier_access;7c081f7b-8c2d-4a19-b4f3-2f98fae49d7b;"{""pending_amount"":0,""requested_user_id"":""7c081f7b-8c2d-4a19-b4f3-2f98fae49d7b""}";;2026-02-08 15:11:24.939125+00;info;access_control;;;;
e2d749cb-26cd-4d76-bdba-a775564b6de9;get_user_tier_access;7c081f7b-8c2d-4a19-b4f3-2f98fae49d7b;"{""pending_amount"":215.54,""requested_user_id"":""7c081f7b-8c2d-4a19-b4f3-2f98fae49d7b""}";;2026-02-08 15:12:43.196473+00;info;access_control;;;;
245e5b4c-3f2d-4b5a-b257-8f49f12d66b5;checkout_session_created;7c081f7b-8c2d-4a19-b4f3-2f98fae49d7b;"{""amount"":215.54,""order_id"":""925f0f12-1fd5-4b7c-9940-67182f9d0dcb""}";;2026-02-08 15:12:45.671161+00;info;system;;;;
bc649b1d-eee3-48bc-b6ec-49fc16ab3826;cashback_processed;7c081f7b-8c2d-4a19-b4f3-2f98fae49d7b;"{""cashback_earned"":2.1553999999999998,""cashback_used"":0,""new_balance"":5.0725,""order_amount"":215.54,""order_id"":""925f0f12-1fd5-4b7c-9940-67182f9d0dcb""}";;2026-02-08 15:13:05.174202+00;info;financial;;;;
cada5960-af7c-4616-bb81-ec3dcaa0b26d;payment_verified;7c081f7b-8c2d-4a19-b4f3-2f98fae49d7b;"{""amount"":215.54,""order_id"":""925f0f12-1fd5-4b7c-9940-67182f9d0dcb""}";;2026-02-08 15:13:06.815163+00;success;financial;;;;
459e1188-1e1a-48d9-9323-2e9331f718eb;get_user_tier_access;59076801-2403-4e6b-a2f7-bf5dd70fc7e6;"{""pending_amount"":0,""requested_user_id"":""59076801-2403-4e6b-a2f7-bf5dd70fc7e6""}";;2026-02-08 15:56:03.783213+00;info;access_control;;;;
1e3c470d-4931-48b5-8200-c863bcf83dd3;get_user_tier_access;59076801-2403-4e6b-a2f7-bf5dd70fc7e6;"{""pending_amount"":0,""requested_user_id"":""59076801-2403-4e6b-a2f7-bf5dd70fc7e6""}";;2026-02-08 16:54:33.542217+00;info;access_control;;;;
16e7e8d6-27b3-4df1-9231-13864483a65f;get_user_tier_access;59076801-2403-4e6b-a2f7-bf5dd70fc7e6;"{""pending_amount"":0,""requested_user_id"":""59076801-2403-4e6b-a2f7-bf5dd70fc7e6""}";;2026-02-08 17:53:03.640406+00;info;access_control;;;;
616beb03-16c4-4928-b713-12712d282374;get_user_tier_access;59076801-2403-4e6b-a2f7-bf5dd70fc7e6;"{""pending_amount"":0,""requested_user_id"":""59076801-2403-4e6b-a2f7-bf5dd70fc7e6""}";;2026-02-08 18:37:34.685903+00;info;access_control;;;;
81e4ccad-8598-4d68-ba33-080677602a2d;get_user_tier_access;59076801-2403-4e6b-a2f7-bf5dd70fc7e6;"{""pending_amount"":0,""requested_user_id"":""59076801-2403-4e6b-a2f7-bf5dd70fc7e6""}";;2026-02-08 18:37:39.841557+00;info;access_control;;;;
ab33c936-90c5-49d5-93fc-0e0765d08ce4;get_user_tier_access;59076801-2403-4e6b-a2f7-bf5dd70fc7e6;"{""pending_amount"":0,""requested_user_id"":""59076801-2403-4e6b-a2f7-bf5dd70fc7e6""}";;2026-02-08 18:37:39.85457+00;info;access_control;;;;
ee5d547d-7761-4c3a-be1d-b37e226480d8;get_user_tier_access;59076801-2403-4e6b-a2f7-bf5dd70fc7e6;"{""pending_amount"":0,""requested_user_id"":""59076801-2403-4e6b-a2f7-bf5dd70fc7e6""}";;2026-02-08 18:37:49.826805+00;info;access_control;;;;
c61717fa-6928-4d37-9043-88b52ade6a69;get_user_tier_access;59076801-2403-4e6b-a2f7-bf5dd70fc7e6;"{""pending_amount"":0,""requested_user_id"":""59076801-2403-4e6b-a2f7-bf5dd70fc7e6""}";;2026-02-08 18:37:51.331001+00;info;access_control;;;;
b70cc756-6f16-40e0-a724-ff1baa058ded;get_user_tier_access;67047467-dcbb-4fa4-9d77-66aa6eb7f229;"{""pending_amount"":0,""requested_user_id"":""67047467-dcbb-4fa4-9d77-66aa6eb7f229""}";;2026-02-09 06:22:29.246121+00;info;access_control;;;;
5a000217-c48d-4c3a-8a72-81c6fc3c914a;get_user_tier_access;67047467-dcbb-4fa4-9d77-66aa6eb7f229;"{""pending_amount"":0,""requested_user_id"":""67047467-dcbb-4fa4-9d77-66aa6eb7f229""}";;2026-02-09 06:22:29.230418+00;info;access_control;;;;
33c89a01-845e-46b5-8299-e48a8d80e8ee;get_user_tier_access;a6d532e1-cbe4-4862-a70a-f1b7762e3143;"{""pending_amount"":0,""requested_user_id"":""a6d532e1-cbe4-4862-a70a-f1b7762e3143""}";;2026-02-09 07:46:10.344296+00;info;access_control;;;;
3b845723-a6f6-4cd4-a9ef-8dbc45dc80f4;get_user_tier_access;a6d532e1-cbe4-4862-a70a-f1b7762e3143;"{""pending_amount"":0,""requested_user_id"":""a6d532e1-cbe4-4862-a70a-f1b7762e3143""}";;2026-02-09 07:46:11.666011+00;info;access_control;;;;
19b3d9d6-a9bf-42fb-8981-5eb787e14fef;get_user_tier_access;a6d532e1-cbe4-4862-a70a-f1b7762e3143;"{""pending_amount"":0,""requested_user_id"":""a6d532e1-cbe4-4862-a70a-f1b7762e3143""}";;2026-02-09 07:46:11.734828+00;info;access_control;;;;
e3e9f13e-9cc7-464d-bbb3-02a01abdc32c;get_user_tier_access;a6d532e1-cbe4-4862-a70a-f1b7762e3143;"{""pending_amount"":0,""requested_user_id"":""a6d532e1-cbe4-4862-a70a-f1b7762e3143""}";;2026-02-09 07:46:12.998597+00;info;access_control;;;;
3033924f-4d23-4191-b5e7-4ecd8c287efb;get_user_tier_access;a6d532e1-cbe4-4862-a70a-f1b7762e3143;"{""pending_amount"":0,""requested_user_id"":""a6d532e1-cbe4-4862-a70a-f1b7762e3143""}";;2026-02-09 07:46:13.006432+00;info;access_control;;;;
0d3e4abd-d540-4596-9354-149ead7d8a41;get_user_tier_access;a6d532e1-cbe4-4862-a70a-f1b7762e3143;"{""pending_amount"":0,""requested_user_id"":""a6d532e1-cbe4-4862-a70a-f1b7762e3143""}";;2026-02-09 07:47:01.82966+00;info;access_control;;;;
6b326865-5b61-4a02-a484-06426693fbaf;get_user_tier_access;a6d532e1-cbe4-4862-a70a-f1b7762e3143;"{""pending_amount"":0,""requested_user_id"":""a6d532e1-cbe4-4862-a70a-f1b7762e3143""}";;2026-02-09 07:48:00.649238+00;info;access_control;;;;
9947687c-b226-473a-b0c7-fe2c31a939a3;get_user_tier_access;a6d532e1-cbe4-4862-a70a-f1b7762e3143;"{""pending_amount"":0,""requested_user_id"":""a6d532e1-cbe4-4862-a70a-f1b7762e3143""}";;2026-02-09 07:48:00.656357+00;info;access_control;;;;
6f81fa29-262c-4026-8420-bd21698a2bd1;get_user_tier_access;a6d532e1-cbe4-4862-a70a-f1b7762e3143;"{""pending_amount"":0,""requested_user_id"":""a6d532e1-cbe4-4862-a70a-f1b7762e3143""}";;2026-02-09 07:49:00.849088+00;info;access_control;;;;
65c818d0-12e9-4ffc-900a-478d1caa5096;get_user_tier_access;a6d532e1-cbe4-4862-a70a-f1b7762e3143;"{""pending_amount"":0,""requested_user_id"":""a6d532e1-cbe4-4862-a70a-f1b7762e3143""}";;2026-02-09 07:51:17.260704+00;info;access_control;;;;
f7beee7c-6029-4f86-9731-3f078b971a66;get_user_tier_access;a6d532e1-cbe4-4862-a70a-f1b7762e3143;"{""pending_amount"":0,""requested_user_id"":""a6d532e1-cbe4-4862-a70a-f1b7762e3143""}";;2026-02-09 07:51:18.294174+00;info;access_control;;;;
8d44d1fd-3e7f-4af9-91f0-e5718aa5542d;get_user_tier_access;a6d532e1-cbe4-4862-a70a-f1b7762e3143;"{""pending_amount"":0,""requested_user_id"":""a6d532e1-cbe4-4862-a70a-f1b7762e3143""}";;2026-02-09 07:51:18.304873+00;info;access_control;;;;
3e7bb427-a6ec-4cc5-84f2-2d84aa24415c;get_user_tier_access;a6d532e1-cbe4-4862-a70a-f1b7762e3143;"{""pending_amount"":0,""requested_user_id"":""a6d532e1-cbe4-4862-a70a-f1b7762e3143""}";;2026-02-09 07:51:57.214907+00;info;access_control;;;;
7cbc584e-39d5-4a64-936b-ff289d86b014;get_user_tier_access;a6d532e1-cbe4-4862-a70a-f1b7762e3143;"{""pending_amount"":0,""requested_user_id"":""a6d532e1-cbe4-4862-a70a-f1b7762e3143""}";;2026-02-09 07:52:03.506518+00;info;access_control;;;;
38a5adaf-5cbb-4bbe-afda-c20bf4c44baa;get_user_tier_access;a6d532e1-cbe4-4862-a70a-f1b7762e3143;"{""pending_amount"":0,""requested_user_id"":""a6d532e1-cbe4-4862-a70a-f1b7762e3143""}";;2026-02-09 07:55:27.867788+00;info;access_control;;;;
334f13ae-819f-4423-9319-5a8113d15b3c;get_user_tier_access;a6d532e1-cbe4-4862-a70a-f1b7762e3143;"{""pending_amount"":0,""requested_user_id"":""a6d532e1-cbe4-4862-a70a-f1b7762e3143""}";;2026-02-09 07:55:30.049039+00;info;access_control;;;;
97e2d6bb-756a-4526-9b35-d0233a6623c6;get_user_tier_access;a6d532e1-cbe4-4862-a70a-f1b7762e3143;"{""pending_amount"":0,""requested_user_id"":""a6d532e1-cbe4-4862-a70a-f1b7762e3143""}";;2026-02-09 07:55:30.05927+00;info;access_control;;;;
2d75f112-a827-484f-a470-b001e7d37af8;get_user_tier_access;95b19753-fc40-47a5-9a37-147e0ef3d367;"{""pending_amount"":0,""requested_user_id"":""95b19753-fc40-47a5-9a37-147e0ef3d367""}";;2026-02-09 08:51:13.060794+00;info;access_control;;;;
76527b17-73e5-4194-86ab-9d62893604ed;get_user_tier_access;95b19753-fc40-47a5-9a37-147e0ef3d367;"{""pending_amount"":0,""requested_user_id"":""95b19753-fc40-47a5-9a37-147e0ef3d367""}";;2026-02-09 08:51:56.810079+00;info;access_control;;;;
b067d8cf-a8f4-47ca-a169-88827d73def7;get_user_tier_access;67047467-dcbb-4fa4-9d77-66aa6eb7f229;"{""pending_amount"":0,""requested_user_id"":""67047467-dcbb-4fa4-9d77-66aa6eb7f229""}";;2026-02-09 08:52:06.334344+00;info;access_control;;;;
d6c060d3-9992-459b-9365-184666d98329;get_user_tier_access;67047467-dcbb-4fa4-9d77-66aa6eb7f229;"{""pending_amount"":0,""requested_user_id"":""67047467-dcbb-4fa4-9d77-66aa6eb7f229""}";;2026-02-09 08:52:06.345835+00;info;access_control;;;;
8313ee22-03d0-4290-b486-9ad067b7ad36;get_user_tier_access;67047467-dcbb-4fa4-9d77-66aa6eb7f229;"{""pending_amount"":0,""requested_user_id"":""67047467-dcbb-4fa4-9d77-66aa6eb7f229""}";;2026-02-09 08:52:06.362495+00;info;access_control;;;;
62fc3703-fece-465e-af97-466830c75d9d;get_user_tier_access;67047467-dcbb-4fa4-9d77-66aa6eb7f229;"{""pending_amount"":0,""requested_user_id"":""67047467-dcbb-4fa4-9d77-66aa6eb7f229""}";;2026-02-09 08:52:55.989458+00;info;access_control;;;;
4e4edac2-720f-4446-a020-781f9a0ff3f3;get_user_tier_access;95b19753-fc40-47a5-9a37-147e0ef3d367;"{""pending_amount"":133.33333333333334,""requested_user_id"":""95b19753-fc40-47a5-9a37-147e0ef3d367""}";;2026-02-09 08:53:03.913778+00;info;access_control;;;;
2fc60655-5e77-47fb-8475-12ae34cae8d7;checkout_session_created;95b19753-fc40-47a5-9a37-147e0ef3d367;"{""amount"":133.33333333333334,""order_id"":""22dec4de-ff98-4b80-9582-d83b155d0309""}";;2026-02-09 08:53:06.865675+00;info;system;;;;
0a72dcfc-d0be-431b-a921-6effb9d77122;get_user_tier_access;95b19753-fc40-47a5-9a37-147e0ef3d367;"{""pending_amount"":0,""requested_user_id"":""95b19753-fc40-47a5-9a37-147e0ef3d367""}";;2026-02-09 08:53:25.910412+00;info;access_control;;;;
8e8fbb89-374f-4d24-ba1f-c05d5d0670c0;validate_coupon;95b19753-fc40-47a5-9a37-147e0ef3d367;"{""code"":""TF7TBFQW""}";;2026-02-09 08:53:47.536436+00;info;financial;;;;
d8ffd669-754c-4f41-ba5f-92f636192e4e;get_user_tier_access;95b19753-fc40-47a5-9a37-147e0ef3d367;"{""pending_amount"":0,""requested_user_id"":""95b19753-fc40-47a5-9a37-147e0ef3d367""}";;2026-02-09 08:54:02.765424+00;info;access_control;;;;
8e8e8dea-d09f-4782-8c80-a865f383467a;get_user_tier_access;67047467-dcbb-4fa4-9d77-66aa6eb7f229;"{""pending_amount"":0,""requested_user_id"":""67047467-dcbb-4fa4-9d77-66aa6eb7f229""}";;2026-02-09 09:36:19.676595+00;info;access_control;;;;
ecdcf36a-6bf1-4b14-9ee4-3f8a0f77af70;get_user_tier_access;67047467-dcbb-4fa4-9d77-66aa6eb7f229;"{""pending_amount"":0,""requested_user_id"":""67047467-dcbb-4fa4-9d77-66aa6eb7f229""}";;2026-02-09 09:36:19.687221+00;info;access_control;;;;
5bc74400-405f-4a79-9550-3bd7d60af528;get_user_tier_access;67047467-dcbb-4fa4-9d77-66aa6eb7f229;"{""pending_amount"":0,""requested_user_id"":""67047467-dcbb-4fa4-9d77-66aa6eb7f229""}";;2026-02-09 09:36:21.814064+00;info;access_control;;;;
9f32c8ee-ec9c-420c-9dc7-d90c2e447f77;get_user_tier_access;67047467-dcbb-4fa4-9d77-66aa6eb7f229;"{""pending_amount"":0,""requested_user_id"":""67047467-dcbb-4fa4-9d77-66aa6eb7f229""}";;2026-02-09 09:36:32.084159+00;info;access_control;;;;
805117d2-0d7d-40ba-8c1c-f822770e0e83;get_user_tier_access;67047467-dcbb-4fa4-9d77-66aa6eb7f229;"{""pending_amount"":0,""requested_user_id"":""67047467-dcbb-4fa4-9d77-66aa6eb7f229""}";;2026-02-09 09:36:32.086121+00;info;access_control;;;;
bdb45188-500b-4365-85aa-f21c493bb937;get_user_tier_access;a3d0e416-ea01-4f55-8c41-09087da66edd;"{""pending_amount"":259.56,""requested_user_id"":""a3d0e416-ea01-4f55-8c41-09087da66edd""}";;2026-02-16 13:38:39.189364+00;info;access_control;;;;
6a1b9fd3-6f8c-46d8-9146-35d29141c1f3;get_user_tier_access;67047467-dcbb-4fa4-9d77-66aa6eb7f229;"{""pending_amount"":0,""requested_user_id"":""67047467-dcbb-4fa4-9d77-66aa6eb7f229""}";;2026-02-09 09:36:34.138138+00;info;access_control;;;;
eb86d728-337f-4650-87f5-629d424ba0ce;get_user_tier_access;67047467-dcbb-4fa4-9d77-66aa6eb7f229;"{""pending_amount"":0,""requested_user_id"":""67047467-dcbb-4fa4-9d77-66aa6eb7f229""}";;2026-02-09 09:36:34.142744+00;info;access_control;;;;
daeb4930-55e1-4fcc-acf4-1db5bfc8f7d2;get_user_tier_access;67047467-dcbb-4fa4-9d77-66aa6eb7f229;"{""pending_amount"":0,""requested_user_id"":""67047467-dcbb-4fa4-9d77-66aa6eb7f229""}";;2026-02-09 09:36:37.714506+00;info;access_control;;;;
eef3be39-e1fe-4584-8136-a92ecbcdfe3c;get_user_tier_access;67047467-dcbb-4fa4-9d77-66aa6eb7f229;"{""pending_amount"":0,""requested_user_id"":""67047467-dcbb-4fa4-9d77-66aa6eb7f229""}";;2026-02-09 09:37:02.951579+00;info;access_control;;;;
2afb7fc8-f107-44a8-bae8-f7b41dd080e8;get_user_tier_access;67047467-dcbb-4fa4-9d77-66aa6eb7f229;"{""pending_amount"":0,""requested_user_id"":""67047467-dcbb-4fa4-9d77-66aa6eb7f229""}";;2026-02-09 09:37:10.978832+00;info;access_control;;;;
316d123a-4c1d-4227-8b3d-f71199d720b2;get_user_tier_access;67047467-dcbb-4fa4-9d77-66aa6eb7f229;"{""pending_amount"":0,""requested_user_id"":""67047467-dcbb-4fa4-9d77-66aa6eb7f229""}";;2026-02-09 09:37:10.978864+00;info;access_control;;;;
dc3dfe52-2397-4d64-a83f-11643dd041ee;get_user_tier_access;67047467-dcbb-4fa4-9d77-66aa6eb7f229;"{""pending_amount"":0,""requested_user_id"":""67047467-dcbb-4fa4-9d77-66aa6eb7f229""}";;2026-02-09 09:37:13.605355+00;info;access_control;;;;
07c1d202-efa0-4580-a2dc-a707bbe77c0f;get_user_tier_access;67047467-dcbb-4fa4-9d77-66aa6eb7f229;"{""pending_amount"":0,""requested_user_id"":""67047467-dcbb-4fa4-9d77-66aa6eb7f229""}";;2026-02-09 09:37:13.626245+00;info;access_control;;;;
86bf2cf0-b036-4294-90fd-c6f6348a47b6;validate_coupon;95b19753-fc40-47a5-9a37-147e0ef3d367;"{""code"":""TF7TBFQW""}";;2026-02-09 09:37:31.176164+00;info;financial;;;;
e364ae9d-dd1c-46b8-8980-7781dc2f1cbc;validate_coupon;95b19753-fc40-47a5-9a37-147e0ef3d367;"{""code"":""TF7TBFQW""}";;2026-02-09 09:37:40.169836+00;info;financial;;;;
8c53b3e0-50b7-47d1-a8db-9b8ed6f1070b;get_user_tier_access;67047467-dcbb-4fa4-9d77-66aa6eb7f229;"{""pending_amount"":0,""requested_user_id"":""67047467-dcbb-4fa4-9d77-66aa6eb7f229""}";;2026-02-09 09:38:26.115516+00;info;access_control;;;;
b1acdf58-53af-4f0d-9d52-78ca31090982;get_user_tier_access;67047467-dcbb-4fa4-9d77-66aa6eb7f229;"{""pending_amount"":0,""requested_user_id"":""67047467-dcbb-4fa4-9d77-66aa6eb7f229""}";;2026-02-09 09:38:26.127272+00;info;access_control;;;;
ee849a10-1bbf-4388-8870-2ecf9d23cbe6;get_user_tier_access;67047467-dcbb-4fa4-9d77-66aa6eb7f229;"{""pending_amount"":0,""requested_user_id"":""67047467-dcbb-4fa4-9d77-66aa6eb7f229""}";;2026-02-09 09:38:30.715403+00;info;access_control;;;;
20177ed5-4a76-4225-bff0-a9d2059b29e9;get_user_tier_access;67047467-dcbb-4fa4-9d77-66aa6eb7f229;"{""pending_amount"":0,""requested_user_id"":""67047467-dcbb-4fa4-9d77-66aa6eb7f229""}";;2026-02-09 09:38:35.460611+00;info;access_control;;;;
3df30a71-8318-479d-802c-bfe72be8aa27;get_user_tier_access;95b19753-fc40-47a5-9a37-147e0ef3d367;"{""pending_amount"":0,""requested_user_id"":""95b19753-fc40-47a5-9a37-147e0ef3d367""}";;2026-02-09 09:39:10.599639+00;info;access_control;;;;
ee990db8-a7b0-4d21-9756-d310263c486e;get_user_tier_access;95b19753-fc40-47a5-9a37-147e0ef3d367;"{""pending_amount"":0,""requested_user_id"":""95b19753-fc40-47a5-9a37-147e0ef3d367""}";;2026-02-09 09:40:10.707278+00;info;access_control;;;;
5943a1a3-322b-4de6-a165-4fe6176a143a;get_user_tier_access;95b19753-fc40-47a5-9a37-147e0ef3d367;"{""pending_amount"":0,""requested_user_id"":""95b19753-fc40-47a5-9a37-147e0ef3d367""}";;2026-02-09 09:40:22.531325+00;info;access_control;;;;
71de1133-01d3-4345-8b14-bae9770ab28e;get_user_tier_access;67047467-dcbb-4fa4-9d77-66aa6eb7f229;"{""pending_amount"":133.33333333333334,""requested_user_id"":""67047467-dcbb-4fa4-9d77-66aa6eb7f229""}";;2026-02-09 09:42:26.66503+00;info;access_control;;;;
7c7d16e6-8ba7-44cd-bf80-9afb79237b8c;checkout_session_created;67047467-dcbb-4fa4-9d77-66aa6eb7f229;"{""amount"":133.33333333333334,""order_id"":""f9000086-74a6-4daa-acb8-4b62e7baec07""}";;2026-02-09 09:42:28.887982+00;info;system;;;;
5f1234bd-f814-46e1-ac12-d6851d7ddc89;get_user_tier_access;03765a40-f338-4035-a2ba-8928fff30834;"{""pending_amount"":0,""requested_user_id"":""1e66ccf6-ec5d-4c84-81f4-c413a8b845ff""}";;2026-02-09 09:43:53.208913+00;info;access_control;;;;
57219637-2e8c-4e27-9089-7de22628ba8a;cashback_processed;67047467-dcbb-4fa4-9d77-66aa6eb7f229;"{""cashback_earned"":1.3333333333333335,""cashback_used"":0,""new_balance"":1.8793333333333335,""order_amount"":133.33,""order_id"":""f9000086-74a6-4daa-acb8-4b62e7baec07""}";;2026-02-09 09:44:17.193724+00;info;financial;;;;
9ed6248b-5d72-40bc-bf60-a9de79822a7b;payment_verified;67047467-dcbb-4fa4-9d77-66aa6eb7f229;"{""amount"":133.33,""order_id"":""f9000086-74a6-4daa-acb8-4b62e7baec07""}";;2026-02-09 09:44:18.432878+00;success;financial;;;;
60d21ce9-f4ae-4d6f-b09f-56abe215d8fc;get_user_tier_access;67047467-dcbb-4fa4-9d77-66aa6eb7f229;"{""pending_amount"":0,""requested_user_id"":""67047467-dcbb-4fa4-9d77-66aa6eb7f229""}";;2026-02-09 09:44:26.296285+00;info;access_control;;;;
3917a76b-1626-4fba-8013-c7d7f645d88c;get_user_tier_access;67047467-dcbb-4fa4-9d77-66aa6eb7f229;"{""pending_amount"":0,""requested_user_id"":""67047467-dcbb-4fa4-9d77-66aa6eb7f229""}";;2026-02-09 09:44:36.947317+00;info;access_control;;;;
7d497c5b-a4b0-4621-aa28-0e9f5c65d6af;get_user_tier_access;67047467-dcbb-4fa4-9d77-66aa6eb7f229;"{""pending_amount"":0,""requested_user_id"":""67047467-dcbb-4fa4-9d77-66aa6eb7f229""}";;2026-02-09 09:45:04.795607+00;info;access_control;;;;
97a73ea1-c2af-4e9a-b2bc-7dbc7cc89d99;get_user_tier_access;03765a40-f338-4035-a2ba-8928fff30834;"{""pending_amount"":0,""requested_user_id"":""03765a40-f338-4035-a2ba-8928fff30834""}";;2026-02-09 10:08:37.122687+00;info;access_control;;;;
c29ef3bc-5845-4172-9a18-67fafcd358b7;validate_coupon;03765a40-f338-4035-a2ba-8928fff30834;"{""code"":""TF7TBFQW""}";;2026-02-09 10:08:48.813141+00;info;financial;;;;
8665faad-ae54-4bdb-924a-8fff59d9fed6;validate_coupon;03765a40-f338-4035-a2ba-8928fff30834;"{""code"":""TF7TBFQW""}";;2026-02-09 10:09:11.04909+00;info;financial;;;;
ad5dca0a-9355-45c1-aeaf-7f9f4966f53f;validate_coupon;03765a40-f338-4035-a2ba-8928fff30834;"{""code"":""PRIVATECODE""}";;2026-02-09 10:09:27.404993+00;info;financial;;;;
9253630c-7d17-4095-8650-ae0f16938548;get_user_tier_access;67047467-dcbb-4fa4-9d77-66aa6eb7f229;"{""pending_amount"":0,""requested_user_id"":""67047467-dcbb-4fa4-9d77-66aa6eb7f229""}";;2026-02-09 12:30:54.842712+00;info;access_control;;;;
13ac5629-bc24-4cff-af00-39944191acc8;get_user_tier_access;67047467-dcbb-4fa4-9d77-66aa6eb7f229;"{""pending_amount"":0,""requested_user_id"":""67047467-dcbb-4fa4-9d77-66aa6eb7f229""}";;2026-02-09 12:30:54.883837+00;info;access_control;;;;
172c1df7-7bfc-4930-a02c-ba0287932445;get_user_tier_access;67047467-dcbb-4fa4-9d77-66aa6eb7f229;"{""pending_amount"":0,""requested_user_id"":""67047467-dcbb-4fa4-9d77-66aa6eb7f229""}";;2026-02-09 12:30:54.889352+00;info;access_control;;;;
2d568d60-1ed7-40fc-bd74-411712601d34;get_user_tier_access;03765a40-f338-4035-a2ba-8928fff30834;"{""pending_amount"":0,""requested_user_id"":""ab074fc5-e079-479b-bec0-5eda6bfaca87""}";;2026-02-09 13:04:54.783219+00;info;access_control;;;;
6350f7d2-5a17-428a-84b6-c27cb645153f;get_user_tier_access;e72e8ad6-4f84-48ec-b0ed-069010004d1a;"{""pending_amount"":0,""requested_user_id"":""e72e8ad6-4f84-48ec-b0ed-069010004d1a""}";;2026-02-09 14:02:41.533885+00;info;access_control;;;;
a3b635be-a1cd-49df-b9ed-c93aa0ae5fc6;get_user_tier_access;e72e8ad6-4f84-48ec-b0ed-069010004d1a;"{""pending_amount"":0,""requested_user_id"":""e72e8ad6-4f84-48ec-b0ed-069010004d1a""}";;2026-02-09 14:02:43.909722+00;info;access_control;;;;
c010af99-6682-4c12-8ae1-d16af78ea13e;get_user_tier_access;e72e8ad6-4f84-48ec-b0ed-069010004d1a;"{""pending_amount"":0,""requested_user_id"":""e72e8ad6-4f84-48ec-b0ed-069010004d1a""}";;2026-02-09 14:02:44.134427+00;info;access_control;;;;
1c2e405f-6b05-4bb6-a3fa-dfa37a1b51d1;get_user_tier_access;03765a40-f338-4035-a2ba-8928fff30834;"{""pending_amount"":0,""requested_user_id"":""03765a40-f338-4035-a2ba-8928fff30834""}";;2026-02-09 23:27:31.584047+00;info;access_control;;;;
13b9dd5b-3d91-4475-bf1f-651cb84433b4;validate_coupon;03765a40-f338-4035-a2ba-8928fff30834;"{""code"":""TNW5NYKT""}";;2026-02-09 23:27:33.670781+00;info;financial;;;;
281fc91f-4dbc-4c91-893a-f512e775f247;validate_coupon;03765a40-f338-4035-a2ba-8928fff30834;"{""code"":""PRIVATECODE""}";;2026-02-09 23:27:41.049501+00;info;financial;;;;
172306dd-8852-40cf-a169-89aaefcef890;get_user_tier_access;b6d71e3a-51bd-4344-a738-cfbf4bb9e2e8;"{""pending_amount"":0,""requested_user_id"":""b6d71e3a-51bd-4344-a738-cfbf4bb9e2e8""}";;2026-02-10 00:09:40.648111+00;info;access_control;;;;
82205779-4c63-4bd8-807a-9128c4b791df;validate_coupon;b6d71e3a-51bd-4344-a738-cfbf4bb9e2e8;"{""code"":""PRIVATECODE""}";;2026-02-10 00:09:44.552965+00;info;financial;;;;
16566634-1639-4863-92ab-ec874d89ce2b;get_user_tier_access;b6d71e3a-51bd-4344-a738-cfbf4bb9e2e8;"{""pending_amount"":136,""requested_user_id"":""b6d71e3a-51bd-4344-a738-cfbf4bb9e2e8""}";;2026-02-10 00:10:56.944171+00;info;access_control;;;;
7298bb64-f1ad-4d38-9837-6617bcd4263c;checkout_session_created;b6d71e3a-51bd-4344-a738-cfbf4bb9e2e8;"{""amount"":136,""order_id"":""01d6deb9-8653-43f1-8f39-175a34c3c291""}";;2026-02-10 00:10:59.277039+00;info;system;;;;
7bba55a6-31de-4411-b9f1-a60338f242ab;cashback_processed;b6d71e3a-51bd-4344-a738-cfbf4bb9e2e8;"{""cashback_earned"":1.36,""cashback_used"":0,""new_balance"":2.48018,""order_amount"":136,""order_id"":""01d6deb9-8653-43f1-8f39-175a34c3c291""}";;2026-02-10 00:11:49.982872+00;info;financial;;;;
8effa166-2058-44b4-ab9c-2e1162995acc;payment_verified;b6d71e3a-51bd-4344-a738-cfbf4bb9e2e8;"{""amount"":136,""order_id"":""01d6deb9-8653-43f1-8f39-175a34c3c291""}";;2026-02-10 00:11:52.285397+00;success;financial;;;;
bdb9b20a-d6e4-4dc3-9467-160a965fc03c;get_user_tier_access;bbf97561-98f7-4267-9c64-a7a5d556fedf;"{""pending_amount"":0,""requested_user_id"":""bbf97561-98f7-4267-9c64-a7a5d556fedf""}";;2026-02-10 00:52:25.203716+00;info;access_control;;;;
a5710999-f479-4e21-8667-1dd7874736e4;get_user_tier_access;bbf97561-98f7-4267-9c64-a7a5d556fedf;"{""pending_amount"":0,""requested_user_id"":""bbf97561-98f7-4267-9c64-a7a5d556fedf""}";;2026-02-10 01:07:31.629245+00;info;access_control;;;;
afd9c5c1-d506-4f42-9059-23a1b6cfb244;validate_coupon;bbf97561-98f7-4267-9c64-a7a5d556fedf;"{""code"":""QYGX7MUP""}";;2026-02-10 01:08:57.38532+00;info;financial;;;;
5262a1c3-7a67-4502-a161-3c95db6a1e76;get_user_tier_access;03765a40-f338-4035-a2ba-8928fff30834;"{""pending_amount"":0,""requested_user_id"":""409584dd-b486-42b8-84bb-0195fd48df3c""}";;2026-02-10 01:09:22.831971+00;info;access_control;;;;
adffa7e2-d86f-4dd9-9775-bca4814c46ed;get_user_tier_access;03765a40-f338-4035-a2ba-8928fff30834;"{""pending_amount"":0,""requested_user_id"":""26c2d3ef-83f1-40c2-bd53-fc2e30ca7f87""}";;2026-02-10 01:09:28.557352+00;info;access_control;;;;
3a19abd1-d5fc-45b1-9574-c3f4b51f9b15;get_user_tier_access;03765a40-f338-4035-a2ba-8928fff30834;"{""pending_amount"":0,""requested_user_id"":""ba1422b5-8911-43bb-b075-114d38ed0546""}";;2026-02-10 01:09:29.988494+00;info;access_control;;;;
9fb68e5a-93ad-462f-bdd9-e6009d679a39;get_user_tier_access;03765a40-f338-4035-a2ba-8928fff30834;"{""pending_amount"":0,""requested_user_id"":""44d23aa4-9329-426b-b7af-7d7e2bfbcf34""}";;2026-02-10 01:09:32.702377+00;info;access_control;;;;
8bb3553d-7a3f-4fbf-aa0f-1580d847c9ff;get_user_tier_access;03765a40-f338-4035-a2ba-8928fff30834;"{""pending_amount"":0,""requested_user_id"":""4dee4c62-89bb-460c-be5c-e36a4d0fd4c7""}";;2026-02-10 01:09:35.194619+00;info;access_control;;;;
31695fd3-9160-4a35-8ed7-1b75f27c2646;get_user_tier_access;03765a40-f338-4035-a2ba-8928fff30834;"{""pending_amount"":0,""requested_user_id"":""8dfd7ff6-5bb5-4c09-be1d-bde4d789a622""}";;2026-02-10 01:09:38.424443+00;info;access_control;;;;
c66a2be5-96d2-4f53-87ff-009ddbdb4488;get_user_tier_access;bbf97561-98f7-4267-9c64-a7a5d556fedf;"{""pending_amount"":216.524,""requested_user_id"":""bbf97561-98f7-4267-9c64-a7a5d556fedf""}";;2026-02-10 01:09:40.993968+00;info;access_control;;;;
59d4f3d7-a8f0-4fe4-b25e-28ac1e3b5571;get_user_tier_access;03765a40-f338-4035-a2ba-8928fff30834;"{""pending_amount"":0,""requested_user_id"":""b9292426-03e0-4dcf-97fd-8e105b8b760d""}";;2026-02-10 01:09:41.984714+00;info;access_control;;;;
50deb101-1561-49fb-8829-826e907e6edf;checkout_session_created;bbf97561-98f7-4267-9c64-a7a5d556fedf;"{""amount"":216.524,""order_id"":""7a2c7ba5-9e11-4fa5-b0fc-b05cb7d042a9""}";;2026-02-10 01:09:43.810629+00;info;system;;;;
d59e9dff-8c89-44ae-a7b7-241b04f6918e;get_user_tier_access;03765a40-f338-4035-a2ba-8928fff30834;"{""pending_amount"":0,""requested_user_id"":""167ed024-20cc-484b-8c8a-1e53f89f104c""}";;2026-02-10 01:09:44.648995+00;info;access_control;;;;
92745e90-a3a3-4774-b51b-c654fb518abd;get_user_tier_access;03765a40-f338-4035-a2ba-8928fff30834;"{""pending_amount"":0,""requested_user_id"":""857f40f9-1f69-4d5f-ae9f-688aa81abe93""}";;2026-02-10 01:09:50.250429+00;info;access_control;;;;
46c22853-a459-4dd1-ac02-d7b874f59f9d;get_user_tier_access;03765a40-f338-4035-a2ba-8928fff30834;"{""pending_amount"":0,""requested_user_id"":""eefa38d8-1c59-4129-8d9f-5928cab81e14""}";;2026-02-10 01:09:52.675691+00;info;access_control;;;;
9d428fbe-b753-4339-a376-91b21d7b55c9;get_user_tier_access;03765a40-f338-4035-a2ba-8928fff30834;"{""pending_amount"":0,""requested_user_id"":""3dc45174-7661-4a86-9886-ecfdc8e6cbd2""}";;2026-02-10 01:09:54.580854+00;info;access_control;;;;
d210c93a-4c5e-4485-b72a-ae900befcc92;get_user_tier_access;03765a40-f338-4035-a2ba-8928fff30834;"{""pending_amount"":0,""requested_user_id"":""7995856c-8844-4c58-88cc-31ff8b56d3fa""}";;2026-02-10 01:09:56.948296+00;info;access_control;;;;
c2c65ffc-b121-4a6f-be7c-98ac56684937;get_user_tier_access;03765a40-f338-4035-a2ba-8928fff30834;"{""pending_amount"":0,""requested_user_id"":""620f66b2-5fcb-463a-95d9-32fd4f99d682""}";;2026-02-10 01:10:00.681058+00;info;access_control;;;;
867bca50-c7e1-4dd5-be80-d5d747465558;get_user_tier_access;03765a40-f338-4035-a2ba-8928fff30834;"{""pending_amount"":0,""requested_user_id"":""3f604934-b12a-410a-a43b-b07b63fabaae""}";;2026-02-10 01:10:03.075388+00;info;access_control;;;;
3a6b535e-ae76-41cb-b6e9-9c5e06bde556;get_user_tier_access;03765a40-f338-4035-a2ba-8928fff30834;"{""pending_amount"":0,""requested_user_id"":""3b99d6ed-0db7-4e0c-9d20-f7c55475cba6""}";;2026-02-10 01:10:05.230015+00;info;access_control;;;;
bc95ecb2-685d-4c8b-aa8d-79096c99e8cd;cashback_processed;bbf97561-98f7-4267-9c64-a7a5d556fedf;"{""cashback_earned"":2.16524,""cashback_used"":0,""new_balance"":4.01489,""order_amount"":216.52,""order_id"":""7a2c7ba5-9e11-4fa5-b0fc-b05cb7d042a9""}";;2026-02-10 01:10:07.743908+00;info;financial;;;;
112c1c7c-f383-4ca6-bf04-fc6a275b4d30;get_user_tier_access;03765a40-f338-4035-a2ba-8928fff30834;"{""pending_amount"":0,""requested_user_id"":""1e66ccf6-ec5d-4c84-81f4-c413a8b845ff""}";;2026-02-10 01:10:08.469431+00;info;access_control;;;;
fba447c1-cbad-48cb-8f51-047f43a886dd;payment_verified;bbf97561-98f7-4267-9c64-a7a5d556fedf;"{""amount"":216.52,""order_id"":""7a2c7ba5-9e11-4fa5-b0fc-b05cb7d042a9""}";;2026-02-10 01:10:09.737786+00;success;financial;;;;
c57e1c38-0bde-4270-ab12-c8ab2b1e8563;get_user_tier_access;03765a40-f338-4035-a2ba-8928fff30834;"{""pending_amount"":0,""requested_user_id"":""bbf97561-98f7-4267-9c64-a7a5d556fedf""}";;2026-02-10 01:23:08.168446+00;info;access_control;;;;
af8ff4e6-39b7-4ede-9441-b00f670120e3;get_user_tier_access;bbf97561-98f7-4267-9c64-a7a5d556fedf;"{""pending_amount"":0,""requested_user_id"":""bbf97561-98f7-4267-9c64-a7a5d556fedf""}";;2026-02-10 01:41:32.876007+00;info;access_control;;;;
4c562d43-b77a-4fdb-a67a-ad67093081b3;get_user_tier_access;74303ca6-1ea1-4574-b1a0-ea7106c3eb8f;"{""pending_amount"":0,""requested_user_id"":""74303ca6-1ea1-4574-b1a0-ea7106c3eb8f""}";;2026-02-10 01:41:50.839174+00;info;access_control;;;;
13822a30-1666-4e20-bb29-4e1d83ed8c80;get_user_tier_access;03765a40-f338-4035-a2ba-8928fff30834;"{""pending_amount"":0,""requested_user_id"":""bbf97561-98f7-4267-9c64-a7a5d556fedf""}";;2026-02-10 01:41:55.517206+00;info;access_control;;;;
14692608-ce78-4d5a-a574-c3bafd6588fe;get_user_tier_access;03765a40-f338-4035-a2ba-8928fff30834;"{""pending_amount"":0,""requested_user_id"":""03765a40-f338-4035-a2ba-8928fff30834""}";;2026-02-10 01:42:49.116783+00;info;access_control;;;;
eb3dc51e-9045-4e69-9f0f-87005de4a86f;get_user_tier_access;74303ca6-1ea1-4574-b1a0-ea7106c3eb8f;"{""pending_amount"":0,""requested_user_id"":""74303ca6-1ea1-4574-b1a0-ea7106c3eb8f""}";;2026-02-10 01:43:10.936435+00;info;access_control;;;;
0dbc9975-163b-4aec-b60e-0df2024c026b;validate_coupon;03765a40-f338-4035-a2ba-8928fff30834;"{""code"":""5AYZS8VU""}";;2026-02-10 01:43:20.078109+00;info;financial;;;;
d7f10f46-3546-4b93-8c86-ea89a1ffb678;get_user_tier_access;74303ca6-1ea1-4574-b1a0-ea7106c3eb8f;"{""pending_amount"":0,""requested_user_id"":""74303ca6-1ea1-4574-b1a0-ea7106c3eb8f""}";;2026-02-10 01:43:25.517826+00;info;access_control;;;;
b18ce601-807a-4d56-a26f-94717cce652f;get_user_tier_access;74303ca6-1ea1-4574-b1a0-ea7106c3eb8f;"{""pending_amount"":0,""requested_user_id"":""74303ca6-1ea1-4574-b1a0-ea7106c3eb8f""}";;2026-02-10 01:43:28.172474+00;info;access_control;;;;
6cc5344b-d4e6-4838-889b-8fffd3333369;checkout_session_created;a3d0e416-ea01-4f55-8c41-09087da66edd;"{""amount"":259.56,""order_id"":""0447a754-8120-4f52-88d8-cb639e90f94f""}";;2026-02-16 13:38:43.743541+00;info;system;;;;
05e117d0-11b1-46fc-aafd-84d0075a123f;get_user_tier_access;74303ca6-1ea1-4574-b1a0-ea7106c3eb8f;"{""pending_amount"":0,""requested_user_id"":""74303ca6-1ea1-4574-b1a0-ea7106c3eb8f""}";;2026-02-10 01:43:28.182939+00;info;access_control;;;;
faa0d3fa-6866-43b7-bcc8-ec428d542dc9;get_user_tier_access;74303ca6-1ea1-4574-b1a0-ea7106c3eb8f;"{""pending_amount"":0,""requested_user_id"":""74303ca6-1ea1-4574-b1a0-ea7106c3eb8f""}";;2026-02-10 01:43:30.890913+00;info;access_control;;;;
b57dacf8-9d36-4817-ae7d-908e2ce2e22d;cashback_processed;a3d0e416-ea01-4f55-8c41-09087da66edd;"{""cashback_earned"":2.5956,""cashback_used"":0,""new_balance"":5.371199999999999,""order_amount"":259.56,""order_id"":""0447a754-8120-4f52-88d8-cb639e90f94f""}";;2026-02-16 13:39:12.812723+00;info;financial;;;;
f60c9f91-6777-4fea-acbc-d291350fd270;payment_verified;a3d0e416-ea01-4f55-8c41-09087da66edd;"{""amount"":259.56,""order_id"":""0447a754-8120-4f52-88d8-cb639e90f94f""}";;2026-02-16 13:39:16.848379+00;success;financial;;;;
9a61c7ea-0157-4694-a283-79b4c2116ac1;get_user_tier_access;74303ca6-1ea1-4574-b1a0-ea7106c3eb8f;"{""pending_amount"":0,""requested_user_id"":""74303ca6-1ea1-4574-b1a0-ea7106c3eb8f""}";;2026-02-10 01:43:30.902996+00;info;access_control;;;;
5fb8b4b6-e944-45c3-99dd-361bb49c6afc;get_user_tier_access;03765a40-f338-4035-a2ba-8928fff30834;"{""pending_amount"":0,""requested_user_id"":""03765a40-f338-4035-a2ba-8928fff30834""}";;2026-02-16 18:21:35.560773+00;info;access_control;;;;
17063af8-1f89-4203-9b89-bab8a39bcde7;get_user_tier_access;74303ca6-1ea1-4574-b1a0-ea7106c3eb8f;"{""pending_amount"":0,""requested_user_id"":""74303ca6-1ea1-4574-b1a0-ea7106c3eb8f""}";;2026-02-10 01:43:39.728576+00;info;access_control;;;;
b61ffbe3-eff9-4bb1-8417-8569ae17f466;get_user_tier_access;74303ca6-1ea1-4574-b1a0-ea7106c3eb8f;"{""pending_amount"":0,""requested_user_id"":""74303ca6-1ea1-4574-b1a0-ea7106c3eb8f""}";;2026-02-10 01:46:39.855267+00;info;access_control;;;;
5c28c1b9-1691-48e7-95c0-d229c65c96e8;get_user_tier_access;74303ca6-1ea1-4574-b1a0-ea7106c3eb8f;"{""pending_amount"":208,""requested_user_id"":""74303ca6-1ea1-4574-b1a0-ea7106c3eb8f""}";;2026-02-10 01:51:33.38202+00;info;access_control;;;;
88a0a9f9-156b-430f-80ee-822089872174;checkout_session_created;74303ca6-1ea1-4574-b1a0-ea7106c3eb8f;"{""amount"":208,""order_id"":""4e9b9fe8-6424-476a-8558-e56850ec9d79""}";;2026-02-10 01:51:37.178478+00;info;system;;;;
91383797-52ae-48f6-a326-264a3f31e240;cashback_processed;74303ca6-1ea1-4574-b1a0-ea7106c3eb8f;"{""cashback_earned"":2.08,""cashback_used"":0,""new_balance"":2.08,""order_amount"":208,""order_id"":""4e9b9fe8-6424-476a-8558-e56850ec9d79""}";;2026-02-10 01:52:13.244918+00;info;financial;;;;
29466e14-ca6f-44d1-a59b-ff7762cb4059;payment_verified;74303ca6-1ea1-4574-b1a0-ea7106c3eb8f;"{""amount"":208,""order_id"":""4e9b9fe8-6424-476a-8558-e56850ec9d79""}";;2026-02-10 01:52:15.031441+00;success;financial;;;;
bb9af8f8-16a9-462e-b7bd-ffb123ab0e26;get_user_tier_access;03765a40-f338-4035-a2ba-8928fff30834;"{""pending_amount"":0,""requested_user_id"":""74303ca6-1ea1-4574-b1a0-ea7106c3eb8f""}";;2026-02-10 01:53:44.769684+00;info;access_control;;;;
98b23fe4-2891-442d-a750-cf2b54401165;get_user_tier_access;03765a40-f338-4035-a2ba-8928fff30834;"{""pending_amount"":0,""requested_user_id"":""74303ca6-1ea1-4574-b1a0-ea7106c3eb8f""}";;2026-02-10 02:08:16.717945+00;info;access_control;;;;
b907feab-8854-4ee2-b534-a33dfcb2081b;get_user_tier_access;59076801-2403-4e6b-a2f7-bf5dd70fc7e6;"{""pending_amount"":0,""requested_user_id"":""59076801-2403-4e6b-a2f7-bf5dd70fc7e6""}";;2026-02-10 04:04:49.11752+00;info;access_control;;;;
dd13bdbe-d120-4bfb-ab3a-b81c2511390c;get_user_tier_access;03765a40-f338-4035-a2ba-8928fff30834;"{""pending_amount"":0,""requested_user_id"":""03765a40-f338-4035-a2ba-8928fff30834""}";;2026-02-10 07:21:17.221022+00;info;access_control;;;;
6511347c-686e-4632-993e-b9936b8f7c33;get_user_tier_access;03765a40-f338-4035-a2ba-8928fff30834;"{""pending_amount"":0,""requested_user_id"":""03765a40-f338-4035-a2ba-8928fff30834""}";;2026-02-10 07:21:45.697779+00;info;access_control;;;;
d2719c11-cdb7-4faf-a1de-ff9e4cb85fa6;get_user_tier_access;03765a40-f338-4035-a2ba-8928fff30834;"{""pending_amount"":0,""requested_user_id"":""03765a40-f338-4035-a2ba-8928fff30834""}";;2026-02-10 07:22:27.808352+00;info;access_control;;;;
96adc816-a482-45fa-ae67-ca8bba0ee217;get_user_tier_access;620f66b2-5fcb-463a-95d9-32fd4f99d682;"{""pending_amount"":0,""requested_user_id"":""620f66b2-5fcb-463a-95d9-32fd4f99d682""}";;2026-02-10 13:28:34.644216+00;info;access_control;;;;
21221d08-5733-4f19-9711-af45b340b2c9;get_user_tier_access;620f66b2-5fcb-463a-95d9-32fd4f99d682;"{""pending_amount"":0,""requested_user_id"":""620f66b2-5fcb-463a-95d9-32fd4f99d682""}";;2026-02-10 13:28:34.639679+00;info;access_control;;;;
95a2de64-6c15-4f9e-9393-b836698955cd;get_user_tier_access;620f66b2-5fcb-463a-95d9-32fd4f99d682;"{""pending_amount"":0,""requested_user_id"":""620f66b2-5fcb-463a-95d9-32fd4f99d682""}";;2026-02-10 13:28:34.684215+00;info;access_control;;;;
f0a70f81-a864-4068-9c82-e7227467377c;get_user_tier_access;620f66b2-5fcb-463a-95d9-32fd4f99d682;"{""pending_amount"":0,""requested_user_id"":""620f66b2-5fcb-463a-95d9-32fd4f99d682""}";;2026-02-10 13:29:12.219496+00;info;access_control;;;;
11044e98-a2aa-4872-a688-12f877ffa43e;get_user_tier_access;620f66b2-5fcb-463a-95d9-32fd4f99d682;"{""pending_amount"":0,""requested_user_id"":""620f66b2-5fcb-463a-95d9-32fd4f99d682""}";;2026-02-10 13:34:39.575523+00;info;access_control;;;;
f1da019e-40f8-4a19-baba-5c5a4e5458c5;get_user_tier_access;620f66b2-5fcb-463a-95d9-32fd4f99d682;"{""pending_amount"":150.5833,""requested_user_id"":""620f66b2-5fcb-463a-95d9-32fd4f99d682""}";;2026-02-10 13:35:26.880081+00;info;access_control;;;;
55da2d5b-f48d-48e7-b5df-4d92cf2c0bcd;checkout_session_created;620f66b2-5fcb-463a-95d9-32fd4f99d682;"{""amount"":150.5833,""order_id"":""5240a84a-0800-40ee-b042-e9f4f4233a48""}";;2026-02-10 13:35:28.89012+00;info;system;;;;
440a6e4a-7d08-45fc-ab9b-f123016b3a91;cashback_processed;620f66b2-5fcb-463a-95d9-32fd4f99d682;"{""cashback_earned"":1.505833,""cashback_used"":0,""new_balance"":3.105833,""order_amount"":150.58,""order_id"":""5240a84a-0800-40ee-b042-e9f4f4233a48""}";;2026-02-10 13:35:54.408827+00;info;financial;;;;
a167fa7a-fdce-446e-86fd-b6938426a654;payment_verified;620f66b2-5fcb-463a-95d9-32fd4f99d682;"{""amount"":150.58,""order_id"":""5240a84a-0800-40ee-b042-e9f4f4233a48""}";;2026-02-10 13:35:55.813677+00;success;financial;;;;
d3115741-68e6-4bae-b9bc-dec8c3fa480e;get_user_tier_access;3e9d797f-e7df-45f3-b7a8-78433dee4cee;"{""pending_amount"":0,""requested_user_id"":""3e9d797f-e7df-45f3-b7a8-78433dee4cee""}";;2026-02-10 14:42:05.845753+00;info;access_control;;;;
740e21bf-eaf1-40bf-bb4c-0e630474e407;get_user_tier_access;3e9d797f-e7df-45f3-b7a8-78433dee4cee;"{""pending_amount"":253.659,""requested_user_id"":""3e9d797f-e7df-45f3-b7a8-78433dee4cee""}";;2026-02-10 14:43:22.999731+00;info;access_control;;;;
78b10a13-1b48-4321-947a-c42c1b8e8c4e;checkout_session_created;3e9d797f-e7df-45f3-b7a8-78433dee4cee;"{""amount"":253.659,""order_id"":""b9b6a6b1-4d6d-4112-966e-4a77f7bab5c7""}";;2026-02-10 14:43:25.593945+00;info;system;;;;
a52bafc4-08de-4f9d-b96b-0409465229e9;cashback_processed;3e9d797f-e7df-45f3-b7a8-78433dee4cee;"{""cashback_earned"":2.53659,""cashback_used"":0,""new_balance"":2.53659,""order_amount"":253.66,""order_id"":""b9b6a6b1-4d6d-4112-966e-4a77f7bab5c7""}";;2026-02-10 14:44:26.817891+00;info;financial;;;;
9681598a-8ca3-4f19-b58a-75ae4e431564;payment_verified;3e9d797f-e7df-45f3-b7a8-78433dee4cee;"{""amount"":253.66,""order_id"":""b9b6a6b1-4d6d-4112-966e-4a77f7bab5c7""}";;2026-02-10 14:44:28.224711+00;success;financial;;;;
b0f963bf-89f6-4599-ac46-0ce090d3a213;get_user_tier_access;3e9d797f-e7df-45f3-b7a8-78433dee4cee;"{""pending_amount"":0,""requested_user_id"":""3e9d797f-e7df-45f3-b7a8-78433dee4cee""}";;2026-02-10 14:47:51.866017+00;info;access_control;;;;
2ac8201b-bb5f-4834-a687-40ecc905fbc1;get_user_tier_access;3e9d797f-e7df-45f3-b7a8-78433dee4cee;"{""pending_amount"":0,""requested_user_id"":""3e9d797f-e7df-45f3-b7a8-78433dee4cee""}";;2026-02-10 14:57:01.002523+00;info;access_control;;;;
75fc0bad-3777-4d63-94f2-658f6d8ae09a;get_user_tier_access;3e9d797f-e7df-45f3-b7a8-78433dee4cee;"{""pending_amount"":0,""requested_user_id"":""3e9d797f-e7df-45f3-b7a8-78433dee4cee""}";;2026-02-10 14:57:01.000463+00;info;access_control;;;;
0572a577-d084-4d77-9771-d8c163f47388;get_user_tier_access;3e9d797f-e7df-45f3-b7a8-78433dee4cee;"{""pending_amount"":0,""requested_user_id"":""3e9d797f-e7df-45f3-b7a8-78433dee4cee""}";;2026-02-10 14:57:19.044965+00;info;access_control;;;;
8530a44f-3ca1-4dd6-96ab-5e4bb0a13e25;get_user_tier_access;3e9d797f-e7df-45f3-b7a8-78433dee4cee;"{""pending_amount"":0,""requested_user_id"":""3e9d797f-e7df-45f3-b7a8-78433dee4cee""}";;2026-02-10 14:57:19.047495+00;info;access_control;;;;
4b70879d-a0ee-41fb-8bdc-7a9916136888;get_user_tier_access;3e9d797f-e7df-45f3-b7a8-78433dee4cee;"{""pending_amount"":0,""requested_user_id"":""3e9d797f-e7df-45f3-b7a8-78433dee4cee""}";;2026-02-10 14:58:52.333663+00;info;access_control;;;;
dff63c81-9b77-44d2-8e56-0ea7ed56cc1e;get_user_tier_access;3e9d797f-e7df-45f3-b7a8-78433dee4cee;"{""pending_amount"":0,""requested_user_id"":""3e9d797f-e7df-45f3-b7a8-78433dee4cee""}";;2026-02-10 14:58:52.342511+00;info;access_control;;;;
4ffb079f-e928-4ae0-adb4-c77b8cea89b5;get_user_tier_access;03765a40-f338-4035-a2ba-8928fff30834;"{""pending_amount"":0,""requested_user_id"":""3e9d797f-e7df-45f3-b7a8-78433dee4cee""}";;2026-02-10 15:03:46.528913+00;info;access_control;;;;
dcac1b02-9c7c-4dff-bdf0-755a6e37d762;get_user_tier_access;03765a40-f338-4035-a2ba-8928fff30834;"{""pending_amount"":0,""requested_user_id"":""03765a40-f338-4035-a2ba-8928fff30834""}";;2026-02-10 15:04:25.79892+00;info;access_control;;;;
ee2ca7fe-3a4e-48a0-82f6-d1c00a7f85e2;get_user_tier_access;03765a40-f338-4035-a2ba-8928fff30834;"{""pending_amount"":0,""requested_user_id"":""03765a40-f338-4035-a2ba-8928fff30834""}";;2026-02-10 15:04:28.826152+00;info;access_control;;;;
475b5e9f-97be-496f-9994-a08a41159505;get_user_tier_access;03765a40-f338-4035-a2ba-8928fff30834;"{""pending_amount"":0,""requested_user_id"":""03765a40-f338-4035-a2ba-8928fff30834""}";;2026-02-10 15:04:28.850818+00;info;access_control;;;;
0b1270c9-f8cb-48fd-bcb3-6fcff1eb0bdc;get_user_tier_access;03765a40-f338-4035-a2ba-8928fff30834;"{""pending_amount"":0,""requested_user_id"":""03765a40-f338-4035-a2ba-8928fff30834""}";;2026-02-10 15:13:10.637507+00;info;access_control;;;;
820df63c-2fdf-4c87-a44b-9c4ffec5ed6f;get_user_tier_access;03765a40-f338-4035-a2ba-8928fff30834;"{""pending_amount"":0,""requested_user_id"":""03765a40-f338-4035-a2ba-8928fff30834""}";;2026-02-10 15:13:10.949799+00;info;access_control;;;;
b26ccfd0-a606-42c8-b9ad-29e56e2229f3;get_user_tier_access;03765a40-f338-4035-a2ba-8928fff30834;"{""pending_amount"":0,""requested_user_id"":""03765a40-f338-4035-a2ba-8928fff30834""}";;2026-02-10 15:13:11.378785+00;info;access_control;;;;
5d0f12c0-0164-436f-afb3-07cdd1bcd6cf;get_user_tier_access;3e9d797f-e7df-45f3-b7a8-78433dee4cee;"{""pending_amount"":0,""requested_user_id"":""3e9d797f-e7df-45f3-b7a8-78433dee4cee""}";;2026-02-10 15:22:12.982504+00;info;access_control;;;;
df31a430-564f-4a22-a84d-c08a60309a75;get_user_tier_access;3e9d797f-e7df-45f3-b7a8-78433dee4cee;"{""pending_amount"":0,""requested_user_id"":""3e9d797f-e7df-45f3-b7a8-78433dee4cee""}";;2026-02-10 15:22:12.996853+00;info;access_control;;;;
4fa00bed-06ce-45a3-98e8-6cc90d6c7855;get_user_tier_access;3e9d797f-e7df-45f3-b7a8-78433dee4cee;"{""pending_amount"":0,""requested_user_id"":""3e9d797f-e7df-45f3-b7a8-78433dee4cee""}";;2026-02-10 15:40:59.947869+00;info;access_control;;;;
d9f36a84-fae1-4709-ab49-fa1beea0331c;get_user_tier_access;3e9d797f-e7df-45f3-b7a8-78433dee4cee;"{""pending_amount"":0,""requested_user_id"":""3e9d797f-e7df-45f3-b7a8-78433dee4cee""}";;2026-02-10 15:49:30.771159+00;info;access_control;;;;
b9de7a51-83e9-457a-902e-1694ff7fc26f;get_user_tier_access;3e9d797f-e7df-45f3-b7a8-78433dee4cee;"{""pending_amount"":0,""requested_user_id"":""3e9d797f-e7df-45f3-b7a8-78433dee4cee""}";;2026-02-10 15:49:31.82032+00;info;access_control;;;;
cd120ac7-fd0c-4cc2-8911-5a4a635cbc96;get_user_tier_access;3e9d797f-e7df-45f3-b7a8-78433dee4cee;"{""pending_amount"":0,""requested_user_id"":""3e9d797f-e7df-45f3-b7a8-78433dee4cee""}";;2026-02-10 15:50:03.004515+00;info;access_control;;;;
bc228524-17b6-4c54-b397-69d5b83f9bff;get_user_tier_access;03765a40-f338-4035-a2ba-8928fff30834;"{""pending_amount"":0,""requested_user_id"":""44d23aa4-9329-426b-b7af-7d7e2bfbcf34""}";;2026-02-10 18:25:45.584925+00;info;access_control;;;;
538048e4-ef2f-45c2-80ce-502ab8dcc88f;get_user_tier_access;91ab17b3-acd6-4ca4-a89a-a4148d539c6d;"{""pending_amount"":0,""requested_user_id"":""91ab17b3-acd6-4ca4-a89a-a4148d539c6d""}";;2026-02-10 20:54:00.919702+00;info;access_control;;;;
2f465377-88cc-466f-8123-949b1c7302a8;validate_coupon;91ab17b3-acd6-4ca4-a89a-a4148d539c6d;"{""code"":""MISTILAUNCH""}";;2026-02-10 20:59:16.598572+00;info;financial;;;;
a0ba1255-96bc-48af-9dcc-f59093726648;get_user_tier_access;91ab17b3-acd6-4ca4-a89a-a4148d539c6d;"{""pending_amount"":197.6,""requested_user_id"":""91ab17b3-acd6-4ca4-a89a-a4148d539c6d""}";;2026-02-10 20:59:46.31574+00;info;access_control;;;;
7ed4e7f5-d647-463d-839b-5f2890bf4b9f;checkout_session_created;91ab17b3-acd6-4ca4-a89a-a4148d539c6d;"{""amount"":197.6,""order_id"":""e4a9c986-53d2-4c38-9499-1038fb65c432""}";;2026-02-10 20:59:49.363752+00;info;system;;;;
d758319e-1bd7-4388-8ba7-65b0a61b6d78;cashback_processed;91ab17b3-acd6-4ca4-a89a-a4148d539c6d;"{""cashback_earned"":1.976,""cashback_used"":0,""new_balance"":2.77026,""order_amount"":197.6,""order_id"":""e4a9c986-53d2-4c38-9499-1038fb65c432""}";;2026-02-10 21:00:14.30501+00;info;financial;;;;
c1696984-3cae-4498-88f3-10443878c88d;payment_verified;91ab17b3-acd6-4ca4-a89a-a4148d539c6d;"{""amount"":197.6,""order_id"":""e4a9c986-53d2-4c38-9499-1038fb65c432""}";;2026-02-10 21:00:16.351962+00;success;financial;;;;
3f04ef3f-26fc-4138-b9b3-718526473c18;get_user_tier_access;91ab17b3-acd6-4ca4-a89a-a4148d539c6d;"{""pending_amount"":0,""requested_user_id"":""91ab17b3-acd6-4ca4-a89a-a4148d539c6d""}";;2026-02-10 21:02:13.274042+00;info;access_control;;;;
9ea99d81-cc23-420f-9604-4b783a664ffa;get_user_tier_access;03765a40-f338-4035-a2ba-8928fff30834;"{""pending_amount"":0,""requested_user_id"":""409584dd-b486-42b8-84bb-0195fd48df3c""}";;2026-02-10 21:13:32.768422+00;info;access_control;;;;
2a9dc890-6735-41fd-8be4-db9549a3c63f;get_user_tier_access;25cf5979-a732-4242-a02d-f35d9a4dbbf0;"{""pending_amount"":0,""requested_user_id"":""25cf5979-a732-4242-a02d-f35d9a4dbbf0""}";;2026-02-11 00:54:20.696882+00;info;access_control;;;;
891d7106-95eb-490b-8e9d-9f8749c24740;get_user_tier_access;ac3c19d1-2228-4cd8-8ccf-ab3c81767fd8;"{""pending_amount"":0,""requested_user_id"":""ac3c19d1-2228-4cd8-8ccf-ab3c81767fd8""}";;2026-02-11 01:01:41.548301+00;info;access_control;;;;
1909b9e1-2a55-476d-ae53-c5a37a546ad5;get_user_tier_access;ac3c19d1-2228-4cd8-8ccf-ab3c81767fd8;"{""pending_amount"":160,""requested_user_id"":""ac3c19d1-2228-4cd8-8ccf-ab3c81767fd8""}";;2026-02-11 01:04:28.400934+00;info;access_control;;;;
96feb82d-0068-43a1-923b-be2ffb614a76;checkout_session_created;ac3c19d1-2228-4cd8-8ccf-ab3c81767fd8;"{""amount"":160,""order_id"":""39038997-309c-4956-b371-dd58b0be0c60""}";;2026-02-11 01:04:31.623398+00;info;system;;;;
9c6fb60e-9772-491f-86f7-8aa4e5ee2d02;cashback_processed;ac3c19d1-2228-4cd8-8ccf-ab3c81767fd8;"{""cashback_earned"":1.6,""cashback_used"":0,""new_balance"":1.6,""order_amount"":160,""order_id"":""39038997-309c-4956-b371-dd58b0be0c60""}";;2026-02-11 01:05:23.072262+00;info;financial;;;;
d7c10ae2-65b9-4027-aab5-6137a3479e0c;payment_verified;ac3c19d1-2228-4cd8-8ccf-ab3c81767fd8;"{""amount"":160,""order_id"":""39038997-309c-4956-b371-dd58b0be0c60""}";;2026-02-11 01:05:25.019143+00;success;financial;;;;
7c164b2c-b48f-43e3-b172-c16dd1eccff8;get_user_tier_access;ac3c19d1-2228-4cd8-8ccf-ab3c81767fd8;"{""pending_amount"":0,""requested_user_id"":""ac3c19d1-2228-4cd8-8ccf-ab3c81767fd8""}";;2026-02-11 01:05:38.577991+00;info;access_control;;;;
9bc38bc0-d352-4a07-b9ec-ee42daaad345;get_user_tier_access;25cf5979-a732-4242-a02d-f35d9a4dbbf0;"{""pending_amount"":0,""requested_user_id"":""25cf5979-a732-4242-a02d-f35d9a4dbbf0""}";;2026-02-11 01:07:56.912489+00;info;access_control;;;;
680b419e-7354-42c3-8963-0fe661f5f111;validate_coupon;25cf5979-a732-4242-a02d-f35d9a4dbbf0;"{""code"":""PRIVATECODE""}";;2026-02-11 01:08:01.353822+00;info;financial;;;;
2d034ac9-50d1-44e5-aa16-8651e5574b75;get_user_tier_access;25cf5979-a732-4242-a02d-f35d9a4dbbf0;"{""pending_amount"":102.66999999999999,""requested_user_id"":""25cf5979-a732-4242-a02d-f35d9a4dbbf0""}";;2026-02-11 01:08:48.661781+00;info;access_control;;;;
38717c7c-95e9-4f31-968a-adbe25516b14;checkout_session_created;25cf5979-a732-4242-a02d-f35d9a4dbbf0;"{""amount"":102.66999999999999,""order_id"":""1c4519cd-4159-4911-a2a0-bfabbbdc20c1""}";;2026-02-11 01:08:51.999225+00;info;system;;;;
45fc6a9a-cefe-4df0-82eb-8ed6acf8b687;cashback_processed;25cf5979-a732-4242-a02d-f35d9a4dbbf0;"{""cashback_earned"":1.0267,""cashback_used"":0,""new_balance"":1.9716,""order_amount"":102.67,""order_id"":""1c4519cd-4159-4911-a2a0-bfabbbdc20c1""}";;2026-02-11 01:09:21.075255+00;info;financial;;;;
38782f3d-5c28-4cb8-8da4-47b4ea3c94c3;payment_verified;25cf5979-a732-4242-a02d-f35d9a4dbbf0;"{""amount"":102.67,""order_id"":""1c4519cd-4159-4911-a2a0-bfabbbdc20c1""}";;2026-02-11 01:09:24.030732+00;success;financial;;;;
5d34c773-25c0-4aa6-b302-7a34ea735768;get_user_tier_access;25cf5979-a732-4242-a02d-f35d9a4dbbf0;"{""pending_amount"":0,""requested_user_id"":""25cf5979-a732-4242-a02d-f35d9a4dbbf0""}";;2026-02-11 01:09:31.233937+00;info;access_control;;;;
2f7d0cc2-33f2-4d82-a413-c25d023048e4;get_user_tier_access;7949cf9c-ca93-4472-b2b6-2e783b4aacff;"{""pending_amount"":0,""requested_user_id"":""7949cf9c-ca93-4472-b2b6-2e783b4aacff""}";;2026-02-11 01:58:28.575313+00;info;access_control;;;;
a3068440-101a-4d0e-9dab-a7bdbae43932;get_user_tier_access;7949cf9c-ca93-4472-b2b6-2e783b4aacff;"{""pending_amount"":0,""requested_user_id"":""7949cf9c-ca93-4472-b2b6-2e783b4aacff""}";;2026-02-11 01:58:29.823054+00;info;access_control;;;;
f88885a9-f5c1-4cce-a17b-ffb6cc5a81dd;get_user_tier_access;7949cf9c-ca93-4472-b2b6-2e783b4aacff;"{""pending_amount"":0,""requested_user_id"":""7949cf9c-ca93-4472-b2b6-2e783b4aacff""}";;2026-02-11 01:58:30.038065+00;info;access_control;;;;
622de0d1-b180-4f04-8460-2ff4b209a72f;get_user_tier_access;7949cf9c-ca93-4472-b2b6-2e783b4aacff;"{""pending_amount"":0,""requested_user_id"":""7949cf9c-ca93-4472-b2b6-2e783b4aacff""}";;2026-02-11 01:58:35.183646+00;info;access_control;;;;
13c00fe2-2b33-4d4e-b6cd-ed80a26c99d3;get_user_tier_access;7949cf9c-ca93-4472-b2b6-2e783b4aacff;"{""pending_amount"":208,""requested_user_id"":""7949cf9c-ca93-4472-b2b6-2e783b4aacff""}";;2026-02-11 02:03:07.487912+00;info;access_control;;;;
7ac9bddd-da9c-4541-9dae-fe48f2b06e04;checkout_session_created;7949cf9c-ca93-4472-b2b6-2e783b4aacff;"{""amount"":208,""order_id"":""942314aa-9351-4c48-8c5d-fd116e4ef6f8""}";;2026-02-11 02:03:10.807397+00;info;system;;;;
dcf17b01-b109-4694-ab73-8b9b73120ac7;cashback_processed;7949cf9c-ca93-4472-b2b6-2e783b4aacff;"{""cashback_earned"":2.08,""cashback_used"":0,""new_balance"":2.08,""order_amount"":208,""order_id"":""942314aa-9351-4c48-8c5d-fd116e4ef6f8""}";;2026-02-11 02:04:34.156398+00;info;financial;;;;
732eb592-4b06-4a3a-8837-bb433498075f;payment_verified;7949cf9c-ca93-4472-b2b6-2e783b4aacff;"{""amount"":208,""order_id"":""942314aa-9351-4c48-8c5d-fd116e4ef6f8""}";;2026-02-11 02:04:35.484223+00;success;financial;;;;
1cf0d548-757f-428a-89af-ab1f1afa3adc;get_user_tier_access;03765a40-f338-4035-a2ba-8928fff30834;"{""pending_amount"":0,""requested_user_id"":""03765a40-f338-4035-a2ba-8928fff30834""}";;2026-02-11 02:22:33.532424+00;info;access_control;;;;
b88d7494-0f09-42ce-9500-be0c048f84c6;get_user_tier_access;1a9f77b1-d439-40f4-8515-79380759ee88;"{""pending_amount"":0,""requested_user_id"":""1a9f77b1-d439-40f4-8515-79380759ee88""}";;2026-02-11 03:15:48.113778+00;info;access_control;;;;
954e583d-e2fe-42e3-87d1-85d04ceb7b84;get_user_tier_access;59076801-2403-4e6b-a2f7-bf5dd70fc7e6;"{""pending_amount"":0,""requested_user_id"":""59076801-2403-4e6b-a2f7-bf5dd70fc7e6""}";;2026-02-11 04:10:27.56572+00;info;access_control;;;;
d7243253-aee6-40ba-adab-084721fea3e1;get_user_tier_access;59076801-2403-4e6b-a2f7-bf5dd70fc7e6;"{""pending_amount"":0,""requested_user_id"":""59076801-2403-4e6b-a2f7-bf5dd70fc7e6""}";;2026-02-11 04:10:45.696046+00;info;access_control;;;;
7be60966-cafd-4612-b860-faf7aff915b4;get_user_tier_access;59076801-2403-4e6b-a2f7-bf5dd70fc7e6;"{""pending_amount"":0,""requested_user_id"":""59076801-2403-4e6b-a2f7-bf5dd70fc7e6""}";;2026-02-11 04:10:45.695524+00;info;access_control;;;;
3ea0feba-9f40-40c2-b93a-3ba945f04df4;get_user_tier_access;59076801-2403-4e6b-a2f7-bf5dd70fc7e6;"{""pending_amount"":0,""requested_user_id"":""59076801-2403-4e6b-a2f7-bf5dd70fc7e6""}";;2026-02-11 04:10:48.252211+00;info;access_control;;;;
3f404c7f-e497-454f-bae9-8c280ef5933b;get_user_tier_access;59076801-2403-4e6b-a2f7-bf5dd70fc7e6;"{""pending_amount"":0,""requested_user_id"":""59076801-2403-4e6b-a2f7-bf5dd70fc7e6""}";;2026-02-11 04:10:48.25623+00;info;access_control;;;;
c89208ef-2f52-42a4-a810-2c1852ab0906;get_user_tier_access;1a9f77b1-d439-40f4-8515-79380759ee88;"{""pending_amount"":90.38888888888889,""requested_user_id"":""1a9f77b1-d439-40f4-8515-79380759ee88""}";;2026-02-11 04:44:26.994397+00;info;access_control;;;;
665d1c2c-51a5-4d34-8c3b-d87b2b19c5d6;checkout_session_created;1a9f77b1-d439-40f4-8515-79380759ee88;"{""amount"":90.38888888888889,""order_id"":""5869af8b-ec07-42f9-a8f4-5a9ee255603d""}";;2026-02-11 04:44:29.956593+00;info;system;;;;
93cff746-9dd7-4037-b323-be25c7ebb9a7;cashback_processed;1a9f77b1-d439-40f4-8515-79380759ee88;"{""cashback_earned"":0,""cashback_used"":0,""new_balance"":0,""order_amount"":90.39,""order_id"":""5869af8b-ec07-42f9-a8f4-5a9ee255603d""}";;2026-02-11 04:45:55.623139+00;info;financial;;;;
70a6d845-b33e-4ecf-b16e-ea1b79b7b705;payment_verified;1a9f77b1-d439-40f4-8515-79380759ee88;"{""amount"":90.39,""order_id"":""5869af8b-ec07-42f9-a8f4-5a9ee255603d""}";;2026-02-11 04:45:56.882289+00;success;financial;;;;
92165909-adf5-4ebe-a480-a3285e730f1d;get_user_tier_access;03765a40-f338-4035-a2ba-8928fff30834;"{""pending_amount"":0,""requested_user_id"":""7949cf9c-ca93-4472-b2b6-2e783b4aacff""}";;2026-02-11 10:41:59.217386+00;info;access_control;;;;
28cdd6d7-5bb5-486e-bc15-b7b7e1865378;get_user_tier_access;03765a40-f338-4035-a2ba-8928fff30834;"{""pending_amount"":0,""requested_user_id"":""91ab17b3-acd6-4ca4-a89a-a4148d539c6d""}";;2026-02-11 10:42:04.362155+00;info;access_control;;;;
762c6b97-f851-41bf-ae4b-c99e1cca2146;get_user_tier_access;03765a40-f338-4035-a2ba-8928fff30834;"{""pending_amount"":0,""requested_user_id"":""ac3c19d1-2228-4cd8-8ccf-ab3c81767fd8""}";;2026-02-11 10:43:26.887705+00;info;access_control;;;;
6e1d9f68-4228-48bc-9ceb-c798c2c1024a;get_user_tier_access;b4fce6d2-10b7-4498-889a-abf71eba398c;"{""pending_amount"":0,""requested_user_id"":""b4fce6d2-10b7-4498-889a-abf71eba398c""}";;2026-02-11 18:27:59.529137+00;info;access_control;;;;
508d673d-dfe4-4aa0-bdec-ce5c305e7d02;get_user_tier_access;b4fce6d2-10b7-4498-889a-abf71eba398c;"{""pending_amount"":0,""requested_user_id"":""b4fce6d2-10b7-4498-889a-abf71eba398c""}";;2026-02-11 18:28:03.943381+00;info;access_control;;;;
5559617e-869f-4645-9c1d-4e8820a422e2;get_user_tier_access;b4fce6d2-10b7-4498-889a-abf71eba398c;"{""pending_amount"":0,""requested_user_id"":""b4fce6d2-10b7-4498-889a-abf71eba398c""}";;2026-02-11 18:28:03.951788+00;info;access_control;;;;
294da104-47e3-4729-8fb4-2d36aaa8ea7e;get_user_tier_access;b4fce6d2-10b7-4498-889a-abf71eba398c;"{""pending_amount"":0,""requested_user_id"":""b4fce6d2-10b7-4498-889a-abf71eba398c""}";;2026-02-11 18:28:06.104752+00;info;access_control;;;;
d13a8c57-1313-4d00-b227-3f8d262ea04d;get_user_tier_access;b4fce6d2-10b7-4498-889a-abf71eba398c;"{""pending_amount"":0,""requested_user_id"":""b4fce6d2-10b7-4498-889a-abf71eba398c""}";;2026-02-11 18:28:14.881669+00;info;access_control;;;;
2d16cded-3fac-4287-835c-6b740b40299b;get_user_tier_access;b4fce6d2-10b7-4498-889a-abf71eba398c;"{""pending_amount"":0,""requested_user_id"":""b4fce6d2-10b7-4498-889a-abf71eba398c""}";;2026-02-11 18:28:14.905594+00;info;access_control;;;;
9d825102-52a3-4f62-89e6-e5c3e7242f03;get_user_tier_access;b4fce6d2-10b7-4498-889a-abf71eba398c;"{""pending_amount"":0,""requested_user_id"":""b4fce6d2-10b7-4498-889a-abf71eba398c""}";;2026-02-11 18:28:23.058796+00;info;access_control;;;;
358cb242-da91-466a-a817-6fb1782fa5e5;get_user_tier_access;03765a40-f338-4035-a2ba-8928fff30834;"{""pending_amount"":0,""requested_user_id"":""03765a40-f338-4035-a2ba-8928fff30834""}";;2026-02-11 21:38:26.719422+00;info;access_control;;;;
14c268a8-fe45-4eb5-bb05-152f0483bcfb;login_success;b9292426-03e0-4dcf-97fd-8e105b8b760d;"{""method"":""password""}";;2026-02-11 22:51:29.976866+00;success;authentication;38d5b954-c6a2-46f9-b12f-c41156f4aeb4;"Mozilla/5.0 (iPhone; CPU iPhone OS 26_2_1 like Mac OS X) AppleWebKit/605.1.15 (KHTML, like Gecko) CriOS/144.0.7559.95 Mobile/15E148 Safari/604.1";;
111eaea8-61fa-42ef-8329-b5e5dea5b656;get_user_tier_access;b9292426-03e0-4dcf-97fd-8e105b8b760d;"{""pending_amount"":0,""requested_user_id"":""b9292426-03e0-4dcf-97fd-8e105b8b760d""}";;2026-02-11 22:51:34.728436+00;info;access_control;;;;
63012664-524b-4c42-9f7e-f804dc49885f;get_user_tier_access;b9292426-03e0-4dcf-97fd-8e105b8b760d;"{""pending_amount"":0,""requested_user_id"":""b9292426-03e0-4dcf-97fd-8e105b8b760d""}";;2026-02-11 22:51:40.316133+00;info;access_control;;;;
5bddb92c-030a-491a-80e1-0f0dbd1fd678;get_user_tier_access;b9292426-03e0-4dcf-97fd-8e105b8b760d;"{""pending_amount"":0,""requested_user_id"":""b9292426-03e0-4dcf-97fd-8e105b8b760d""}";;2026-02-11 22:52:09.591589+00;info;access_control;;;;
300ebb3c-53b9-4ceb-af2b-974422744c9e;get_user_tier_access;b9292426-03e0-4dcf-97fd-8e105b8b760d;"{""pending_amount"":0,""requested_user_id"":""b9292426-03e0-4dcf-97fd-8e105b8b760d""}";;2026-02-11 22:52:20.387037+00;info;access_control;;;;
f1c3abb2-37f7-4639-b095-fc026ddc89ac;get_user_tier_access;b9292426-03e0-4dcf-97fd-8e105b8b760d;"{""pending_amount"":0,""requested_user_id"":""b9292426-03e0-4dcf-97fd-8e105b8b760d""}";;2026-02-11 22:52:41.792929+00;info;access_control;;;;
509068b7-9e3c-4997-b28f-1ba82741b4f7;get_user_tier_access;797a2377-e989-48eb-9546-5cad1ac0b872;"{""pending_amount"":0,""requested_user_id"":""797a2377-e989-48eb-9546-5cad1ac0b872""}";;2026-02-11 23:10:47.150052+00;info;access_control;;;;
0d7a3517-f255-45cc-8b34-24d6b2f3ab00;get_user_tier_access;797a2377-e989-48eb-9546-5cad1ac0b872;"{""pending_amount"":320,""requested_user_id"":""797a2377-e989-48eb-9546-5cad1ac0b872""}";;2026-02-11 23:11:37.879069+00;info;access_control;;;;
956443b0-8bf9-4717-9111-c3d76d8566c2;checkout_session_created;797a2377-e989-48eb-9546-5cad1ac0b872;"{""amount"":320,""order_id"":""6c3d3210-19dd-45f4-9fcd-00eaf6d927ea""}";;2026-02-11 23:11:41.109687+00;info;system;;;;
ff3963f6-2dba-49c1-af06-33e993ea7c36;get_user_tier_access;03765a40-f338-4035-a2ba-8928fff30834;"{""pending_amount"":0,""requested_user_id"":""03765a40-f338-4035-a2ba-8928fff30834""}";;2026-02-11 23:33:33.832553+00;info;access_control;;;;
064a1cdb-3ca0-4b63-bca1-bf6847792aa9;cashback_processed;797a2377-e989-48eb-9546-5cad1ac0b872;"{""cashback_earned"":3.2,""cashback_used"":0,""new_balance"":3.2,""order_amount"":320,""order_id"":""6c3d3210-19dd-45f4-9fcd-00eaf6d927ea""}";;2026-02-11 23:13:03.451413+00;info;financial;;;;
a08945d4-aa75-4ee1-9eb9-c421e2173c5e;payment_verified;797a2377-e989-48eb-9546-5cad1ac0b872;"{""amount"":320,""order_id"":""6c3d3210-19dd-45f4-9fcd-00eaf6d927ea""}";;2026-02-11 23:13:06.158004+00;success;financial;;;;
aa455bbd-6c9a-48f8-a4ba-f84d0f40b0c4;get_user_tier_access;797a2377-e989-48eb-9546-5cad1ac0b872;"{""pending_amount"":0,""requested_user_id"":""797a2377-e989-48eb-9546-5cad1ac0b872""}";;2026-02-11 23:13:13.186822+00;info;access_control;;;;
4147efcb-c036-4a5d-887e-4b123905a95c;get_user_tier_access;2014c309-8ddc-4555-b7e1-8a7472a9a7aa;"{""pending_amount"":0,""requested_user_id"":""2014c309-8ddc-4555-b7e1-8a7472a9a7aa""}";;2026-02-11 23:24:49.603559+00;info;access_control;;;;
032b33a7-a187-48bd-a8b8-79d7994cabfb;get_user_tier_access;2014c309-8ddc-4555-b7e1-8a7472a9a7aa;"{""pending_amount"":0,""requested_user_id"":""2014c309-8ddc-4555-b7e1-8a7472a9a7aa""}";;2026-02-11 23:24:50.994505+00;info;access_control;;;;
11dda299-df90-4a50-a944-3c19ce276f38;get_user_tier_access;2014c309-8ddc-4555-b7e1-8a7472a9a7aa;"{""pending_amount"":0,""requested_user_id"":""2014c309-8ddc-4555-b7e1-8a7472a9a7aa""}";;2026-02-11 23:24:54.298557+00;info;access_control;;;;
3dde53fa-33b3-40ec-8f66-7f1b0bea9139;get_user_tier_access;2014c309-8ddc-4555-b7e1-8a7472a9a7aa;"{""pending_amount"":0,""requested_user_id"":""2014c309-8ddc-4555-b7e1-8a7472a9a7aa""}";;2026-02-11 23:24:54.333002+00;info;access_control;;;;
1562da80-27ab-4e8c-97e0-2dcc1d48826f;get_user_tier_access;2014c309-8ddc-4555-b7e1-8a7472a9a7aa;"{""pending_amount"":0,""requested_user_id"":""2014c309-8ddc-4555-b7e1-8a7472a9a7aa""}";;2026-02-11 23:24:56.394928+00;info;access_control;;;;
87360cf6-31b8-42ef-bff5-eb155006668d;get_user_tier_access;2014c309-8ddc-4555-b7e1-8a7472a9a7aa;"{""pending_amount"":0,""requested_user_id"":""2014c309-8ddc-4555-b7e1-8a7472a9a7aa""}";;2026-02-11 23:24:56.401194+00;info;access_control;;;;
1e9c1629-e958-4a6e-87f4-9d136d361d2a;get_user_tier_access;2014c309-8ddc-4555-b7e1-8a7472a9a7aa;"{""pending_amount"":0,""requested_user_id"":""2014c309-8ddc-4555-b7e1-8a7472a9a7aa""}";;2026-02-11 23:25:03.250095+00;info;access_control;;;;
553722e5-4abd-4ae5-a513-3a0fbf40930c;get_user_tier_access;2014c309-8ddc-4555-b7e1-8a7472a9a7aa;"{""pending_amount"":0,""requested_user_id"":""2014c309-8ddc-4555-b7e1-8a7472a9a7aa""}";;2026-02-11 23:25:03.254883+00;info;access_control;;;;
9b1ef77c-ca55-425e-8c91-b27d14cd39be;get_user_tier_access;2014c309-8ddc-4555-b7e1-8a7472a9a7aa;"{""pending_amount"":0,""requested_user_id"":""2014c309-8ddc-4555-b7e1-8a7472a9a7aa""}";;2026-02-11 23:25:08.700556+00;info;access_control;;;;
8597051c-f90b-4e01-b796-23255d96bd5c;get_user_tier_access;2014c309-8ddc-4555-b7e1-8a7472a9a7aa;"{""pending_amount"":0,""requested_user_id"":""2014c309-8ddc-4555-b7e1-8a7472a9a7aa""}";;2026-02-11 23:25:08.715318+00;info;access_control;;;;
15b6ad30-d1ac-42bb-ad3c-7aaeded2190c;get_user_tier_access;03765a40-f338-4035-a2ba-8928fff30834;"{""pending_amount"":0,""requested_user_id"":""03765a40-f338-4035-a2ba-8928fff30834""}";;2026-02-11 23:25:13.23388+00;info;access_control;;;;
7250e5ac-e022-4b9b-86c3-8820f8081db3;get_user_tier_access;03765a40-f338-4035-a2ba-8928fff30834;"{""pending_amount"":0,""requested_user_id"":""03765a40-f338-4035-a2ba-8928fff30834""}";;2026-02-11 23:25:18.096608+00;info;access_control;;;;
2297e25b-6a38-4cc4-9091-ecd4924a13f2;get_user_tier_access;03765a40-f338-4035-a2ba-8928fff30834;"{""pending_amount"":0,""requested_user_id"":""03765a40-f338-4035-a2ba-8928fff30834""}";;2026-02-11 23:25:20.309774+00;info;access_control;;;;
40c7448e-0dfe-4d6a-b045-c02eda2b5ec6;get_user_tier_access;03765a40-f338-4035-a2ba-8928fff30834;"{""pending_amount"":0,""requested_user_id"":""03765a40-f338-4035-a2ba-8928fff30834""}";;2026-02-11 23:25:20.3059+00;info;access_control;;;;
1fac269f-7722-497a-9ee8-8a35cb163391;get_user_tier_access;2014c309-8ddc-4555-b7e1-8a7472a9a7aa;"{""pending_amount"":0,""requested_user_id"":""2014c309-8ddc-4555-b7e1-8a7472a9a7aa""}";;2026-02-11 23:25:22.28044+00;info;access_control;;;;
e0e57994-b3aa-4bbf-84d4-0b75001c17d9;get_user_tier_access;2014c309-8ddc-4555-b7e1-8a7472a9a7aa;"{""pending_amount"":0,""requested_user_id"":""2014c309-8ddc-4555-b7e1-8a7472a9a7aa""}";;2026-02-11 23:25:22.285838+00;info;access_control;;;;
bfeeb255-faac-4baf-b527-a87df988c441;get_user_tier_access;2014c309-8ddc-4555-b7e1-8a7472a9a7aa;"{""pending_amount"":0,""requested_user_id"":""2014c309-8ddc-4555-b7e1-8a7472a9a7aa""}";;2026-02-11 23:25:40.211088+00;info;access_control;;;;
300a54bb-14c0-4997-9f89-3cbed4039f5e;get_user_tier_access;2014c309-8ddc-4555-b7e1-8a7472a9a7aa;"{""pending_amount"":0,""requested_user_id"":""2014c309-8ddc-4555-b7e1-8a7472a9a7aa""}";;2026-02-11 23:25:40.215445+00;info;access_control;;;;
eecb9d8e-e132-43a0-944a-a119ddcdc1a4;get_user_tier_access;2014c309-8ddc-4555-b7e1-8a7472a9a7aa;"{""pending_amount"":0,""requested_user_id"":""2014c309-8ddc-4555-b7e1-8a7472a9a7aa""}";;2026-02-11 23:25:46.6795+00;info;access_control;;;;
9cc7176c-ff6e-4f55-b0a3-e7ba5956a8f8;get_user_tier_access;2014c309-8ddc-4555-b7e1-8a7472a9a7aa;"{""pending_amount"":0,""requested_user_id"":""2014c309-8ddc-4555-b7e1-8a7472a9a7aa""}";;2026-02-11 23:25:46.692205+00;info;access_control;;;;
6320bea4-1914-4509-bb22-b755b68b72d2;get_user_tier_access;2014c309-8ddc-4555-b7e1-8a7472a9a7aa;"{""pending_amount"":0,""requested_user_id"":""2014c309-8ddc-4555-b7e1-8a7472a9a7aa""}";;2026-02-11 23:25:46.695991+00;info;access_control;;;;
a4d63631-d8f4-4cf7-9432-47398b9ba6d8;get_user_tier_access;03765a40-f338-4035-a2ba-8928fff30834;"{""pending_amount"":0,""requested_user_id"":""03765a40-f338-4035-a2ba-8928fff30834""}";;2026-02-11 23:27:13.503218+00;info;access_control;;;;
fe87e76b-423c-4552-bda2-ce330de9fd31;get_user_tier_access;03765a40-f338-4035-a2ba-8928fff30834;"{""pending_amount"":0,""requested_user_id"":""03765a40-f338-4035-a2ba-8928fff30834""}";;2026-02-11 23:27:13.514848+00;info;access_control;;;;
95dbc0b6-ac0d-40c0-ba50-551db6799ad7;get_user_tier_access;03765a40-f338-4035-a2ba-8928fff30834;"{""pending_amount"":0,""requested_user_id"":""03765a40-f338-4035-a2ba-8928fff30834""}";;2026-02-11 23:27:14.605421+00;info;access_control;;;;
bc2eb9b8-0c22-486d-a829-2b7408debb95;get_user_tier_access;03765a40-f338-4035-a2ba-8928fff30834;"{""pending_amount"":0,""requested_user_id"":""03765a40-f338-4035-a2ba-8928fff30834""}";;2026-02-11 23:27:14.624136+00;info;access_control;;;;
5499d057-4732-49d3-b905-6a7459bc9796;get_user_tier_access;03765a40-f338-4035-a2ba-8928fff30834;"{""pending_amount"":0,""requested_user_id"":""03765a40-f338-4035-a2ba-8928fff30834""}";;2026-02-11 23:27:17.699231+00;info;access_control;;;;
26e83a5d-e6fc-41fa-86c6-16068ff61ea9;get_user_tier_access;03765a40-f338-4035-a2ba-8928fff30834;"{""pending_amount"":0,""requested_user_id"":""03765a40-f338-4035-a2ba-8928fff30834""}";;2026-02-11 23:27:17.706726+00;info;access_control;;;;
f4834391-a438-415f-bce6-52e3d63cc406;get_user_tier_access;03765a40-f338-4035-a2ba-8928fff30834;"{""pending_amount"":0,""requested_user_id"":""03765a40-f338-4035-a2ba-8928fff30834""}";;2026-02-11 23:29:22.06242+00;info;access_control;;;;
94069a60-5d7c-4471-8d93-800297193a74;get_user_tier_access;03765a40-f338-4035-a2ba-8928fff30834;"{""pending_amount"":0,""requested_user_id"":""03765a40-f338-4035-a2ba-8928fff30834""}";;2026-02-11 23:29:22.062535+00;info;access_control;;;;
05e002a5-f911-457a-9a84-9f4a3aaea752;get_user_tier_access;03765a40-f338-4035-a2ba-8928fff30834;"{""pending_amount"":0,""requested_user_id"":""03765a40-f338-4035-a2ba-8928fff30834""}";;2026-02-11 23:29:22.590019+00;info;access_control;;;;
188fae35-48c1-4e5d-a379-00079eff6b3d;get_user_tier_access;03765a40-f338-4035-a2ba-8928fff30834;"{""pending_amount"":0,""requested_user_id"":""03765a40-f338-4035-a2ba-8928fff30834""}";;2026-02-11 23:29:22.594617+00;info;access_control;;;;
b439c0f5-53e0-426e-9248-36ad0eac0449;get_user_tier_access;03765a40-f338-4035-a2ba-8928fff30834;"{""pending_amount"":0,""requested_user_id"":""03765a40-f338-4035-a2ba-8928fff30834""}";;2026-02-11 23:33:33.381416+00;info;access_control;;;;
c171f77c-4450-4dab-a789-82c023ac7aea;get_user_tier_access;03765a40-f338-4035-a2ba-8928fff30834;"{""pending_amount"":0,""requested_user_id"":""03765a40-f338-4035-a2ba-8928fff30834""}";;2026-02-11 23:33:33.384753+00;info;access_control;;;;
12dccbf1-56fa-4b37-8281-fc5fb7cb537a;get_user_tier_access;03765a40-f338-4035-a2ba-8928fff30834;"{""pending_amount"":0,""requested_user_id"":""03765a40-f338-4035-a2ba-8928fff30834""}";;2026-02-11 23:33:33.837298+00;info;access_control;;;;
89e0bc3d-d513-40ca-b571-3d8dfb783255;get_user_tier_access;03765a40-f338-4035-a2ba-8928fff30834;"{""pending_amount"":0,""requested_user_id"":""4dee4c62-89bb-460c-be5c-e36a4d0fd4c7""}";;2026-02-11 23:34:16.090537+00;info;access_control;;;;
c51e298d-5bbc-41f0-ac60-7c6b53007301;signup_success;98c416da-1a6b-47e2-b830-adb33c37cd80;{};;2026-02-11 23:36:18.659517+00;success;system;f095cc24-3179-4baf-ad50-b9aba0ce0c5a;"Mozilla/5.0 (iPhone; CPU iPhone OS 18_6_2 like Mac OS X) AppleWebKit/605.1.15 (KHTML, like Gecko) Version/18.6 Mobile/15E148 Safari/604.1";;
fab35455-4455-4824-bca5-ff141728c75b;get_user_tier_access;98c416da-1a6b-47e2-b830-adb33c37cd80;"{""pending_amount"":0,""requested_user_id"":""98c416da-1a6b-47e2-b830-adb33c37cd80""}";;2026-02-11 23:36:47.419022+00;info;access_control;;;;
2ed692ed-8601-4137-b72f-963acbdb2070;validate_coupon;98c416da-1a6b-47e2-b830-adb33c37cd80;"{""code"":""9XLLX5SL""}";;2026-02-11 23:37:04.068874+00;info;financial;;;;
4f9f75c9-4e6c-4247-9e88-52a34347f584;checkout_session_created;98c416da-1a6b-47e2-b830-adb33c37cd80;"{""amount"":201.76,""order_id"":""a10ce915-4333-4180-b90d-850d6a8751c6""}";;2026-02-11 23:38:51.286039+00;info;system;;;;
f0928a0b-a1be-4d2b-9f6c-24735975066b;admin_balance_correction;a6d532e1-cbe4-4862-a70a-f1b7762e3143;"{""event"":""fraudulent_balance_reverted"",""new_balance"":0,""old_balance"":20,""reason"":""No orders or transactions found""}";;2026-02-11 23:39:17.525121+00;error;financial;;;;
be76d429-a1bb-4d1b-bed6-c3cbd3a79257;cashback_processed;98c416da-1a6b-47e2-b830-adb33c37cd80;"{""cashback_earned"":0,""cashback_used"":0,""new_balance"":0,""order_amount"":201.76,""order_id"":""a10ce915-4333-4180-b90d-850d6a8751c6""}";;2026-02-11 23:40:04.174099+00;info;financial;;;;
8b2fd479-0c59-486d-8317-ab018df590cb;process_referral_reward;98c416da-1a6b-47e2-b830-adb33c37cd80;"{""error"":""new row for relation \""cashback_transactions\"" violates check constraint \""cashback_transactions_transaction_type_check\"""",""event"":""referral_reward_error"",""order_id"":""a10ce915-4333-4180-b90d-850d6a8751c6""}";;2026-02-11 23:40:04.450198+00;info;financial;;;;
0944ff80-db11-4b70-9e7e-90aeb3affe2d;payment_verified;98c416da-1a6b-47e2-b830-adb33c37cd80;"{""amount"":201.76,""order_id"":""a10ce915-4333-4180-b90d-850d6a8751c6""}";;2026-02-11 23:40:06.002814+00;success;financial;;;;
36982a76-3584-4905-ac09-70cd1b954d26;get_user_tier_access;03765a40-f338-4035-a2ba-8928fff30834;"{""pending_amount"":0,""requested_user_id"":""03765a40-f338-4035-a2ba-8928fff30834""}";;2026-02-11 23:44:34.66628+00;info;access_control;;;;
79d9deee-3ae1-458b-82b7-b59b340f602f;get_user_tier_access;03765a40-f338-4035-a2ba-8928fff30834;"{""pending_amount"":0,""requested_user_id"":""03765a40-f338-4035-a2ba-8928fff30834""}";;2026-02-11 23:44:34.66693+00;info;access_control;;;;
a504f28a-407c-4a2b-b174-4f9a2c34288a;get_user_tier_access;03765a40-f338-4035-a2ba-8928fff30834;"{""pending_amount"":0,""requested_user_id"":""03765a40-f338-4035-a2ba-8928fff30834""}";;2026-02-11 23:44:40.446227+00;info;access_control;;;;
725de72e-99ef-4045-b781-4543a7a096cc;get_user_tier_access;03765a40-f338-4035-a2ba-8928fff30834;"{""pending_amount"":0,""requested_user_id"":""03765a40-f338-4035-a2ba-8928fff30834""}";;2026-02-11 23:44:40.460508+00;info;access_control;;;;
d2efe9d3-25a5-447f-a6c3-ebeef4e77211;get_user_tier_access;03765a40-f338-4035-a2ba-8928fff30834;"{""pending_amount"":0,""requested_user_id"":""03765a40-f338-4035-a2ba-8928fff30834""}";;2026-02-11 23:58:25.644295+00;info;access_control;;;;
af6d0f37-dc57-406b-af3f-d2df250fe523;get_user_tier_access;03765a40-f338-4035-a2ba-8928fff30834;"{""pending_amount"":0,""requested_user_id"":""03765a40-f338-4035-a2ba-8928fff30834""}";;2026-02-11 23:58:25.664453+00;info;access_control;;;;
f65f0790-8cb6-466a-ac45-76893faac26c;get_user_tier_access;03765a40-f338-4035-a2ba-8928fff30834;"{""pending_amount"":0,""requested_user_id"":""03765a40-f338-4035-a2ba-8928fff30834""}";;2026-02-11 23:58:25.991219+00;info;access_control;;;;
a8b7a554-42d9-4246-841d-736d5c45b9ce;get_user_tier_access;03765a40-f338-4035-a2ba-8928fff30834;"{""pending_amount"":0,""requested_user_id"":""03765a40-f338-4035-a2ba-8928fff30834""}";;2026-02-11 23:58:25.995329+00;info;access_control;;;;
ba141f6d-f3a1-4beb-a207-0a2296c40d79;get_user_tier_access;03765a40-f338-4035-a2ba-8928fff30834;"{""pending_amount"":0,""requested_user_id"":""03765a40-f338-4035-a2ba-8928fff30834""}";;2026-02-11 23:58:30.488229+00;info;access_control;;;;
6abc208d-b108-486e-ace1-854221de255a;get_user_tier_access;03765a40-f338-4035-a2ba-8928fff30834;"{""pending_amount"":0,""requested_user_id"":""03765a40-f338-4035-a2ba-8928fff30834""}";;2026-02-11 23:58:30.495752+00;info;access_control;;;;
949ba231-93ce-4ab8-a3f4-e6500193affd;get_user_tier_access;03765a40-f338-4035-a2ba-8928fff30834;"{""pending_amount"":0,""requested_user_id"":""03765a40-f338-4035-a2ba-8928fff30834""}";;2026-02-12 00:10:56.08239+00;info;access_control;;;;
334d7396-d14a-4ce2-98bf-83bb1861fce2;get_user_tier_access;03765a40-f338-4035-a2ba-8928fff30834;"{""pending_amount"":0,""requested_user_id"":""03765a40-f338-4035-a2ba-8928fff30834""}";;2026-02-12 00:10:56.076202+00;info;access_control;;;;
6301eb9e-1f79-4bd6-968b-92ab214afcd2;get_user_tier_access;03765a40-f338-4035-a2ba-8928fff30834;"{""pending_amount"":0,""requested_user_id"":""03765a40-f338-4035-a2ba-8928fff30834""}";;2026-02-12 00:13:32.971629+00;info;access_control;;;;
1d0962c9-a927-4bd7-8b11-f53ec114507c;get_user_tier_access;03765a40-f338-4035-a2ba-8928fff30834;"{""pending_amount"":0,""requested_user_id"":""03765a40-f338-4035-a2ba-8928fff30834""}";;2026-02-12 00:13:32.961737+00;info;access_control;;;;
ba6085f2-cca3-41a9-a1a7-8eb64ff9feac;get_user_tier_access;03765a40-f338-4035-a2ba-8928fff30834;"{""pending_amount"":0,""requested_user_id"":""03765a40-f338-4035-a2ba-8928fff30834""}";;2026-02-12 00:13:34.629075+00;info;access_control;;;;
ee3a0d76-aecd-46bb-adab-31c1d41a1836;get_user_tier_access;03765a40-f338-4035-a2ba-8928fff30834;"{""pending_amount"":0,""requested_user_id"":""03765a40-f338-4035-a2ba-8928fff30834""}";;2026-02-12 00:13:34.629046+00;info;access_control;;;;
a0df74ee-cc22-4520-87c3-c03231f17a85;get_user_tier_access;03765a40-f338-4035-a2ba-8928fff30834;"{""pending_amount"":0,""requested_user_id"":""03765a40-f338-4035-a2ba-8928fff30834""}";;2026-02-12 00:13:34.817622+00;info;access_control;;;;
0d990ad9-1d88-4653-a893-93637c6fcb64;get_user_tier_access;03765a40-f338-4035-a2ba-8928fff30834;"{""pending_amount"":0,""requested_user_id"":""03765a40-f338-4035-a2ba-8928fff30834""}";;2026-02-12 00:13:34.819429+00;info;access_control;;;;
899b7189-e7a4-42ce-97e0-8cb66decec2e;get_user_tier_access;03765a40-f338-4035-a2ba-8928fff30834;"{""pending_amount"":0,""requested_user_id"":""03765a40-f338-4035-a2ba-8928fff30834""}";;2026-02-12 00:13:40.471678+00;info;access_control;;;;
5f16d863-8a71-4183-b732-f8b017763a7e;get_user_tier_access;03765a40-f338-4035-a2ba-8928fff30834;"{""pending_amount"":0,""requested_user_id"":""03765a40-f338-4035-a2ba-8928fff30834""}";;2026-02-12 00:13:40.471461+00;info;access_control;;;;
45d8d6f1-5004-4723-a3c1-c7edb43ce83d;get_user_tier_access;03765a40-f338-4035-a2ba-8928fff30834;"{""pending_amount"":0,""requested_user_id"":""03765a40-f338-4035-a2ba-8928fff30834""}";;2026-02-12 00:31:11.197531+00;info;access_control;;;;
d9c8aaeb-b9ee-4246-a939-fa2a70591a58;get_user_tier_access;03765a40-f338-4035-a2ba-8928fff30834;"{""pending_amount"":0,""requested_user_id"":""03765a40-f338-4035-a2ba-8928fff30834""}";;2026-02-12 00:31:11.19524+00;info;access_control;;;;
6c3136d4-fd39-4fac-a0e0-3893565640f0;get_user_tier_access;03765a40-f338-4035-a2ba-8928fff30834;"{""pending_amount"":0,""requested_user_id"":""03765a40-f338-4035-a2ba-8928fff30834""}";;2026-02-12 00:31:11.698122+00;info;access_control;;;;
ce15b111-637c-4541-97cb-882e08424352;get_user_tier_access;03765a40-f338-4035-a2ba-8928fff30834;"{""pending_amount"":0,""requested_user_id"":""03765a40-f338-4035-a2ba-8928fff30834""}";;2026-02-12 00:31:11.708+00;info;access_control;;;;
c3f13142-4253-4cf4-a31b-912bb7e3b160;get_user_tier_access;03765a40-f338-4035-a2ba-8928fff30834;"{""pending_amount"":0,""requested_user_id"":""03765a40-f338-4035-a2ba-8928fff30834""}";;2026-02-12 00:31:38.872422+00;info;access_control;;;;
857800d3-9732-4f5b-b2e0-e5034d8b730f;get_user_tier_access;03765a40-f338-4035-a2ba-8928fff30834;"{""pending_amount"":0,""requested_user_id"":""03765a40-f338-4035-a2ba-8928fff30834""}";;2026-02-12 00:31:38.871281+00;info;access_control;;;;
45faa3d6-fd09-445f-b8b4-b1e53913a9b1;get_user_tier_access;03765a40-f338-4035-a2ba-8928fff30834;"{""pending_amount"":0,""requested_user_id"":""03765a40-f338-4035-a2ba-8928fff30834""}";;2026-02-12 00:36:21.442348+00;info;access_control;;;;
812dd568-a568-4131-831a-83c6cbce213a;get_user_tier_access;03765a40-f338-4035-a2ba-8928fff30834;"{""pending_amount"":0,""requested_user_id"":""03765a40-f338-4035-a2ba-8928fff30834""}";;2026-02-12 00:36:21.435571+00;info;access_control;;;;
71770ba9-fe5e-49bd-a295-da6a5a58710f;get_user_tier_access;03765a40-f338-4035-a2ba-8928fff30834;"{""pending_amount"":0,""requested_user_id"":""03765a40-f338-4035-a2ba-8928fff30834""}";;2026-02-12 00:38:37.226875+00;info;access_control;;;;
876de70d-a85b-4bff-bd5d-586528726edf;get_user_tier_access;03765a40-f338-4035-a2ba-8928fff30834;"{""pending_amount"":0,""requested_user_id"":""03765a40-f338-4035-a2ba-8928fff30834""}";;2026-02-12 00:38:37.220804+00;info;access_control;;;;
a84cb8fc-4ed6-4e6d-a34c-c5ab67216ecd;get_user_tier_access;03765a40-f338-4035-a2ba-8928fff30834;"{""pending_amount"":0,""requested_user_id"":""03765a40-f338-4035-a2ba-8928fff30834""}";;2026-02-12 00:44:09.103344+00;info;access_control;;;;
370b56bc-199d-42fd-a335-0d675ca6dbe4;get_user_tier_access;03765a40-f338-4035-a2ba-8928fff30834;"{""pending_amount"":0,""requested_user_id"":""03765a40-f338-4035-a2ba-8928fff30834""}";;2026-02-12 00:44:09.102208+00;info;access_control;;;;
caabad3c-691b-4abb-80d0-13fd352b023b;get_user_tier_access;03765a40-f338-4035-a2ba-8928fff30834;"{""pending_amount"":0,""requested_user_id"":""03765a40-f338-4035-a2ba-8928fff30834""}";;2026-02-12 00:47:12.531828+00;info;access_control;;;;
9a7668dd-5e66-414b-aa0b-66ed7c226bc5;get_user_tier_access;03765a40-f338-4035-a2ba-8928fff30834;"{""pending_amount"":0,""requested_user_id"":""03765a40-f338-4035-a2ba-8928fff30834""}";;2026-02-12 00:47:12.531432+00;info;access_control;;;;
91908269-2186-4bef-8388-46d90b01a75e;get_user_tier_access;03765a40-f338-4035-a2ba-8928fff30834;"{""pending_amount"":0,""requested_user_id"":""03765a40-f338-4035-a2ba-8928fff30834""}";;2026-02-12 00:48:44.68453+00;info;access_control;;;;
0d4970e1-3368-454e-8582-bec222dd40f6;get_user_tier_access;03765a40-f338-4035-a2ba-8928fff30834;"{""pending_amount"":0,""requested_user_id"":""03765a40-f338-4035-a2ba-8928fff30834""}";;2026-02-12 00:48:44.685072+00;info;access_control;;;;
e84669c6-a885-4bbe-822b-1dce7e254eab;get_user_tier_access;f78b006c-6ae4-43a4-a77c-16d6756be079;"{""pending_amount"":0,""requested_user_id"":""f78b006c-6ae4-43a4-a77c-16d6756be079""}";;2026-02-12 01:10:36.198047+00;info;access_control;;;;
7c5cf808-5cda-4a6c-bd7a-010d50a7e682;get_user_tier_access;f78b006c-6ae4-43a4-a77c-16d6756be079;"{""pending_amount"":201.813,""requested_user_id"":""f78b006c-6ae4-43a4-a77c-16d6756be079""}";;2026-02-12 01:11:00.895022+00;info;access_control;;;;
c8848603-29eb-4cdf-ba21-aa7bf2488ae1;checkout_session_created;f78b006c-6ae4-43a4-a77c-16d6756be079;"{""amount"":201.813,""order_id"":""a2e6ef10-c6cf-48ea-be82-d47cad4fe6ae""}";;2026-02-12 01:11:05.242714+00;info;system;;;;
f8a37625-a6ee-4ec6-a64b-6e1806c7266b;cashback_processed;f78b006c-6ae4-43a4-a77c-16d6756be079;"{""cashback_earned"":2.0181299999999998,""cashback_used"":0,""new_balance"":2.0181299999999998,""order_amount"":201.81,""order_id"":""a2e6ef10-c6cf-48ea-be82-d47cad4fe6ae""}";;2026-02-12 01:12:09.206859+00;info;financial;;;;
9f55df98-39e4-48f8-a53c-021791fb0085;payment_verified;f78b006c-6ae4-43a4-a77c-16d6756be079;"{""amount"":201.81,""order_id"":""a2e6ef10-c6cf-48ea-be82-d47cad4fe6ae""}";;2026-02-12 01:12:12.364159+00;success;financial;;;;
0e674763-a967-413d-836d-57eeebfb5069;get_user_tier_access;03765a40-f338-4035-a2ba-8928fff30834;"{""pending_amount"":0,""requested_user_id"":""03765a40-f338-4035-a2ba-8928fff30834""}";;2026-02-12 01:17:27.010669+00;info;access_control;;;;
38c6d0d0-e697-4344-83f0-183fe4b2eca5;get_user_tier_access;620f66b2-5fcb-463a-95d9-32fd4f99d682;"{""pending_amount"":0,""requested_user_id"":""620f66b2-5fcb-463a-95d9-32fd4f99d682""}";;2026-02-12 01:26:55.249639+00;info;access_control;;;;
cd96b49f-4a5d-41ff-9149-b2365120fc9b;get_user_tier_access;620f66b2-5fcb-463a-95d9-32fd4f99d682;"{""pending_amount"":0,""requested_user_id"":""620f66b2-5fcb-463a-95d9-32fd4f99d682""}";;2026-02-12 01:26:55.291369+00;info;access_control;;;;
99f82cd5-f48d-459b-aac0-767632468b8e;get_user_tier_access;620f66b2-5fcb-463a-95d9-32fd4f99d682;"{""pending_amount"":0,""requested_user_id"":""620f66b2-5fcb-463a-95d9-32fd4f99d682""}";;2026-02-12 01:26:59.409974+00;info;access_control;;;;
d5ac1931-206a-42fe-93cd-9df82153262f;get_user_tier_access;620f66b2-5fcb-463a-95d9-32fd4f99d682;"{""pending_amount"":0,""requested_user_id"":""620f66b2-5fcb-463a-95d9-32fd4f99d682""}";;2026-02-12 01:27:01.679239+00;info;access_control;;;;
3a450079-1873-4208-b6a1-c899c62c0866;get_user_tier_access;03765a40-f338-4035-a2ba-8928fff30834;"{""pending_amount"":0,""requested_user_id"":""03765a40-f338-4035-a2ba-8928fff30834""}";;2026-02-12 01:31:53.195879+00;info;access_control;;;;
151bf0c4-0696-4d7e-a571-57c3d698e062;get_user_tier_access;03765a40-f338-4035-a2ba-8928fff30834;"{""pending_amount"":0,""requested_user_id"":""03765a40-f338-4035-a2ba-8928fff30834""}";;2026-02-12 16:53:32.283097+00;info;access_control;;;;
1d78887b-b959-458c-9bcb-57c6a2d74e1a;get_user_tier_access;03765a40-f338-4035-a2ba-8928fff30834;"{""pending_amount"":0,""requested_user_id"":""03765a40-f338-4035-a2ba-8928fff30834""}";;2026-02-13 13:06:55.608827+00;info;access_control;;;;
b2e79101-9907-4972-8f29-0ec8b0c602f7;get_user_tier_access;1557a5e9-6865-4a78-b45e-08012a40e674;"{""pending_amount"":0,""requested_user_id"":""1557a5e9-6865-4a78-b45e-08012a40e674""}";;2026-02-13 19:46:59.800877+00;info;access_control;;;;
c6d413db-1f08-4b97-8b9e-2238744db9bc;get_user_tier_access;1557a5e9-6865-4a78-b45e-08012a40e674;"{""pending_amount"":160,""requested_user_id"":""1557a5e9-6865-4a78-b45e-08012a40e674""}";;2026-02-13 19:47:51.135369+00;info;access_control;;;;
e33616cb-af1f-41de-ba5e-871c1dfd7fc4;checkout_session_created;1557a5e9-6865-4a78-b45e-08012a40e674;"{""amount"":160,""order_id"":""55c25c70-04ad-47b0-9d67-c6fb6f66ffad""}";;2026-02-13 19:47:54.949928+00;info;system;;;;
966c50f9-2748-4d17-859a-4748f3ad3d3c;get_user_tier_access;03765a40-f338-4035-a2ba-8928fff30834;"{""pending_amount"":0,""requested_user_id"":""1557a5e9-6865-4a78-b45e-08012a40e674""}";;2026-02-13 23:18:51.651349+00;info;access_control;;;;
e355fc19-8ab0-475d-b157-e6089f7fc90a;get_user_tier_access;868030ec-d3e9-4fe6-9025-8b5d4be184a2;"{""pending_amount"":0,""requested_user_id"":""868030ec-d3e9-4fe6-9025-8b5d4be184a2""}";;2026-02-13 23:53:05.833612+00;info;access_control;;;;
63798b1d-966a-4a8b-8fc7-6d4d2edfc967;get_user_tier_access;868030ec-d3e9-4fe6-9025-8b5d4be184a2;"{""pending_amount"":0,""requested_user_id"":""868030ec-d3e9-4fe6-9025-8b5d4be184a2""}";;2026-02-13 23:53:10.688109+00;info;access_control;;;;
5fa4ded6-21ed-4b0e-ba78-05d9e7b1b4e8;get_user_tier_access;868030ec-d3e9-4fe6-9025-8b5d4be184a2;"{""pending_amount"":88.38448888888888,""requested_user_id"":""868030ec-d3e9-4fe6-9025-8b5d4be184a2""}";;2026-02-13 23:53:50.783098+00;info;access_control;;;;
9caafe9c-ffdc-4252-8260-6b5fcbdeee35;checkout_session_created;868030ec-d3e9-4fe6-9025-8b5d4be184a2;"{""amount"":88.38448888888888,""order_id"":""27500d5d-d54c-4e52-90b3-81532853b73d""}";;2026-02-13 23:53:54.177895+00;info;system;;;;
5d4d9694-2d69-4149-8833-92254ddcbea4;cashback_processed;868030ec-d3e9-4fe6-9025-8b5d4be184a2;"{""cashback_earned"":0.8888888888888888,""cashback_used"":2.0044,""new_balance"":0.8888888888888888,""order_amount"":88.38,""order_id"":""27500d5d-d54c-4e52-90b3-81532853b73d""}";;2026-02-13 23:54:12.844684+00;info;financial;;;;
c06ae1a5-0986-40ce-933a-865b7902e438;payment_verified;868030ec-d3e9-4fe6-9025-8b5d4be184a2;"{""amount"":88.38,""order_id"":""27500d5d-d54c-4e52-90b3-81532853b73d""}";;2026-02-13 23:54:14.67136+00;success;financial;;;;
7a647400-8ab1-4e7b-a42d-7056d389e271;get_user_tier_access;03765a40-f338-4035-a2ba-8928fff30834;"{""pending_amount"":0,""requested_user_id"":""868030ec-d3e9-4fe6-9025-8b5d4be184a2""}";;2026-02-13 23:54:59.045167+00;info;access_control;;;;
3d149150-3dd3-46ad-9e81-79fe525331e3;get_user_tier_access;03765a40-f338-4035-a2ba-8928fff30834;"{""pending_amount"":0,""requested_user_id"":""868030ec-d3e9-4fe6-9025-8b5d4be184a2""}";;2026-02-13 23:55:08.824488+00;info;access_control;;;;
1835c977-1a1b-4369-80ae-49bcb0442585;get_user_tier_access;03765a40-f338-4035-a2ba-8928fff30834;"{""pending_amount"":0,""requested_user_id"":""03765a40-f338-4035-a2ba-8928fff30834""}";;2026-02-13 23:55:43.722848+00;info;access_control;;;;
64ab4295-b2d6-4e03-9908-2dbb50395068;get_user_tier_access;03765a40-f338-4035-a2ba-8928fff30834;"{""pending_amount"":85.29758888888888,""requested_user_id"":""03765a40-f338-4035-a2ba-8928fff30834""}";;2026-02-13 23:55:52.997195+00;info;access_control;;;;
2a7d4bd3-1f8b-4b70-8596-5328e7fd3045;checkout_session_created;03765a40-f338-4035-a2ba-8928fff30834;"{""amount"":85.29758888888888,""order_id"":""8ef8a059-fcae-4aae-b8a1-42849bb94522""}";;2026-02-13 23:55:55.210592+00;info;system;;;;
4068642a-3334-4c2b-a10e-a5c30eff0d14;get_user_tier_access;03765a40-f338-4035-a2ba-8928fff30834;"{""pending_amount"":0,""requested_user_id"":""868030ec-d3e9-4fe6-9025-8b5d4be184a2""}";;2026-02-13 23:56:06.678879+00;info;access_control;;;;
87bb5215-5d0e-46ab-951a-09ab8e2d215c;get_user_tier_access;03765a40-f338-4035-a2ba-8928fff30834;"{""pending_amount"":0,""requested_user_id"":""868030ec-d3e9-4fe6-9025-8b5d4be184a2""}";;2026-02-13 23:57:54.473738+00;info;access_control;;;;
f7da27bf-b651-44c8-b845-a62411b234c0;get_user_tier_access;03765a40-f338-4035-a2ba-8928fff30834;"{""pending_amount"":0,""requested_user_id"":""868030ec-d3e9-4fe6-9025-8b5d4be184a2""}";;2026-02-13 23:59:06.168769+00;info;access_control;;;;
3587b649-393f-4169-90e0-86b9505bf208;get_user_tier_access;f3e74984-96cc-4465-bbc8-8765a7e2cee1;"{""pending_amount"":0,""requested_user_id"":""f3e74984-96cc-4465-bbc8-8765a7e2cee1""}";;2026-02-14 12:20:09.666482+00;info;access_control;;;;
60f0cc8c-4ffe-4f81-9929-4fa143b7388e;get_user_tier_access;f3e74984-96cc-4465-bbc8-8765a7e2cee1;"{""pending_amount"":0,""requested_user_id"":""f3e74984-96cc-4465-bbc8-8765a7e2cee1""}";;2026-02-14 12:20:29.29981+00;info;access_control;;;;
7844de55-b30e-4bc5-b423-c177886049bb;get_user_tier_access;f3e74984-96cc-4465-bbc8-8765a7e2cee1;"{""pending_amount"":40.47,""requested_user_id"":""f3e74984-96cc-4465-bbc8-8765a7e2cee1""}";;2026-02-14 12:20:55.942573+00;info;access_control;;;;
439aea96-79bc-4879-b580-39e2953456fd;checkout_session_created;f3e74984-96cc-4465-bbc8-8765a7e2cee1;"{""amount"":40.47,""order_id"":""1c982d05-1a0e-46cc-91a2-f5e5550b1752""}";;2026-02-14 12:20:59.212255+00;info;system;;;;
cd595eb0-ef95-4efb-a59a-8f6b2c862631;cashback_processed;f3e74984-96cc-4465-bbc8-8765a7e2cee1;"{""cashback_earned"":0,""cashback_used"":0,""new_balance"":0,""order_amount"":40.47,""order_id"":""1c982d05-1a0e-46cc-91a2-f5e5550b1752""}";;2026-02-14 12:21:21.455111+00;info;financial;;;;
8b71e805-1d89-4f62-bc26-3c0a2019e29a;payment_verified;f3e74984-96cc-4465-bbc8-8765a7e2cee1;"{""amount"":40.47,""order_id"":""1c982d05-1a0e-46cc-91a2-f5e5550b1752""}";;2026-02-14 12:21:22.777652+00;success;financial;;;;
62dce6dd-1438-4c1c-bc77-da816b0d45f0;get_user_tier_access;a3d0e416-ea01-4f55-8c41-09087da66edd;"{""pending_amount"":0,""requested_user_id"":""a3d0e416-ea01-4f55-8c41-09087da66edd""}";;2026-02-14 14:40:09.344661+00;info;access_control;;;;
a7a2e137-ff67-41c5-be71-aaa8e6344031;get_user_tier_access;a3d0e416-ea01-4f55-8c41-09087da66edd;"{""pending_amount"":277.55999999999995,""requested_user_id"":""a3d0e416-ea01-4f55-8c41-09087da66edd""}";;2026-02-14 14:43:07.410045+00;info;access_control;;;;
41b69a9f-95ce-49e4-8e06-05fd4a922db4;checkout_session_created;a3d0e416-ea01-4f55-8c41-09087da66edd;"{""amount"":277.55999999999995,""order_id"":""6592e198-71da-41d8-a568-b27eca06c47e""}";;2026-02-14 14:43:13.131837+00;info;system;;;;
ec3015d6-6a3f-4569-afe2-0b0ee3ea5764;cashback_processed;a3d0e416-ea01-4f55-8c41-09087da66edd;"{""cashback_earned"":2.7755999999999994,""cashback_used"":0,""new_balance"":2.7755999999999994,""order_amount"":277.56,""order_id"":""6592e198-71da-41d8-a568-b27eca06c47e""}";;2026-02-14 14:43:48.240701+00;info;financial;;;;
e3e0f3c4-7d0b-47cc-9742-5020203bade3;payment_verified;a3d0e416-ea01-4f55-8c41-09087da66edd;"{""amount"":277.56,""order_id"":""6592e198-71da-41d8-a568-b27eca06c47e""}";;2026-02-14 14:43:51.225697+00;success;financial;;;;
6210f46a-3e55-4217-a627-76390c758c7e;get_user_tier_access;03765a40-f338-4035-a2ba-8928fff30834;"{""pending_amount"":0,""requested_user_id"":""a3d0e416-ea01-4f55-8c41-09087da66edd""}";;2026-02-14 20:48:10.345075+00;info;access_control;;;;
31117d41-b2e6-41d7-bdfe-b116caf0d259;get_user_tier_access;67047467-dcbb-4fa4-9d77-66aa6eb7f229;"{""pending_amount"":0,""requested_user_id"":""67047467-dcbb-4fa4-9d77-66aa6eb7f229""}";;2026-02-15 00:54:00.321316+00;info;access_control;;;;
f9c64a8c-f773-4327-9deb-1ae361719045;get_user_tier_access;67047467-dcbb-4fa4-9d77-66aa6eb7f229;"{""pending_amount"":0,""requested_user_id"":""67047467-dcbb-4fa4-9d77-66aa6eb7f229""}";;2026-02-15 00:54:00.322139+00;info;access_control;;;;
4c0b5002-965c-4ae9-b7cd-6ba59e86ab94;get_user_tier_access;03765a40-f338-4035-a2ba-8928fff30834;"{""pending_amount"":0,""requested_user_id"":""03765a40-f338-4035-a2ba-8928fff30834""}";;2026-02-15 06:44:42.649783+00;info;access_control;;;;
ba9c6f5d-4b00-4840-b455-91f3a74df125;get_user_tier_access;48e51d21-3ca4-4227-999b-9c695d6cd716;"{""pending_amount"":0,""requested_user_id"":""48e51d21-3ca4-4227-999b-9c695d6cd716""}";;2026-02-15 06:49:34.397999+00;info;access_control;;;;
1783937a-e7c3-431c-9e35-5b25e04501ce;get_user_tier_access;48e51d21-3ca4-4227-999b-9c695d6cd716;"{""pending_amount"":95.55,""requested_user_id"":""48e51d21-3ca4-4227-999b-9c695d6cd716""}";;2026-02-15 06:50:52.263387+00;info;access_control;;;;
2c2185d6-ee81-4e3b-b378-ef22a62bab6e;checkout_session_created;48e51d21-3ca4-4227-999b-9c695d6cd716;"{""amount"":95.55,""order_id"":""2229297b-b978-4d31-9e95-ae1c08e82073""}";;2026-02-15 06:50:55.261571+00;info;system;;;;
9dd32ab5-60d7-4505-a032-21ccddd13f9a;cashback_processed;48e51d21-3ca4-4227-999b-9c695d6cd716;"{""cashback_earned"":0,""cashback_used"":0,""new_balance"":0,""order_amount"":95.55,""order_id"":""2229297b-b978-4d31-9e95-ae1c08e82073""}";;2026-02-15 06:51:41.138618+00;info;financial;;;;
3a0221f5-b93e-435f-86a2-97160b53b50f;payment_verified;48e51d21-3ca4-4227-999b-9c695d6cd716;"{""amount"":95.55,""order_id"":""2229297b-b978-4d31-9e95-ae1c08e82073""}";;2026-02-15 06:51:42.387481+00;success;financial;;;;
b119ad3a-12e4-42cd-ad68-92762b81e8e9;get_user_tier_access;59076801-2403-4e6b-a2f7-bf5dd70fc7e6;"{""pending_amount"":0,""requested_user_id"":""59076801-2403-4e6b-a2f7-bf5dd70fc7e6""}";;2026-02-15 07:40:05.233359+00;info;access_control;;;;
a705551a-31f4-432a-b993-c46a9ca2674c;get_user_tier_access;57b6f869-0c72-4f0c-8b60-6ccd50ae2869;"{""pending_amount"":0,""requested_user_id"":""57b6f869-0c72-4f0c-8b60-6ccd50ae2869""}";;2026-02-15 11:36:03.990881+00;info;access_control;;;;
53301133-5dbe-4e97-9689-56aa6220d425;get_user_tier_access;57b6f869-0c72-4f0c-8b60-6ccd50ae2869;"{""pending_amount"":62.65,""requested_user_id"":""57b6f869-0c72-4f0c-8b60-6ccd50ae2869""}";;2026-02-15 11:36:17.50352+00;info;access_control;;;;
f5824594-a6dd-4274-8c91-6c63d95a960d;checkout_session_created;57b6f869-0c72-4f0c-8b60-6ccd50ae2869;"{""amount"":62.65,""order_id"":""0a7676a2-f208-4c38-a5ab-c320b3bbf45f""}";;2026-02-15 11:36:19.682742+00;info;system;;;;
96c3112f-17af-4c11-8a49-2a9202450008;cashback_processed;57b6f869-0c72-4f0c-8b60-6ccd50ae2869;"{""cashback_earned"":0.6114999999999999,""cashback_used"":0,""new_balance"":8.103499999999999,""order_amount"":62.65,""order_id"":""0a7676a2-f208-4c38-a5ab-c320b3bbf45f""}";;2026-02-15 11:36:41.330609+00;info;financial;;;;
fa8af41c-99aa-46a3-8808-7cd7b7c393fc;payment_verified;57b6f869-0c72-4f0c-8b60-6ccd50ae2869;"{""amount"":62.65,""order_id"":""0a7676a2-f208-4c38-a5ab-c320b3bbf45f""}";;2026-02-15 11:36:44.018201+00;success;financial;;;;
996a99c1-63cc-46cf-9cde-6c42ef0b7f0b;get_user_tier_access;03765a40-f338-4035-a2ba-8928fff30834;"{""pending_amount"":0,""requested_user_id"":""03765a40-f338-4035-a2ba-8928fff30834""}";;2026-02-15 12:16:34.309806+00;info;access_control;;;;
dec63a90-3f0a-42cb-bc15-ecdb54e8aacb;get_user_tier_access;67047467-dcbb-4fa4-9d77-66aa6eb7f229;"{""pending_amount"":0,""requested_user_id"":""67047467-dcbb-4fa4-9d77-66aa6eb7f229""}";;2026-02-15 12:18:29.788481+00;info;access_control;;;;
9da40be1-b8e2-46da-abf0-fa9c0c155d08;get_user_tier_access;67047467-dcbb-4fa4-9d77-66aa6eb7f229;"{""pending_amount"":0,""requested_user_id"":""67047467-dcbb-4fa4-9d77-66aa6eb7f229""}";;2026-02-15 12:18:29.788171+00;info;access_control;;;;
98db8ce8-5cf1-46e7-a31f-8cb40c928fd2;get_user_tier_access;67047467-dcbb-4fa4-9d77-66aa6eb7f229;"{""pending_amount"":0,""requested_user_id"":""67047467-dcbb-4fa4-9d77-66aa6eb7f229""}";;2026-02-15 12:18:29.742423+00;info;access_control;;;;
74199520-a8be-4492-a14f-ef93024fbf25;get_user_tier_access;67047467-dcbb-4fa4-9d77-66aa6eb7f229;"{""pending_amount"":0,""requested_user_id"":""67047467-dcbb-4fa4-9d77-66aa6eb7f229""}";;2026-02-15 12:18:31.571993+00;info;access_control;;;;
9a16837d-4484-4d7f-b13d-0275d0711454;get_user_tier_access;67047467-dcbb-4fa4-9d77-66aa6eb7f229;"{""pending_amount"":0,""requested_user_id"":""67047467-dcbb-4fa4-9d77-66aa6eb7f229""}";;2026-02-15 12:27:55.985392+00;info;access_control;;;;
2fedbe7d-cbbd-49e5-a11b-0ebad0430e91;get_user_tier_access;67047467-dcbb-4fa4-9d77-66aa6eb7f229;"{""pending_amount"":0,""requested_user_id"":""67047467-dcbb-4fa4-9d77-66aa6eb7f229""}";;2026-02-15 12:28:38.435474+00;info;access_control;;;;
02d3a837-cf52-4251-bdcf-9adb873f0e7a;validate_coupon;67047467-dcbb-4fa4-9d77-66aa6eb7f229;"{""code"":""MISTILAUNCH""}";;2026-02-15 12:28:49.043171+00;info;financial;;;;
4bc2e07f-785b-4233-8669-2d0aa90e2dae;get_user_tier_access;67047467-dcbb-4fa4-9d77-66aa6eb7f229;"{""pending_amount"":150.12066666666666,""requested_user_id"":""67047467-dcbb-4fa4-9d77-66aa6eb7f229""}";;2026-02-15 12:29:26.865568+00;info;access_control;;;;
0d605234-640b-4300-8287-fa42de308620;checkout_session_created;67047467-dcbb-4fa4-9d77-66aa6eb7f229;"{""amount"":150.12066666666666,""order_id"":""be7541c4-91f7-4d60-9750-31ceb5f88bd5""}";;2026-02-15 12:29:28.961367+00;info;system;;;;
4e3cc614-9942-4958-8f8d-2499c1132797;cashback_processed;67047467-dcbb-4fa4-9d77-66aa6eb7f229;"{""cashback_earned"":1.52,""cashback_used"":1.8793333333333335,""new_balance"":1.52,""order_amount"":150.12,""order_id"":""be7541c4-91f7-4d60-9750-31ceb5f88bd5""}";;2026-02-15 12:30:12.389698+00;info;financial;;;;
913ed03c-5e41-47e8-a8fa-44d9abc7248c;payment_verified;67047467-dcbb-4fa4-9d77-66aa6eb7f229;"{""amount"":150.12,""order_id"":""be7541c4-91f7-4d60-9750-31ceb5f88bd5""}";;2026-02-15 12:30:13.600845+00;success;financial;;;;
6c861d55-07da-4fbc-9f4a-b98d4488e287;get_user_tier_access;67047467-dcbb-4fa4-9d77-66aa6eb7f229;"{""pending_amount"":0,""requested_user_id"":""67047467-dcbb-4fa4-9d77-66aa6eb7f229""}";;2026-02-15 12:33:00.35338+00;info;access_control;;;;
ba753be9-9c35-4ee0-bf4e-8e9d2d826b44;get_user_tier_access;67047467-dcbb-4fa4-9d77-66aa6eb7f229;"{""pending_amount"":0,""requested_user_id"":""67047467-dcbb-4fa4-9d77-66aa6eb7f229""}";;2026-02-15 12:33:00.380946+00;info;access_control;;;;
b41d287b-53bf-4db1-9aa8-0deb32801713;get_user_tier_access;67047467-dcbb-4fa4-9d77-66aa6eb7f229;"{""pending_amount"":0,""requested_user_id"":""67047467-dcbb-4fa4-9d77-66aa6eb7f229""}";;2026-02-15 12:33:00.409836+00;info;access_control;;;;
85253572-d351-47be-82d5-2ebac4cf3176;get_user_tier_access;67047467-dcbb-4fa4-9d77-66aa6eb7f229;"{""pending_amount"":0,""requested_user_id"":""67047467-dcbb-4fa4-9d77-66aa6eb7f229""}";;2026-02-15 12:33:01.7365+00;info;access_control;;;;
cebc66c0-a127-49ec-ba7c-6793ff47bae5;get_user_tier_access;67047467-dcbb-4fa4-9d77-66aa6eb7f229;"{""pending_amount"":0,""requested_user_id"":""67047467-dcbb-4fa4-9d77-66aa6eb7f229""}";;2026-02-15 12:46:22.151226+00;info;access_control;;;;
56f997a2-1504-4e7e-8c45-a1bf922215b5;get_user_tier_access;67047467-dcbb-4fa4-9d77-66aa6eb7f229;"{""pending_amount"":0,""requested_user_id"":""67047467-dcbb-4fa4-9d77-66aa6eb7f229""}";;2026-02-15 12:46:25.724245+00;info;access_control;;;;
6f9bbd38-b2a6-40f1-8fbf-0dd0ac342325;get_user_tier_access;67047467-dcbb-4fa4-9d77-66aa6eb7f229;"{""pending_amount"":0,""requested_user_id"":""67047467-dcbb-4fa4-9d77-66aa6eb7f229""}";;2026-02-15 12:46:25.81297+00;info;access_control;;;;
e7961b8e-feea-41f1-98b0-266281cc804b;get_user_tier_access;03765a40-f338-4035-a2ba-8928fff30834;"{""pending_amount"":0,""requested_user_id"":""03765a40-f338-4035-a2ba-8928fff30834""}";;2026-02-15 15:43:54.438946+00;info;access_control;;;;
ec3254b4-702a-49bd-9975-ac481ca53c20;get_user_tier_access;03765a40-f338-4035-a2ba-8928fff30834;"{""pending_amount"":0,""requested_user_id"":""03765a40-f338-4035-a2ba-8928fff30834""}";;2026-02-15 16:13:01.215426+00;info;access_control;;;;
f52a4052-4c6a-48d6-b9b1-758e8bd2f681;validate_coupon;03765a40-f338-4035-a2ba-8928fff30834;"{""code"":""MISTILAUNCH""}";;2026-02-15 16:13:14.557161+00;info;financial;;;;
cc228220-80b6-4c56-8aaf-367b38105d29;get_user_tier_access;03765a40-f338-4035-a2ba-8928fff30834;"{""pending_amount"":0,""requested_user_id"":""03765a40-f338-4035-a2ba-8928fff30834""}";;2026-02-15 16:15:58.060773+00;info;access_control;;;;
1267cc40-9636-4145-b276-ad6a9f086487;get_user_tier_access;f19dd3f0-96a0-4c76-82d3-a1d07cb3665d;"{""pending_amount"":0,""requested_user_id"":""f19dd3f0-96a0-4c76-82d3-a1d07cb3665d""}";;2026-02-15 16:41:27.785281+00;info;access_control;;;;
45907edd-4247-46bc-9419-b8a7a91acadc;get_user_tier_access;f19dd3f0-96a0-4c76-82d3-a1d07cb3665d;"{""pending_amount"":0,""requested_user_id"":""f19dd3f0-96a0-4c76-82d3-a1d07cb3665d""}";;2026-02-15 16:41:30.471204+00;info;access_control;;;;
dd9c4af4-4169-4342-a97e-6f95dc92fb1c;get_user_tier_access;f19dd3f0-96a0-4c76-82d3-a1d07cb3665d;"{""pending_amount"":0,""requested_user_id"":""f19dd3f0-96a0-4c76-82d3-a1d07cb3665d""}";;2026-02-15 16:41:30.471205+00;info;access_control;;;;
91d1f445-8574-4699-88ff-029cf9b7e890;get_user_tier_access;f19dd3f0-96a0-4c76-82d3-a1d07cb3665d;"{""pending_amount"":0,""requested_user_id"":""f19dd3f0-96a0-4c76-82d3-a1d07cb3665d""}";;2026-02-15 16:42:17.164048+00;info;access_control;;;;
1f40b716-1b24-4522-9f91-494ad914a03a;get_user_tier_access;f19dd3f0-96a0-4c76-82d3-a1d07cb3665d;"{""pending_amount"":0,""requested_user_id"":""f19dd3f0-96a0-4c76-82d3-a1d07cb3665d""}";;2026-02-15 16:42:49.902595+00;info;access_control;;;;
348fdfef-8c08-4bc0-958f-265bbf8a7205;get_user_tier_access;f19dd3f0-96a0-4c76-82d3-a1d07cb3665d;"{""pending_amount"":0,""requested_user_id"":""f19dd3f0-96a0-4c76-82d3-a1d07cb3665d""}";;2026-02-15 16:43:20.678627+00;info;access_control;;;;
e29a490e-0478-4b37-950b-e504146153c8;get_user_tier_access;03765a40-f338-4035-a2ba-8928fff30834;"{""pending_amount"":0,""requested_user_id"":""03765a40-f338-4035-a2ba-8928fff30834""}";;2026-02-15 16:53:59.055947+00;info;access_control;;;;
d45215f4-d97b-4bd4-b380-47251fa6982c;get_user_tier_access;f19dd3f0-96a0-4c76-82d3-a1d07cb3665d;"{""pending_amount"":0,""requested_user_id"":""f19dd3f0-96a0-4c76-82d3-a1d07cb3665d""}";;2026-02-15 16:57:04.681611+00;info;access_control;;;;
fbfac23c-b57a-4890-ba4e-bc648af4e0ac;get_user_tier_access;f19dd3f0-96a0-4c76-82d3-a1d07cb3665d;"{""pending_amount"":0,""requested_user_id"":""f19dd3f0-96a0-4c76-82d3-a1d07cb3665d""}";;2026-02-15 16:57:13.055472+00;info;access_control;;;;
f1713688-8b52-4062-9777-5a865879f3b5;get_user_tier_access;f19dd3f0-96a0-4c76-82d3-a1d07cb3665d;"{""pending_amount"":0,""requested_user_id"":""f19dd3f0-96a0-4c76-82d3-a1d07cb3665d""}";;2026-02-15 16:57:17.305096+00;info;access_control;;;;
8aaaa761-f1d3-40a4-9b13-d37399c21d4d;get_user_tier_access;f19dd3f0-96a0-4c76-82d3-a1d07cb3665d;"{""pending_amount"":0,""requested_user_id"":""f19dd3f0-96a0-4c76-82d3-a1d07cb3665d""}";;2026-02-15 16:57:30.094553+00;info;access_control;;;;
84bda87f-abf7-4103-aa0e-14869f83f2b5;get_user_tier_access;03765a40-f338-4035-a2ba-8928fff30834;"{""pending_amount"":0,""requested_user_id"":""03765a40-f338-4035-a2ba-8928fff30834""}";;2026-02-15 16:58:32.783856+00;info;access_control;;;;
a67fec3d-c828-4fde-bc9a-49e83583011b;get_user_tier_access;f19dd3f0-96a0-4c76-82d3-a1d07cb3665d;"{""pending_amount"":0,""requested_user_id"":""f19dd3f0-96a0-4c76-82d3-a1d07cb3665d""}";;2026-02-15 16:59:10.767401+00;info;access_control;;;;
c7d0a6a2-2721-4a95-a9e5-af5421e93256;get_user_tier_access;f19dd3f0-96a0-4c76-82d3-a1d07cb3665d;"{""pending_amount"":0,""requested_user_id"":""f19dd3f0-96a0-4c76-82d3-a1d07cb3665d""}";;2026-02-15 16:59:16.496794+00;info;access_control;;;;
91c66e35-98bb-4032-a93a-e7a6b34e4c97;get_user_tier_access;17e3e396-6f25-4e8b-beb4-572581e4a280;"{""pending_amount"":0,""requested_user_id"":""17e3e396-6f25-4e8b-beb4-572581e4a280""}";;2026-02-15 17:10:19.826932+00;info;access_control;;;;
bb1b03be-c6d2-4041-9d53-536096c8001c;get_user_tier_access;17e3e396-6f25-4e8b-beb4-572581e4a280;"{""pending_amount"":129.9,""requested_user_id"":""17e3e396-6f25-4e8b-beb4-572581e4a280""}";;2026-02-15 17:10:49.875942+00;info;access_control;;;;
7c1cfe2e-5467-46f2-b44b-299bbcbcb0c0;checkout_session_created;17e3e396-6f25-4e8b-beb4-572581e4a280;"{""amount"":129.9,""order_id"":""33acd6d5-7bc0-449c-9a35-9d5ddf96b333""}";;2026-02-15 17:10:51.889164+00;info;system;;;;
d3d03144-ed2d-4ac8-8eab-8179d0563dab;cashback_processed;17e3e396-6f25-4e8b-beb4-572581e4a280;"{""cashback_earned"":1.2990000000000002,""cashback_used"":0,""new_balance"":1.2990000000000002,""order_amount"":129.9,""order_id"":""33acd6d5-7bc0-449c-9a35-9d5ddf96b333""}";;2026-02-15 17:13:27.025432+00;info;financial;;;;
e2a94452-6a6e-4933-9995-a9b518d0eef6;payment_verified;17e3e396-6f25-4e8b-beb4-572581e4a280;"{""amount"":129.9,""order_id"":""33acd6d5-7bc0-449c-9a35-9d5ddf96b333""}";;2026-02-15 17:13:29.320396+00;success;financial;;;;
2b0e5253-bc4d-436c-a5e0-553b59a85518;get_user_tier_access;17e3e396-6f25-4e8b-beb4-572581e4a280;"{""pending_amount"":0,""requested_user_id"":""17e3e396-6f25-4e8b-beb4-572581e4a280""}";;2026-02-15 17:13:36.172622+00;info;access_control;;;;
f5be43c3-73c2-45ee-bc7c-02e56dd872ba;get_user_tier_access;17e3e396-6f25-4e8b-beb4-572581e4a280;"{""pending_amount"":0,""requested_user_id"":""17e3e396-6f25-4e8b-beb4-572581e4a280""}";;2026-02-15 17:22:05.37511+00;info;access_control;;;;
d1241947-3c6a-4c5c-9d9a-83ca28987849;get_user_tier_access;17e3e396-6f25-4e8b-beb4-572581e4a280;"{""pending_amount"":0,""requested_user_id"":""17e3e396-6f25-4e8b-beb4-572581e4a280""}";;2026-02-15 17:22:05.342726+00;info;access_control;;;;
556e45bf-c805-4c73-8622-87933b5d2860;get_user_tier_access;17e3e396-6f25-4e8b-beb4-572581e4a280;"{""pending_amount"":0,""requested_user_id"":""17e3e396-6f25-4e8b-beb4-572581e4a280""}";;2026-02-15 17:22:07.85215+00;info;access_control;;;;
740ebea7-7bbc-4be3-b8ac-a969d06cf9d4;get_user_tier_access;17e3e396-6f25-4e8b-beb4-572581e4a280;"{""pending_amount"":0,""requested_user_id"":""17e3e396-6f25-4e8b-beb4-572581e4a280""}";;2026-02-15 17:22:07.862908+00;info;access_control;;;;
b19c8206-5884-4d9d-9cbf-bcbb1e7dd890;get_user_tier_access;17e3e396-6f25-4e8b-beb4-572581e4a280;"{""pending_amount"":0,""requested_user_id"":""17e3e396-6f25-4e8b-beb4-572581e4a280""}";;2026-02-15 17:22:12.124856+00;info;access_control;;;;
4745a143-b232-4575-b138-104aa6a67324;get_user_tier_access;17e3e396-6f25-4e8b-beb4-572581e4a280;"{""pending_amount"":0,""requested_user_id"":""17e3e396-6f25-4e8b-beb4-572581e4a280""}";;2026-02-15 17:22:12.129559+00;info;access_control;;;;
5777f6b8-8ee7-42fa-9ed1-6c4273155fe9;get_user_tier_access;17e3e396-6f25-4e8b-beb4-572581e4a280;"{""pending_amount"":0,""requested_user_id"":""17e3e396-6f25-4e8b-beb4-572581e4a280""}";;2026-02-15 17:22:16.157524+00;info;access_control;;;;
cfdeb0bc-8bc7-4c4e-8d41-b6c4b3c12a6f;get_user_tier_access;17e3e396-6f25-4e8b-beb4-572581e4a280;"{""pending_amount"":0,""requested_user_id"":""17e3e396-6f25-4e8b-beb4-572581e4a280""}";;2026-02-15 17:22:23.881514+00;info;access_control;;;;
3340f563-60e4-4ab6-8cd1-62e0fa1c5643;get_user_tier_access;03765a40-f338-4035-a2ba-8928fff30834;"{""pending_amount"":0,""requested_user_id"":""03765a40-f338-4035-a2ba-8928fff30834""}";;2026-02-15 18:28:30.602094+00;info;access_control;;;;
fec884f9-2c4e-4b8c-88c7-34364da24d4e;get_user_tier_access;03765a40-f338-4035-a2ba-8928fff30834;"{""pending_amount"":0,""requested_user_id"":""03765a40-f338-4035-a2ba-8928fff30834""}";;2026-02-15 18:37:10.003471+00;info;access_control;;;;
02fc7437-6708-4350-8036-453e64fc285a;get_user_tier_access;03765a40-f338-4035-a2ba-8928fff30834;"{""pending_amount"":0,""requested_user_id"":""03765a40-f338-4035-a2ba-8928fff30834""}";;2026-02-15 18:45:16.533508+00;info;access_control;;;;
5394692f-8a88-40b8-be02-784a1ac59294;get_user_tier_access;03765a40-f338-4035-a2ba-8928fff30834;"{""pending_amount"":0,""requested_user_id"":""03765a40-f338-4035-a2ba-8928fff30834""}";;2026-02-15 18:45:16.529199+00;info;access_control;;;;
83269fb9-0c91-4301-b6ca-8fc5932cdf9f;get_user_tier_access;03765a40-f338-4035-a2ba-8928fff30834;"{""pending_amount"":0,""requested_user_id"":""03765a40-f338-4035-a2ba-8928fff30834""}";;2026-02-15 18:45:22.432399+00;info;access_control;;;;
cbd40ad9-fb28-4a63-9dd0-0c26bfc6e40d;get_user_tier_access;03765a40-f338-4035-a2ba-8928fff30834;"{""pending_amount"":0,""requested_user_id"":""03765a40-f338-4035-a2ba-8928fff30834""}";;2026-02-15 18:45:22.477882+00;info;access_control;;;;
385cf262-14f8-4851-9d90-544f20dc1e59;get_user_tier_access;f19dd3f0-96a0-4c76-82d3-a1d07cb3665d;"{""pending_amount"":0,""requested_user_id"":""f19dd3f0-96a0-4c76-82d3-a1d07cb3665d""}";;2026-02-15 19:08:29.515562+00;info;access_control;;;;
fb4e7bdf-a3d7-4fdd-b0ab-41cba3e8df85;get_user_tier_access;f19dd3f0-96a0-4c76-82d3-a1d07cb3665d;"{""pending_amount"":0,""requested_user_id"":""f19dd3f0-96a0-4c76-82d3-a1d07cb3665d""}";;2026-02-15 19:08:29.644803+00;info;access_control;;;;
8c77f2b1-ef84-4a4b-86f9-d00db26faad2;get_user_tier_access;f19dd3f0-96a0-4c76-82d3-a1d07cb3665d;"{""pending_amount"":0,""requested_user_id"":""f19dd3f0-96a0-4c76-82d3-a1d07cb3665d""}";;2026-02-15 19:08:30.090544+00;info;access_control;;;;
235639a1-827f-4a87-aed5-b85c4c1042b9;get_user_tier_access;f19dd3f0-96a0-4c76-82d3-a1d07cb3665d;"{""pending_amount"":0,""requested_user_id"":""f19dd3f0-96a0-4c76-82d3-a1d07cb3665d""}";;2026-02-15 19:09:03.528671+00;info;access_control;;;;
f9603428-dc21-4fc1-89c7-18f3dbd48a82;get_user_tier_access;59076801-2403-4e6b-a2f7-bf5dd70fc7e6;"{""pending_amount"":0,""requested_user_id"":""59076801-2403-4e6b-a2f7-bf5dd70fc7e6""}";;2026-02-15 19:11:15.479287+00;info;access_control;;;;
bab2d680-eeb4-4dc7-9916-a12acea8e0b8;get_user_tier_access;59076801-2403-4e6b-a2f7-bf5dd70fc7e6;"{""pending_amount"":208,""requested_user_id"":""59076801-2403-4e6b-a2f7-bf5dd70fc7e6""}";;2026-02-15 19:11:54.64062+00;info;access_control;;;;
28321162-2242-4f73-ba0d-2ff231c6db4f;checkout_session_created;59076801-2403-4e6b-a2f7-bf5dd70fc7e6;"{""amount"":208,""order_id"":""4d3b1b3f-0804-4492-b154-62d137a4ee4d""}";;2026-02-15 19:11:57.684228+00;info;system;;;;
b9ce5b5a-619e-4b9f-9bca-e91d737cc05b;get_user_tier_access;f19dd3f0-96a0-4c76-82d3-a1d07cb3665d;"{""pending_amount"":0,""requested_user_id"":""f19dd3f0-96a0-4c76-82d3-a1d07cb3665d""}";;2026-02-15 19:12:23.321156+00;info;access_control;;;;
6bf814bf-c77b-41b9-8dc3-f8e2021f1256;get_user_tier_access;f19dd3f0-96a0-4c76-82d3-a1d07cb3665d;"{""pending_amount"":0,""requested_user_id"":""f19dd3f0-96a0-4c76-82d3-a1d07cb3665d""}";;2026-02-15 19:12:29.208604+00;info;access_control;;;;
413a05bb-b0c8-46a7-8d86-ae82b6369848;cashback_processed;59076801-2403-4e6b-a2f7-bf5dd70fc7e6;"{""cashback_earned"":2.08,""cashback_used"":0,""new_balance"":6.4178415,""order_amount"":208,""order_id"":""4d3b1b3f-0804-4492-b154-62d137a4ee4d""}";;2026-02-15 19:14:57.529755+00;info;financial;;;;
1e270423-193a-4dfa-a790-5649fe8de9cf;payment_verified;59076801-2403-4e6b-a2f7-bf5dd70fc7e6;"{""amount"":208,""order_id"":""4d3b1b3f-0804-4492-b154-62d137a4ee4d""}";;2026-02-15 19:14:59.24447+00;success;financial;;;;
4e23c124-330b-4f5b-9f4f-78b088434f71;get_user_tier_access;f19dd3f0-96a0-4c76-82d3-a1d07cb3665d;"{""pending_amount"":0,""requested_user_id"":""f19dd3f0-96a0-4c76-82d3-a1d07cb3665d""}";;2026-02-15 19:54:17.357329+00;info;access_control;;;;
9dbf71c9-7696-4b65-8106-4f13b85e08fb;get_user_tier_access;d2269ad3-9316-44de-926f-5893b7dbe204;"{""pending_amount"":0,""requested_user_id"":""d2269ad3-9316-44de-926f-5893b7dbe204""}";;2026-02-15 22:06:45.065724+00;info;access_control;;;;
3c51456b-cc3c-4595-896c-f6c5add36e1b;get_user_tier_access;d2269ad3-9316-44de-926f-5893b7dbe204;"{""pending_amount"":0,""requested_user_id"":""d2269ad3-9316-44de-926f-5893b7dbe204""}";;2026-02-15 22:06:46.5918+00;info;access_control;;;;
ba4d9787-4dd4-4d93-a786-28d39b865bce;get_user_tier_access;d2269ad3-9316-44de-926f-5893b7dbe204;"{""pending_amount"":0,""requested_user_id"":""d2269ad3-9316-44de-926f-5893b7dbe204""}";;2026-02-15 22:06:46.592269+00;info;access_control;;;;
e6b8ab28-5338-485c-873b-d4f159e8c8ca;get_user_tier_access;d2269ad3-9316-44de-926f-5893b7dbe204;"{""pending_amount"":0,""requested_user_id"":""d2269ad3-9316-44de-926f-5893b7dbe204""}";;2026-02-15 22:06:49.798647+00;info;access_control;;;;
26669ccd-57cd-4de6-b15f-1c2fa1ec811d;get_user_tier_access;d2269ad3-9316-44de-926f-5893b7dbe204;"{""pending_amount"":0,""requested_user_id"":""d2269ad3-9316-44de-926f-5893b7dbe204""}";;2026-02-15 22:06:49.798863+00;info;access_control;;;;
81d4fbae-62ed-40fd-a2f2-03fe0045e20e;get_user_tier_access;e289de81-782d-4f4b-872c-fe378325c66b;"{""pending_amount"":0,""requested_user_id"":""e289de81-782d-4f4b-872c-fe378325c66b""}";;2026-02-15 22:08:35.607207+00;info;access_control;;;;
d99ad782-4902-49dd-849b-bcbd2e18d5fa;get_user_tier_access;e289de81-782d-4f4b-872c-fe378325c66b;"{""pending_amount"":180.324,""requested_user_id"":""e289de81-782d-4f4b-872c-fe378325c66b""}";;2026-02-15 22:08:58.118969+00;info;access_control;;;;
6fd23218-b58a-4893-9963-bd67da70d4ac;checkout_session_created;e289de81-782d-4f4b-872c-fe378325c66b;"{""amount"":180.324,""order_id"":""06d0d6be-0c60-471c-adc6-9f01a149216a""}";;2026-02-15 22:09:00.618947+00;info;system;;;;
59bb3ddf-560e-46e1-8586-a4505d68f91a;cashback_processed;e289de81-782d-4f4b-872c-fe378325c66b;"{""cashback_earned"":1.8032400000000002,""cashback_used"":0,""new_balance"":1.8032400000000002,""order_amount"":180.32,""order_id"":""06d0d6be-0c60-471c-adc6-9f01a149216a""}";;2026-02-15 22:09:37.594113+00;info;financial;;;;
65687fdb-bc7d-4d5a-abae-3bf20bb60be4;payment_verified;e289de81-782d-4f4b-872c-fe378325c66b;"{""amount"":180.32,""order_id"":""06d0d6be-0c60-471c-adc6-9f01a149216a""}";;2026-02-15 22:09:39.23547+00;success;financial;;;;
7dedfb11-6453-4ef4-885b-82cb4171523c;get_user_tier_access;03765a40-f338-4035-a2ba-8928fff30834;"{""pending_amount"":0,""requested_user_id"":""03765a40-f338-4035-a2ba-8928fff30834""}";;2026-02-15 23:05:06.996044+00;info;access_control;;;;
6e669b29-fd18-4478-8442-6fd2d3a929e8;update_exchange_rate;;"{""base_currency"":""USD"",""event_type"":""exchange_rate_updated"",""new_rate"":0.8427,""old_rate"":0.8494,""target_currency"":""EUR""}";;2026-02-15 23:09:09.369674+00;INFO;system;;;;
23b814e7-d09e-4792-93d6-d4c9bda31564;update_exchange_rate;;"{""base_currency"":""USD"",""event_type"":""exchange_rate_updated"",""new_rate"":1,""old_rate"":1,""target_currency"":""USD""}";;2026-02-15 23:09:09.582713+00;INFO;system;;;;
223e2ced-9a71-4157-8583-3a083d34b64b;update_exchange_rate;;"{""base_currency"":""USD"",""event_type"":""exchange_rate_updated"",""new_rate"":0.8427,""old_rate"":0.8427,""target_currency"":""EUR""}";;2026-02-15 23:20:43.775077+00;INFO;system;;;;
8d234a9d-5ca2-46c7-8965-77ca944bdc0f;update_exchange_rate;;"{""base_currency"":""USD"",""event_type"":""exchange_rate_updated"",""new_rate"":1,""old_rate"":1,""target_currency"":""USD""}";;2026-02-15 23:20:43.880962+00;INFO;system;;;;
6e0ed801-ede8-40af-ae72-8bd56f6a20b2;update_exchange_rate;;"{""base_currency"":""USD"",""event_type"":""exchange_rate_updated"",""new_rate"":0.8428,""old_rate"":0.8427,""target_currency"":""EUR""}";;2026-02-16 00:00:13.12198+00;INFO;system;;;;
fa4d2cdb-3e85-4125-a3dd-98d5b3ae8022;update_exchange_rate;;"{""base_currency"":""USD"",""event_type"":""exchange_rate_updated"",""new_rate"":1,""old_rate"":1,""target_currency"":""USD""}";;2026-02-16 00:00:13.262445+00;INFO;system;;;;