id;xml_content;url_count;generated_at;generated_by;created_at;updated_at
13aa2b5d-023b-4569-ae02-f081414c1195;"<?xml version=""1.0"" encoding=""UTF-8""?>
<urlset xmlns=""http://www.sitemaps.org/schemas/sitemap/0.9"">
  <url>
    <loc>https://misti.services/</loc>
    <lastmod>2025-10-26</lastmod>
    <changefreq>daily</changefreq>
    <priority>1</priority>
  </url>
  <url>
    <loc>https://misti.services/about-us</loc>
    <lastmod>2025-10-26</lastmod>
    <changefreq>monthly</changefreq>
    <priority>0.7</priority>
  </url>
  <url>
    <loc>https://misti.services/contact-us</loc>
    <lastmod>2025-10-26</lastmod>
    <changefreq>monthly</changefreq>
    <priority>0.7</priority>
  </url>
  <url>
    <loc>https://misti.services/work-with-us</loc>
    <lastmod>2025-10-26</lastmod>
    <changefreq>monthly</changefreq>
    <priority>0.6</priority>
  </url>
  <url>
    <loc>https://misti.services/blog</loc>
    <lastmod>2025-10-26</lastmod>
    <changefreq>daily</changefreq>
    <priority>0.8</priority>
  </url>
  <url>
    <loc>https://misti.services/game/fellowship-game-boost</loc>
    <lastmod>2025-12-06</lastmod>
    <changefreq>weekly</changefreq>
    <priority>0.7</priority>
  </url>
  <url>
    <loc>https://misti.services/game/buy-final-fantasy-gil-and-boosting</loc>
    <lastmod>2025-12-06</lastmod>
    <changefreq>weekly</changefreq>
    <priority>0.7</priority>
  </url>
  <url>
    <loc>https://misti.services/game/wow-classic-20th-anniversary</loc>
    <lastmod>2025-12-06</lastmod>
    <changefreq>weekly</changefreq>
    <priority>0.7</priority>
  </url>
  <url>
    <loc>https://misti.services/game/escape-from-tarkov</loc>
    <lastmod>2025-12-06</lastmod>
    <changefreq>weekly</changefreq>
    <priority>0.7</priority>
  </url>
  <url>
    <loc>https://misti.services/game/warwithin</loc>
    <lastmod>2025-12-06</lastmod>
    <changefreq>weekly</changefreq>
    <priority>0.7</priority>
  </url>
  <url>
    <loc>https://misti.services/game/buy-battlefield-6-boost</loc>
    <lastmod>2025-12-06</lastmod>
    <changefreq>weekly</changefreq>
    <priority>0.7</priority>
  </url>
  <url>
    <loc>https://misti.services/game/wow-mistsofpandaria-classic</loc>
    <lastmod>2025-12-06</lastmod>
    <changefreq>weekly</changefreq>
    <priority>0.7</priority>
  </url>
  <url>
    <loc>https://misti.services/game/buy-diablo-iv-boost</loc>
    <lastmod>2025-12-06</lastmod>
    <changefreq>weekly</changefreq>
    <priority>0.7</priority>
  </url>
  <url>
    <loc>https://misti.services/game/buy-destiny-rising-boost</loc>
    <lastmod>2025-12-06</lastmod>
    <changefreq>weekly</changefreq>
    <priority>0.7</priority>
  </url>
  <url>
    <loc>https://misti.services/game/wow-tbc-fresh</loc>
    <lastmod>2025-12-06</lastmod>
    <changefreq>weekly</changefreq>
    <priority>0.7</priority>
  </url>
  <url>
    <loc>https://misti.services/game/wow-tbc-fresh/reputations</loc>
    <lastmod>2025-11-30</lastmod>
    <changefreq>weekly</changefreq>
    <priority>0.75</priority>
  </url>
  <url>
    <loc>https://misti.services/game/fellowship-game-boost/best-in-slot</loc>
    <lastmod>2025-11-30</lastmod>
    <changefreq>weekly</changefreq>
    <priority>0.75</priority>
  </url>
  <url>
    <loc>https://misti.services/game/wow-classic-20th-anniversary/gear</loc>
    <lastmod>2025-11-30</lastmod>
    <changefreq>weekly</changefreq>
    <priority>0.75</priority>
  </url>
  <url>
    <loc>https://misti.services/game/wow-classic-20th-anniversary/wow-classic-gold</loc>
    <lastmod>2025-11-30</lastmod>
    <changefreq>weekly</changefreq>
    <priority>0.75</priority>
  </url>
  <url>
    <loc>https://misti.services/game/warwithin/mythic</loc>
    <lastmod>2025-11-30</lastmod>
    <changefreq>weekly</changefreq>
    <priority>0.75</priority>
  </url>
  <url>
    <loc>https://misti.services/game/warwithin/delves</loc>
    <lastmod>2025-11-30</lastmod>
    <changefreq>weekly</changefreq>
    <priority>0.75</priority>
  </url>
  <url>
    <loc>https://misti.services/game/wow-mistsofpandaria-classic/challenge-mode</loc>
    <lastmod>2025-11-30</lastmod>
    <changefreq>weekly</changefreq>
    <priority>0.75</priority>
  </url>
  <url>
    <loc>https://misti.services/game/wow-mistsofpandaria-classic/mounts</loc>
    <lastmod>2025-11-30</lastmod>
    <changefreq>weekly</changefreq>
    <priority>0.75</priority>
  </url>
  <url>
    <loc>https://misti.services/game/buy-diablo-iv-boost/currency</loc>
    <lastmod>2025-11-30</lastmod>
    <changefreq>weekly</changefreq>
    <priority>0.75</priority>
  </url>
  <url>
    <loc>https://misti.services/game/wow-classic-20th-anniversary/dungeons</loc>
    <lastmod>2025-10-28</lastmod>
    <changefreq>weekly</changefreq>
    <priority>0.75</priority>
  </url>
  <url>
    <loc>https://misti.services/game/buy-destiny-rising-boost/leveling</loc>
    <lastmod>2025-11-02</lastmod>
    <changefreq>weekly</changefreq>
    <priority>0.75</priority>
  </url>
  <url>
    <loc>https://misti.services/game/warwithin/leveling-and-gearing</loc>
    <lastmod>2025-11-30</lastmod>
    <changefreq>weekly</changefreq>
    <priority>0.75</priority>
  </url>
  <url>
    <loc>https://misti.services/game/warwithin/raids</loc>
    <lastmod>2025-11-30</lastmod>
    <changefreq>weekly</changefreq>
    <priority>0.75</priority>
  </url>
  <url>
    <loc>https://misti.services/game/warwithin/legion-remix</loc>
    <lastmod>2025-11-30</lastmod>
    <changefreq>weekly</changefreq>
    <priority>0.75</priority>
  </url>
  <url>
    <loc>https://misti.services/game/warwithin/pvp</loc>
    <lastmod>2025-11-30</lastmod>
    <changefreq>weekly</changefreq>
    <priority>0.75</priority>
  </url>
  <url>
    <loc>https://misti.services/game/warwithin/reputations</loc>
    <lastmod>2025-11-30</lastmod>
    <changefreq>weekly</changefreq>
    <priority>0.75</priority>
  </url>
  <url>
    <loc>https://misti.services/game/warwithin/achievements</loc>
    <lastmod>2025-11-30</lastmod>
    <changefreq>weekly</changefreq>
    <priority>0.75</priority>
  </url>
  <url>
    <loc>https://misti.services/game/warwithin/legacy-content</loc>
    <lastmod>2025-11-30</lastmod>
    <changefreq>weekly</changefreq>
    <priority>0.75</priority>
  </url>
  <url>
    <loc>https://misti.services/game/warwithin/wow-gold</loc>
    <lastmod>2025-11-30</lastmod>
    <changefreq>weekly</changefreq>
    <priority>0.75</priority>
  </url>
  <url>
    <loc>https://misti.services/game/warwithin/wow-21st-anniversary</loc>
    <lastmod>2025-11-30</lastmod>
    <changefreq>weekly</changefreq>
    <priority>0.75</priority>
  </url>
  <url>
    <loc>https://misti.services/game/warwithin/mounts</loc>
    <lastmod>2025-11-30</lastmod>
    <changefreq>weekly</changefreq>
    <priority>0.75</priority>
  </url>
  <url>
    <loc>https://misti.services/game/wow-classic-20th-anniversary/leveling</loc>
    <lastmod>2025-11-30</lastmod>
    <changefreq>weekly</changefreq>
    <priority>0.75</priority>
  </url>
  <url>
    <loc>https://misti.services/game/wow-classic-20th-anniversary/attunements</loc>
    <lastmod>2025-11-30</lastmod>
    <changefreq>weekly</changefreq>
    <priority>0.75</priority>
  </url>
  <url>
    <loc>https://misti.services/game/wow-classic-20th-anniversary/reputations</loc>
    <lastmod>2025-11-30</lastmod>
    <changefreq>weekly</changefreq>
    <priority>0.75</priority>
  </url>
  <url>
    <loc>https://misti.services/game/wow-classic-20th-anniversary/pvp</loc>
    <lastmod>2025-11-30</lastmod>
    <changefreq>weekly</changefreq>
    <priority>0.75</priority>
  </url>
  <url>
    <loc>https://misti.services/game/wow-classic-20th-anniversary/professions</loc>
    <lastmod>2025-11-30</lastmod>
    <changefreq>weekly</changefreq>
    <priority>0.75</priority>
  </url>
  <url>
    <loc>https://misti.services/game/wow-classic-20th-anniversary/mounts</loc>
    <lastmod>2025-11-30</lastmod>
    <changefreq>weekly</changefreq>
    <priority>0.75</priority>
  </url>
  <url>
    <loc>https://misti.services/game/buy-battlefield-6-boost/leveling</loc>
    <lastmod>2025-11-30</lastmod>
    <changefreq>weekly</changefreq>
    <priority>0.75</priority>
  </url>
  <url>
    <loc>https://misti.services/game/buy-battlefield-6-boost/battle-royale</loc>
    <lastmod>2025-11-30</lastmod>
    <changefreq>weekly</changefreq>
    <priority>0.75</priority>
  </url>
  <url>
    <loc>https://misti.services/game/buy-battlefield-6-boost/gauntlet-wins</loc>
    <lastmod>2025-11-30</lastmod>
    <changefreq>weekly</changefreq>
    <priority>0.75</priority>
  </url>
  <url>
    <loc>https://misti.services/game/buy-destiny-rising-boost/main-story-quests</loc>
    <lastmod>2025-11-30</lastmod>
    <changefreq>weekly</changefreq>
    <priority>0.75</priority>
  </url>
  <url>
    <loc>https://misti.services/game/wow-mistsofpandaria-classic/leveling</loc>
    <lastmod>2025-11-30</lastmod>
    <changefreq>weekly</changefreq>
    <priority>0.75</priority>
  </url>
  <url>
    <loc>https://misti.services/game/wow-mistsofpandaria-classic/raids</loc>
    <lastmod>2025-11-30</lastmod>
    <changefreq>weekly</changefreq>
    <priority>0.75</priority>
  </url>
  <url>
    <loc>https://misti.services/game/wow-mistsofpandaria-classic/dungeons</loc>
    <lastmod>2025-11-30</lastmod>
    <changefreq>weekly</changefreq>
    <priority>0.75</priority>
  </url>
  <url>
    <loc>https://misti.services/game/wow-mistsofpandaria-classic/gear</loc>
    <lastmod>2025-11-30</lastmod>
    <changefreq>weekly</changefreq>
    <priority>0.75</priority>
  </url>
  <url>
    <loc>https://misti.services/game/wow-mistsofpandaria-classic/pvp</loc>
    <lastmod>2025-11-30</lastmod>
    <changefreq>weekly</changefreq>
    <priority>0.75</priority>
  </url>
  <url>
    <loc>https://misti.services/game/wow-mistsofpandaria-classic/achievements</loc>
    <lastmod>2025-11-30</lastmod>
    <changefreq>weekly</changefreq>
    <priority>0.75</priority>
  </url>
  <url>
    <loc>https://misti.services/game/wow-mistsofpandaria-classic/reputations</loc>
    <lastmod>2025-11-30</lastmod>
    <changefreq>weekly</changefreq>
    <priority>0.75</priority>
  </url>
  <url>
    <loc>https://misti.services/game/wow-mistsofpandaria-classic/professions</loc>
    <lastmod>2025-11-30</lastmod>
    <changefreq>weekly</changefreq>
    <priority>0.75</priority>
  </url>
  <url>
    <loc>https://misti.services/game/buy-diablo-iv-boost/leveling</loc>
    <lastmod>2025-11-30</lastmod>
    <changefreq>weekly</changefreq>
    <priority>0.75</priority>
  </url>
  <url>
    <loc>https://misti.services/game/buy-diablo-iv-boost/bosses</loc>
    <lastmod>2025-11-30</lastmod>
    <changefreq>weekly</changefreq>
    <priority>0.75</priority>
  </url>
  <url>
    <loc>https://misti.services/game/buy-diablo-iv-boost/items</loc>
    <lastmod>2025-11-30</lastmod>
    <changefreq>weekly</changefreq>
    <priority>0.75</priority>
  </url>
  <url>
    <loc>https://misti.services/game/buy-diablo-iv-boost/builds</loc>
    <lastmod>2025-11-30</lastmod>
    <changefreq>weekly</changefreq>
    <priority>0.75</priority>
  </url>
  <url>
    <loc>https://misti.services/game/buy-diablo-iv-boost/mounts</loc>
    <lastmod>2025-11-30</lastmod>
    <changefreq>weekly</changefreq>
    <priority>0.75</priority>
  </url>
  <url>
    <loc>https://misti.services/game/buy-diablo-iv-boost/cosmetics</loc>
    <lastmod>2025-11-30</lastmod>
    <changefreq>weekly</changefreq>
    <priority>0.75</priority>
  </url>
  <url>
    <loc>https://misti.services/game/wow-tbc-fresh/attunements</loc>
    <lastmod>2025-11-30</lastmod>
    <changefreq>weekly</changefreq>
    <priority>0.75</priority>
  </url>
  <url>
    <loc>https://misti.services/game/wow-tbc-fresh/pvp</loc>
    <lastmod>2025-11-30</lastmod>
    <changefreq>weekly</changefreq>
    <priority>0.75</priority>
  </url>
  <url>
    <loc>https://misti.services/game/wow-tbc-fresh/gearing</loc>
    <lastmod>2025-11-30</lastmod>
    <changefreq>weekly</changefreq>
    <priority>0.75</priority>
  </url>
  <url>
    <loc>https://misti.services/game/wow-tbc-fresh/proffesions</loc>
    <lastmod>2025-11-30</lastmod>
    <changefreq>weekly</changefreq>
    <priority>0.75</priority>
  </url>
  <url>
    <loc>https://misti.services/game/fellowship-game-boost/dungeons</loc>
    <lastmod>2025-11-30</lastmod>
    <changefreq>weekly</changefreq>
    <priority>0.75</priority>
  </url>
  <url>
    <loc>https://misti.services/game/fellowship-game-boost/adventures</loc>
    <lastmod>2025-11-30</lastmod>
    <changefreq>weekly</changefreq>
    <priority>0.75</priority>
  </url>
  <url>
    <loc>https://misti.services/game/fellowship-game-boost/fellowship-item-level</loc>
    <lastmod>2025-11-30</lastmod>
    <changefreq>weekly</changefreq>
    <priority>0.75</priority>
  </url>
  <url>
    <loc>https://misti.services/game/fellowship-game-boost/quickplay-games</loc>
    <lastmod>2025-11-30</lastmod>
    <changefreq>weekly</changefreq>
    <priority>0.75</priority>
  </url>
  <url>
    <loc>https://misti.services/game/fellowship-game-boost/hero-talents</loc>
    <lastmod>2025-11-30</lastmod>
    <changefreq>weekly</changefreq>
    <priority>0.75</priority>
  </url>
  <url>
    <loc>https://misti.services/game/fellowship-game-boost/relics</loc>
    <lastmod>2025-11-30</lastmod>
    <changefreq>weekly</changefreq>
    <priority>0.75</priority>
  </url>
  <url>
    <loc>https://misti.services/game/fellowship-game-boost/quartermaster-tokens</loc>
    <lastmod>2025-11-30</lastmod>
    <changefreq>weekly</changefreq>
    <priority>0.75</priority>
  </url>
  <url>
    <loc>https://misti.services/game/buy-final-fantasy-gil-and-boosting/leveling</loc>
    <lastmod>2025-12-04</lastmod>
    <changefreq>weekly</changefreq>
    <priority>0.75</priority>
  </url>
  <url>
    <loc>https://misti.services/game/buy-final-fantasy-gil-and-boosting/gil</loc>
    <lastmod>2025-12-04</lastmod>
    <changefreq>weekly</changefreq>
    <priority>0.75</priority>
  </url>
  <url>
    <loc>https://misti.services/game/escape-from-tarkov/leveling</loc>
    <lastmod>2025-12-05</lastmod>
    <changefreq>weekly</changefreq>
    <priority>0.75</priority>
  </url>
  <url>
    <loc>https://misti.services/game/wow-tbc-fresh/leveling</loc>
    <lastmod>2025-12-05</lastmod>
    <changefreq>weekly</changefreq>
    <priority>0.75</priority>
  </url>
  <url>
    <loc>https://misti.services/game/escape-from-tarkov/quests</loc>
    <lastmod>2025-12-07</lastmod>
    <changefreq>weekly</changefreq>
    <priority>0.75</priority>
  </url>
  <url>
    <loc>https://misti.services/game/escape-from-tarkov/raids</loc>
    <lastmod>2025-12-08</lastmod>
    <changefreq>weekly</changefreq>
    <priority>0.75</priority>
  </url>
  <url>
    <loc>https://misti.services/game/buy-diablo-iv-boost/season-of-divine-intervention</loc>
    <lastmod>2025-12-09</lastmod>
    <changefreq>weekly</changefreq>
    <priority>0.75</priority>
  </url>
  <url>
    <loc>https://misti.services/game/wow-mistsofpandaria-classic/challenge-mode/challenge-mode-gold-pack</loc>
    <lastmod>2025-11-25</lastmod>
    <changefreq>daily</changefreq>
    <priority>0.8</priority>
  </url>
  <url>
    <loc>https://misti.services/game/wow-mistsofpandaria-classic/mounts/reins-of-the-heavenly-golden-cloud-serpent</loc>
    <lastmod>2025-11-14</lastmod>
    <changefreq>daily</changefreq>
    <priority>0.8</priority>
  </url>
  <url>
    <loc>https://misti.services/game/warwithin/achievements/glory-of-the-dream-raider-boost</loc>
    <lastmod>2025-11-13</lastmod>
    <changefreq>daily</changefreq>
    <priority>0.8</priority>
  </url>
  <url>
    <loc>https://misti.services/game/fellowship-game-boost/adventures/fellowship-adventures-boost</loc>
    <lastmod>2025-11-16</lastmod>
    <changefreq>daily</changefreq>
    <priority>0.8</priority>
  </url>
  <url>
    <loc>https://misti.services/game/wow-tbc-fresh/reputations/the-shatar</loc>
    <lastmod>2025-11-17</lastmod>
    <changefreq>daily</changefreq>
    <priority>0.8</priority>
  </url>
  <url>
    <loc>https://misti.services/game/buy-diablo-iv-boost/cosmetics/diadem-of-the-ancient</loc>
    <lastmod>2025-11-10</lastmod>
    <changefreq>daily</changefreq>
    <priority>0.8</priority>
  </url>
  <url>
    <loc>https://misti.services/game/wow-mistsofpandaria-classic/challenge-mode/mop-platinum-challenge-mode</loc>
    <lastmod>2025-11-26</lastmod>
    <changefreq>daily</changefreq>
    <priority>0.8</priority>
  </url>
  <url>
    <loc>https://misti.services/game/wow-mistsofpandaria-classic/pvp/arena-3v3-boost</loc>
    <lastmod>2025-11-28</lastmod>
    <changefreq>daily</changefreq>
    <priority>0.8</priority>
  </url>
  <url>
    <loc>https://misti.services/game/wow-tbc-fresh/gearing/wow-tbc-fresh-gear-boost</loc>
    <lastmod>2025-11-27</lastmod>
    <changefreq>daily</changefreq>
    <priority>0.8</priority>
  </url>
  <url>
    <loc>https://misti.services/game/buy-diablo-iv-boost/cosmetics/flesh-weld-rod</loc>
    <lastmod>2025-11-10</lastmod>
    <changefreq>daily</changefreq>
    <priority>0.8</priority>
  </url>
  <url>
    <loc>https://misti.services/game/buy-diablo-iv-boost/leveling/paragon-level-boost</loc>
    <lastmod>2025-11-13</lastmod>
    <changefreq>daily</changefreq>
    <priority>0.8</priority>
  </url>
  <url>
    <loc>https://misti.services/game/warwithin/wow-gold/wow-gold</loc>
    <lastmod>2025-11-21</lastmod>
    <changefreq>daily</changefreq>
    <priority>0.8</priority>
  </url>
  <url>
    <loc>https://misti.services/game/wow-mistsofpandaria-classic/challenge-mode/proving-grounds</loc>
    <lastmod>2025-11-19</lastmod>
    <changefreq>daily</changefreq>
    <priority>0.8</priority>
  </url>
  <url>
    <loc>https://misti.services/game/wow-mistsofpandaria-classic/mounts/ancestral-phoenix-egg-mount</loc>
    <lastmod>2025-11-14</lastmod>
    <changefreq>daily</changefreq>
    <priority>0.8</priority>
  </url>
  <url>
    <loc>https://misti.services/game/wow-tbc-fresh/attunements/black-temple-attunement</loc>
    <lastmod>2025-12-04</lastmod>
    <changefreq>daily</changefreq>
    <priority>0.8</priority>
  </url>
  <url>
    <loc>https://misti.services/game/warwithin/delves/silver-coffer-key-transmog</loc>
    <lastmod>2025-11-16</lastmod>
    <changefreq>daily</changefreq>
    <priority>0.8</priority>
  </url>
  <url>
    <loc>https://misti.services/game/wow-tbc-fresh/reputations/the-aldor</loc>
    <lastmod>2025-11-22</lastmod>
    <changefreq>daily</changefreq>
    <priority>0.8</priority>
  </url>
  <url>
    <loc>https://misti.services/game/wow-mistsofpandaria-classic/mounts/celestial-riding-ox</loc>
    <lastmod>2025-11-14</lastmod>
    <changefreq>daily</changefreq>
    <priority>0.8</priority>
  </url>
  <url>
    <loc>https://misti.services/game/wow-mistsofpandaria-classic/mounts/disc-of-the-red-flying-cloud</loc>
    <lastmod>2025-11-14</lastmod>
    <changefreq>daily</changefreq>
    <priority>0.8</priority>
  </url>
  <url>
    <loc>https://misti.services/game/buy-diablo-iv-boost/mounts/buckskin-bay-steed</loc>
    <lastmod>2025-11-11</lastmod>
    <changefreq>daily</changefreq>
    <priority>0.8</priority>
  </url>
  <url>
    <loc>https://misti.services/game/wow-mistsofpandaria-classic/dungeons/glory-of-the-pandaria-hero</loc>
    <lastmod>2025-11-13</lastmod>
    <changefreq>daily</changefreq>
    <priority>0.8</priority>
  </url>
  <url>
    <loc>https://misti.services/game/wow-tbc-fresh/reputations/lower-city</loc>
    <lastmod>2025-11-22</lastmod>
    <changefreq>daily</changefreq>
    <priority>0.8</priority>
  </url>
  <url>
    <loc>https://misti.services/game/wow-mistsofpandaria-classic/dungeons/celestial-dungeons</loc>
    <lastmod>2025-11-10</lastmod>
    <changefreq>daily</changefreq>
    <priority>0.8</priority>
  </url>
  <url>
    <loc>https://misti.services/game/buy-diablo-iv-boost/cosmetics/demonbinder-mount-armor</loc>
    <lastmod>2025-11-10</lastmod>
    <changefreq>daily</changefreq>
    <priority>0.8</priority>
  </url>
  <url>
    <loc>https://misti.services/game/buy-diablo-iv-boost/items/ring-of-starless-skies</loc>
    <lastmod>2025-11-13</lastmod>
    <changefreq>daily</changefreq>
    <priority>0.8</priority>
  </url>
  <url>
    <loc>https://misti.services/game/wow-classic-20th-anniversary/gear/atiesh</loc>
    <lastmod>2025-11-10</lastmod>
    <changefreq>daily</changefreq>
    <priority>0.8</priority>
  </url>
  <url>
    <loc>https://misti.services/game/wow-tbc-fresh/reputations/ogrila</loc>
    <lastmod>2025-11-22</lastmod>
    <changefreq>daily</changefreq>
    <priority>0.8</priority>
  </url>
  <url>
    <loc>https://misti.services/game/wow-mistsofpandaria-classic/mounts/clutch-of-ji-kun</loc>
    <lastmod>2025-11-14</lastmod>
    <changefreq>daily</changefreq>
    <priority>0.8</priority>
  </url>
  <url>
    <loc>https://misti.services/game/warwithin/delves/delves-season-pass</loc>
    <lastmod>2025-11-10</lastmod>
    <changefreq>daily</changefreq>
    <priority>0.8</priority>
  </url>
  <url>
    <loc>https://misti.services/game/wow-mistsofpandaria-classic/achievements/loremaster-of-pandaria-achievement</loc>
    <lastmod>2025-11-26</lastmod>
    <changefreq>daily</changefreq>
    <priority>0.8</priority>
  </url>
  <url>
    <loc>https://misti.services/game/buy-diablo-iv-boost/mounts/brimstone-mount</loc>
    <lastmod>2025-11-11</lastmod>
    <changefreq>daily</changefreq>
    <priority>0.8</priority>
  </url>
  <url>
    <loc>https://misti.services/game/wow-mistsofpandaria-classic/dungeons/justice-points-farm</loc>
    <lastmod>2025-11-13</lastmod>
    <changefreq>daily</changefreq>
    <priority>0.8</priority>
  </url>
  <url>
    <loc>https://misti.services/game/buy-diablo-iv-boost/builds/rogue-builds</loc>
    <lastmod>2025-11-13</lastmod>
    <changefreq>daily</changefreq>
    <priority>0.8</priority>
  </url>
  <url>
    <loc>https://misti.services/game/wow-tbc-fresh/reputations/sporeggar</loc>
    <lastmod>2025-11-19</lastmod>
    <changefreq>daily</changefreq>
    <priority>0.8</priority>
  </url>
  <url>
    <loc>https://misti.services/game/warwithin/mounts/translocated-gorger</loc>
    <lastmod>2025-11-24</lastmod>
    <changefreq>daily</changefreq>
    <priority>0.8</priority>
  </url>
  <url>
    <loc>https://misti.services/game/buy-diablo-iv-boost/mounts/cavaliers-steed</loc>
    <lastmod>2025-11-11</lastmod>
    <changefreq>daily</changefreq>
    <priority>0.8</priority>
  </url>
  <url>
    <loc>https://misti.services/game/wow-tbc-fresh/reputations/shattered-sun-offensive</loc>
    <lastmod>2025-11-22</lastmod>
    <changefreq>daily</changefreq>
    <priority>0.8</priority>
  </url>
  <url>
    <loc>https://misti.services/game/buy-diablo-iv-boost/cosmetics/skull-torch</loc>
    <lastmod>2025-11-13</lastmod>
    <changefreq>daily</changefreq>
    <priority>0.8</priority>
  </url>
  <url>
    <loc>https://misti.services/game/buy-battlefield-6-boost/leveling/battlefield-6-battle-pass-boost</loc>
    <lastmod>2025-11-11</lastmod>
    <changefreq>daily</changefreq>
    <priority>0.8</priority>
  </url>
  <url>
    <loc>https://misti.services/game/wow-mistsofpandaria-classic/mounts/pandaren-kite-string</loc>
    <lastmod>2025-11-14</lastmod>
    <changefreq>daily</changefreq>
    <priority>0.8</priority>
  </url>
  <url>
    <loc>https://misti.services/game/wow-tbc-fresh/reputations/the-maghar</loc>
    <lastmod>2025-11-22</lastmod>
    <changefreq>daily</changefreq>
    <priority>0.8</priority>
  </url>
  <url>
    <loc>https://misti.services/game/warwithin/delves/nexus-princess-kyveza-challenge</loc>
    <lastmod>2025-11-13</lastmod>
    <changefreq>daily</changefreq>
    <priority>0.8</priority>
  </url>
  <url>
    <loc>https://misti.services/game/wow-mistsofpandaria-classic/mounts/reins-of-the-azure-water-strider</loc>
    <lastmod>2025-11-14</lastmod>
    <changefreq>daily</changefreq>
    <priority>0.8</priority>
  </url>
  <url>
    <loc>https://misti.services/game/warwithin/achievements/glory-of-the-firelands-raider-boost</loc>
    <lastmod>2025-11-13</lastmod>
    <changefreq>daily</changefreq>
    <priority>0.8</priority>
  </url>
  <url>
    <loc>https://misti.services/game/wow-tbc-fresh/reputations/the-scryers</loc>
    <lastmod>2025-11-22</lastmod>
    <changefreq>daily</changefreq>
    <priority>0.8</priority>
  </url>
  <url>
    <loc>https://misti.services/game/buy-diablo-iv-boost/mounts/granite-coat-steed</loc>
    <lastmod>2025-11-13</lastmod>
    <changefreq>daily</changefreq>
    <priority>0.8</priority>
  </url>
  <url>
    <loc>https://misti.services/game/wow-mistsofpandaria-classic/mounts/reins-of-the-grand-expedition-yak</loc>
    <lastmod>2025-11-14</lastmod>
    <changefreq>daily</changefreq>
    <priority>0.8</priority>
  </url>
  <url>
    <loc>https://misti.services/game/warwithin/legacy-content/tower-overwhelming</loc>
    <lastmod>2025-11-10</lastmod>
    <changefreq>daily</changefreq>
    <priority>0.8</priority>
  </url>
  <url>
    <loc>https://misti.services/game/buy-diablo-iv-boost/leveling/difficulty-unlock</loc>
    <lastmod>2025-11-11</lastmod>
    <changefreq>daily</changefreq>
    <priority>0.8</priority>
  </url>
  <url>
    <loc>https://misti.services/game/buy-diablo-iv-boost/mounts/marsh-roan-steed</loc>
    <lastmod>2025-11-13</lastmod>
    <changefreq>daily</changefreq>
    <priority>0.8</priority>
  </url>
  <url>
    <loc>https://misti.services/game/buy-diablo-iv-boost/builds/druid-builds</loc>
    <lastmod>2025-11-10</lastmod>
    <changefreq>daily</changefreq>
    <priority>0.8</priority>
  </url>
  <url>
    <loc>https://misti.services/game/wow-tbc-fresh/reputations/cenarion-expedition</loc>
    <lastmod>2025-11-19</lastmod>
    <changefreq>daily</changefreq>
    <priority>0.8</priority>
  </url>
  <url>
    <loc>https://misti.services/game/wow-classic-20th-anniversary/wow-classic-gold/classic-fresh-gold</loc>
    <lastmod>2025-12-09</lastmod>
    <changefreq>daily</changefreq>
    <priority>0.8</priority>
  </url>
  <url>
    <loc>https://misti.services/game/warwithin/leveling-and-gearing/tww-campaign-boost</loc>
    <lastmod>2025-11-13</lastmod>
    <changefreq>daily</changefreq>
    <priority>0.8</priority>
  </url>
  <url>
    <loc>https://misti.services/game/buy-battlefield-6-boost/leveling/battlefield-6-weapons-leveling-boost</loc>
    <lastmod>2025-11-11</lastmod>
    <changefreq>daily</changefreq>
    <priority>0.8</priority>
  </url>
  <url>
    <loc>https://misti.services/game/warwithin/achievements/glory-of-the-uldir-raider-boost</loc>
    <lastmod>2025-11-13</lastmod>
    <changefreq>daily</changefreq>
    <priority>0.8</priority>
  </url>
  <url>
    <loc>https://misti.services/game/wow-tbc-fresh/reputations/the-violet-eye</loc>
    <lastmod>2025-11-22</lastmod>
    <changefreq>daily</changefreq>
    <priority>0.8</priority>
  </url>
  <url>
    <loc>https://misti.services/game/wow-mistsofpandaria-classic/gear/legendary-cloak</loc>
    <lastmod>2025-11-13</lastmod>
    <changefreq>daily</changefreq>
    <priority>0.8</priority>
  </url>
  <url>
    <loc>https://misti.services/game/escape-from-tarkov/raids/escape-from-tarkov-shoreline-raid-boost</loc>
    <lastmod>2025-12-08</lastmod>
    <changefreq>daily</changefreq>
    <priority>0.8</priority>
  </url>
  <url>
    <loc>https://misti.services/game/wow-mistsofpandaria-classic/pvp/rbg-boost</loc>
    <lastmod>2025-11-15</lastmod>
    <changefreq>daily</changefreq>
    <priority>0.8</priority>
  </url>
  <url>
    <loc>https://misti.services/game/warwithin/mounts/nyalothan-shadow</loc>
    <lastmod>2025-11-26</lastmod>
    <changefreq>daily</changefreq>
    <priority>0.8</priority>
  </url>
  <url>
    <loc>https://misti.services/game/wow-mistsofpandaria-classic/gear/gear-boost</loc>
    <lastmod>2025-11-13</lastmod>
    <changefreq>daily</changefreq>
    <priority>0.8</priority>
  </url>
  <url>
    <loc>https://misti.services/game/warwithin/mounts/wow-xy-trustees-gearglider</loc>
    <lastmod>2025-11-24</lastmod>
    <changefreq>daily</changefreq>
    <priority>0.8</priority>
  </url>
  <url>
    <loc>https://misti.services/game/buy-diablo-iv-boost/mounts/spotted-shalecoat-steed</loc>
    <lastmod>2025-11-13</lastmod>
    <changefreq>daily</changefreq>
    <priority>0.8</priority>
  </url>
  <url>
    <loc>https://misti.services/game/wow-classic-20th-anniversary/reputations/cenarion-circle-reputation</loc>
    <lastmod>2025-11-16</lastmod>
    <changefreq>daily</changefreq>
    <priority>0.8</priority>
  </url>
  <url>
    <loc>https://misti.services/game/warwithin/achievements/glory-of-the-dazaralor-raider-boost</loc>
    <lastmod>2025-11-13</lastmod>
    <changefreq>daily</changefreq>
    <priority>0.8</priority>
  </url>
  <url>
    <loc>https://misti.services/game/buy-diablo-iv-boost/builds/spiritborn-builds</loc>
    <lastmod>2025-11-13</lastmod>
    <changefreq>daily</changefreq>
    <priority>0.8</priority>
  </url>
  <url>
    <loc>https://misti.services/game/wow-mistsofpandaria-classic/achievements/the-arena-master-achievement</loc>
    <lastmod>2025-11-26</lastmod>
    <changefreq>daily</changefreq>
    <priority>0.8</priority>
  </url>
  <url>
    <loc>https://misti.services/game/warwithin/reputations/manaforge-vandals-renown</loc>
    <lastmod>2025-11-13</lastmod>
    <changefreq>daily</changefreq>
    <priority>0.8</priority>
  </url>
  <url>
    <loc>https://misti.services/game/buy-diablo-iv-boost/mounts/taiga-roan-steed</loc>
    <lastmod>2025-11-13</lastmod>
    <changefreq>daily</changefreq>
    <priority>0.8</priority>
  </url>
  <url>
    <loc>https://misti.services/game/warwithin/achievements/glory-of-the-eternal-raider-boost</loc>
    <lastmod>2025-11-13</lastmod>
    <changefreq>daily</changefreq>
    <priority>0.8</priority>
  </url>
  <url>
    <loc>https://misti.services/game/wow-classic-20th-anniversary/mounts/swift-razzashi-raptor</loc>
    <lastmod>2025-11-14</lastmod>
    <changefreq>daily</changefreq>
    <priority>0.8</priority>
  </url>
  <url>
    <loc>https://misti.services/game/wow-classic-20th-anniversary/mounts/warlock-epic-mount</loc>
    <lastmod>2025-11-22</lastmod>
    <changefreq>daily</changefreq>
    <priority>0.8</priority>
  </url>
  <url>
    <loc>https://misti.services/game/wow-classic-20th-anniversary/gear/pre-raid-gear</loc>
    <lastmod>2025-11-13</lastmod>
    <changefreq>daily</changefreq>
    <priority>0.8</priority>
  </url>
  <url>
    <loc>https://misti.services/game/wow-classic-20th-anniversary/mounts/swift-zulian-tiger</loc>
    <lastmod>2025-11-19</lastmod>
    <changefreq>daily</changefreq>
    <priority>0.8</priority>
  </url>
  <url>
    <loc>https://misti.services/game/warwithin/achievements/glory-of-the-hellfire-raider-boost</loc>
    <lastmod>2025-11-13</lastmod>
    <changefreq>daily</changefreq>
    <priority>0.8</priority>
  </url>
  <url>
    <loc>https://misti.services/game/buy-battlefield-6-boost/leveling/battlefield-6-profile-rank-level-boost</loc>
    <lastmod>2025-11-11</lastmod>
    <changefreq>daily</changefreq>
    <priority>0.8</priority>
  </url>
  <url>
    <loc>https://misti.services/game/warwithin/reputations/the-war-within-renown</loc>
    <lastmod>2025-11-13</lastmod>
    <changefreq>daily</changefreq>
    <priority>0.8</priority>
  </url>
  <url>
    <loc>https://misti.services/game/warwithin/mounts/the-big-g-mount</loc>
    <lastmod>2025-11-26</lastmod>
    <changefreq>daily</changefreq>
    <priority>0.8</priority>
  </url>
  <url>
    <loc>https://misti.services/game/wow-classic-20th-anniversary/gear/sulfuras-hand-of-ragnaros</loc>
    <lastmod>2025-11-13</lastmod>
    <changefreq>daily</changefreq>
    <priority>0.8</priority>
  </url>
  <url>
    <loc>https://misti.services/game/buy-diablo-iv-boost/items/ophidian-iris</loc>
    <lastmod>2025-11-13</lastmod>
    <changefreq>daily</changefreq>
    <priority>0.8</priority>
  </url>
  <url>
    <loc>https://misti.services/game/wow-classic-20th-anniversary/gear/tier-1-set</loc>
    <lastmod>2025-11-13</lastmod>
    <changefreq>daily</changefreq>
    <priority>0.8</priority>
  </url>
  <url>
    <loc>https://misti.services/game/buy-diablo-iv-boost/builds/sorcerer-builds</loc>
    <lastmod>2025-11-13</lastmod>
    <changefreq>daily</changefreq>
    <priority>0.8</priority>
  </url>
  <url>
    <loc>https://misti.services/game/buy-diablo-iv-boost/mounts/pale-steed</loc>
    <lastmod>2025-11-13</lastmod>
    <changefreq>daily</changefreq>
    <priority>0.8</priority>
  </url>
  <url>
    <loc>https://misti.services/game/fellowship-game-boost/quartermaster-tokens/fellowship-quartermaster-tokens-farm</loc>
    <lastmod>2025-11-15</lastmod>
    <changefreq>daily</changefreq>
    <priority>0.8</priority>
  </url>
  <url>
    <loc>https://misti.services/game/wow-classic-20th-anniversary/leveling/power-leveling</loc>
    <lastmod>2025-11-29</lastmod>
    <changefreq>daily</changefreq>
    <priority>0.8</priority>
  </url>
  <url>
    <loc>https://misti.services/game/wow-mistsofpandaria-classic/raids/heart-of-fear</loc>
    <lastmod>2025-11-15</lastmod>
    <changefreq>daily</changefreq>
    <priority>0.8</priority>
  </url>
  <url>
    <loc>https://misti.services/game/wow-classic-20th-anniversary/reputations/alterac-valley-reputation</loc>
    <lastmod>2025-11-11</lastmod>
    <changefreq>daily</changefreq>
    <priority>0.8</priority>
  </url>
  <url>
    <loc>https://misti.services/game/warwithin/mounts/void-scarred-gryphon-1227</loc>
    <lastmod>2025-11-26</lastmod>
    <changefreq>daily</changefreq>
    <priority>0.8</priority>
  </url>
  <url>
    <loc>https://misti.services/game/wow-mistsofpandaria-classic/gear/tier-14-set-boost</loc>
    <lastmod>2025-11-22</lastmod>
    <changefreq>daily</changefreq>
    <priority>0.8</priority>
  </url>
  <url>
    <loc>https://misti.services/game/buy-diablo-iv-boost/mounts/caldeum-steed</loc>
    <lastmod>2025-11-11</lastmod>
    <changefreq>daily</changefreq>
    <priority>0.8</priority>
  </url>
  <url>
    <loc>https://misti.services/game/fellowship-game-boost/quickplay-games/fellowship-quickplay-matches</loc>
    <lastmod>2025-11-15</lastmod>
    <changefreq>daily</changefreq>
    <priority>0.8</priority>
  </url>
  <url>
    <loc>https://misti.services/game/wow-tbc-fresh/reputations/shatari-skyguard</loc>
    <lastmod>2025-11-20</lastmod>
    <changefreq>daily</changefreq>
    <priority>0.8</priority>
  </url>
  <url>
    <loc>https://misti.services/game/warwithin/mounts/ruby-void-creeper</loc>
    <lastmod>2025-11-23</lastmod>
    <changefreq>daily</changefreq>
    <priority>0.8</priority>
  </url>
  <url>
    <loc>https://misti.services/game/wow-classic-20th-anniversary/reputations/arathi-basin-reputation</loc>
    <lastmod>2025-11-16</lastmod>
    <changefreq>daily</changefreq>
    <priority>0.8</priority>
  </url>
  <url>
    <loc>https://misti.services/game/wow-mistsofpandaria-classic/challenge-mode/challenge-mode</loc>
    <lastmod>2025-11-25</lastmod>
    <changefreq>daily</changefreq>
    <priority>0.8</priority>
  </url>
  <url>
    <loc>https://misti.services/game/warwithin/mounts/void-scarred-lynx</loc>
    <lastmod>2025-11-26</lastmod>
    <changefreq>daily</changefreq>
    <priority>0.8</priority>
  </url>
  <url>
    <loc>https://misti.services/game/wow-classic-20th-anniversary/gear/tier-25-set</loc>
    <lastmod>2025-11-13</lastmod>
    <changefreq>daily</changefreq>
    <priority>0.8</priority>
  </url>
  <url>
    <loc>https://misti.services/game/warwithin/achievements/glory-of-the-hero-boost</loc>
    <lastmod>2025-11-13</lastmod>
    <changefreq>daily</changefreq>
    <priority>0.8</priority>
  </url>
  <url>
    <loc>https://misti.services/game/wow-classic-20th-anniversary/reputations/argent-dawn-reputation</loc>
    <lastmod>2025-11-16</lastmod>
    <changefreq>daily</changefreq>
    <priority>0.8</priority>
  </url>
  <url>
    <loc>https://misti.services/game/wow-classic-20th-anniversary/gear/thunderfury</loc>
    <lastmod>2025-11-13</lastmod>
    <changefreq>daily</changefreq>
    <priority>0.8</priority>
  </url>
  <url>
    <loc>https://misti.services/game/warwithin/legion-remix/legion-remix-bundle</loc>
    <lastmod>2025-11-13</lastmod>
    <changefreq>daily</changefreq>
    <priority>0.8</priority>
  </url>
  <url>
    <loc>https://misti.services/game/wow-mistsofpandaria-classic/pvp/glorious-tyranny-boost</loc>
    <lastmod>2025-11-13</lastmod>
    <changefreq>daily</changefreq>
    <priority>0.8</priority>
  </url>
  <url>
    <loc>https://misti.services/game/buy-diablo-iv-boost/bosses/urivar</loc>
    <lastmod>2025-11-13</lastmod>
    <changefreq>daily</changefreq>
    <priority>0.8</priority>
  </url>
  <url>
    <loc>https://misti.services/game/warwithin/leveling-and-gearing/wow-karesh-campaign-boost</loc>
    <lastmod>2025-11-13</lastmod>
    <changefreq>daily</changefreq>
    <priority>0.8</priority>
  </url>
  <url>
    <loc>https://misti.services/game/warwithin/mounts/pearlescent-krolusk</loc>
    <lastmod>2025-11-23</lastmod>
    <changefreq>daily</changefreq>
    <priority>0.8</priority>
  </url>
  <url>
    <loc>https://misti.services/game/wow-mistsofpandaria-classic/raids/terrace-of-endless-spring</loc>
    <lastmod>2025-11-15</lastmod>
    <changefreq>daily</changefreq>
    <priority>0.8</priority>
  </url>
  <url>
    <loc>https://misti.services/game/buy-diablo-iv-boost/mounts/blood-bay-steed</loc>
    <lastmod>2025-11-11</lastmod>
    <changefreq>daily</changefreq>
    <priority>0.8</priority>
  </url>
  <url>
    <loc>https://misti.services/game/wow-tbc-fresh/reputations/honor-hold</loc>
    <lastmod>2025-11-19</lastmod>
    <changefreq>daily</changefreq>
    <priority>0.8</priority>
  </url>
  <url>
    <loc>https://misti.services/game/warwithin/mounts/corruption-of-the-aspects</loc>
    <lastmod>2025-11-23</lastmod>
    <changefreq>daily</changefreq>
    <priority>0.8</priority>
  </url>
  <url>
    <loc>https://misti.services/game/warwithin/mounts/incognitro-the-indecipherable-felcycle</loc>
    <lastmod>2025-11-26</lastmod>
    <changefreq>daily</changefreq>
    <priority>0.8</priority>
  </url>
  <url>
    <loc>https://misti.services/game/wow-mistsofpandaria-classic/dungeons/valor-points-farm</loc>
    <lastmod>2025-11-13</lastmod>
    <changefreq>daily</changefreq>
    <priority>0.8</priority>
  </url>
  <url>
    <loc>https://misti.services/game/wow-classic-20th-anniversary/gear/tier-05-set</loc>
    <lastmod>2025-11-13</lastmod>
    <changefreq>daily</changefreq>
    <priority>0.8</priority>
  </url>
  <url>
    <loc>https://misti.services/game/warwithin/leveling-and-gearing/wow-gear-boost</loc>
    <lastmod>2025-11-26</lastmod>
    <changefreq>daily</changefreq>
    <priority>0.8</priority>
  </url>
  <url>
    <loc>https://misti.services/game/warwithin/achievements/glory-of-the-icecrown-raider-25-boost</loc>
    <lastmod>2025-11-13</lastmod>
    <changefreq>daily</changefreq>
    <priority>0.8</priority>
  </url>
  <url>
    <loc>https://misti.services/game/warwithin/reputations/venture-co-reputation-boost</loc>
    <lastmod>2025-11-13</lastmod>
    <changefreq>daily</changefreq>
    <priority>0.8</priority>
  </url>
  <url>
    <loc>https://misti.services/game/wow-tbc-fresh/reputations/ashtongue-deathsworn</loc>
    <lastmod>2025-11-19</lastmod>
    <changefreq>daily</changefreq>
    <priority>0.8</priority>
  </url>
  <url>
    <loc>https://misti.services/game/warwithin/mounts/nesting-swarmite</loc>
    <lastmod>2025-11-26</lastmod>
    <changefreq>daily</changefreq>
    <priority>0.8</priority>
  </url>
  <url>
    <loc>https://misti.services/game/buy-diablo-iv-boost/mounts/striped-steppe-steed</loc>
    <lastmod>2025-11-13</lastmod>
    <changefreq>daily</changefreq>
    <priority>0.8</priority>
  </url>
  <url>
    <loc>https://misti.services/game/warwithin/mounts/void-scarred-pack-mother</loc>
    <lastmod>2025-11-26</lastmod>
    <changefreq>daily</changefreq>
    <priority>0.8</priority>
  </url>
  <url>
    <loc>https://misti.services/game/wow-mistsofpandaria-classic/pvp/pvp-gear</loc>
    <lastmod>2025-11-15</lastmod>
    <changefreq>daily</changefreq>
    <priority>0.8</priority>
  </url>
  <url>
    <loc>https://misti.services/game/wow-classic-20th-anniversary/reputations/hydraxian-waterlords-reputation</loc>
    <lastmod>2025-11-16</lastmod>
    <changefreq>daily</changefreq>
    <priority>0.8</priority>
  </url>
  <url>
    <loc>https://misti.services/game/warwithin/delves/delvers-gob-trotter</loc>
    <lastmod>2025-11-10</lastmod>
    <changefreq>daily</changefreq>
    <priority>0.8</priority>
  </url>
  <url>
    <loc>https://misti.services/game/buy-diablo-iv-boost/bosses/world-bosses</loc>
    <lastmod>2025-11-13</lastmod>
    <changefreq>daily</changefreq>
    <priority>0.8</priority>
  </url>
  <url>
    <loc>https://misti.services/game/wow-classic-20th-anniversary/gear/corrupted-ashbringer</loc>
    <lastmod>2025-11-10</lastmod>
    <changefreq>daily</changefreq>
    <priority>0.8</priority>
  </url>
  <url>
    <loc>https://misti.services/game/wow-mistsofpandaria-classic/reputations/emperor-shaohao</loc>
    <lastmod>2025-11-15</lastmod>
    <changefreq>daily</changefreq>
    <priority>0.8</priority>
  </url>
  <url>
    <loc>https://misti.services/game/warwithin/mounts/chrono-corsair</loc>
    <lastmod>2025-11-23</lastmod>
    <changefreq>daily</changefreq>
    <priority>0.8</priority>
  </url>
  <url>
    <loc>https://misti.services/game/buy-diablo-iv-boost/leveling/campaign</loc>
    <lastmod>2025-11-11</lastmod>
    <changefreq>daily</changefreq>
    <priority>0.8</priority>
  </url>
  <url>
    <loc>https://misti.services/game/warwithin/delves/delvers-mana-skimmer-mount</loc>
    <lastmod>2025-11-10</lastmod>
    <changefreq>daily</changefreq>
    <priority>0.8</priority>
  </url>
  <url>
    <loc>https://misti.services/game/buy-diablo-iv-boost/items/shroud-of-false-death</loc>
    <lastmod>2025-11-13</lastmod>
    <changefreq>daily</changefreq>
    <priority>0.8</priority>
  </url>
  <url>
    <loc>https://misti.services/game/wow-classic-20th-anniversary/gear/tier-2-set</loc>
    <lastmod>2025-11-13</lastmod>
    <changefreq>daily</changefreq>
    <priority>0.8</priority>
  </url>
  <url>
    <loc>https://misti.services/game/buy-diablo-iv-boost/leveling/vessel-of-hatred-campaign</loc>
    <lastmod>2025-11-13</lastmod>
    <changefreq>daily</changefreq>
    <priority>0.8</priority>
  </url>
  <url>
    <loc>https://misti.services/game/wow-classic-20th-anniversary/reputations/warsong-gulch-reputation</loc>
    <lastmod>2025-11-16</lastmod>
    <changefreq>daily</changefreq>
    <priority>0.8</priority>
  </url>
  <url>
    <loc>https://misti.services/game/buy-diablo-iv-boost/mounts/trappers-steed</loc>
    <lastmod>2025-11-13</lastmod>
    <changefreq>daily</changefreq>
    <priority>0.8</priority>
  </url>
  <url>
    <loc>https://misti.services/game/buy-diablo-iv-boost/items/mythic-unique-items</loc>
    <lastmod>2025-11-13</lastmod>
    <changefreq>daily</changefreq>
    <priority>0.8</priority>
  </url>
  <url>
    <loc>https://misti.services/game/warwithin/mythic/wow-keystone-master</loc>
    <lastmod>2025-11-13</lastmod>
    <changefreq>daily</changefreq>
    <priority>0.8</priority>
  </url>
  <url>
    <loc>https://misti.services/game/escape-from-tarkov/leveling/eft-prestige-leveling-boost</loc>
    <lastmod>2025-12-06</lastmod>
    <changefreq>daily</changefreq>
    <priority>0.8</priority>
  </url>
  <url>
    <loc>https://misti.services/game/buy-diablo-iv-boost/mounts/dustback-steed</loc>
    <lastmod>2025-11-13</lastmod>
    <changefreq>daily</changefreq>
    <priority>0.8</priority>
  </url>
  <url>
    <loc>https://misti.services/game/warwithin/mounts/g-99-breakneck</loc>
    <lastmod>2025-11-26</lastmod>
    <changefreq>daily</changefreq>
    <priority>0.8</priority>
  </url>
  <url>
    <loc>https://misti.services/game/wow-classic-20th-anniversary/reputations/thorium-brotherhood-reputation</loc>
    <lastmod>2025-11-16</lastmod>
    <changefreq>daily</changefreq>
    <priority>0.8</priority>
  </url>
  <url>
    <loc>https://misti.services/game/wow-classic-20th-anniversary/reputations/zandalar-tribe-reputation</loc>
    <lastmod>2025-11-16</lastmod>
    <changefreq>daily</changefreq>
    <priority>0.8</priority>
  </url>
  <url>
    <loc>https://misti.services/game/wow-classic-20th-anniversary/mounts/paladin-epic-mount</loc>
    <lastmod>2025-11-17</lastmod>
    <changefreq>daily</changefreq>
    <priority>0.8</priority>
  </url>
  <url>
    <loc>https://misti.services/game/wow-classic-20th-anniversary/reputations/timbermaw-hold-reputation</loc>
    <lastmod>2025-11-16</lastmod>
    <changefreq>daily</changefreq>
    <priority>0.8</priority>
  </url>
  <url>
    <loc>https://misti.services/game/warwithin/reputations/gallagio-loyalty-rewards-club-renown</loc>
    <lastmod>2025-11-13</lastmod>
    <changefreq>daily</changefreq>
    <priority>0.8</priority>
  </url>
  <url>
    <loc>https://misti.services/game/warwithin/achievements/glory-of-the-aberrus-raider-boost</loc>
    <lastmod>2025-11-13</lastmod>
    <changefreq>daily</changefreq>
    <priority>0.8</priority>
  </url>
  <url>
    <loc>https://misti.services/game/wow-mistsofpandaria-classic/pvp/arena-2v2-boost</loc>
    <lastmod>2025-11-15</lastmod>
    <changefreq>daily</changefreq>
    <priority>0.8</priority>
  </url>
  <url>
    <loc>https://misti.services/game/buy-diablo-iv-boost/items/galvanic-azurite</loc>
    <lastmod>2025-11-13</lastmod>
    <changefreq>daily</changefreq>
    <priority>0.8</priority>
  </url>
  <url>
    <loc>https://misti.services/game/warwithin/delves/titan-disc-belt</loc>
    <lastmod>2025-11-13</lastmod>
    <changefreq>daily</changefreq>
    <priority>0.8</priority>
  </url>
  <url>
    <loc>https://misti.services/game/wow-mistsofpandaria-classic/pvp/elite-pvp-set</loc>
    <lastmod>2025-11-15</lastmod>
    <changefreq>daily</changefreq>
    <priority>0.8</priority>
  </url>
  <url>
    <loc>https://misti.services/game/warwithin/delves/restored-coffer-keys</loc>
    <lastmod>2025-11-13</lastmod>
    <changefreq>daily</changefreq>
    <priority>0.8</priority>
  </url>
  <url>
    <loc>https://misti.services/game/wow-classic-20th-anniversary/gear/tier-3-set</loc>
    <lastmod>2025-11-13</lastmod>
    <changefreq>daily</changefreq>
    <priority>0.8</priority>
  </url>
  <url>
    <loc>https://misti.services/game/warwithin/legion-remix/legion-remix-bronze</loc>
    <lastmod>2025-11-13</lastmod>
    <changefreq>daily</changefreq>
    <priority>0.8</priority>
  </url>
  <url>
    <loc>https://misti.services/game/wow-mistsofpandaria-classic/achievements/glorious-tyranny-achievement</loc>
    <lastmod>2025-11-13</lastmod>
    <changefreq>daily</changefreq>
    <priority>0.8</priority>
  </url>
  <url>
    <loc>https://misti.services/game/wow-mistsofpandaria-classic/reputations/operation-shieldwall</loc>
    <lastmod>2025-11-15</lastmod>
    <changefreq>daily</changefreq>
    <priority>0.8</priority>
  </url>
  <url>
    <loc>https://misti.services/game/fellowship-game-boost/relics/fellowship-relics</loc>
    <lastmod>2025-11-15</lastmod>
    <changefreq>daily</changefreq>
    <priority>0.8</priority>
  </url>
  <url>
    <loc>https://misti.services/game/wow-mistsofpandaria-classic/raids/mogushan-vaults</loc>
    <lastmod>2025-11-15</lastmod>
    <changefreq>daily</changefreq>
    <priority>0.8</priority>
  </url>
  <url>
    <loc>https://misti.services/game/wow-mistsofpandaria-classic/reputations/pandaren-ambassador</loc>
    <lastmod>2025-11-15</lastmod>
    <changefreq>daily</changefreq>
    <priority>0.8</priority>
  </url>
  <url>
    <loc>https://misti.services/game/buy-diablo-iv-boost/mounts/executioners-steed</loc>
    <lastmod>2025-11-13</lastmod>
    <changefreq>daily</changefreq>
    <priority>0.8</priority>
  </url>
  <url>
    <loc>https://misti.services/game/wow-classic-20th-anniversary/professions/professions</loc>
    <lastmod>2025-11-15</lastmod>
    <changefreq>daily</changefreq>
    <priority>0.8</priority>
  </url>
  <url>
    <loc>https://misti.services/game/wow-classic-20th-anniversary/pvp/pvp-rank-boost</loc>
    <lastmod>2025-11-15</lastmod>
    <changefreq>daily</changefreq>
    <priority>0.8</priority>
  </url>
  <url>
    <loc>https://misti.services/game/warwithin/pvp/full-pvp-gear</loc>
    <lastmod>2025-11-13</lastmod>
    <changefreq>daily</changefreq>
    <priority>0.8</priority>
  </url>
  <url>
    <loc>https://misti.services/game/warwithin/achievements/glory-of-the-argus-raider-boost</loc>
    <lastmod>2025-11-13</lastmod>
    <changefreq>daily</changefreq>
    <priority>0.8</priority>
  </url>
  <url>
    <loc>https://misti.services/game/buy-battlefield-6-boost/leveling/battlefield-6-weapon-unlock-boost</loc>
    <lastmod>2025-11-11</lastmod>
    <changefreq>daily</changefreq>
    <priority>0.8</priority>
  </url>
  <url>
    <loc>https://misti.services/game/escape-from-tarkov/leveling/escape-from-tarkov-bitcoin-farm-boost</loc>
    <lastmod>2025-12-06</lastmod>
    <changefreq>daily</changefreq>
    <priority>0.8</priority>
  </url>
  <url>
    <loc>https://misti.services/game/fellowship-game-boost/fellowship-item-level/fellowship-item-level</loc>
    <lastmod>2025-11-10</lastmod>
    <changefreq>daily</changefreq>
    <priority>0.8</priority>
  </url>
  <url>
    <loc>https://misti.services/game/wow-mistsofpandaria-classic/raids/siege-of-orgrimmar</loc>
    <lastmod>2025-11-15</lastmod>
    <changefreq>daily</changefreq>
    <priority>0.8</priority>
  </url>
  <url>
    <loc>https://misti.services/game/fellowship-game-boost/best-in-slot/fellowship-best-in-slot-gear</loc>
    <lastmod>2025-11-10</lastmod>
    <changefreq>daily</changefreq>
    <priority>0.8</priority>
  </url>
  <url>
    <loc>https://misti.services/game/warwithin/mounts/chariot-mount</loc>
    <lastmod>2025-11-23</lastmod>
    <changefreq>daily</changefreq>
    <priority>0.8</priority>
  </url>
  <url>
    <loc>https://misti.services/game/wow-mistsofpandaria-classic/mounts/celestial-riding-crane</loc>
    <lastmod>2025-11-14</lastmod>
    <changefreq>daily</changefreq>
    <priority>0.8</priority>
  </url>
  <url>
    <loc>https://misti.services/game/warwithin/achievements/glory-of-the-cataclysm-hero-boost</loc>
    <lastmod>2025-11-13</lastmod>
    <changefreq>daily</changefreq>
    <priority>0.8</priority>
  </url>
  <url>
    <loc>https://misti.services/game/wow-mistsofpandaria-classic/mounts/korkron-juggernaut</loc>
    <lastmod>2025-11-14</lastmod>
    <changefreq>daily</changefreq>
    <priority>0.8</priority>
  </url>
  <url>
    <loc>https://misti.services/game/wow-mistsofpandaria-classic/pvp/the-arena-master</loc>
    <lastmod>2025-11-15</lastmod>
    <changefreq>daily</changefreq>
    <priority>0.8</priority>
  </url>
  <url>
    <loc>https://misti.services/game/wow-mistsofpandaria-classic/gear/glorious-tyranny</loc>
    <lastmod>2025-11-13</lastmod>
    <changefreq>daily</changefreq>
    <priority>0.8</priority>
  </url>
  <url>
    <loc>https://misti.services/game/warwithin/achievements/glory-of-the-cataclysm-raider-boost</loc>
    <lastmod>2025-11-13</lastmod>
    <changefreq>daily</changefreq>
    <priority>0.8</priority>
  </url>
  <url>
    <loc>https://misti.services/game/warwithin/achievements/glory-of-the-legion-raider-boost</loc>
    <lastmod>2025-11-13</lastmod>
    <changefreq>daily</changefreq>
    <priority>0.8</priority>
  </url>
  <url>
    <loc>https://misti.services/game/wow-mistsofpandaria-classic/gear/elite-pvp-set-boost</loc>
    <lastmod>2025-11-10</lastmod>
    <changefreq>daily</changefreq>
    <priority>0.8</priority>
  </url>
  <url>
    <loc>https://misti.services/game/buy-diablo-iv-boost/mounts/marshback-steed</loc>
    <lastmod>2025-11-13</lastmod>
    <changefreq>daily</changefreq>
    <priority>0.8</priority>
  </url>
  <url>
    <loc>https://misti.services/game/warwithin/mounts/vicious-void-creeper</loc>
    <lastmod>2025-11-26</lastmod>
    <changefreq>daily</changefreq>
    <priority>0.8</priority>
  </url>
  <url>
    <loc>https://misti.services/game/warwithin/mounts/sthaarbss-last-lunch</loc>
    <lastmod>2025-11-24</lastmod>
    <changefreq>daily</changefreq>
    <priority>0.8</priority>
  </url>
  <url>
    <loc>https://misti.services/game/warwithin/mounts/the-bone-freezer-mount</loc>
    <lastmod>2025-11-24</lastmod>
    <changefreq>daily</changefreq>
    <priority>0.8</priority>
  </url>
  <url>
    <loc>https://misti.services/game/escape-from-tarkov/raids/escape-from-tarkov-streets-of-tarkov-raid-boost</loc>
    <lastmod>2025-12-08</lastmod>
    <changefreq>daily</changefreq>
    <priority>0.8</priority>
  </url>
  <url>
    <loc>https://misti.services/game/warwithin/achievements/glory-of-the-draenor-raider-boost</loc>
    <lastmod>2025-11-13</lastmod>
    <changefreq>daily</changefreq>
    <priority>0.8</priority>
  </url>
  <url>
    <loc>https://misti.services/game/warwithin/pvp/wow-solo-shuffle-boost</loc>
    <lastmod>2025-11-13</lastmod>
    <changefreq>daily</changefreq>
    <priority>0.8</priority>
  </url>
  <url>
    <loc>https://misti.services/game/warwithin/mounts/void-forged-stallion</loc>
    <lastmod>2025-11-26</lastmod>
    <changefreq>daily</changefreq>
    <priority>0.8</priority>
  </url>
  <url>
    <loc>https://misti.services/game/escape-from-tarkov/leveling/eft-scav-karma-fence-boost</loc>
    <lastmod>2025-12-06</lastmod>
    <changefreq>daily</changefreq>
    <priority>0.8</priority>
  </url>
  <url>
    <loc>https://misti.services/game/warwithin/achievements/glory-of-the-icecrown-raider-10-boost</loc>
    <lastmod>2025-11-13</lastmod>
    <changefreq>daily</changefreq>
    <priority>0.8</priority>
  </url>
  <url>
    <loc>https://misti.services/game/warwithin/leveling-and-gearing/wow-the-war-within-leveling</loc>
    <lastmod>2025-11-13</lastmod>
    <changefreq>daily</changefreq>
    <priority>0.8</priority>
  </url>
  <url>
    <loc>https://misti.services/game/warwithin/pvp/arena-3vs3</loc>
    <lastmod>2025-11-10</lastmod>
    <changefreq>daily</changefreq>
    <priority>0.8</priority>
  </url>
  <url>
    <loc>https://misti.services/game/buy-battlefield-6-boost/leveling/battlefield-6-challenges-assignments-completion-boost</loc>
    <lastmod>2025-11-11</lastmod>
    <changefreq>daily</changefreq>
    <priority>0.8</priority>
  </url>
  <url>
    <loc>https://misti.services/game/warwithin/achievements/glory-of-the-legion-hero-boost</loc>
    <lastmod>2025-11-13</lastmod>
    <changefreq>daily</changefreq>
    <priority>0.8</priority>
  </url>
  <url>
    <loc>https://misti.services/game/warwithin/reputations/steamwheedle-cartel-reputation-boost</loc>
    <lastmod>2025-11-13</lastmod>
    <changefreq>daily</changefreq>
    <priority>0.8</priority>
  </url>
  <url>
    <loc>https://misti.services/game/wow-tbc-fresh/pvp/honor-farming</loc>
    <lastmod>2025-11-17</lastmod>
    <changefreq>daily</changefreq>
    <priority>0.8</priority>
  </url>
  <url>
    <loc>https://misti.services/game/warwithin/mounts/tyrannotort</loc>
    <lastmod>2025-11-26</lastmod>
    <changefreq>daily</changefreq>
    <priority>0.8</priority>
  </url>
  <url>
    <loc>https://misti.services/game/warwithin/achievements/glory-of-the-nathria-raider-boost</loc>
    <lastmod>2025-11-13</lastmod>
    <changefreq>daily</changefreq>
    <priority>0.8</priority>
  </url>
  <url>
    <loc>https://misti.services/game/wow-mistsofpandaria-classic/reputations/the-august-celestials</loc>
    <lastmod>2025-11-15</lastmod>
    <changefreq>daily</changefreq>
    <priority>0.8</priority>
  </url>
  <url>
    <loc>https://misti.services/game/wow-mistsofpandaria-classic/reputations/the-dominance-offensive</loc>
    <lastmod>2025-11-15</lastmod>
    <changefreq>daily</changefreq>
    <priority>0.8</priority>
  </url>
  <url>
    <loc>https://misti.services/game/buy-diablo-iv-boost/mounts/ghastly-reins</loc>
    <lastmod>2025-11-13</lastmod>
    <changefreq>daily</changefreq>
    <priority>0.8</priority>
  </url>
  <url>
    <loc>https://misti.services/game/warwithin/achievements/glory-of-the-nerubar-raider-boost</loc>
    <lastmod>2025-11-13</lastmod>
    <changefreq>daily</changefreq>
    <priority>0.8</priority>
  </url>
  <url>
    <loc>https://misti.services/game/warwithin/legion-remix/wow-legion-remix-timeworn-keystone-dungeons-boost</loc>
    <lastmod>2025-11-13</lastmod>
    <changefreq>daily</changefreq>
    <priority>0.8</priority>
  </url>
  <url>
    <loc>https://misti.services/game/buy-destiny-rising-boost/leveling/destiny-rising-team-level-boost</loc>
    <lastmod>2025-11-10</lastmod>
    <changefreq>daily</changefreq>
    <priority>0.8</priority>
  </url>
  <url>
    <loc>https://misti.services/game/escape-from-tarkov/raids/escape-from-tarkov-laboratory-raid-boost</loc>
    <lastmod>2025-12-08</lastmod>
    <changefreq>daily</changefreq>
    <priority>0.8</priority>
  </url>
  <url>
    <loc>https://misti.services/game/wow-mistsofpandaria-classic/reputations/the-golden-lotus</loc>
    <lastmod>2025-11-15</lastmod>
    <changefreq>daily</changefreq>
    <priority>0.8</priority>
  </url>
  <url>
    <loc>https://misti.services/game/warwithin/achievements/glory-of-the-nyalotha-raider-boost</loc>
    <lastmod>2025-11-13</lastmod>
    <changefreq>daily</changefreq>
    <priority>0.8</priority>
  </url>
  <url>
    <loc>https://misti.services/game/buy-destiny-rising-boost/main-story-quests/destiny-rising-legendary-campaign-boost</loc>
    <lastmod>2025-11-10</lastmod>
    <changefreq>daily</changefreq>
    <priority>0.8</priority>
  </url>
  <url>
    <loc>https://misti.services/game/escape-from-tarkov/raids/escape-from-tarkov-lighthouse-raid-boost</loc>
    <lastmod>2025-12-08</lastmod>
    <changefreq>daily</changefreq>
    <priority>0.8</priority>
  </url>
  <url>
    <loc>https://misti.services/game/buy-diablo-iv-boost/items/heir-of-perdition</loc>
    <lastmod>2025-11-13</lastmod>
    <changefreq>daily</changefreq>
    <priority>0.8</priority>
  </url>
  <url>
    <loc>https://misti.services/game/wow-mistsofpandaria-classic/raids/throne-of-thunder</loc>
    <lastmod>2025-11-15</lastmod>
    <changefreq>daily</changefreq>
    <priority>0.8</priority>
  </url>
  <url>
    <loc>https://misti.services/game/warwithin/mounts/voidfire-deathcycle-mount</loc>
    <lastmod>2025-11-26</lastmod>
    <changefreq>daily</changefreq>
    <priority>0.8</priority>
  </url>
  <url>
    <loc>https://misti.services/game/wow-mistsofpandaria-classic/mounts/astral-cloud-serpent</loc>
    <lastmod>2025-11-14</lastmod>
    <changefreq>daily</changefreq>
    <priority>0.8</priority>
  </url>
  <url>
    <loc>https://misti.services/game/wow-mistsofpandaria-classic/pvp/arena-5v5-boost</loc>
    <lastmod>2025-11-15</lastmod>
    <changefreq>daily</changefreq>
    <priority>0.8</priority>
  </url>
  <url>
    <loc>https://misti.services/game/wow-mistsofpandaria-classic/mounts/celestial-riding-serpent</loc>
    <lastmod>2025-11-14</lastmod>
    <changefreq>daily</changefreq>
    <priority>0.8</priority>
  </url>
  <url>
    <loc>https://misti.services/game/warwithin/mounts/resplendent-karroc</loc>
    <lastmod>2025-11-23</lastmod>
    <changefreq>daily</changefreq>
    <priority>0.8</priority>
  </url>
  <url>
    <loc>https://misti.services/game/warwithin/achievements/glory-of-the-omega-raider-boost</loc>
    <lastmod>2025-11-13</lastmod>
    <changefreq>daily</changefreq>
    <priority>0.8</priority>
  </url>
  <url>
    <loc>https://misti.services/game/wow-mistsofpandaria-classic/achievements/stormbreaker-achievement</loc>
    <lastmod>2025-11-26</lastmod>
    <changefreq>daily</changefreq>
    <priority>0.8</priority>
  </url>
  <url>
    <loc>https://misti.services/game/warwithin/mounts/curious-slateback</loc>
    <lastmod>2025-11-23</lastmod>
    <changefreq>daily</changefreq>
    <priority>0.8</priority>
  </url>
  <url>
    <loc>https://misti.services/game/wow-mistsofpandaria-classic/reputations/the-kirin-tor-offensive</loc>
    <lastmod>2025-11-15</lastmod>
    <changefreq>daily</changefreq>
    <priority>0.8</priority>
  </url>
  <url>
    <loc>https://misti.services/game/buy-diablo-iv-boost/leveling/glyph-leveling</loc>
    <lastmod>2025-11-13</lastmod>
    <changefreq>daily</changefreq>
    <priority>0.8</priority>
  </url>
  <url>
    <loc>https://misti.services/game/wow-mistsofpandaria-classic/mounts/reins-of-the-thundering-onyx-cloud-serpent</loc>
    <lastmod>2025-11-14</lastmod>
    <changefreq>daily</changefreq>
    <priority>0.8</priority>
  </url>
  <url>
    <loc>https://misti.services/game/escape-from-tarkov/raids/escape-from-tarkov-customs-raid-boost</loc>
    <lastmod>2025-12-08</lastmod>
    <changefreq>daily</changefreq>
    <priority>0.8</priority>
  </url>
  <url>
    <loc>https://misti.services/game/buy-diablo-iv-boost/items/gospel-of-the-devotee-9709</loc>
    <lastmod>2025-11-13</lastmod>
    <changefreq>daily</changefreq>
    <priority>0.8</priority>
  </url>
  <url>
    <loc>https://misti.services/game/wow-mistsofpandaria-classic/pvp/honor-points-farm</loc>
    <lastmod>2025-11-13</lastmod>
    <changefreq>daily</changefreq>
    <priority>0.8</priority>
  </url>
  <url>
    <loc>https://misti.services/game/wow-mistsofpandaria-classic/reputations/the-klaxxi</loc>
    <lastmod>2025-11-15</lastmod>
    <changefreq>daily</changefreq>
    <priority>0.8</priority>
  </url>
  <url>
    <loc>https://misti.services/game/wow-mistsofpandaria-classic/pvp/gladiator-boost</loc>
    <lastmod>2025-11-15</lastmod>
    <changefreq>daily</changefreq>
    <priority>0.8</priority>
  </url>
  <url>
    <loc>https://misti.services/game/wow-mistsofpandaria-classic/mounts/spawn-of-horridon</loc>
    <lastmod>2025-11-14</lastmod>
    <changefreq>daily</changefreq>
    <priority>0.8</priority>
  </url>
  <url>
    <loc>https://misti.services/game/wow-mistsofpandaria-classic/reputations/the-lorewalkers</loc>
    <lastmod>2025-11-15</lastmod>
    <changefreq>daily</changefreq>
    <priority>0.8</priority>
  </url>
  <url>
    <loc>https://misti.services/game/wow-tbc-fresh/reputations/the-scale-of-the-sands</loc>
    <lastmod>2025-11-22</lastmod>
    <changefreq>daily</changefreq>
    <priority>0.8</priority>
  </url>
  <url>
    <loc>https://misti.services/game/wow-mistsofpandaria-classic/reputations/the-shado-pan</loc>
    <lastmod>2025-11-15</lastmod>
    <changefreq>daily</changefreq>
    <priority>0.8</priority>
  </url>
  <url>
    <loc>https://misti.services/game/wow-classic-20th-anniversary/leveling/hardcore-power-leveling-boost</loc>
    <lastmod>2025-11-13</lastmod>
    <changefreq>daily</changefreq>
    <priority>0.8</priority>
  </url>
  <url>
    <loc>https://misti.services/game/warwithin/mythic/keystone-legend-ksl-season-3</loc>
    <lastmod>2025-12-07</lastmod>
    <changefreq>daily</changefreq>
    <priority>0.8</priority>
  </url>
  <url>
    <loc>https://misti.services/game/warwithin/mounts/blue-barry</loc>
    <lastmod>2025-11-23</lastmod>
    <changefreq>daily</changefreq>
    <priority>0.8</priority>
  </url>
  <url>
    <loc>https://misti.services/game/buy-diablo-iv-boost/mounts/bloody-liquid-steed</loc>
    <lastmod>2025-11-10</lastmod>
    <changefreq>daily</changefreq>
    <priority>0.8</priority>
  </url>
  <url>
    <loc>https://misti.services/game/wow-mistsofpandaria-classic/reputations/the-shado-pan-assault</loc>
    <lastmod>2025-11-15</lastmod>
    <changefreq>daily</changefreq>
    <priority>0.8</priority>
  </url>
  <url>
    <loc>https://misti.services/game/escape-from-tarkov/leveling/eft-hideout-upgrade-boost</loc>
    <lastmod>2025-12-06</lastmod>
    <changefreq>daily</changefreq>
    <priority>0.8</priority>
  </url>
  <url>
    <loc>https://misti.services/game/warwithin/mythic/mythic-boost</loc>
    <lastmod>2025-12-07</lastmod>
    <changefreq>daily</changefreq>
    <priority>0.8</priority>
  </url>
  <url>
    <loc>https://misti.services/game/wow-mistsofpandaria-classic/reputations/the-sunreaver-onslaught</loc>
    <lastmod>2025-11-15</lastmod>
    <changefreq>daily</changefreq>
    <priority>0.8</priority>
  </url>
  <url>
    <loc>https://misti.services/game/buy-diablo-iv-boost/items/orphan-maker</loc>
    <lastmod>2025-11-13</lastmod>
    <changefreq>daily</changefreq>
    <priority>0.8</priority>
  </url>
  <url>
    <loc>https://misti.services/game/wow-mistsofpandaria-classic/achievements/going-to-need-a-bigger-bag-achievement</loc>
    <lastmod>2025-11-26</lastmod>
    <changefreq>daily</changefreq>
    <priority>0.8</priority>
  </url>
  <url>
    <loc>https://misti.services/game/escape-from-tarkov/leveling/escape-from-tarkov-achievements-boost</loc>
    <lastmod>2025-12-07</lastmod>
    <changefreq>daily</changefreq>
    <priority>0.8</priority>
  </url>
  <url>
    <loc>https://misti.services/game/wow-tbc-fresh/reputations/the-consortium</loc>
    <lastmod>2025-11-20</lastmod>
    <changefreq>daily</changefreq>
    <priority>0.8</priority>
  </url>
  <url>
    <loc>https://misti.services/game/wow-mistsofpandaria-classic/reputations/the-tillers</loc>
    <lastmod>2025-11-15</lastmod>
    <changefreq>daily</changefreq>
    <priority>0.8</priority>
  </url>
  <url>
    <loc>https://misti.services/game/wow-mistsofpandaria-classic/reputations/the-anglers</loc>
    <lastmod>2025-11-15</lastmod>
    <changefreq>daily</changefreq>
    <priority>0.8</priority>
  </url>
  <url>
    <loc>https://misti.services/game/warwithin/wow-21st-anniversary/bronze-celebration-tokens</loc>
    <lastmod>2025-11-17</lastmod>
    <changefreq>daily</changefreq>
    <priority>0.8</priority>
  </url>
  <url>
    <loc>https://misti.services/game/wow-tbc-fresh/reputations/kurenai</loc>
    <lastmod>2025-11-20</lastmod>
    <changefreq>daily</changefreq>
    <priority>0.8</priority>
  </url>
  <url>
    <loc>https://misti.services/game/warwithin/achievements/glory-of-the-pandaria-hero-boost</loc>
    <lastmod>2025-11-13</lastmod>
    <changefreq>daily</changefreq>
    <priority>0.8</priority>
  </url>
  <url>
    <loc>https://misti.services/game/buy-diablo-iv-boost/items/tyraels-might</loc>
    <lastmod>2025-11-13</lastmod>
    <changefreq>daily</changefreq>
    <priority>0.8</priority>
  </url>
  <url>
    <loc>https://misti.services/game/wow-mistsofpandaria-classic/reputations/the-order-of-the-cloud-serpent</loc>
    <lastmod>2025-11-15</lastmod>
    <changefreq>daily</changefreq>
    <priority>0.8</priority>
  </url>
  <url>
    <loc>https://misti.services/game/warwithin/legacy-content/soaring-spelltome</loc>
    <lastmod>2025-11-13</lastmod>
    <changefreq>daily</changefreq>
    <priority>0.8</priority>
  </url>
  <url>
    <loc>https://misti.services/game/wow-tbc-fresh/reputations/keepers-of-time</loc>
    <lastmod>2025-11-20</lastmod>
    <changefreq>daily</changefreq>
    <priority>0.8</priority>
  </url>
  <url>
    <loc>https://misti.services/game/buy-final-fantasy-gil-and-boosting/gil/buy-ffxiv-gil</loc>
    <lastmod>2025-12-08</lastmod>
    <changefreq>daily</changefreq>
    <priority>0.8</priority>
  </url>
  <url>
    <loc>https://misti.services/game/warwithin/wow-21st-anniversary/renewed-tier-2-transmog</loc>
    <lastmod>2025-11-17</lastmod>
    <changefreq>daily</changefreq>
    <priority>0.8</priority>
  </url>
  <url>
    <loc>https://misti.services/game/buy-diablo-iv-boost/builds/barbarian-builds</loc>
    <lastmod>2025-11-10</lastmod>
    <changefreq>daily</changefreq>
    <priority>0.8</priority>
  </url>
  <url>
    <loc>https://misti.services/game/warwithin/wow-21st-anniversary/timewarped-badge</loc>
    <lastmod>2025-11-17</lastmod>
    <changefreq>daily</changefreq>
    <priority>0.8</priority>
  </url>
  <url>
    <loc>https://misti.services/game/escape-from-tarkov/raids/reserve-raid</loc>
    <lastmod>2025-12-08</lastmod>
    <changefreq>daily</changefreq>
    <priority>0.8</priority>
  </url>
  <url>
    <loc>https://misti.services/game/warwithin/achievements/glory-of-the-delver-boost</loc>
    <lastmod>2025-11-13</lastmod>
    <changefreq>daily</changefreq>
    <priority>0.8</priority>
  </url>
  <url>
    <loc>https://misti.services/game/wow-tbc-fresh/reputations/netherwing</loc>
    <lastmod>2025-11-20</lastmod>
    <changefreq>daily</changefreq>
    <priority>0.8</priority>
  </url>
  <url>
    <loc>https://misti.services/game/wow-mistsofpandaria-classic/professions/professions-leveling</loc>
    <lastmod>2025-11-15</lastmod>
    <changefreq>daily</changefreq>
    <priority>0.8</priority>
  </url>
  <url>
    <loc>https://misti.services/game/warwithin/achievements/glory-of-the-pandaria-raider-boost</loc>
    <lastmod>2025-11-13</lastmod>
    <changefreq>daily</changefreq>
    <priority>0.8</priority>
  </url>
  <url>
    <loc>https://misti.services/game/warwithin/achievements/glory-of-the-dominant-raider-boost</loc>
    <lastmod>2025-11-13</lastmod>
    <changefreq>daily</changefreq>
    <priority>0.8</priority>
  </url>
  <url>
    <loc>https://misti.services/game/warwithin/legacy-content/mage-tower-boost</loc>
    <lastmod>2025-11-10</lastmod>
    <changefreq>daily</changefreq>
    <priority>0.8</priority>
  </url>
  <url>
    <loc>https://misti.services/game/warwithin/pvp/wow-gladiator</loc>
    <lastmod>2025-11-13</lastmod>
    <changefreq>daily</changefreq>
    <priority>0.8</priority>
  </url>
  <url>
    <loc>https://misti.services/game/buy-diablo-iv-boost/items/harlequin-crest</loc>
    <lastmod>2025-11-13</lastmod>
    <changefreq>daily</changefreq>
    <priority>0.8</priority>
  </url>
  <url>
    <loc>https://misti.services/game/warwithin/delves/a-flash-in-the-void</loc>
    <lastmod>2025-11-10</lastmod>
    <changefreq>daily</changefreq>
    <priority>0.8</priority>
  </url>
  <url>
    <loc>https://misti.services/game/warwithin/mounts/acidic-void-creeper</loc>
    <lastmod>2025-11-23</lastmod>
    <changefreq>daily</changefreq>
    <priority>0.8</priority>
  </url>
  <url>
    <loc>https://misti.services/game/warwithin/reputations/bilgewater-cartel-reputation</loc>
    <lastmod>2025-11-10</lastmod>
    <changefreq>daily</changefreq>
    <priority>0.8</priority>
  </url>
  <url>
    <loc>https://misti.services/game/wow-mistsofpandaria-classic/challenge-mode/ancestral-phoenix-egg</loc>
    <lastmod>2025-11-10</lastmod>
    <changefreq>daily</changefreq>
    <priority>0.8</priority>
  </url>
  <url>
    <loc>https://misti.services/game/warwithin/reputations/assembly-of-the-deeps-renown-boost</loc>
    <lastmod>2025-11-10</lastmod>
    <changefreq>daily</changefreq>
    <priority>0.8</priority>
  </url>
  <url>
    <loc>https://misti.services/game/warwithin/reputations/cartel-renown-boost</loc>
    <lastmod>2025-11-10</lastmod>
    <changefreq>daily</changefreq>
    <priority>0.8</priority>
  </url>
  <url>
    <loc>https://misti.services/game/warwithin/delves/delvers-dirigible-mount</loc>
    <lastmod>2025-11-10</lastmod>
    <changefreq>daily</changefreq>
    <priority>0.8</priority>
  </url>
  <url>
    <loc>https://misti.services/game/warwithin/achievements/glory-of-the-tomb-raider-boost</loc>
    <lastmod>2025-11-13</lastmod>
    <changefreq>daily</changefreq>
    <priority>0.8</priority>
  </url>
  <url>
    <loc>https://misti.services/game/wow-mistsofpandaria-classic/gear/heirloom-gear</loc>
    <lastmod>2025-11-13</lastmod>
    <changefreq>daily</changefreq>
    <priority>0.8</priority>
  </url>
  <url>
    <loc>https://misti.services/game/wow-mistsofpandaria-classic/leveling/pandaria-classic-power-leveling-2864</loc>
    <lastmod>2025-11-13</lastmod>
    <changefreq>daily</changefreq>
    <priority>0.8</priority>
  </url>
  <url>
    <loc>https://misti.services/game/warwithin/delves/delvers-mana-skimmer-schematic-hyperdrive</loc>
    <lastmod>2025-11-10</lastmod>
    <changefreq>daily</changefreq>
    <priority>0.8</priority>
  </url>
  <url>
    <loc>https://misti.services/game/warwithin/achievements/glory-of-the-orgrimmar-raider-boost</loc>
    <lastmod>2025-11-13</lastmod>
    <changefreq>daily</changefreq>
    <priority>0.8</priority>
  </url>
  <url>
    <loc>https://misti.services/game/warwithin/delves/contract-killer-title</loc>
    <lastmod>2025-11-10</lastmod>
    <changefreq>daily</changefreq>
    <priority>0.8</priority>
  </url>
  <url>
    <loc>https://misti.services/game/buy-diablo-iv-boost/builds/necromancer-builds</loc>
    <lastmod>2025-11-13</lastmod>
    <changefreq>daily</changefreq>
    <priority>0.8</priority>
  </url>
  <url>
    <loc>https://misti.services/game/wow-mistsofpandaria-classic/dungeons/heroic-dungeon</loc>
    <lastmod>2025-11-13</lastmod>
    <changefreq>daily</changefreq>
    <priority>0.8</priority>
  </url>
  <url>
    <loc>https://misti.services/game/warwithin/achievements/glory-of-the-draenor-hero-boost</loc>
    <lastmod>2025-11-13</lastmod>
    <changefreq>daily</changefreq>
    <priority>0.8</priority>
  </url>
  <url>
    <loc>https://misti.services/game/warwithin/achievements/glory-of-the-dragonflight-hero-boost</loc>
    <lastmod>2025-11-13</lastmod>
    <changefreq>daily</changefreq>
    <priority>0.8</priority>
  </url>
  <url>
    <loc>https://misti.services/game/warwithin/achievements/glory-of-the-sepulcher-raider-boost</loc>
    <lastmod>2025-11-13</lastmod>
    <changefreq>daily</changefreq>
    <priority>0.8</priority>
  </url>
  <url>
    <loc>https://misti.services/game/buy-diablo-iv-boost/items/hesha-e-kesungi</loc>
    <lastmod>2025-11-13</lastmod>
    <changefreq>daily</changefreq>
    <priority>0.8</priority>
  </url>
  <url>
    <loc>https://misti.services/game/warwithin/achievements/glory-of-the-vault-raider-boost</loc>
    <lastmod>2025-11-13</lastmod>
    <changefreq>daily</changefreq>
    <priority>0.8</priority>
  </url>
  <url>
    <loc>https://misti.services/game/wow-mistsofpandaria-classic/dungeons/august-stone-fragments-farm</loc>
    <lastmod>2025-11-10</lastmod>
    <changefreq>daily</changefreq>
    <priority>0.8</priority>
  </url>
  <url>
    <loc>https://misti.services/game/buy-diablo-iv-boost/mounts/bloody-steed-mount</loc>
    <lastmod>2025-11-10</lastmod>
    <changefreq>daily</changefreq>
    <priority>0.8</priority>
  </url>
  <url>
    <loc>https://misti.services/game/warwithin/delves/glory-of-the-delver</loc>
    <lastmod>2025-11-13</lastmod>
    <changefreq>daily</changefreq>
    <priority>0.8</priority>
  </url>
  <url>
    <loc>https://misti.services/game/buy-battlefield-6-boost/gauntlet-wins/battlefield-6-gauntlet-guaranteed-wins-boost</loc>
    <lastmod>2025-11-10</lastmod>
    <changefreq>daily</changefreq>
    <priority>0.8</priority>
  </url>
  <url>
    <loc>https://misti.services/game/warwithin/reputations/karesh-trust-renown-boost</loc>
    <lastmod>2025-11-13</lastmod>
    <changefreq>daily</changefreq>
    <priority>0.8</priority>
  </url>
  <url>
    <loc>https://misti.services/game/warwithin/achievements/glory-of-the-liberation-of-undermine-raider-boost</loc>
    <lastmod>2025-11-13</lastmod>
    <changefreq>daily</changefreq>
    <priority>0.8</priority>
  </url>
  <url>
    <loc>https://misti.services/game/wow-tbc-fresh/attunements/dungeons-unlock</loc>
    <lastmod>2025-12-02</lastmod>
    <changefreq>daily</changefreq>
    <priority>0.8</priority>
  </url>
  <url>
    <loc>https://misti.services/game/warwithin/reputations/blackwater-cartel-reputation-boost</loc>
    <lastmod>2025-11-10</lastmod>
    <changefreq>daily</changefreq>
    <priority>0.8</priority>
  </url>
  <url>
    <loc>https://misti.services/game/warwithin/reputations/council-of-dornogal-renown-boost</loc>
    <lastmod>2025-11-10</lastmod>
    <changefreq>daily</changefreq>
    <priority>0.8</priority>
  </url>
  <url>
    <loc>https://misti.services/game/escape-from-tarkov/leveling/escape-from-tarkov-flea-market-unlock-boost</loc>
    <lastmod>2025-12-06</lastmod>
    <changefreq>daily</changefreq>
    <priority>0.8</priority>
  </url>
  <url>
    <loc>https://misti.services/game/buy-diablo-iv-boost/mounts/brigands-steed</loc>
    <lastmod>2025-11-10</lastmod>
    <changefreq>daily</changefreq>
    <priority>0.8</priority>
  </url>
  <url>
    <loc>https://misti.services/game/warwithin/delves/delver-title</loc>
    <lastmod>2025-11-10</lastmod>
    <changefreq>daily</changefreq>
    <priority>0.8</priority>
  </url>
  <url>
    <loc>https://misti.services/game/warwithin/delves/immortal-spelunker</loc>
    <lastmod>2025-11-13</lastmod>
    <changefreq>daily</changefreq>
    <priority>0.8</priority>
  </url>
  <url>
    <loc>https://misti.services/game/wow-tbc-fresh/attunements/the-cipher-of-damnation</loc>
    <lastmod>2025-12-02</lastmod>
    <changefreq>daily</changefreq>
    <priority>0.8</priority>
  </url>
  <url>
    <loc>https://misti.services/game/warwithin/achievements/glory-of-the-shadowlands-hero-boost</loc>
    <lastmod>2025-11-13</lastmod>
    <changefreq>daily</changefreq>
    <priority>0.8</priority>
  </url>
  <url>
    <loc>https://misti.services/game/warwithin/delves/high-explorer-title</loc>
    <lastmod>2025-11-13</lastmod>
    <changefreq>daily</changefreq>
    <priority>0.8</priority>
  </url>
  <url>
    <loc>https://misti.services/game/wow-mistsofpandaria-classic/challenge-mode/challenge-mode-bronze-pack</loc>
    <lastmod>2025-11-25</lastmod>
    <changefreq>daily</changefreq>
    <priority>0.8</priority>
  </url>
  <url>
    <loc>https://misti.services/game/warwithin/reputations/covenant-renown-boost</loc>
    <lastmod>2025-11-10</lastmod>
    <changefreq>daily</changefreq>
    <priority>0.8</priority>
  </url>
  <url>
    <loc>https://misti.services/game/buy-diablo-iv-boost/bosses/diablo-belial-boost</loc>
    <lastmod>2025-11-10</lastmod>
    <changefreq>daily</changefreq>
    <priority>0.8</priority>
  </url>
  <url>
    <loc>https://misti.services/game/warwithin/reputations/hallowfall-arathi-renown-boost</loc>
    <lastmod>2025-11-13</lastmod>
    <changefreq>daily</changefreq>
    <priority>0.8</priority>
  </url>
  <url>
    <loc>https://misti.services/game/warwithin/reputations/darkfuse-solutions-reputation-boost</loc>
    <lastmod>2025-11-10</lastmod>
    <changefreq>daily</changefreq>
    <priority>0.8</priority>
  </url>
  <url>
    <loc>https://misti.services/game/buy-diablo-iv-boost/currency/red-dust</loc>
    <lastmod>2025-11-13</lastmod>
    <changefreq>daily</changefreq>
    <priority>0.8</priority>
  </url>
  <url>
    <loc>https://misti.services/game/wow-mistsofpandaria-classic/gear/lesser-charms-of-good-fortune</loc>
    <lastmod>2025-11-13</lastmod>
    <changefreq>daily</changefreq>
    <priority>0.8</priority>
  </url>
  <url>
    <loc>https://misti.services/game/warwithin/delves/delves-boost</loc>
    <lastmod>2025-11-10</lastmod>
    <changefreq>daily</changefreq>
    <priority>0.8</priority>
  </url>
  <url>
    <loc>https://misti.services/game/fellowship-game-boost/hero-talents/fellowship-hero-talents</loc>
    <lastmod>2025-11-16</lastmod>
    <changefreq>daily</changefreq>
    <priority>0.8</priority>
  </url>
  <url>
    <loc>https://misti.services/game/warwithin/mounts/crimson-armored-growler</loc>
    <lastmod>2025-11-26</lastmod>
    <changefreq>daily</changefreq>
    <priority>0.8</priority>
  </url>
  <url>
    <loc>https://misti.services/game/warwithin/legion-remix/legion-remix-all-raids-bundle</loc>
    <lastmod>2025-11-13</lastmod>
    <changefreq>daily</changefreq>
    <priority>0.8</priority>
  </url>
  <url>
    <loc>https://misti.services/game/buy-destiny-rising-boost/leveling/destiny-rising-battle-pass-leveling-service</loc>
    <lastmod>2025-11-10</lastmod>
    <changefreq>daily</changefreq>
    <priority>0.8</priority>
  </url>
  <url>
    <loc>https://misti.services/game/warwithin/delves/undercoin-farm</loc>
    <lastmod>2025-11-13</lastmod>
    <changefreq>daily</changefreq>
    <priority>0.8</priority>
  </url>
  <url>
    <loc>https://misti.services/game/buy-final-fantasy-gil-and-boosting/leveling/ffxiv-power-leveling-boost-dawntrail-1-100</loc>
    <lastmod>2025-12-05</lastmod>
    <changefreq>daily</changefreq>
    <priority>0.8</priority>
  </url>
  <url>
    <loc>https://misti.services/game/warwithin/achievements/glory-of-the-dragon-soul-raider-boost</loc>
    <lastmod>2025-11-13</lastmod>
    <changefreq>daily</changefreq>
    <priority>0.8</priority>
  </url>
  <url>
    <loc>https://misti.services/game/buy-diablo-iv-boost/bosses/beast-in-the-ice</loc>
    <lastmod>2025-11-10</lastmod>
    <changefreq>daily</changefreq>
    <priority>0.8</priority>
  </url>
  <url>
    <loc>https://misti.services/game/buy-diablo-iv-boost/bosses/diablo-harbinger-of-hatred-boost</loc>
    <lastmod>2025-11-10</lastmod>
    <changefreq>daily</changefreq>
    <priority>0.8</priority>
  </url>
  <url>
    <loc>https://misti.services/game/buy-diablo-iv-boost/items/doombringer</loc>
    <lastmod>2025-11-10</lastmod>
    <changefreq>daily</changefreq>
    <priority>0.8</priority>
  </url>
  <url>
    <loc>https://misti.services/game/wow-tbc-fresh/proffesions/wow-tbc-classic-alchemy-boost</loc>
    <lastmod>2025-12-02</lastmod>
    <changefreq>daily</changefreq>
    <priority>0.8</priority>
  </url>
  <url>
    <loc>https://misti.services/game/wow-tbc-fresh/attunements/karazhan</loc>
    <lastmod>2025-12-02</lastmod>
    <changefreq>daily</changefreq>
    <priority>0.8</priority>
  </url>
  <url>
    <loc>https://misti.services/game/warwithin/achievements/glory-of-the-thundering-raider-boost</loc>
    <lastmod>2025-11-13</lastmod>
    <changefreq>daily</changefreq>
    <priority>0.8</priority>
  </url>
  <url>
    <loc>https://misti.services/game/warwithin/achievements/glory-of-the-pandaria-hero-boost-3291</loc>
    <lastmod>2025-11-13</lastmod>
    <changefreq>daily</changefreq>
    <priority>0.8</priority>
  </url>
  <url>
    <loc>https://misti.services/game/warwithin/achievements/glory-of-the-ulduar-raider-boost</loc>
    <lastmod>2025-11-13</lastmod>
    <changefreq>daily</changefreq>
    <priority>0.8</priority>
  </url>
  <url>
    <loc>https://misti.services/game/warwithin/achievements/glory-of-the-wartorn-hero-boost</loc>
    <lastmod>2025-11-13</lastmod>
    <changefreq>daily</changefreq>
    <priority>0.8</priority>
  </url>
  <url>
    <loc>https://misti.services/game/warwithin/delves/let-me-solo-her</loc>
    <lastmod>2025-11-13</lastmod>
    <changefreq>daily</changefreq>
    <priority>0.8</priority>
  </url>
  <url>
    <loc>https://misti.services/game/buy-diablo-iv-boost/bosses/andariel</loc>
    <lastmod>2025-11-10</lastmod>
    <changefreq>daily</changefreq>
    <priority>0.8</priority>
  </url>
  <url>
    <loc>https://misti.services/game/buy-battlefield-6-boost/battle-royale/battlefield-6-redsec-battle-royale-wins-boost</loc>
    <lastmod>2025-11-10</lastmod>
    <changefreq>daily</changefreq>
    <priority>0.8</priority>
  </url>
  <url>
    <loc>https://misti.services/game/buy-destiny-rising-boost/main-story-quests/main-story-quest-boost</loc>
    <lastmod>2025-11-13</lastmod>
    <changefreq>daily</changefreq>
    <priority>0.8</priority>
  </url>
  <url>
    <loc>https://misti.services/game/buy-diablo-iv-boost/items/nesekem-the-herald</loc>
    <lastmod>2025-11-13</lastmod>
    <changefreq>daily</changefreq>
    <priority>0.8</priority>
  </url>
  <url>
    <loc>https://misti.services/game/buy-diablo-iv-boost/bosses/grigoire</loc>
    <lastmod>2025-11-13</lastmod>
    <changefreq>daily</changefreq>
    <priority>0.8</priority>
  </url>
  <url>
    <loc>https://misti.services/game/warwithin/delves/oc91-chariot-mount</loc>
    <lastmod>2025-11-13</lastmod>
    <changefreq>daily</changefreq>
    <priority>0.8</priority>
  </url>
  <url>
    <loc>https://misti.services/game/buy-diablo-iv-boost/bosses/echo-of-varshan</loc>
    <lastmod>2025-11-10</lastmod>
    <changefreq>daily</changefreq>
    <priority>0.8</priority>
  </url>
  <url>
    <loc>https://misti.services/game/warwithin/delves/overcharged-delver-achievement</loc>
    <lastmod>2025-11-13</lastmod>
    <changefreq>daily</changefreq>
    <priority>0.8</priority>
  </url>
  <url>
    <loc>https://misti.services/game/wow-mistsofpandaria-classic/achievements/celestial-hero-achievement</loc>
    <lastmod>2025-11-26</lastmod>
    <changefreq>daily</changefreq>
    <priority>0.8</priority>
  </url>
  <url>
    <loc>https://misti.services/game/buy-diablo-iv-boost/bosses/lilith</loc>
    <lastmod>2025-11-13</lastmod>
    <changefreq>daily</changefreq>
    <priority>0.8</priority>
  </url>
  <url>
    <loc>https://misti.services/game/buy-diablo-iv-boost/bosses/lord-zir</loc>
    <lastmod>2025-11-13</lastmod>
    <changefreq>daily</changefreq>
    <priority>0.8</priority>
  </url>
  <url>
    <loc>https://misti.services/game/wow-tbc-fresh/proffesions/wow-tbc-classic-enchanting-boost-1-375</loc>
    <lastmod>2025-12-02</lastmod>
    <changefreq>daily</changefreq>
    <priority>0.8</priority>
  </url>
  <url>
    <loc>https://misti.services/game/wow-mistsofpandaria-classic/challenge-mode/challenge-mode-silver-pack</loc>
    <lastmod>2025-11-25</lastmod>
    <changefreq>daily</changefreq>
    <priority>0.8</priority>
  </url>
  <url>
    <loc>https://misti.services/game/warwithin/delves/pruning-the-princess</loc>
    <lastmod>2025-11-13</lastmod>
    <changefreq>daily</changefreq>
    <priority>0.8</priority>
  </url>
  <url>
    <loc>https://misti.services/game/wow-tbc-fresh/proffesions/wow-tbc-classic-engineering-boost-gnomish-goblin</loc>
    <lastmod>2025-12-02</lastmod>
    <changefreq>daily</changefreq>
    <priority>0.8</priority>
  </url>
  <url>
    <loc>https://misti.services/game/warwithin/reputations/severed-threads-renown-boost</loc>
    <lastmod>2025-11-13</lastmod>
    <changefreq>daily</changefreq>
    <priority>0.8</priority>
  </url>
  <url>
    <loc>https://misti.services/game/wow-tbc-fresh/reputations/thrallmar</loc>
    <lastmod>2025-11-19</lastmod>
    <changefreq>daily</changefreq>
    <priority>0.8</priority>
  </url>
  <url>
    <loc>https://misti.services/game/buy-diablo-iv-boost/cosmetics/binding-the-fell</loc>
    <lastmod>2025-11-10</lastmod>
    <changefreq>daily</changefreq>
    <priority>0.8</priority>
  </url>
  <url>
    <loc>https://misti.services/game/warwithin/mounts/darkfuse-spy-eye</loc>
    <lastmod>2025-11-26</lastmod>
    <changefreq>daily</changefreq>
    <priority>0.8</priority>
  </url>
  <url>
    <loc>https://misti.services/game/buy-diablo-iv-boost/currency/gold</loc>
    <lastmod>2025-11-21</lastmod>
    <changefreq>daily</changefreq>
    <priority>0.8</priority>
  </url>
  <url>
    <loc>https://misti.services/game/warwithin/delves/infinite-delver-title</loc>
    <lastmod>2025-11-13</lastmod>
    <changefreq>daily</changefreq>
    <priority>0.8</priority>
  </url>
  <url>
    <loc>https://misti.services/game/wow-mistsofpandaria-classic/gear/pvp-gear-boost</loc>
    <lastmod>2025-11-13</lastmod>
    <changefreq>daily</changefreq>
    <priority>0.8</priority>
  </url>
  <url>
    <loc>https://misti.services/game/buy-diablo-iv-boost/currency/murmuring-obols</loc>
    <lastmod>2025-11-13</lastmod>
    <changefreq>daily</changefreq>
    <priority>0.8</priority>
  </url>
  <url>
    <loc>https://misti.services/game/buy-diablo-iv-boost/mounts/seal-brown-steed</loc>
    <lastmod>2025-11-13</lastmod>
    <changefreq>daily</changefreq>
    <priority>0.8</priority>
  </url>
  <url>
    <loc>https://misti.services/game/wow-mistsofpandaria-classic/raids/glory-of-the-orgrimmar-raider</loc>
    <lastmod>2025-11-26</lastmod>
    <changefreq>daily</changefreq>
    <priority>0.8</priority>
  </url>
  <url>
    <loc>https://misti.services/game/buy-diablo-iv-boost/bosses/duriel</loc>
    <lastmod>2025-11-10</lastmod>
    <changefreq>daily</changefreq>
    <priority>0.8</priority>
  </url>
  <url>
    <loc>https://misti.services/game/warwithin/reputations/flames-radiance-renown-boost</loc>
    <lastmod>2025-11-10</lastmod>
    <changefreq>daily</changefreq>
    <priority>0.8</priority>
  </url>
  <url>
    <loc>https://misti.services/game/warwithin/mounts/lavender-karroc</loc>
    <lastmod>2025-11-23</lastmod>
    <changefreq>daily</changefreq>
    <priority>0.8</priority>
  </url>
  <url>
    <loc>https://misti.services/game/wow-tbc-fresh/proffesions/wow-tbc-classic-tailoring-boost-specialization-sets</loc>
    <lastmod>2025-12-02</lastmod>
    <changefreq>daily</changefreq>
    <priority>0.8</priority>
  </url>
  <url>
    <loc>https://misti.services/game/buy-battlefield-6-boost/leveling/battlefield-6-vehicle-mastery</loc>
    <lastmod>2025-11-11</lastmod>
    <changefreq>daily</changefreq>
    <priority>0.8</priority>
  </url>
  <url>
    <loc>https://misti.services/game/buy-destiny-rising-boost/leveling/destiny-rising-zone-exploration</loc>
    <lastmod>2025-11-11</lastmod>
    <changefreq>daily</changefreq>
    <priority>0.8</priority>
  </url>
  <url>
    <loc>https://misti.services/game/buy-diablo-iv-boost/leveling/diablo-iv-power-leveling</loc>
    <lastmod>2025-11-11</lastmod>
    <changefreq>daily</changefreq>
    <priority>0.8</priority>
  </url>
  <url>
    <loc>https://misti.services/game/warwithin/mounts/wow-phase-lost-slateback</loc>
    <lastmod>2025-11-24</lastmod>
    <changefreq>daily</changefreq>
    <priority>0.8</priority>
  </url>
  <url>
    <loc>https://misti.services/game/wow-mistsofpandaria-classic/achievements/glory-of-the-orgrimmar-raider-achievement</loc>
    <lastmod>2025-11-26</lastmod>
    <changefreq>daily</changefreq>
    <priority>0.8</priority>
  </url>
  <url>
    <loc>https://misti.services/game/wow-mistsofpandaria-classic/raids/glory-of-the-thundering-raider</loc>
    <lastmod>2025-11-26</lastmod>
    <changefreq>daily</changefreq>
    <priority>0.8</priority>
  </url>
  <url>
    <loc>https://misti.services/game/wow-mistsofpandaria-classic/achievements/pandaren-ambassador-achievement</loc>
    <lastmod>2025-11-26</lastmod>
    <changefreq>daily</changefreq>
    <priority>0.8</priority>
  </url>
  <url>
    <loc>https://misti.services/game/warwithin/mounts/royal-voidwing</loc>
    <lastmod>2025-11-23</lastmod>
    <changefreq>daily</changefreq>
    <priority>0.8</priority>
  </url>
  <url>
    <loc>https://misti.services/game/warwithin/mounts/unbound-star-eater</loc>
    <lastmod>2025-12-01</lastmod>
    <changefreq>daily</changefreq>
    <priority>0.8</priority>
  </url>
  <url>
    <loc>https://misti.services/game/warwithin/mounts/terror-of-the-wastes</loc>
    <lastmod>2025-11-24</lastmod>
    <changefreq>daily</changefreq>
    <priority>0.8</priority>
  </url>
  <url>
    <loc>https://misti.services/game/escape-from-tarkov/raids/escape-from-tarkov-interchange-raid-boost</loc>
    <lastmod>2025-12-08</lastmod>
    <changefreq>daily</changefreq>
    <priority>0.8</priority>
  </url>
  <url>
    <loc>https://misti.services/game/warwithin/mounts/vandals-gearglider</loc>
    <lastmod>2025-11-24</lastmod>
    <changefreq>daily</changefreq>
    <priority>0.8</priority>
  </url>
  <url>
    <loc>https://misti.services/game/wow-mistsofpandaria-classic/achievements/glory-of-the-pandaria-hero-achievement</loc>
    <lastmod>2025-11-26</lastmod>
    <changefreq>daily</changefreq>
    <priority>0.8</priority>
  </url>
  <url>
    <loc>https://misti.services/game/wow-mistsofpandaria-classic/achievements/glory-of-the-thundering-raider-achievement</loc>
    <lastmod>2025-11-26</lastmod>
    <changefreq>daily</changefreq>
    <priority>0.8</priority>
  </url>
  <url>
    <loc>https://misti.services/game/wow-tbc-fresh/attunements/serpentshrine-cavern-attunement</loc>
    <lastmod>2025-12-02</lastmod>
    <changefreq>daily</changefreq>
    <priority>0.8</priority>
  </url>
  <url>
    <loc>https://misti.services/game/wow-tbc-fresh/attunements/tempest-keep-attunement</loc>
    <lastmod>2025-12-02</lastmod>
    <changefreq>daily</changefreq>
    <priority>0.8</priority>
  </url>
  <url>
    <loc>https://misti.services/game/wow-tbc-fresh/pvp/tbc-fresh-ab-marks-of-honor-boost</loc>
    <lastmod>2025-12-03</lastmod>
    <changefreq>daily</changefreq>
    <priority>0.8</priority>
  </url>
  <url>
    <loc>https://misti.services/game/wow-mistsofpandaria-classic/raids/glory-of-the-pandaria-raider</loc>
    <lastmod>2025-11-26</lastmod>
    <changefreq>daily</changefreq>
    <priority>0.8</priority>
  </url>
  <url>
    <loc>https://misti.services/game/warwithin/mounts/radiant-imperial-lynx</loc>
    <lastmod>2025-11-26</lastmod>
    <changefreq>daily</changefreq>
    <priority>0.8</priority>
  </url>
  <url>
    <loc>https://misti.services/game/wow-tbc-fresh/pvp/tbc-fresh-alterac-valley-marks-of-honor-boost</loc>
    <lastmod>2025-12-03</lastmod>
    <changefreq>daily</changefreq>
    <priority>0.8</priority>
  </url>
  <url>
    <loc>https://misti.services/game/warwithin/mounts/venture-co-ordinator</loc>
    <lastmod>2025-11-26</lastmod>
    <changefreq>daily</changefreq>
    <priority>0.8</priority>
  </url>
  <url>
    <loc>https://misti.services/game/warwithin/mounts/void-crystal-panther</loc>
    <lastmod>2025-11-26</lastmod>
    <changefreq>daily</changefreq>
    <priority>0.8</priority>
  </url>
  <url>
    <loc>https://misti.services/game/escape-from-tarkov/raids/escape-from-tarkov-factory-raid-boost</loc>
    <lastmod>2025-12-08</lastmod>
    <changefreq>daily</changefreq>
    <priority>0.8</priority>
  </url>
  <url>
    <loc>https://misti.services/game/wow-tbc-fresh/attunements/mount-hyjal-attunement</loc>
    <lastmod>2025-12-02</lastmod>
    <changefreq>daily</changefreq>
    <priority>0.8</priority>
  </url>
  <url>
    <loc>https://misti.services/game/wow-mistsofpandaria-classic/achievements/glory-of-the-pandaria-raider-achievement</loc>
    <lastmod>2025-11-26</lastmod>
    <changefreq>daily</changefreq>
    <priority>0.8</priority>
  </url>
  <url>
    <loc>https://misti.services/game/wow-classic-20th-anniversary/attunements/attunements</loc>
    <lastmod>2025-11-28</lastmod>
    <changefreq>daily</changefreq>
    <priority>0.8</priority>
  </url>
  <url>
    <loc>https://misti.services/game/wow-mistsofpandaria-classic/mounts/celestial-riding-tiger</loc>
    <lastmod>2025-11-25</lastmod>
    <changefreq>daily</changefreq>
    <priority>0.8</priority>
  </url>
  <url>
    <loc>https://misti.services/game/warwithin/mounts/hateforged-blazecycle</loc>
    <lastmod>2025-11-26</lastmod>
    <changefreq>daily</changefreq>
    <priority>0.8</priority>
  </url>
  <url>
    <loc>https://misti.services/game/warwithin/mounts/prototype-asmr</loc>
    <lastmod>2025-11-26</lastmod>
    <changefreq>daily</changefreq>
    <priority>0.8</priority>
  </url>
  <url>
    <loc>https://misti.services/game/wow-tbc-fresh/proffesions/wow-tbc-classic-lockpicking-boost-1-350</loc>
    <lastmod>2025-12-02</lastmod>
    <changefreq>daily</changefreq>
    <priority>0.8</priority>
  </url>
  <url>
    <loc>https://misti.services/game/wow-tbc-fresh/pvp/tbc-fresh-warsong-gulch-marks-of-honor-boost</loc>
    <lastmod>2025-12-03</lastmod>
    <changefreq>daily</changefreq>
    <priority>0.8</priority>
  </url>
  <url>
    <loc>https://misti.services/game/wow-tbc-fresh/leveling/tbc-powerleveling</loc>
    <lastmod>2025-12-06</lastmod>
    <changefreq>daily</changefreq>
    <priority>0.8</priority>
  </url>
  <url>
    <loc>https://misti.services/game/escape-from-tarkov/raids/escape-from-tarkov-woods-raid-boost</loc>
    <lastmod>2025-12-08</lastmod>
    <changefreq>daily</changefreq>
    <priority>0.8</priority>
  </url>
  <url>
    <loc>https://misti.services/game/wow-tbc-fresh/proffesions/wow-tbc-classic-mining-boost-1-375</loc>
    <lastmod>2025-12-02</lastmod>
    <changefreq>daily</changefreq>
    <priority>0.8</priority>
  </url>
  <url>
    <loc>https://misti.services/game/wow-tbc-fresh/proffesions/wow-tbc-classic-skinning-boost-1-375</loc>
    <lastmod>2025-12-02</lastmod>
    <changefreq>daily</changefreq>
    <priority>0.8</priority>
  </url>
  <url>
    <loc>https://misti.services/game/wow-tbc-fresh/proffesions/wow-tbc-classic-cooking-boost-1-375-dailies</loc>
    <lastmod>2025-12-02</lastmod>
    <changefreq>daily</changefreq>
    <priority>0.8</priority>
  </url>
  <url>
    <loc>https://misti.services/game/wow-tbc-fresh/proffesions/wow-tbc-classic-fishing-boost-1-375</loc>
    <lastmod>2025-12-02</lastmod>
    <changefreq>daily</changefreq>
    <priority>0.8</priority>
  </url>
  <url>
    <loc>https://misti.services/game/wow-tbc-fresh/proffesions/wow-tbc-classic-herbalism-boost-1-375</loc>
    <lastmod>2025-12-02</lastmod>
    <changefreq>daily</changefreq>
    <priority>0.8</priority>
  </url>
  <url>
    <loc>https://misti.services/game/wow-tbc-fresh/proffesions/wow-tbc-classic-blacksmithing-boost</loc>
    <lastmod>2025-12-02</lastmod>
    <changefreq>daily</changefreq>
    <priority>0.8</priority>
  </url>
  <url>
    <loc>https://misti.services/game/wow-tbc-fresh/proffesions/wow-tbc-classic-leatherworking-boost-drums-specialization</loc>
    <lastmod>2025-12-02</lastmod>
    <changefreq>daily</changefreq>
    <priority>0.8</priority>
  </url>
  <url>
    <loc>https://misti.services/game/wow-tbc-fresh/proffesions/wow-tbc-classic-first-aid-boost-1-375</loc>
    <lastmod>2025-12-02</lastmod>
    <changefreq>daily</changefreq>
    <priority>0.8</priority>
  </url>
  <url>
    <loc>https://misti.services/game/wow-tbc-fresh/proffesions/wow-tbc-classic-jewelcrafting-boost-gem-cutting-figurines</loc>
    <lastmod>2025-12-02</lastmod>
    <changefreq>daily</changefreq>
    <priority>0.8</priority>
  </url>
  <url>
    <loc>https://misti.services/game/escape-from-tarkov/leveling/eft-pmc-leveling-boost</loc>
    <lastmod>2025-12-05</lastmod>
    <changefreq>daily</changefreq>
    <priority>0.8</priority>
  </url>
  <url>
    <loc>https://misti.services/game/escape-from-tarkov/raids/escape-from-tarkov-ground-zero-raid-boost</loc>
    <lastmod>2025-12-08</lastmod>
    <changefreq>daily</changefreq>
    <priority>0.8</priority>
  </url>
  <url>
    <loc>https://misti.services/game/escape-from-tarkov/raids/escape-from-tarkov-the-labyrinth-raid-boost</loc>
    <lastmod>2025-12-08</lastmod>
    <changefreq>daily</changefreq>
    <priority>0.8</priority>
  </url>
  <url>
    <loc>https://misti.services/game/warwithin/raids/dimensius-heroic</loc>
    <lastmod>2025-12-08</lastmod>
    <changefreq>daily</changefreq>
    <priority>0.8</priority>
  </url>
  <url>
    <loc>https://misti.services/game/warwithin/raids/manaforge-omega-heroic</loc>
    <lastmod>2025-12-08</lastmod>
    <changefreq>daily</changefreq>
    <priority>0.8</priority>
  </url>
  <url>
    <loc>https://misti.services/game/warwithin/raids/manaforge-omega-heroic-lootshare</loc>
    <lastmod>2025-12-08</lastmod>
    <changefreq>daily</changefreq>
    <priority>0.8</priority>
  </url>
  <url>
    <loc>https://misti.services/game/warwithin/raids/mythic-dimensius</loc>
    <lastmod>2025-12-08</lastmod>
    <changefreq>daily</changefreq>
    <priority>0.8</priority>
  </url>
  <url>
    <loc>https://misti.services/game/warwithin/raids/manaforge-omega-mythic</loc>
    <lastmod>2025-12-08</lastmod>
    <changefreq>daily</changefreq>
    <priority>0.8</priority>
  </url>
  <url>
    <loc>https://misti.services/game/warwithin/raids/manaforge-omega-normal</loc>
    <lastmod>2025-12-08</lastmod>
    <changefreq>daily</changefreq>
    <priority>0.8</priority>
  </url>
  <url>
    <loc>https://misti.services/game/wow-tbc-fresh/leveling/tbc-prepatch-leveling-carry</loc>
    <lastmod>2025-12-09</lastmod>
    <changefreq>daily</changefreq>
    <priority>0.8</priority>
  </url>
  <url>
    <loc>https://misti.services/game/fellowship-game-boost/dungeons/fellowship-dungeons-boost</loc>
    <lastmod>2025-12-09</lastmod>
    <changefreq>daily</changefreq>
    <priority>0.8</priority>
  </url>
  <url>
    <loc>https://misti.services/blog/business-inquiries</loc>
    <lastmod>2025-10-21</lastmod>
    <changefreq>monthly</changefreq>
    <priority>0.6</priority>
  </url>
  <url>
    <loc>https://misti.services/blog/privacy-policy</loc>
    <lastmod>2025-11-02</lastmod>
    <changefreq>monthly</changefreq>
    <priority>0.6</priority>
  </url>
  <url>
    <loc>https://misti.services/blog/Security-Capabilities</loc>
    <lastmod>2025-11-02</lastmod>
    <changefreq>monthly</changefreq>
    <priority>0.6</priority>
  </url>
  <url>
    <loc>https://misti.services/blog/terms-and-conditions</loc>
    <lastmod>2025-11-02</lastmod>
    <changefreq>monthly</changefreq>
    <priority>0.6</priority>
  </url>
  <url>
    <loc>https://misti.services/blog/world-of-warcraft-the-burning-crusade-full-expansion-overview</loc>
    <lastmod>2025-11-21</lastmod>
    <changefreq>monthly</changefreq>
    <priority>0.6</priority>
  </url>
  <url>
    <loc>https://misti.services/blog/battlefield-6-tips-tricks-guide-best-beginner-strategies</loc>
    <lastmod>2025-11-21</lastmod>
    <changefreq>monthly</changefreq>
    <priority>0.6</priority>
  </url>
  <url>
    <loc>https://misti.services/blog/wow-war-within-housing-guide-founders-point-razorwind-shores</loc>
    <lastmod>2025-12-03</lastmod>
    <changefreq>monthly</changefreq>
    <priority>0.6</priority>
  </url>
  <url>
    <loc>https://misti.services/blog/fellowship-beginner-s-guide</loc>
    <lastmod>2025-11-21</lastmod>
    <changefreq>monthly</changefreq>
    <priority>0.6</priority>
  </url>
  <url>
    <loc>https://misti.services/blog/hearthsteel-wow-midnight-explained-housing-system</loc>
    <lastmod>2025-11-21</lastmod>
    <changefreq>monthly</changefreq>
    <priority>0.6</priority>
  </url>
  <url>
    <loc>https://misti.services/blog/legion-remix-bronze-farming-guide-fastest-bronze-farm-methods-in-wow</loc>
    <lastmod>2025-11-11</lastmod>
    <changefreq>monthly</changefreq>
    <priority>0.6</priority>
  </url>
  <url>
    <loc>https://misti.services/blog/complete-destiny-rising-guide-for-mobile-players</loc>
    <lastmod>2025-11-21</lastmod>
    <changefreq>monthly</changefreq>
    <priority>0.6</priority>
  </url>
  <url>
    <loc>https://misti.services/blog/Frequently-Asked-Questions</loc>
    <lastmod>2025-11-02</lastmod>
    <changefreq>monthly</changefreq>
    <priority>0.6</priority>
  </url>
  <url>
    <loc>https://misti.services/blog/refund-policy</loc>
    <lastmod>2025-11-02</lastmod>
    <changefreq>monthly</changefreq>
    <priority>0.6</priority>
  </url>
  <url>
    <loc>https://misti.services/blog/world-of-warcraft-midnight-expansion-guide</loc>
    <lastmod>2025-11-21</lastmod>
    <changefreq>monthly</changefreq>
    <priority>0.6</priority>
  </url>
  <url>
    <loc>https://misti.services/blog/diablo-4-patch-2-4-3-delayed</loc>
    <lastmod>2025-11-21</lastmod>
    <changefreq>monthly</changefreq>
    <priority>0.6</priority>
  </url>
  <url>
    <loc>https://misti.services/blog/world-of-warcraft-midnight-beta-test</loc>
    <lastmod>2025-11-21</lastmod>
    <changefreq>monthly</changefreq>
    <priority>0.6</priority>
  </url>
  <url>
    <loc>https://misti.services/blog/classic-feature-predictions-what-could-return-from-past-expansions</loc>
    <lastmod>2025-11-21</lastmod>
    <changefreq>monthly</changefreq>
    <priority>0.6</priority>
  </url>
  <url>
    <loc>https://misti.services/blog/wow-patch-5-5-3-guide-challenge-mode-season-2-the-mistwalker-update</loc>
    <lastmod>2025-11-29</lastmod>
    <changefreq>monthly</changefreq>
    <priority>0.6</priority>
  </url>
  <url>
    <loc>https://misti.services/blog/the-warning-midnight-expansion-housing-early-access</loc>
    <lastmod>2025-11-12</lastmod>
    <changefreq>monthly</changefreq>
    <priority>0.6</priority>
  </url>
  <url>
    <loc>https://misti.services/blog/wow-21st-anniversary-event-guide</loc>
    <lastmod>2025-11-21</lastmod>
    <changefreq>monthly</changefreq>
    <priority>0.6</priority>
  </url>
  <url>
    <loc>https://misti.services/blog/tbc-classic-anniversary-dates-transfers-new-races</loc>
    <lastmod>2025-11-21</lastmod>
    <changefreq>monthly</changefreq>
    <priority>0.6</priority>
  </url>
  <url>
    <loc>https://misti.services/blog/destiny-rising-6-month-roadmap-revealed-conquer-seasons-2-4-with-misti-services</loc>
    <lastmod>2025-11-21</lastmod>
    <changefreq>monthly</changefreq>
    <priority>0.6</priority>
  </url>
  <url>
    <loc>https://misti.services/blog/best-dps-tank-and-healer-in-tbc-classic-phase-1</loc>
    <lastmod>2025-11-21</lastmod>
    <changefreq>monthly</changefreq>
    <priority>0.6</priority>
  </url>
  <url>
    <loc>https://misti.services/blog/the-burning-crusade-classic-anniversary-roadmap-phase-guide</loc>
    <lastmod>2025-11-21</lastmod>
    <changefreq>monthly</changefreq>
    <priority>0.6</priority>
  </url>
  <url>
    <loc>https://misti.services/blog/wow-patch-11-2-7-guide-brawler-s-guild-returns-player-housing-arrives</loc>
    <lastmod>2025-11-24</lastmod>
    <changefreq>monthly</changefreq>
    <priority>0.6</priority>
  </url>
  <url>
    <loc>https://misti.services/blog/wow-midnight-release-date-player-housing-early-access-guide</loc>
    <lastmod>2025-11-26</lastmod>
    <changefreq>monthly</changefreq>
    <priority>0.6</priority>
  </url>
  <url>
    <loc>https://misti.services/blog/ffxiv-gil-farming-guide-2025</loc>
    <lastmod>2025-12-05</lastmod>
    <changefreq>monthly</changefreq>
    <priority>0.6</priority>
  </url>
  <url>
    <loc>https://misti.services/blog/diablo-4-divine-gifts-season-11-guide</loc>
    <lastmod>2025-12-09</lastmod>
    <changefreq>monthly</changefreq>
    <priority>0.6</priority>
  </url>
</urlset>";510;2025-12-10 14:05:23.070903+00;03765a40-f338-4035-a2ba-8928fff30834;2025-12-10 14:05:23.070903+00;2025-12-10 14:05:23.070903+00